[0.473s] DEBUG:colcon:Command line arguments: ['/usr/bin/colcon', 'build']
[0.474s] DEBUG:colcon:Parsed command line arguments: Namespace(log_base=None, log_level=None, verb_name='build', build_base='build', install_base='install', merge_install=False, symlink_install=False, test_result_base=None, continue_on_error=False, executor='parallel', parallel_workers=4, event_handlers=None, ignore_user_meta=False, metas=['./colcon.meta'], base_paths=['.'], packages_ignore=None, packages_ignore_regex=None, paths=None, packages_up_to=None, packages_up_to_regex=None, packages_above=None, packages_above_and_dependencies=None, packages_above_depth=None, packages_select_by_dep=None, packages_skip_by_dep=None, packages_skip_up_to=None, packages_select_build_failed=False, packages_skip_build_finished=False, packages_select_test_failures=False, packages_skip_test_passed=False, packages_select=None, packages_skip=None, packages_select_regex=None, packages_skip_regex=None, packages_start=None, packages_end=None, allow_overriding=[], cmake_args=None, cmake_target=None, cmake_target_skip_unavailable=False, cmake_clean_cache=False, cmake_clean_first=False, cmake_force_configure=False, ament_cmake_args=None, catkin_cmake_args=None, catkin_skip_building_tests=False, mixin_files=None, mixin=None, verb_parser=<colcon_mixin.mixin.mixin_argument.MixinArgumentDecorator object at 0xffff8d8cbd30>, verb_extension=<colcon_core.verb.build.BuildVerb object at 0xffff8dab8cd0>, main=<bound method BuildVerb.main of <colcon_core.verb.build.BuildVerb object at 0xffff8dab8cd0>>, mixin_verb=('build',))
[1.332s] Level 1:colcon.colcon_core.package_discovery:discover_packages(colcon_meta) check parameters
[1.332s] Level 1:colcon.colcon_core.package_discovery:discover_packages(recursive) check parameters
[1.332s] Level 1:colcon.colcon_core.package_discovery:discover_packages(ignore) check parameters
[1.333s] Level 1:colcon.colcon_core.package_discovery:discover_packages(path) check parameters
[1.333s] Level 1:colcon.colcon_core.package_discovery:discover_packages(colcon_meta) discover
[1.333s] Level 1:colcon.colcon_core.package_discovery:discover_packages(recursive) discover
[1.333s] INFO:colcon.colcon_core.package_discovery:Crawling recursively for packages in '/home/aarambh/my_robot_ws'
[1.334s] Level 1:colcon.colcon_core.package_identification:_identify(.) by extensions ['ignore', 'ignore_ament_install']
[1.334s] Level 1:colcon.colcon_core.package_identification:_identify(.) by extension 'ignore'
[1.334s] Level 1:colcon.colcon_core.package_identification:_identify(.) by extension 'ignore_ament_install'
[1.334s] Level 1:colcon.colcon_core.package_identification:_identify(.) by extensions ['colcon_pkg']
[1.334s] Level 1:colcon.colcon_core.package_identification:_identify(.) by extension 'colcon_pkg'
[1.335s] Level 1:colcon.colcon_core.package_identification:_identify(.) by extensions ['colcon_meta']
[1.335s] Level 1:colcon.colcon_core.package_identification:_identify(.) by extension 'colcon_meta'
[1.335s] Level 1:colcon.colcon_core.package_identification:_identify(.) by extensions ['ros']
[1.335s] Level 1:colcon.colcon_core.package_identification:_identify(.) by extension 'ros'
[1.378s] Level 1:colcon.colcon_core.package_identification:_identify(.) by extensions ['cmake', 'python']
[1.379s] Level 1:colcon.colcon_core.package_identification:_identify(.) by extension 'cmake'
[1.379s] Level 1:colcon.colcon_core.package_identification:_identify(.) by extension 'python'
[1.379s] Level 1:colcon.colcon_core.package_identification:_identify(.) by extensions ['python_setup_py']
[1.379s] Level 1:colcon.colcon_core.package_identification:_identify(.) by extension 'python_setup_py'
[1.380s] Level 1:colcon.colcon_core.package_identification:_identify(build) by extensions ['ignore', 'ignore_ament_install']
[1.380s] Level 1:colcon.colcon_core.package_identification:_identify(build) by extension 'ignore'
[1.380s] Level 1:colcon.colcon_core.package_identification:_identify(build) ignored
[1.381s] Level 1:colcon.colcon_core.package_identification:_identify(install) by extensions ['ignore', 'ignore_ament_install']
[1.381s] Level 1:colcon.colcon_core.package_identification:_identify(install) by extension 'ignore'
[1.381s] Level 1:colcon.colcon_core.package_identification:_identify(install) ignored
[1.382s] Level 1:colcon.colcon_core.package_identification:_identify(log) by extensions ['ignore', 'ignore_ament_install']
[1.382s] Level 1:colcon.colcon_core.package_identification:_identify(log) by extension 'ignore'
[1.382s] Level 1:colcon.colcon_core.package_identification:_identify(log) ignored
[1.382s] Level 1:colcon.colcon_core.package_identification:_identify(src) by extensions ['ignore', 'ignore_ament_install']
[1.383s] Level 1:colcon.colcon_core.package_identification:_identify(src) by extension 'ignore'
[1.383s] Level 1:colcon.colcon_core.package_identification:_identify(src) by extension 'ignore_ament_install'
[1.383s] Level 1:colcon.colcon_core.package_identification:_identify(src) by extensions ['colcon_pkg']
[1.383s] Level 1:colcon.colcon_core.package_identification:_identify(src) by extension 'colcon_pkg'
[1.384s] Level 1:colcon.colcon_core.package_identification:_identify(src) by extensions ['colcon_meta']
[1.384s] Level 1:colcon.colcon_core.package_identification:_identify(src) by extension 'colcon_meta'
[1.384s] Level 1:colcon.colcon_core.package_identification:_identify(src) by extensions ['ros']
[1.384s] Level 1:colcon.colcon_core.package_identification:_identify(src) by extension 'ros'
[1.384s] Level 1:colcon.colcon_core.package_identification:_identify(src) by extensions ['cmake', 'python']
[1.384s] Level 1:colcon.colcon_core.package_identification:_identify(src) by extension 'cmake'
[1.385s] Level 1:colcon.colcon_core.package_identification:_identify(src) by extension 'python'
[1.385s] Level 1:colcon.colcon_core.package_identification:_identify(src) by extensions ['python_setup_py']
[1.385s] Level 1:colcon.colcon_core.package_identification:_identify(src) by extension 'python_setup_py'
[1.385s] Level 1:colcon.colcon_core.package_identification:_identify(src/bumperbot_bringup) by extensions ['ignore', 'ignore_ament_install']
[1.386s] Level 1:colcon.colcon_core.package_identification:_identify(src/bumperbot_bringup) by extension 'ignore'
[1.386s] Level 1:colcon.colcon_core.package_identification:_identify(src/bumperbot_bringup) by extension 'ignore_ament_install'
[1.386s] Level 1:colcon.colcon_core.package_identification:_identify(src/bumperbot_bringup) by extensions ['colcon_pkg']
[1.386s] Level 1:colcon.colcon_core.package_identification:_identify(src/bumperbot_bringup) by extension 'colcon_pkg'
[1.386s] Level 1:colcon.colcon_core.package_identification:_identify(src/bumperbot_bringup) by extensions ['colcon_meta']
[1.386s] Level 1:colcon.colcon_core.package_identification:_identify(src/bumperbot_bringup) by extension 'colcon_meta'
[1.387s] Level 1:colcon.colcon_core.package_identification:_identify(src/bumperbot_bringup) by extensions ['ros']
[1.387s] Level 1:colcon.colcon_core.package_identification:_identify(src/bumperbot_bringup) by extension 'ros'
[1.395s] DEBUG:colcon.colcon_core.package_identification:Package 'src/bumperbot_bringup' with type 'ros.ament_cmake' and name 'bumperbot_bringup'
[1.396s] Level 1:colcon.colcon_core.package_identification:_identify(src/bumperbot_controller) by extensions ['ignore', 'ignore_ament_install']
[1.396s] Level 1:colcon.colcon_core.package_identification:_identify(src/bumperbot_controller) by extension 'ignore'
[1.396s] Level 1:colcon.colcon_core.package_identification:_identify(src/bumperbot_controller) by extension 'ignore_ament_install'
[1.397s] Level 1:colcon.colcon_core.package_identification:_identify(src/bumperbot_controller) by extensions ['colcon_pkg']
[1.397s] Level 1:colcon.colcon_core.package_identification:_identify(src/bumperbot_controller) by extension 'colcon_pkg'
[1.397s] Level 1:colcon.colcon_core.package_identification:_identify(src/bumperbot_controller) by extensions ['colcon_meta']
[1.397s] Level 1:colcon.colcon_core.package_identification:_identify(src/bumperbot_controller) by extension 'colcon_meta'
[1.397s] Level 1:colcon.colcon_core.package_identification:_identify(src/bumperbot_controller) by extensions ['ros']
[1.398s] Level 1:colcon.colcon_core.package_identification:_identify(src/bumperbot_controller) by extension 'ros'
[1.403s] DEBUG:colcon.colcon_core.package_identification:Package 'src/bumperbot_controller' with type 'ros.ament_cmake' and name 'bumperbot_controller'
[1.404s] Level 1:colcon.colcon_core.package_identification:_identify(src/bumperbot_cpp_examples) by extensions ['ignore', 'ignore_ament_install']
[1.404s] Level 1:colcon.colcon_core.package_identification:_identify(src/bumperbot_cpp_examples) by extension 'ignore'
[1.404s] Level 1:colcon.colcon_core.package_identification:_identify(src/bumperbot_cpp_examples) by extension 'ignore_ament_install'
[1.405s] Level 1:colcon.colcon_core.package_identification:_identify(src/bumperbot_cpp_examples) by extensions ['colcon_pkg']
[1.405s] Level 1:colcon.colcon_core.package_identification:_identify(src/bumperbot_cpp_examples) by extension 'colcon_pkg'
[1.405s] Level 1:colcon.colcon_core.package_identification:_identify(src/bumperbot_cpp_examples) by extensions ['colcon_meta']
[1.405s] Level 1:colcon.colcon_core.package_identification:_identify(src/bumperbot_cpp_examples) by extension 'colcon_meta'
[1.405s] Level 1:colcon.colcon_core.package_identification:_identify(src/bumperbot_cpp_examples) by extensions ['ros']
[1.406s] Level 1:colcon.colcon_core.package_identification:_identify(src/bumperbot_cpp_examples) by extension 'ros'
[1.411s] DEBUG:colcon.colcon_core.package_identification:Package 'src/bumperbot_cpp_examples' with type 'ros.ament_cmake' and name 'bumperbot_cpp_examples'
[1.412s] Level 1:colcon.colcon_core.package_identification:_identify(src/bumperbot_description) by extensions ['ignore', 'ignore_ament_install']
[1.412s] Level 1:colcon.colcon_core.package_identification:_identify(src/bumperbot_description) by extension 'ignore'
[1.412s] Level 1:colcon.colcon_core.package_identification:_identify(src/bumperbot_description) by extension 'ignore_ament_install'
[1.412s] Level 1:colcon.colcon_core.package_identification:_identify(src/bumperbot_description) by extensions ['colcon_pkg']
[1.413s] Level 1:colcon.colcon_core.package_identification:_identify(src/bumperbot_description) by extension 'colcon_pkg'
[1.413s] Level 1:colcon.colcon_core.package_identification:_identify(src/bumperbot_description) by extensions ['colcon_meta']
[1.413s] Level 1:colcon.colcon_core.package_identification:_identify(src/bumperbot_description) by extension 'colcon_meta'
[1.413s] Level 1:colcon.colcon_core.package_identification:_identify(src/bumperbot_description) by extensions ['ros']
[1.413s] Level 1:colcon.colcon_core.package_identification:_identify(src/bumperbot_description) by extension 'ros'
[1.422s] DEBUG:colcon.colcon_core.package_identification:Package 'src/bumperbot_description' with type 'ros.ament_cmake' and name 'bumperbot_description'
[1.423s] Level 1:colcon.colcon_core.package_identification:_identify(src/bumperbot_firmware) by extensions ['ignore', 'ignore_ament_install']
[1.424s] Level 1:colcon.colcon_core.package_identification:_identify(src/bumperbot_firmware) by extension 'ignore'
[1.424s] Level 1:colcon.colcon_core.package_identification:_identify(src/bumperbot_firmware) by extension 'ignore_ament_install'
[1.424s] Level 1:colcon.colcon_core.package_identification:_identify(src/bumperbot_firmware) by extensions ['colcon_pkg']
[1.424s] Level 1:colcon.colcon_core.package_identification:_identify(src/bumperbot_firmware) by extension 'colcon_pkg'
[1.425s] Level 1:colcon.colcon_core.package_identification:_identify(src/bumperbot_firmware) by extensions ['colcon_meta']
[1.425s] Level 1:colcon.colcon_core.package_identification:_identify(src/bumperbot_firmware) by extension 'colcon_meta'
[1.425s] Level 1:colcon.colcon_core.package_identification:_identify(src/bumperbot_firmware) by extensions ['ros']
[1.425s] Level 1:colcon.colcon_core.package_identification:_identify(src/bumperbot_firmware) by extension 'ros'
[1.429s] DEBUG:colcon.colcon_core.package_identification:Package 'src/bumperbot_firmware' with type 'ros.ament_cmake' and name 'bumperbot_firmware'
[1.430s] Level 1:colcon.colcon_core.package_identification:_identify(src/bumperbot_localization) by extensions ['ignore', 'ignore_ament_install']
[1.430s] Level 1:colcon.colcon_core.package_identification:_identify(src/bumperbot_localization) by extension 'ignore'
[1.430s] Level 1:colcon.colcon_core.package_identification:_identify(src/bumperbot_localization) by extension 'ignore_ament_install'
[1.430s] Level 1:colcon.colcon_core.package_identification:_identify(src/bumperbot_localization) by extensions ['colcon_pkg']
[1.431s] Level 1:colcon.colcon_core.package_identification:_identify(src/bumperbot_localization) by extension 'colcon_pkg'
[1.431s] Level 1:colcon.colcon_core.package_identification:_identify(src/bumperbot_localization) by extensions ['colcon_meta']
[1.431s] Level 1:colcon.colcon_core.package_identification:_identify(src/bumperbot_localization) by extension 'colcon_meta'
[1.431s] Level 1:colcon.colcon_core.package_identification:_identify(src/bumperbot_localization) by extensions ['ros']
[1.431s] Level 1:colcon.colcon_core.package_identification:_identify(src/bumperbot_localization) by extension 'ros'
[1.440s] DEBUG:colcon.colcon_core.package_identification:Package 'src/bumperbot_localization' with type 'ros.ament_cmake' and name 'bumperbot_localization'
[1.441s] Level 1:colcon.colcon_core.package_identification:_identify(src/bumperbot_mapping) by extensions ['ignore', 'ignore_ament_install']
[1.441s] Level 1:colcon.colcon_core.package_identification:_identify(src/bumperbot_mapping) by extension 'ignore'
[1.441s] Level 1:colcon.colcon_core.package_identification:_identify(src/bumperbot_mapping) by extension 'ignore_ament_install'
[1.442s] Level 1:colcon.colcon_core.package_identification:_identify(src/bumperbot_mapping) by extensions ['colcon_pkg']
[1.442s] Level 1:colcon.colcon_core.package_identification:_identify(src/bumperbot_mapping) by extension 'colcon_pkg'
[1.442s] Level 1:colcon.colcon_core.package_identification:_identify(src/bumperbot_mapping) by extensions ['colcon_meta']
[1.442s] Level 1:colcon.colcon_core.package_identification:_identify(src/bumperbot_mapping) by extension 'colcon_meta'
[1.442s] Level 1:colcon.colcon_core.package_identification:_identify(src/bumperbot_mapping) by extensions ['ros']
[1.442s] Level 1:colcon.colcon_core.package_identification:_identify(src/bumperbot_mapping) by extension 'ros'
[1.446s] DEBUG:colcon.colcon_core.package_identification:Package 'src/bumperbot_mapping' with type 'ros.ament_cmake' and name 'bumperbot_mapping'
[1.447s] Level 1:colcon.colcon_core.package_identification:_identify(src/bumperbot_motion) by extensions ['ignore', 'ignore_ament_install']
[1.447s] Level 1:colcon.colcon_core.package_identification:_identify(src/bumperbot_motion) by extension 'ignore'
[1.448s] Level 1:colcon.colcon_core.package_identification:_identify(src/bumperbot_motion) by extension 'ignore_ament_install'
[1.448s] Level 1:colcon.colcon_core.package_identification:_identify(src/bumperbot_motion) by extensions ['colcon_pkg']
[1.448s] Level 1:colcon.colcon_core.package_identification:_identify(src/bumperbot_motion) by extension 'colcon_pkg'
[1.448s] Level 1:colcon.colcon_core.package_identification:_identify(src/bumperbot_motion) by extensions ['colcon_meta']
[1.448s] Level 1:colcon.colcon_core.package_identification:_identify(src/bumperbot_motion) by extension 'colcon_meta'
[1.449s] Level 1:colcon.colcon_core.package_identification:_identify(src/bumperbot_motion) by extensions ['ros']
[1.449s] Level 1:colcon.colcon_core.package_identification:_identify(src/bumperbot_motion) by extension 'ros'
[1.454s] DEBUG:colcon.colcon_core.package_identification:Package 'src/bumperbot_motion' with type 'ros.ament_cmake' and name 'bumperbot_motion'
[1.454s] Level 1:colcon.colcon_core.package_identification:_identify(src/bumperbot_msgs) by extensions ['ignore', 'ignore_ament_install']
[1.455s] Level 1:colcon.colcon_core.package_identification:_identify(src/bumperbot_msgs) by extension 'ignore'
[1.455s] Level 1:colcon.colcon_core.package_identification:_identify(src/bumperbot_msgs) by extension 'ignore_ament_install'
[1.455s] Level 1:colcon.colcon_core.package_identification:_identify(src/bumperbot_msgs) by extensions ['colcon_pkg']
[1.455s] Level 1:colcon.colcon_core.package_identification:_identify(src/bumperbot_msgs) by extension 'colcon_pkg'
[1.455s] Level 1:colcon.colcon_core.package_identification:_identify(src/bumperbot_msgs) by extensions ['colcon_meta']
[1.456s] Level 1:colcon.colcon_core.package_identification:_identify(src/bumperbot_msgs) by extension 'colcon_meta'
[1.456s] Level 1:colcon.colcon_core.package_identification:_identify(src/bumperbot_msgs) by extensions ['ros']
[1.456s] Level 1:colcon.colcon_core.package_identification:_identify(src/bumperbot_msgs) by extension 'ros'
[1.458s] DEBUG:colcon.colcon_core.package_identification:Package 'src/bumperbot_msgs' with type 'ros.ament_cmake' and name 'bumperbot_msgs'
[1.459s] Level 1:colcon.colcon_core.package_identification:_identify(src/bumperbot_navigation) by extensions ['ignore', 'ignore_ament_install']
[1.459s] Level 1:colcon.colcon_core.package_identification:_identify(src/bumperbot_navigation) by extension 'ignore'
[1.459s] Level 1:colcon.colcon_core.package_identification:_identify(src/bumperbot_navigation) by extension 'ignore_ament_install'
[1.460s] Level 1:colcon.colcon_core.package_identification:_identify(src/bumperbot_navigation) by extensions ['colcon_pkg']
[1.460s] Level 1:colcon.colcon_core.package_identification:_identify(src/bumperbot_navigation) by extension 'colcon_pkg'
[1.460s] Level 1:colcon.colcon_core.package_identification:_identify(src/bumperbot_navigation) by extensions ['colcon_meta']
[1.460s] Level 1:colcon.colcon_core.package_identification:_identify(src/bumperbot_navigation) by extension 'colcon_meta'
[1.460s] Level 1:colcon.colcon_core.package_identification:_identify(src/bumperbot_navigation) by extensions ['ros']
[1.460s] Level 1:colcon.colcon_core.package_identification:_identify(src/bumperbot_navigation) by extension 'ros'
[1.498s] DEBUG:colcon.colcon_core.package_identification:Package 'src/bumperbot_navigation' with type 'ros.ament_cmake' and name 'bumperbot_navigation'
[1.499s] Level 1:colcon.colcon_core.package_identification:_identify(src/bumperbot_planning) by extensions ['ignore', 'ignore_ament_install']
[1.500s] Level 1:colcon.colcon_core.package_identification:_identify(src/bumperbot_planning) by extension 'ignore'
[1.500s] Level 1:colcon.colcon_core.package_identification:_identify(src/bumperbot_planning) by extension 'ignore_ament_install'
[1.500s] Level 1:colcon.colcon_core.package_identification:_identify(src/bumperbot_planning) by extensions ['colcon_pkg']
[1.500s] Level 1:colcon.colcon_core.package_identification:_identify(src/bumperbot_planning) by extension 'colcon_pkg'
[1.501s] Level 1:colcon.colcon_core.package_identification:_identify(src/bumperbot_planning) by extensions ['colcon_meta']
[1.501s] Level 1:colcon.colcon_core.package_identification:_identify(src/bumperbot_planning) by extension 'colcon_meta'
[1.501s] Level 1:colcon.colcon_core.package_identification:_identify(src/bumperbot_planning) by extensions ['ros']
[1.501s] Level 1:colcon.colcon_core.package_identification:_identify(src/bumperbot_planning) by extension 'ros'
[1.505s] DEBUG:colcon.colcon_core.package_identification:Package 'src/bumperbot_planning' with type 'ros.ament_cmake' and name 'bumperbot_planning'
[1.506s] Level 1:colcon.colcon_core.package_identification:_identify(src/bumperbot_py_examples) by extensions ['ignore', 'ignore_ament_install']
[1.506s] Level 1:colcon.colcon_core.package_identification:_identify(src/bumperbot_py_examples) by extension 'ignore'
[1.507s] Level 1:colcon.colcon_core.package_identification:_identify(src/bumperbot_py_examples) by extension 'ignore_ament_install'
[1.507s] Level 1:colcon.colcon_core.package_identification:_identify(src/bumperbot_py_examples) by extensions ['colcon_pkg']
[1.507s] Level 1:colcon.colcon_core.package_identification:_identify(src/bumperbot_py_examples) by extension 'colcon_pkg'
[1.507s] Level 1:colcon.colcon_core.package_identification:_identify(src/bumperbot_py_examples) by extensions ['colcon_meta']
[1.508s] Level 1:colcon.colcon_core.package_identification:_identify(src/bumperbot_py_examples) by extension 'colcon_meta'
[1.508s] Level 1:colcon.colcon_core.package_identification:_identify(src/bumperbot_py_examples) by extensions ['ros']
[1.508s] Level 1:colcon.colcon_core.package_identification:_identify(src/bumperbot_py_examples) by extension 'ros'
[1.512s] DEBUG:colcon.colcon_core.package_identification:Package 'src/bumperbot_py_examples' with type 'ros.ament_python' and name 'bumperbot_py_examples'
[1.513s] Level 1:colcon.colcon_core.package_identification:_identify(src/bumperbot_utils) by extensions ['ignore', 'ignore_ament_install']
[1.513s] Level 1:colcon.colcon_core.package_identification:_identify(src/bumperbot_utils) by extension 'ignore'
[1.513s] Level 1:colcon.colcon_core.package_identification:_identify(src/bumperbot_utils) by extension 'ignore_ament_install'
[1.514s] Level 1:colcon.colcon_core.package_identification:_identify(src/bumperbot_utils) by extensions ['colcon_pkg']
[1.514s] Level 1:colcon.colcon_core.package_identification:_identify(src/bumperbot_utils) by extension 'colcon_pkg'
[1.514s] Level 1:colcon.colcon_core.package_identification:_identify(src/bumperbot_utils) by extensions ['colcon_meta']
[1.514s] Level 1:colcon.colcon_core.package_identification:_identify(src/bumperbot_utils) by extension 'colcon_meta'
[1.514s] Level 1:colcon.colcon_core.package_identification:_identify(src/bumperbot_utils) by extensions ['ros']
[1.515s] Level 1:colcon.colcon_core.package_identification:_identify(src/bumperbot_utils) by extension 'ros'
[1.518s] DEBUG:colcon.colcon_core.package_identification:Package 'src/bumperbot_utils' with type 'ros.ament_cmake' and name 'bumperbot_utils'
[1.519s] Level 1:colcon.colcon_core.package_discovery:discover_packages(recursive) using defaults
[1.519s] Level 1:colcon.colcon_core.package_discovery:discover_packages(ignore) discover
[1.519s] Level 1:colcon.colcon_core.package_discovery:discover_packages(ignore) using defaults
[1.519s] Level 1:colcon.colcon_core.package_discovery:discover_packages(path) discover
[1.519s] Level 1:colcon.colcon_core.package_discovery:discover_packages(path) using defaults
[1.608s] Level 1:colcon.colcon_core.package_discovery:discover_packages(prefix_path) check parameters
[1.608s] Level 1:colcon.colcon_core.package_discovery:discover_packages(prefix_path) discover
[1.612s] WARNING:colcon.colcon_ros.prefix_path.ament:The path '/home/aarambh/my_robot_ws/install/bumperbot_utils' in the environment variable AMENT_PREFIX_PATH doesn't exist
[1.613s] WARNING:colcon.colcon_ros.prefix_path.ament:The path '/home/aarambh/my_robot_ws/install/bumperbot_py_examples' in the environment variable AMENT_PREFIX_PATH doesn't exist
[1.613s] WARNING:colcon.colcon_ros.prefix_path.ament:The path '/home/aarambh/my_robot_ws/install/bumperbot_navigation' in the environment variable AMENT_PREFIX_PATH doesn't exist
[1.613s] WARNING:colcon.colcon_ros.prefix_path.ament:The path '/home/aarambh/my_robot_ws/install/bumperbot_planning' in the environment variable AMENT_PREFIX_PATH doesn't exist
[1.614s] WARNING:colcon.colcon_ros.prefix_path.ament:The path '/home/aarambh/my_robot_ws/install/bumperbot_cpp_examples' in the environment variable AMENT_PREFIX_PATH doesn't exist
[1.614s] WARNING:colcon.colcon_ros.prefix_path.ament:The path '/home/aarambh/my_robot_ws/install/bumperbot_msgs' in the environment variable AMENT_PREFIX_PATH doesn't exist
[1.614s] WARNING:colcon.colcon_ros.prefix_path.ament:The path '/home/aarambh/my_robot_ws/install/bumperbot_motion' in the environment variable AMENT_PREFIX_PATH doesn't exist
[1.614s] WARNING:colcon.colcon_ros.prefix_path.ament:The path '/home/aarambh/my_robot_ws/install/bumperbot_bringup' in the environment variable AMENT_PREFIX_PATH doesn't exist
[1.614s] WARNING:colcon.colcon_ros.prefix_path.ament:The path '/home/aarambh/my_robot_ws/install/bumperbot_mapping' in the environment variable AMENT_PREFIX_PATH doesn't exist
[1.614s] WARNING:colcon.colcon_ros.prefix_path.ament:The path '/home/aarambh/my_robot_ws/install/bumperbot_localization' in the environment variable AMENT_PREFIX_PATH doesn't exist
[1.615s] WARNING:colcon.colcon_ros.prefix_path.ament:The path '/home/aarambh/my_robot_ws/install/bumperbot_firmware' in the environment variable AMENT_PREFIX_PATH doesn't exist
[1.615s] WARNING:colcon.colcon_ros.prefix_path.ament:The path '/home/aarambh/my_robot_ws/install/bumperbot_description' in the environment variable AMENT_PREFIX_PATH doesn't exist
[1.615s] WARNING:colcon.colcon_ros.prefix_path.ament:The path '/home/aarambh/my_robot_ws/install/bumperbot_controller' in the environment variable AMENT_PREFIX_PATH doesn't exist
[1.616s] WARNING:colcon.colcon_ros.prefix_path.catkin:The path '/home/aarambh/my_robot_ws/install/bumperbot_utils' in the environment variable CMAKE_PREFIX_PATH doesn't exist
[1.616s] WARNING:colcon.colcon_ros.prefix_path.catkin:The path '/home/aarambh/my_robot_ws/install/bumperbot_navigation' in the environment variable CMAKE_PREFIX_PATH doesn't exist
[1.616s] WARNING:colcon.colcon_ros.prefix_path.catkin:The path '/home/aarambh/my_robot_ws/install/bumperbot_planning' in the environment variable CMAKE_PREFIX_PATH doesn't exist
[1.616s] WARNING:colcon.colcon_ros.prefix_path.catkin:The path '/home/aarambh/my_robot_ws/install/bumperbot_cpp_examples' in the environment variable CMAKE_PREFIX_PATH doesn't exist
[1.616s] WARNING:colcon.colcon_ros.prefix_path.catkin:The path '/home/aarambh/my_robot_ws/install/bumperbot_msgs' in the environment variable CMAKE_PREFIX_PATH doesn't exist
[1.617s] WARNING:colcon.colcon_ros.prefix_path.catkin:The path '/home/aarambh/my_robot_ws/install/bumperbot_motion' in the environment variable CMAKE_PREFIX_PATH doesn't exist
[1.617s] WARNING:colcon.colcon_ros.prefix_path.catkin:The path '/home/aarambh/my_robot_ws/install/bumperbot_bringup' in the environment variable CMAKE_PREFIX_PATH doesn't exist
[1.617s] WARNING:colcon.colcon_ros.prefix_path.catkin:The path '/home/aarambh/my_robot_ws/install/bumperbot_mapping' in the environment variable CMAKE_PREFIX_PATH doesn't exist
[1.617s] WARNING:colcon.colcon_ros.prefix_path.catkin:The path '/home/aarambh/my_robot_ws/install/bumperbot_localization' in the environment variable CMAKE_PREFIX_PATH doesn't exist
[1.617s] WARNING:colcon.colcon_ros.prefix_path.catkin:The path '/home/aarambh/my_robot_ws/install/bumperbot_firmware' in the environment variable CMAKE_PREFIX_PATH doesn't exist
[1.617s] WARNING:colcon.colcon_ros.prefix_path.catkin:The path '/home/aarambh/my_robot_ws/install/bumperbot_description' in the environment variable CMAKE_PREFIX_PATH doesn't exist
[1.618s] WARNING:colcon.colcon_ros.prefix_path.catkin:The path '/home/aarambh/my_robot_ws/install/bumperbot_controller' in the environment variable CMAKE_PREFIX_PATH doesn't exist
[1.620s] DEBUG:colcon.colcon_installed_package_information.package_discovery:Found 0 installed packages in /home/aarambh/my_robot_ws/install
[1.633s] DEBUG:colcon.colcon_installed_package_information.package_discovery:Found 391 installed packages in /opt/ros/humble
[1.644s] Level 1:colcon.colcon_core.package_discovery:discover_packages(prefix_path) using defaults
[1.858s] Level 5:colcon.colcon_core.verb:set package 'bumperbot_controller' build argument 'cmake_args' from command line to 'None'
[1.859s] Level 5:colcon.colcon_core.verb:set package 'bumperbot_controller' build argument 'cmake_target' from command line to 'None'
[1.859s] Level 5:colcon.colcon_core.verb:set package 'bumperbot_controller' build argument 'cmake_target_skip_unavailable' from command line to 'False'
[1.859s] Level 5:colcon.colcon_core.verb:set package 'bumperbot_controller' build argument 'cmake_clean_cache' from command line to 'False'
[1.859s] Level 5:colcon.colcon_core.verb:set package 'bumperbot_controller' build argument 'cmake_clean_first' from command line to 'False'
[1.859s] Level 5:colcon.colcon_core.verb:set package 'bumperbot_controller' build argument 'cmake_force_configure' from command line to 'False'
[1.859s] Level 5:colcon.colcon_core.verb:set package 'bumperbot_controller' build argument 'ament_cmake_args' from command line to 'None'
[1.859s] Level 5:colcon.colcon_core.verb:set package 'bumperbot_controller' build argument 'catkin_cmake_args' from command line to 'None'
[1.859s] Level 5:colcon.colcon_core.verb:set package 'bumperbot_controller' build argument 'catkin_skip_building_tests' from command line to 'False'
[1.860s] DEBUG:colcon.colcon_core.verb:Building package 'bumperbot_controller' with the following arguments: {'ament_cmake_args': None, 'build_base': '/home/aarambh/my_robot_ws/build/bumperbot_controller', 'catkin_cmake_args': None, 'catkin_skip_building_tests': False, 'cmake_args': None, 'cmake_clean_cache': False, 'cmake_clean_first': False, 'cmake_force_configure': False, 'cmake_target': None, 'cmake_target_skip_unavailable': False, 'install_base': '/home/aarambh/my_robot_ws/install/bumperbot_controller', 'merge_install': False, 'path': '/home/aarambh/my_robot_ws/src/bumperbot_controller', 'symlink_install': False, 'test_result_base': None}
[1.861s] Level 5:colcon.colcon_core.verb:set package 'bumperbot_description' build argument 'cmake_args' from command line to 'None'
[1.861s] Level 5:colcon.colcon_core.verb:set package 'bumperbot_description' build argument 'cmake_target' from command line to 'None'
[1.861s] Level 5:colcon.colcon_core.verb:set package 'bumperbot_description' build argument 'cmake_target_skip_unavailable' from command line to 'False'
[1.861s] Level 5:colcon.colcon_core.verb:set package 'bumperbot_description' build argument 'cmake_clean_cache' from command line to 'False'
[1.862s] Level 5:colcon.colcon_core.verb:set package 'bumperbot_description' build argument 'cmake_clean_first' from command line to 'False'
[1.862s] Level 5:colcon.colcon_core.verb:set package 'bumperbot_description' build argument 'cmake_force_configure' from command line to 'False'
[1.862s] Level 5:colcon.colcon_core.verb:set package 'bumperbot_description' build argument 'ament_cmake_args' from command line to 'None'
[1.862s] Level 5:colcon.colcon_core.verb:set package 'bumperbot_description' build argument 'catkin_cmake_args' from command line to 'None'
[1.862s] Level 5:colcon.colcon_core.verb:set package 'bumperbot_description' build argument 'catkin_skip_building_tests' from command line to 'False'
[1.862s] DEBUG:colcon.colcon_core.verb:Building package 'bumperbot_description' with the following arguments: {'ament_cmake_args': None, 'build_base': '/home/aarambh/my_robot_ws/build/bumperbot_description', 'catkin_cmake_args': None, 'catkin_skip_building_tests': False, 'cmake_args': None, 'cmake_clean_cache': False, 'cmake_clean_first': False, 'cmake_force_configure': False, 'cmake_target': None, 'cmake_target_skip_unavailable': False, 'install_base': '/home/aarambh/my_robot_ws/install/bumperbot_description', 'merge_install': False, 'path': '/home/aarambh/my_robot_ws/src/bumperbot_description', 'symlink_install': False, 'test_result_base': None}
[1.864s] Level 5:colcon.colcon_core.verb:set package 'bumperbot_firmware' build argument 'cmake_args' from command line to 'None'
[1.864s] Level 5:colcon.colcon_core.verb:set package 'bumperbot_firmware' build argument 'cmake_target' from command line to 'None'
[1.864s] Level 5:colcon.colcon_core.verb:set package 'bumperbot_firmware' build argument 'cmake_target_skip_unavailable' from command line to 'False'
[1.864s] Level 5:colcon.colcon_core.verb:set package 'bumperbot_firmware' build argument 'cmake_clean_cache' from command line to 'False'
[1.864s] Level 5:colcon.colcon_core.verb:set package 'bumperbot_firmware' build argument 'cmake_clean_first' from command line to 'False'
[1.864s] Level 5:colcon.colcon_core.verb:set package 'bumperbot_firmware' build argument 'cmake_force_configure' from command line to 'False'
[1.864s] Level 5:colcon.colcon_core.verb:set package 'bumperbot_firmware' build argument 'ament_cmake_args' from command line to 'None'
[1.864s] Level 5:colcon.colcon_core.verb:set package 'bumperbot_firmware' build argument 'catkin_cmake_args' from command line to 'None'
[1.864s] Level 5:colcon.colcon_core.verb:set package 'bumperbot_firmware' build argument 'catkin_skip_building_tests' from command line to 'False'
[1.865s] DEBUG:colcon.colcon_core.verb:Building package 'bumperbot_firmware' with the following arguments: {'ament_cmake_args': None, 'build_base': '/home/aarambh/my_robot_ws/build/bumperbot_firmware', 'catkin_cmake_args': None, 'catkin_skip_building_tests': False, 'cmake_args': None, 'cmake_clean_cache': False, 'cmake_clean_first': False, 'cmake_force_configure': False, 'cmake_target': None, 'cmake_target_skip_unavailable': False, 'install_base': '/home/aarambh/my_robot_ws/install/bumperbot_firmware', 'merge_install': False, 'path': '/home/aarambh/my_robot_ws/src/bumperbot_firmware', 'symlink_install': False, 'test_result_base': None}
[1.866s] Level 5:colcon.colcon_core.verb:set package 'bumperbot_localization' build argument 'cmake_args' from command line to 'None'
[1.866s] Level 5:colcon.colcon_core.verb:set package 'bumperbot_localization' build argument 'cmake_target' from command line to 'None'
[1.866s] Level 5:colcon.colcon_core.verb:set package 'bumperbot_localization' build argument 'cmake_target_skip_unavailable' from command line to 'False'
[1.866s] Level 5:colcon.colcon_core.verb:set package 'bumperbot_localization' build argument 'cmake_clean_cache' from command line to 'False'
[1.866s] Level 5:colcon.colcon_core.verb:set package 'bumperbot_localization' build argument 'cmake_clean_first' from command line to 'False'
[1.866s] Level 5:colcon.colcon_core.verb:set package 'bumperbot_localization' build argument 'cmake_force_configure' from command line to 'False'
[1.867s] Level 5:colcon.colcon_core.verb:set package 'bumperbot_localization' build argument 'ament_cmake_args' from command line to 'None'
[1.867s] Level 5:colcon.colcon_core.verb:set package 'bumperbot_localization' build argument 'catkin_cmake_args' from command line to 'None'
[1.867s] Level 5:colcon.colcon_core.verb:set package 'bumperbot_localization' build argument 'catkin_skip_building_tests' from command line to 'False'
[1.867s] DEBUG:colcon.colcon_core.verb:Building package 'bumperbot_localization' with the following arguments: {'ament_cmake_args': None, 'build_base': '/home/aarambh/my_robot_ws/build/bumperbot_localization', 'catkin_cmake_args': None, 'catkin_skip_building_tests': False, 'cmake_args': None, 'cmake_clean_cache': False, 'cmake_clean_first': False, 'cmake_force_configure': False, 'cmake_target': None, 'cmake_target_skip_unavailable': False, 'install_base': '/home/aarambh/my_robot_ws/install/bumperbot_localization', 'merge_install': False, 'path': '/home/aarambh/my_robot_ws/src/bumperbot_localization', 'symlink_install': False, 'test_result_base': None}
[1.868s] Level 5:colcon.colcon_core.verb:set package 'bumperbot_mapping' build argument 'cmake_args' from command line to 'None'
[1.868s] Level 5:colcon.colcon_core.verb:set package 'bumperbot_mapping' build argument 'cmake_target' from command line to 'None'
[1.869s] Level 5:colcon.colcon_core.verb:set package 'bumperbot_mapping' build argument 'cmake_target_skip_unavailable' from command line to 'False'
[1.869s] Level 5:colcon.colcon_core.verb:set package 'bumperbot_mapping' build argument 'cmake_clean_cache' from command line to 'False'
[1.869s] Level 5:colcon.colcon_core.verb:set package 'bumperbot_mapping' build argument 'cmake_clean_first' from command line to 'False'
[1.869s] Level 5:colcon.colcon_core.verb:set package 'bumperbot_mapping' build argument 'cmake_force_configure' from command line to 'False'
[1.869s] Level 5:colcon.colcon_core.verb:set package 'bumperbot_mapping' build argument 'ament_cmake_args' from command line to 'None'
[1.869s] Level 5:colcon.colcon_core.verb:set package 'bumperbot_mapping' build argument 'catkin_cmake_args' from command line to 'None'
[1.869s] Level 5:colcon.colcon_core.verb:set package 'bumperbot_mapping' build argument 'catkin_skip_building_tests' from command line to 'False'
[1.869s] DEBUG:colcon.colcon_core.verb:Building package 'bumperbot_mapping' with the following arguments: {'ament_cmake_args': None, 'build_base': '/home/aarambh/my_robot_ws/build/bumperbot_mapping', 'catkin_cmake_args': None, 'catkin_skip_building_tests': False, 'cmake_args': None, 'cmake_clean_cache': False, 'cmake_clean_first': False, 'cmake_force_configure': False, 'cmake_target': None, 'cmake_target_skip_unavailable': False, 'install_base': '/home/aarambh/my_robot_ws/install/bumperbot_mapping', 'merge_install': False, 'path': '/home/aarambh/my_robot_ws/src/bumperbot_mapping', 'symlink_install': False, 'test_result_base': None}
[1.871s] Level 5:colcon.colcon_core.verb:set package 'bumperbot_motion' build argument 'cmake_args' from command line to 'None'
[1.871s] Level 5:colcon.colcon_core.verb:set package 'bumperbot_motion' build argument 'cmake_target' from command line to 'None'
[1.871s] Level 5:colcon.colcon_core.verb:set package 'bumperbot_motion' build argument 'cmake_target_skip_unavailable' from command line to 'False'
[1.871s] Level 5:colcon.colcon_core.verb:set package 'bumperbot_motion' build argument 'cmake_clean_cache' from command line to 'False'
[1.871s] Level 5:colcon.colcon_core.verb:set package 'bumperbot_motion' build argument 'cmake_clean_first' from command line to 'False'
[1.871s] Level 5:colcon.colcon_core.verb:set package 'bumperbot_motion' build argument 'cmake_force_configure' from command line to 'False'
[1.871s] Level 5:colcon.colcon_core.verb:set package 'bumperbot_motion' build argument 'ament_cmake_args' from command line to 'None'
[1.871s] Level 5:colcon.colcon_core.verb:set package 'bumperbot_motion' build argument 'catkin_cmake_args' from command line to 'None'
[1.872s] Level 5:colcon.colcon_core.verb:set package 'bumperbot_motion' build argument 'catkin_skip_building_tests' from command line to 'False'
[1.872s] DEBUG:colcon.colcon_core.verb:Building package 'bumperbot_motion' with the following arguments: {'ament_cmake_args': None, 'build_base': '/home/aarambh/my_robot_ws/build/bumperbot_motion', 'catkin_cmake_args': None, 'catkin_skip_building_tests': False, 'cmake_args': None, 'cmake_clean_cache': False, 'cmake_clean_first': False, 'cmake_force_configure': False, 'cmake_target': None, 'cmake_target_skip_unavailable': False, 'install_base': '/home/aarambh/my_robot_ws/install/bumperbot_motion', 'merge_install': False, 'path': '/home/aarambh/my_robot_ws/src/bumperbot_motion', 'symlink_install': False, 'test_result_base': None}
[1.873s] Level 5:colcon.colcon_core.verb:set package 'bumperbot_msgs' build argument 'cmake_args' from command line to 'None'
[1.873s] Level 5:colcon.colcon_core.verb:set package 'bumperbot_msgs' build argument 'cmake_target' from command line to 'None'
[1.873s] Level 5:colcon.colcon_core.verb:set package 'bumperbot_msgs' build argument 'cmake_target_skip_unavailable' from command line to 'False'
[1.873s] Level 5:colcon.colcon_core.verb:set package 'bumperbot_msgs' build argument 'cmake_clean_cache' from command line to 'False'
[1.873s] Level 5:colcon.colcon_core.verb:set package 'bumperbot_msgs' build argument 'cmake_clean_first' from command line to 'False'
[1.874s] Level 5:colcon.colcon_core.verb:set package 'bumperbot_msgs' build argument 'cmake_force_configure' from command line to 'False'
[1.874s] Level 5:colcon.colcon_core.verb:set package 'bumperbot_msgs' build argument 'ament_cmake_args' from command line to 'None'
[1.874s] Level 5:colcon.colcon_core.verb:set package 'bumperbot_msgs' build argument 'catkin_cmake_args' from command line to 'None'
[1.874s] Level 5:colcon.colcon_core.verb:set package 'bumperbot_msgs' build argument 'catkin_skip_building_tests' from command line to 'False'
[1.874s] DEBUG:colcon.colcon_core.verb:Building package 'bumperbot_msgs' with the following arguments: {'ament_cmake_args': None, 'build_base': '/home/aarambh/my_robot_ws/build/bumperbot_msgs', 'catkin_cmake_args': None, 'catkin_skip_building_tests': False, 'cmake_args': None, 'cmake_clean_cache': False, 'cmake_clean_first': False, 'cmake_force_configure': False, 'cmake_target': None, 'cmake_target_skip_unavailable': False, 'install_base': '/home/aarambh/my_robot_ws/install/bumperbot_msgs', 'merge_install': False, 'path': '/home/aarambh/my_robot_ws/src/bumperbot_msgs', 'symlink_install': False, 'test_result_base': None}
[1.875s] Level 5:colcon.colcon_core.verb:set package 'bumperbot_planning' build argument 'cmake_args' from command line to 'None'
[1.876s] Level 5:colcon.colcon_core.verb:set package 'bumperbot_planning' build argument 'cmake_target' from command line to 'None'
[1.876s] Level 5:colcon.colcon_core.verb:set package 'bumperbot_planning' build argument 'cmake_target_skip_unavailable' from command line to 'False'
[1.876s] Level 5:colcon.colcon_core.verb:set package 'bumperbot_planning' build argument 'cmake_clean_cache' from command line to 'False'
[1.876s] Level 5:colcon.colcon_core.verb:set package 'bumperbot_planning' build argument 'cmake_clean_first' from command line to 'False'
[1.876s] Level 5:colcon.colcon_core.verb:set package 'bumperbot_planning' build argument 'cmake_force_configure' from command line to 'False'
[1.876s] Level 5:colcon.colcon_core.verb:set package 'bumperbot_planning' build argument 'ament_cmake_args' from command line to 'None'
[1.876s] Level 5:colcon.colcon_core.verb:set package 'bumperbot_planning' build argument 'catkin_cmake_args' from command line to 'None'
[1.876s] Level 5:colcon.colcon_core.verb:set package 'bumperbot_planning' build argument 'catkin_skip_building_tests' from command line to 'False'
[1.876s] DEBUG:colcon.colcon_core.verb:Building package 'bumperbot_planning' with the following arguments: {'ament_cmake_args': None, 'build_base': '/home/aarambh/my_robot_ws/build/bumperbot_planning', 'catkin_cmake_args': None, 'catkin_skip_building_tests': False, 'cmake_args': None, 'cmake_clean_cache': False, 'cmake_clean_first': False, 'cmake_force_configure': False, 'cmake_target': None, 'cmake_target_skip_unavailable': False, 'install_base': '/home/aarambh/my_robot_ws/install/bumperbot_planning', 'merge_install': False, 'path': '/home/aarambh/my_robot_ws/src/bumperbot_planning', 'symlink_install': False, 'test_result_base': None}
[1.878s] Level 5:colcon.colcon_core.verb:set package 'bumperbot_utils' build argument 'cmake_args' from command line to 'None'
[1.878s] Level 5:colcon.colcon_core.verb:set package 'bumperbot_utils' build argument 'cmake_target' from command line to 'None'
[1.878s] Level 5:colcon.colcon_core.verb:set package 'bumperbot_utils' build argument 'cmake_target_skip_unavailable' from command line to 'False'
[1.878s] Level 5:colcon.colcon_core.verb:set package 'bumperbot_utils' build argument 'cmake_clean_cache' from command line to 'False'
[1.879s] Level 5:colcon.colcon_core.verb:set package 'bumperbot_utils' build argument 'cmake_clean_first' from command line to 'False'
[1.879s] Level 5:colcon.colcon_core.verb:set package 'bumperbot_utils' build argument 'cmake_force_configure' from command line to 'False'
[1.879s] Level 5:colcon.colcon_core.verb:set package 'bumperbot_utils' build argument 'ament_cmake_args' from command line to 'None'
[1.879s] Level 5:colcon.colcon_core.verb:set package 'bumperbot_utils' build argument 'catkin_cmake_args' from command line to 'None'
[1.879s] Level 5:colcon.colcon_core.verb:set package 'bumperbot_utils' build argument 'catkin_skip_building_tests' from command line to 'False'
[1.879s] DEBUG:colcon.colcon_core.verb:Building package 'bumperbot_utils' with the following arguments: {'ament_cmake_args': None, 'build_base': '/home/aarambh/my_robot_ws/build/bumperbot_utils', 'catkin_cmake_args': None, 'catkin_skip_building_tests': False, 'cmake_args': None, 'cmake_clean_cache': False, 'cmake_clean_first': False, 'cmake_force_configure': False, 'cmake_target': None, 'cmake_target_skip_unavailable': False, 'install_base': '/home/aarambh/my_robot_ws/install/bumperbot_utils', 'merge_install': False, 'path': '/home/aarambh/my_robot_ws/src/bumperbot_utils', 'symlink_install': False, 'test_result_base': None}
[1.880s] Level 5:colcon.colcon_core.verb:set package 'bumperbot_bringup' build argument 'cmake_args' from command line to 'None'
[1.881s] Level 5:colcon.colcon_core.verb:set package 'bumperbot_bringup' build argument 'cmake_target' from command line to 'None'
[1.881s] Level 5:colcon.colcon_core.verb:set package 'bumperbot_bringup' build argument 'cmake_target_skip_unavailable' from command line to 'False'
[1.881s] Level 5:colcon.colcon_core.verb:set package 'bumperbot_bringup' build argument 'cmake_clean_cache' from command line to 'False'
[1.881s] Level 5:colcon.colcon_core.verb:set package 'bumperbot_bringup' build argument 'cmake_clean_first' from command line to 'False'
[1.881s] Level 5:colcon.colcon_core.verb:set package 'bumperbot_bringup' build argument 'cmake_force_configure' from command line to 'False'
[1.881s] Level 5:colcon.colcon_core.verb:set package 'bumperbot_bringup' build argument 'ament_cmake_args' from command line to 'None'
[1.881s] Level 5:colcon.colcon_core.verb:set package 'bumperbot_bringup' build argument 'catkin_cmake_args' from command line to 'None'
[1.881s] Level 5:colcon.colcon_core.verb:set package 'bumperbot_bringup' build argument 'catkin_skip_building_tests' from command line to 'False'
[1.882s] DEBUG:colcon.colcon_core.verb:Building package 'bumperbot_bringup' with the following arguments: {'ament_cmake_args': None, 'build_base': '/home/aarambh/my_robot_ws/build/bumperbot_bringup', 'catkin_cmake_args': None, 'catkin_skip_building_tests': False, 'cmake_args': None, 'cmake_clean_cache': False, 'cmake_clean_first': False, 'cmake_force_configure': False, 'cmake_target': None, 'cmake_target_skip_unavailable': False, 'install_base': '/home/aarambh/my_robot_ws/install/bumperbot_bringup', 'merge_install': False, 'path': '/home/aarambh/my_robot_ws/src/bumperbot_bringup', 'symlink_install': False, 'test_result_base': None}
[1.883s] Level 5:colcon.colcon_core.verb:set package 'bumperbot_cpp_examples' build argument 'cmake_args' from command line to 'None'
[1.883s] Level 5:colcon.colcon_core.verb:set package 'bumperbot_cpp_examples' build argument 'cmake_target' from command line to 'None'
[1.883s] Level 5:colcon.colcon_core.verb:set package 'bumperbot_cpp_examples' build argument 'cmake_target_skip_unavailable' from command line to 'False'
[1.883s] Level 5:colcon.colcon_core.verb:set package 'bumperbot_cpp_examples' build argument 'cmake_clean_cache' from command line to 'False'
[1.883s] Level 5:colcon.colcon_core.verb:set package 'bumperbot_cpp_examples' build argument 'cmake_clean_first' from command line to 'False'
[1.884s] Level 5:colcon.colcon_core.verb:set package 'bumperbot_cpp_examples' build argument 'cmake_force_configure' from command line to 'False'
[1.884s] Level 5:colcon.colcon_core.verb:set package 'bumperbot_cpp_examples' build argument 'ament_cmake_args' from command line to 'None'
[1.884s] Level 5:colcon.colcon_core.verb:set package 'bumperbot_cpp_examples' build argument 'catkin_cmake_args' from command line to 'None'
[1.884s] Level 5:colcon.colcon_core.verb:set package 'bumperbot_cpp_examples' build argument 'catkin_skip_building_tests' from command line to 'False'
[1.884s] DEBUG:colcon.colcon_core.verb:Building package 'bumperbot_cpp_examples' with the following arguments: {'ament_cmake_args': None, 'build_base': '/home/aarambh/my_robot_ws/build/bumperbot_cpp_examples', 'catkin_cmake_args': None, 'catkin_skip_building_tests': False, 'cmake_args': None, 'cmake_clean_cache': False, 'cmake_clean_first': False, 'cmake_force_configure': False, 'cmake_target': None, 'cmake_target_skip_unavailable': False, 'install_base': '/home/aarambh/my_robot_ws/install/bumperbot_cpp_examples', 'merge_install': False, 'path': '/home/aarambh/my_robot_ws/src/bumperbot_cpp_examples', 'symlink_install': False, 'test_result_base': None}
[1.885s] Level 5:colcon.colcon_core.verb:set package 'bumperbot_navigation' build argument 'cmake_args' from command line to 'None'
[1.885s] Level 5:colcon.colcon_core.verb:set package 'bumperbot_navigation' build argument 'cmake_target' from command line to 'None'
[1.886s] Level 5:colcon.colcon_core.verb:set package 'bumperbot_navigation' build argument 'cmake_target_skip_unavailable' from command line to 'False'
[1.886s] Level 5:colcon.colcon_core.verb:set package 'bumperbot_navigation' build argument 'cmake_clean_cache' from command line to 'False'
[1.886s] Level 5:colcon.colcon_core.verb:set package 'bumperbot_navigation' build argument 'cmake_clean_first' from command line to 'False'
[1.886s] Level 5:colcon.colcon_core.verb:set package 'bumperbot_navigation' build argument 'cmake_force_configure' from command line to 'False'
[1.886s] Level 5:colcon.colcon_core.verb:set package 'bumperbot_navigation' build argument 'ament_cmake_args' from command line to 'None'
[1.886s] Level 5:colcon.colcon_core.verb:set package 'bumperbot_navigation' build argument 'catkin_cmake_args' from command line to 'None'
[1.886s] Level 5:colcon.colcon_core.verb:set package 'bumperbot_navigation' build argument 'catkin_skip_building_tests' from command line to 'False'
[1.886s] DEBUG:colcon.colcon_core.verb:Building package 'bumperbot_navigation' with the following arguments: {'ament_cmake_args': None, 'build_base': '/home/aarambh/my_robot_ws/build/bumperbot_navigation', 'catkin_cmake_args': None, 'catkin_skip_building_tests': False, 'cmake_args': None, 'cmake_clean_cache': False, 'cmake_clean_first': False, 'cmake_force_configure': False, 'cmake_target': None, 'cmake_target_skip_unavailable': False, 'install_base': '/home/aarambh/my_robot_ws/install/bumperbot_navigation', 'merge_install': False, 'path': '/home/aarambh/my_robot_ws/src/bumperbot_navigation', 'symlink_install': False, 'test_result_base': None}
[1.888s] Level 5:colcon.colcon_core.verb:set package 'bumperbot_py_examples' build argument 'cmake_args' from command line to 'None'
[1.888s] Level 5:colcon.colcon_core.verb:set package 'bumperbot_py_examples' build argument 'cmake_target' from command line to 'None'
[1.888s] Level 5:colcon.colcon_core.verb:set package 'bumperbot_py_examples' build argument 'cmake_target_skip_unavailable' from command line to 'False'
[1.888s] Level 5:colcon.colcon_core.verb:set package 'bumperbot_py_examples' build argument 'cmake_clean_cache' from command line to 'False'
[1.888s] Level 5:colcon.colcon_core.verb:set package 'bumperbot_py_examples' build argument 'cmake_clean_first' from command line to 'False'
[1.888s] Level 5:colcon.colcon_core.verb:set package 'bumperbot_py_examples' build argument 'cmake_force_configure' from command line to 'False'
[1.888s] Level 5:colcon.colcon_core.verb:set package 'bumperbot_py_examples' build argument 'ament_cmake_args' from command line to 'None'
[1.889s] Level 5:colcon.colcon_core.verb:set package 'bumperbot_py_examples' build argument 'catkin_cmake_args' from command line to 'None'
[1.889s] Level 5:colcon.colcon_core.verb:set package 'bumperbot_py_examples' build argument 'catkin_skip_building_tests' from command line to 'False'
[1.889s] DEBUG:colcon.colcon_core.verb:Building package 'bumperbot_py_examples' with the following arguments: {'ament_cmake_args': None, 'build_base': '/home/aarambh/my_robot_ws/build/bumperbot_py_examples', 'catkin_cmake_args': None, 'catkin_skip_building_tests': False, 'cmake_args': None, 'cmake_clean_cache': False, 'cmake_clean_first': False, 'cmake_force_configure': False, 'cmake_target': None, 'cmake_target_skip_unavailable': False, 'install_base': '/home/aarambh/my_robot_ws/install/bumperbot_py_examples', 'merge_install': False, 'path': '/home/aarambh/my_robot_ws/src/bumperbot_py_examples', 'symlink_install': False, 'test_result_base': None}
[1.889s] INFO:colcon.colcon_core.executor:Executing jobs using 'parallel' executor
[1.893s] DEBUG:colcon.colcon_parallel_executor.executor.parallel:run_until_complete
[1.894s] INFO:colcon.colcon_ros.task.ament_cmake.build:Building ROS package in '/home/aarambh/my_robot_ws/src/bumperbot_msgs' with build type 'ament_cmake'
[1.894s] INFO:colcon.colcon_cmake.task.cmake.build:Building CMake package in '/home/aarambh/my_robot_ws/src/bumperbot_msgs'
[1.904s] INFO:colcon.colcon_core.plugin_system:Skipping extension 'colcon_core.shell.bat': Not used on non-Windows systems
[1.905s] INFO:colcon.colcon_core.shell:Skip shell extension 'powershell' for command environment: Not usable outside of PowerShell
[1.906s] DEBUG:colcon.colcon_core.shell:Skip shell extension 'dsv' for command environment
[1.927s] INFO:colcon.colcon_ros.task.ament_cmake.build:Building ROS package in '/home/aarambh/my_robot_ws/src/bumperbot_controller' with build type 'ament_cmake'
[1.928s] INFO:colcon.colcon_cmake.task.cmake.build:Building CMake package in '/home/aarambh/my_robot_ws/src/bumperbot_controller'
[1.929s] INFO:colcon.colcon_core.shell:Skip shell extension 'powershell' for command environment: Not usable outside of PowerShell
[1.929s] DEBUG:colcon.colcon_core.shell:Skip shell extension 'dsv' for command environment
[1.951s] INFO:colcon.colcon_ros.task.ament_cmake.build:Building ROS package in '/home/aarambh/my_robot_ws/src/bumperbot_description' with build type 'ament_cmake'
[1.951s] INFO:colcon.colcon_cmake.task.cmake.build:Building CMake package in '/home/aarambh/my_robot_ws/src/bumperbot_description'
[1.952s] INFO:colcon.colcon_core.shell:Skip shell extension 'powershell' for command environment: Not usable outside of PowerShell
[1.953s] DEBUG:colcon.colcon_core.shell:Skip shell extension 'dsv' for command environment
[1.974s] INFO:colcon.colcon_ros.task.ament_cmake.build:Building ROS package in '/home/aarambh/my_robot_ws/src/bumperbot_firmware' with build type 'ament_cmake'
[1.975s] INFO:colcon.colcon_cmake.task.cmake.build:Building CMake package in '/home/aarambh/my_robot_ws/src/bumperbot_firmware'
[1.976s] INFO:colcon.colcon_core.shell:Skip shell extension 'powershell' for command environment: Not usable outside of PowerShell
[1.976s] DEBUG:colcon.colcon_core.shell:Skip shell extension 'dsv' for command environment
[2.018s] DEBUG:colcon.colcon_core.event_handler.log_command:Invoking command in '/home/aarambh/my_robot_ws/build/bumperbot_msgs': CMAKE_PREFIX_PATH=${CMAKE_PREFIX_PATH}:/home/aarambh/my_robot_ws/install/bumperbot_py_examples:/opt/ros/humble /usr/bin/cmake /home/aarambh/my_robot_ws/src/bumperbot_msgs -DCMAKE_INSTALL_PREFIX=/home/aarambh/my_robot_ws/install/bumperbot_msgs
[2.033s] DEBUG:colcon.colcon_core.event_handler.log_command:Invoking command in '/home/aarambh/my_robot_ws/build/bumperbot_controller': CMAKE_PREFIX_PATH=${CMAKE_PREFIX_PATH}:/home/aarambh/my_robot_ws/install/bumperbot_py_examples:/opt/ros/humble /usr/bin/cmake /home/aarambh/my_robot_ws/src/bumperbot_controller -DCMAKE_INSTALL_PREFIX=/home/aarambh/my_robot_ws/install/bumperbot_controller
[2.048s] DEBUG:colcon.colcon_core.event_handler.log_command:Invoking command in '/home/aarambh/my_robot_ws/build/bumperbot_description': CMAKE_PREFIX_PATH=${CMAKE_PREFIX_PATH}:/home/aarambh/my_robot_ws/install/bumperbot_py_examples:/opt/ros/humble /usr/bin/cmake /home/aarambh/my_robot_ws/src/bumperbot_description -DCMAKE_INSTALL_PREFIX=/home/aarambh/my_robot_ws/install/bumperbot_description
[2.072s] DEBUG:colcon.colcon_core.event_handler.log_command:Invoking command in '/home/aarambh/my_robot_ws/build/bumperbot_firmware': CMAKE_PREFIX_PATH=${CMAKE_PREFIX_PATH}:/home/aarambh/my_robot_ws/install/bumperbot_py_examples:/opt/ros/humble /usr/bin/cmake /home/aarambh/my_robot_ws/src/bumperbot_firmware -DCMAKE_INSTALL_PREFIX=/home/aarambh/my_robot_ws/install/bumperbot_firmware
[21.267s] DEBUG:colcon.colcon_core.event_handler.log_command:Invoked command in '/home/aarambh/my_robot_ws/build/bumperbot_description' returned '0': CMAKE_PREFIX_PATH=${CMAKE_PREFIX_PATH}:/home/aarambh/my_robot_ws/install/bumperbot_py_examples:/opt/ros/humble /usr/bin/cmake /home/aarambh/my_robot_ws/src/bumperbot_description -DCMAKE_INSTALL_PREFIX=/home/aarambh/my_robot_ws/install/bumperbot_description
[21.269s] DEBUG:colcon.colcon_core.event_handler.log_command:Invoking command in '/home/aarambh/my_robot_ws/build/bumperbot_description': CMAKE_PREFIX_PATH=${CMAKE_PREFIX_PATH}:/home/aarambh/my_robot_ws/install/bumperbot_py_examples:/opt/ros/humble /usr/bin/cmake --build /home/aarambh/my_robot_ws/build/bumperbot_description -- -j4 -l4
[21.486s] DEBUG:colcon.colcon_core.event_handler.log_command:Invoked command in '/home/aarambh/my_robot_ws/build/bumperbot_description' returned '0': CMAKE_PREFIX_PATH=${CMAKE_PREFIX_PATH}:/home/aarambh/my_robot_ws/install/bumperbot_py_examples:/opt/ros/humble /usr/bin/cmake --build /home/aarambh/my_robot_ws/build/bumperbot_description -- -j4 -l4
[21.533s] DEBUG:colcon.colcon_core.event_handler.log_command:Invoking command in '/home/aarambh/my_robot_ws/build/bumperbot_description': CMAKE_PREFIX_PATH=${CMAKE_PREFIX_PATH}:/home/aarambh/my_robot_ws/install/bumperbot_py_examples:/opt/ros/humble /usr/bin/cmake --install /home/aarambh/my_robot_ws/build/bumperbot_description
[24.356s] Level 1:colcon.colcon_core.environment:create_environment_scripts_only(bumperbot_description)
[24.368s] DEBUG:colcon.colcon_core.event_handler.log_command:Invoked command in '/home/aarambh/my_robot_ws/build/bumperbot_description' returned '0': CMAKE_PREFIX_PATH=${CMAKE_PREFIX_PATH}:/home/aarambh/my_robot_ws/install/bumperbot_py_examples:/opt/ros/humble /usr/bin/cmake --install /home/aarambh/my_robot_ws/build/bumperbot_description
[24.373s] Level 1:colcon.colcon_core.environment:checking '/home/aarambh/my_robot_ws/install/bumperbot_description' for CMake module files
[24.377s] Level 1:colcon.colcon_core.environment:checking '/home/aarambh/my_robot_ws/install/bumperbot_description' for CMake config files
[24.480s] Level 1:colcon.colcon_core.shell:create_environment_hook('bumperbot_description', 'cmake_prefix_path')
[24.482s] INFO:colcon.colcon_core.shell:Creating environment hook '/home/aarambh/my_robot_ws/install/bumperbot_description/share/bumperbot_description/hook/cmake_prefix_path.ps1'
[24.486s] INFO:colcon.colcon_core.shell:Creating environment descriptor '/home/aarambh/my_robot_ws/install/bumperbot_description/share/bumperbot_description/hook/cmake_prefix_path.dsv'
[24.489s] INFO:colcon.colcon_core.shell:Creating environment hook '/home/aarambh/my_robot_ws/install/bumperbot_description/share/bumperbot_description/hook/cmake_prefix_path.sh'
[24.495s] Level 1:colcon.colcon_core.environment:checking '/home/aarambh/my_robot_ws/install/bumperbot_description/bin'
[24.496s] Level 1:colcon.colcon_core.environment:checking '/home/aarambh/my_robot_ws/install/bumperbot_description/lib/pkgconfig/bumperbot_description.pc'
[24.497s] Level 1:colcon.colcon_core.environment:checking '/home/aarambh/my_robot_ws/install/bumperbot_description/lib/python3.10/site-packages'
[24.499s] Level 1:colcon.colcon_core.environment:checking '/home/aarambh/my_robot_ws/install/bumperbot_description/bin'
[24.501s] INFO:colcon.colcon_core.shell:Creating package script '/home/aarambh/my_robot_ws/install/bumperbot_description/share/bumperbot_description/package.ps1'
[24.506s] INFO:colcon.colcon_core.shell:Creating package descriptor '/home/aarambh/my_robot_ws/install/bumperbot_description/share/bumperbot_description/package.dsv'
[24.509s] INFO:colcon.colcon_core.shell:Creating package script '/home/aarambh/my_robot_ws/install/bumperbot_description/share/bumperbot_description/package.sh'
[24.513s] INFO:colcon.colcon_core.shell:Creating package script '/home/aarambh/my_robot_ws/install/bumperbot_description/share/bumperbot_description/package.bash'
[24.517s] INFO:colcon.colcon_core.shell:Creating package script '/home/aarambh/my_robot_ws/install/bumperbot_description/share/bumperbot_description/package.zsh'
[24.521s] Level 1:colcon.colcon_core.environment:create_file_with_runtime_dependencies(/home/aarambh/my_robot_ws/install/bumperbot_description/share/colcon-core/packages/bumperbot_description)
[24.525s] Level 1:colcon.colcon_core.environment:create_environment_scripts_only(bumperbot_description)
[24.527s] Level 1:colcon.colcon_core.environment:checking '/home/aarambh/my_robot_ws/install/bumperbot_description' for CMake module files
[24.531s] Level 1:colcon.colcon_core.environment:checking '/home/aarambh/my_robot_ws/install/bumperbot_description' for CMake config files
[24.649s] Level 1:colcon.colcon_core.shell:create_environment_hook('bumperbot_description', 'cmake_prefix_path')
[24.650s] INFO:colcon.colcon_core.shell:Creating environment hook '/home/aarambh/my_robot_ws/install/bumperbot_description/share/bumperbot_description/hook/cmake_prefix_path.ps1'
[24.653s] INFO:colcon.colcon_core.shell:Creating environment descriptor '/home/aarambh/my_robot_ws/install/bumperbot_description/share/bumperbot_description/hook/cmake_prefix_path.dsv'
[24.655s] INFO:colcon.colcon_core.shell:Creating environment hook '/home/aarambh/my_robot_ws/install/bumperbot_description/share/bumperbot_description/hook/cmake_prefix_path.sh'
[24.658s] Level 1:colcon.colcon_core.environment:checking '/home/aarambh/my_robot_ws/install/bumperbot_description/bin'
[24.659s] Level 1:colcon.colcon_core.environment:checking '/home/aarambh/my_robot_ws/install/bumperbot_description/lib/pkgconfig/bumperbot_description.pc'
[24.661s] Level 1:colcon.colcon_core.environment:checking '/home/aarambh/my_robot_ws/install/bumperbot_description/lib/python3.10/site-packages'
[24.663s] Level 1:colcon.colcon_core.environment:checking '/home/aarambh/my_robot_ws/install/bumperbot_description/bin'
[24.665s] INFO:colcon.colcon_core.shell:Creating package script '/home/aarambh/my_robot_ws/install/bumperbot_description/share/bumperbot_description/package.ps1'
[24.787s] INFO:colcon.colcon_core.shell:Creating package descriptor '/home/aarambh/my_robot_ws/install/bumperbot_description/share/bumperbot_description/package.dsv'
[24.797s] INFO:colcon.colcon_core.shell:Creating package script '/home/aarambh/my_robot_ws/install/bumperbot_description/share/bumperbot_description/package.sh'
[24.803s] INFO:colcon.colcon_core.shell:Creating package script '/home/aarambh/my_robot_ws/install/bumperbot_description/share/bumperbot_description/package.bash'
[24.808s] INFO:colcon.colcon_core.shell:Creating package script '/home/aarambh/my_robot_ws/install/bumperbot_description/share/bumperbot_description/package.zsh'
[24.814s] Level 1:colcon.colcon_core.environment:create_file_with_runtime_dependencies(/home/aarambh/my_robot_ws/install/bumperbot_description/share/colcon-core/packages/bumperbot_description)
[24.822s] INFO:colcon.colcon_ros.task.ament_cmake.build:Building ROS package in '/home/aarambh/my_robot_ws/src/bumperbot_localization' with build type 'ament_cmake'
[24.825s] INFO:colcon.colcon_cmake.task.cmake.build:Building CMake package in '/home/aarambh/my_robot_ws/src/bumperbot_localization'
[24.828s] INFO:colcon.colcon_core.shell:Skip shell extension 'powershell' for command environment: Not usable outside of PowerShell
[24.828s] DEBUG:colcon.colcon_core.shell:Skip shell extension 'dsv' for command environment
[24.877s] DEBUG:colcon.colcon_core.event_handler.log_command:Invoking command in '/home/aarambh/my_robot_ws/build/bumperbot_localization': CMAKE_PREFIX_PATH=${CMAKE_PREFIX_PATH}:/home/aarambh/my_robot_ws/install/bumperbot_py_examples:/opt/ros/humble /usr/bin/cmake /home/aarambh/my_robot_ws/src/bumperbot_localization -DCMAKE_INSTALL_PREFIX=/home/aarambh/my_robot_ws/install/bumperbot_localization
[25.070s] DEBUG:colcon.colcon_core.event_handler.log_command:Invoked command in '/home/aarambh/my_robot_ws/build/bumperbot_controller' returned '0': CMAKE_PREFIX_PATH=${CMAKE_PREFIX_PATH}:/home/aarambh/my_robot_ws/install/bumperbot_py_examples:/opt/ros/humble /usr/bin/cmake /home/aarambh/my_robot_ws/src/bumperbot_controller -DCMAKE_INSTALL_PREFIX=/home/aarambh/my_robot_ws/install/bumperbot_controller
[25.072s] DEBUG:colcon.colcon_core.event_handler.log_command:Invoking command in '/home/aarambh/my_robot_ws/build/bumperbot_controller': CMAKE_PREFIX_PATH=${CMAKE_PREFIX_PATH}:/home/aarambh/my_robot_ws/install/bumperbot_py_examples:/opt/ros/humble /usr/bin/cmake --build /home/aarambh/my_robot_ws/build/bumperbot_controller -- -j4 -l4
[25.165s] DEBUG:colcon.colcon_core.event_handler.log_command:Invoked command in '/home/aarambh/my_robot_ws/build/bumperbot_firmware' returned '0': CMAKE_PREFIX_PATH=${CMAKE_PREFIX_PATH}:/home/aarambh/my_robot_ws/install/bumperbot_py_examples:/opt/ros/humble /usr/bin/cmake /home/aarambh/my_robot_ws/src/bumperbot_firmware -DCMAKE_INSTALL_PREFIX=/home/aarambh/my_robot_ws/install/bumperbot_firmware
[25.168s] DEBUG:colcon.colcon_core.event_handler.log_command:Invoking command in '/home/aarambh/my_robot_ws/build/bumperbot_firmware': CMAKE_PREFIX_PATH=${CMAKE_PREFIX_PATH}:/home/aarambh/my_robot_ws/install/bumperbot_py_examples:/opt/ros/humble /usr/bin/cmake --build /home/aarambh/my_robot_ws/build/bumperbot_firmware -- -j4 -l4
[27.496s] DEBUG:colcon.colcon_core.event_handler.log_command:Invoked command in '/home/aarambh/my_robot_ws/build/bumperbot_msgs' returned '0': CMAKE_PREFIX_PATH=${CMAKE_PREFIX_PATH}:/home/aarambh/my_robot_ws/install/bumperbot_py_examples:/opt/ros/humble /usr/bin/cmake /home/aarambh/my_robot_ws/src/bumperbot_msgs -DCMAKE_INSTALL_PREFIX=/home/aarambh/my_robot_ws/install/bumperbot_msgs
[27.498s] DEBUG:colcon.colcon_core.event_handler.log_command:Invoking command in '/home/aarambh/my_robot_ws/build/bumperbot_msgs': CMAKE_PREFIX_PATH=${CMAKE_PREFIX_PATH}:/home/aarambh/my_robot_ws/install/bumperbot_py_examples:/opt/ros/humble /usr/bin/cmake --build /home/aarambh/my_robot_ws/build/bumperbot_msgs -- -j4 -l4
[51.909s] DEBUG:colcon.colcon_core.event_handler.log_command:Invoked command in '/home/aarambh/my_robot_ws/build/bumperbot_localization' returned '0': CMAKE_PREFIX_PATH=${CMAKE_PREFIX_PATH}:/home/aarambh/my_robot_ws/install/bumperbot_py_examples:/opt/ros/humble /usr/bin/cmake /home/aarambh/my_robot_ws/src/bumperbot_localization -DCMAKE_INSTALL_PREFIX=/home/aarambh/my_robot_ws/install/bumperbot_localization
[51.912s] DEBUG:colcon.colcon_core.event_handler.log_command:Invoking command in '/home/aarambh/my_robot_ws/build/bumperbot_localization': CMAKE_PREFIX_PATH=${CMAKE_PREFIX_PATH}:/home/aarambh/my_robot_ws/install/bumperbot_py_examples:/opt/ros/humble /usr/bin/cmake --build /home/aarambh/my_robot_ws/build/bumperbot_localization -- -j4 -l4
[114.118s] DEBUG:colcon.colcon_core.event_handler.log_command:Invoked command in '/home/aarambh/my_robot_ws/build/bumperbot_msgs' returned '0': CMAKE_PREFIX_PATH=${CMAKE_PREFIX_PATH}:/home/aarambh/my_robot_ws/install/bumperbot_py_examples:/opt/ros/humble /usr/bin/cmake --build /home/aarambh/my_robot_ws/build/bumperbot_msgs -- -j4 -l4
[114.133s] DEBUG:colcon.colcon_core.event_handler.log_command:Invoking command in '/home/aarambh/my_robot_ws/build/bumperbot_msgs': CMAKE_PREFIX_PATH=${CMAKE_PREFIX_PATH}:/home/aarambh/my_robot_ws/install/bumperbot_py_examples:/opt/ros/humble /usr/bin/cmake --install /home/aarambh/my_robot_ws/build/bumperbot_msgs
[115.518s] Level 1:colcon.colcon_core.environment:create_environment_scripts_only(bumperbot_msgs)
[115.520s] Level 1:colcon.colcon_core.environment:checking '/home/aarambh/my_robot_ws/install/bumperbot_msgs' for CMake module files
[115.524s] DEBUG:colcon.colcon_core.event_handler.log_command:Invoked command in '/home/aarambh/my_robot_ws/build/bumperbot_msgs' returned '0': CMAKE_PREFIX_PATH=${CMAKE_PREFIX_PATH}:/home/aarambh/my_robot_ws/install/bumperbot_py_examples:/opt/ros/humble /usr/bin/cmake --install /home/aarambh/my_robot_ws/build/bumperbot_msgs
[115.528s] Level 1:colcon.colcon_core.environment:checking '/home/aarambh/my_robot_ws/install/bumperbot_msgs' for CMake config files
[115.551s] Level 1:colcon.colcon_core.shell:create_environment_hook('bumperbot_msgs', 'cmake_prefix_path')
[115.553s] INFO:colcon.colcon_core.shell:Creating environment hook '/home/aarambh/my_robot_ws/install/bumperbot_msgs/share/bumperbot_msgs/hook/cmake_prefix_path.ps1'
[115.556s] INFO:colcon.colcon_core.shell:Creating environment descriptor '/home/aarambh/my_robot_ws/install/bumperbot_msgs/share/bumperbot_msgs/hook/cmake_prefix_path.dsv'
[115.571s] INFO:colcon.colcon_core.shell:Creating environment hook '/home/aarambh/my_robot_ws/install/bumperbot_msgs/share/bumperbot_msgs/hook/cmake_prefix_path.sh'
[115.576s] Level 1:colcon.colcon_core.environment:checking '/home/aarambh/my_robot_ws/install/bumperbot_msgs/lib'
[115.577s] Level 1:colcon.colcon_core.shell:create_environment_hook('bumperbot_msgs', 'ld_library_path_lib')
[115.579s] INFO:colcon.colcon_core.shell:Creating environment hook '/home/aarambh/my_robot_ws/install/bumperbot_msgs/share/bumperbot_msgs/hook/ld_library_path_lib.ps1'
[115.582s] INFO:colcon.colcon_core.shell:Creating environment descriptor '/home/aarambh/my_robot_ws/install/bumperbot_msgs/share/bumperbot_msgs/hook/ld_library_path_lib.dsv'
[115.597s] INFO:colcon.colcon_core.shell:Creating environment hook '/home/aarambh/my_robot_ws/install/bumperbot_msgs/share/bumperbot_msgs/hook/ld_library_path_lib.sh'
[115.613s] Level 1:colcon.colcon_core.environment:checking '/home/aarambh/my_robot_ws/install/bumperbot_msgs/bin'
[115.614s] Level 1:colcon.colcon_core.environment:checking '/home/aarambh/my_robot_ws/install/bumperbot_msgs/lib/pkgconfig/bumperbot_msgs.pc'
[115.615s] Level 1:colcon.colcon_core.environment:checking '/home/aarambh/my_robot_ws/install/bumperbot_msgs/lib/python3.10/site-packages'
[115.618s] Level 1:colcon.colcon_core.environment:checking '/home/aarambh/my_robot_ws/install/bumperbot_msgs/bin'
[115.620s] INFO:colcon.colcon_core.shell:Creating package script '/home/aarambh/my_robot_ws/install/bumperbot_msgs/share/bumperbot_msgs/package.ps1'
[115.636s] INFO:colcon.colcon_core.shell:Creating package descriptor '/home/aarambh/my_robot_ws/install/bumperbot_msgs/share/bumperbot_msgs/package.dsv'
[115.641s] INFO:colcon.colcon_core.shell:Creating package script '/home/aarambh/my_robot_ws/install/bumperbot_msgs/share/bumperbot_msgs/package.sh'
[115.645s] INFO:colcon.colcon_core.shell:Creating package script '/home/aarambh/my_robot_ws/install/bumperbot_msgs/share/bumperbot_msgs/package.bash'
[115.648s] INFO:colcon.colcon_core.shell:Creating package script '/home/aarambh/my_robot_ws/install/bumperbot_msgs/share/bumperbot_msgs/package.zsh'
[115.651s] Level 1:colcon.colcon_core.environment:create_file_with_runtime_dependencies(/home/aarambh/my_robot_ws/install/bumperbot_msgs/share/colcon-core/packages/bumperbot_msgs)
[115.668s] Level 1:colcon.colcon_core.environment:create_environment_scripts_only(bumperbot_msgs)
[115.670s] Level 1:colcon.colcon_core.environment:checking '/home/aarambh/my_robot_ws/install/bumperbot_msgs' for CMake module files
[115.676s] Level 1:colcon.colcon_core.environment:checking '/home/aarambh/my_robot_ws/install/bumperbot_msgs' for CMake config files
[115.698s] Level 1:colcon.colcon_core.shell:create_environment_hook('bumperbot_msgs', 'cmake_prefix_path')
[115.700s] INFO:colcon.colcon_core.shell:Creating environment hook '/home/aarambh/my_robot_ws/install/bumperbot_msgs/share/bumperbot_msgs/hook/cmake_prefix_path.ps1'
[115.714s] INFO:colcon.colcon_core.shell:Creating environment descriptor '/home/aarambh/my_robot_ws/install/bumperbot_msgs/share/bumperbot_msgs/hook/cmake_prefix_path.dsv'
[115.727s] INFO:colcon.colcon_core.shell:Creating environment hook '/home/aarambh/my_robot_ws/install/bumperbot_msgs/share/bumperbot_msgs/hook/cmake_prefix_path.sh'
[115.732s] Level 1:colcon.colcon_core.environment:checking '/home/aarambh/my_robot_ws/install/bumperbot_msgs/lib'
[115.733s] Level 1:colcon.colcon_core.shell:create_environment_hook('bumperbot_msgs', 'ld_library_path_lib')
[115.734s] INFO:colcon.colcon_core.shell:Creating environment hook '/home/aarambh/my_robot_ws/install/bumperbot_msgs/share/bumperbot_msgs/hook/ld_library_path_lib.ps1'
[115.747s] INFO:colcon.colcon_core.shell:Creating environment descriptor '/home/aarambh/my_robot_ws/install/bumperbot_msgs/share/bumperbot_msgs/hook/ld_library_path_lib.dsv'
[115.750s] INFO:colcon.colcon_core.shell:Creating environment hook '/home/aarambh/my_robot_ws/install/bumperbot_msgs/share/bumperbot_msgs/hook/ld_library_path_lib.sh'
[115.754s] Level 1:colcon.colcon_core.environment:checking '/home/aarambh/my_robot_ws/install/bumperbot_msgs/bin'
[115.755s] Level 1:colcon.colcon_core.environment:checking '/home/aarambh/my_robot_ws/install/bumperbot_msgs/lib/pkgconfig/bumperbot_msgs.pc'
[115.756s] Level 1:colcon.colcon_core.environment:checking '/home/aarambh/my_robot_ws/install/bumperbot_msgs/lib/python3.10/site-packages'
[115.758s] Level 1:colcon.colcon_core.environment:checking '/home/aarambh/my_robot_ws/install/bumperbot_msgs/bin'
[115.760s] INFO:colcon.colcon_core.shell:Creating package script '/home/aarambh/my_robot_ws/install/bumperbot_msgs/share/bumperbot_msgs/package.ps1'
[115.765s] INFO:colcon.colcon_core.shell:Creating package descriptor '/home/aarambh/my_robot_ws/install/bumperbot_msgs/share/bumperbot_msgs/package.dsv'
[115.769s] INFO:colcon.colcon_core.shell:Creating package script '/home/aarambh/my_robot_ws/install/bumperbot_msgs/share/bumperbot_msgs/package.sh'
[115.773s] INFO:colcon.colcon_core.shell:Creating package script '/home/aarambh/my_robot_ws/install/bumperbot_msgs/share/bumperbot_msgs/package.bash'
[115.777s] INFO:colcon.colcon_core.shell:Creating package script '/home/aarambh/my_robot_ws/install/bumperbot_msgs/share/bumperbot_msgs/package.zsh'
[115.781s] Level 1:colcon.colcon_core.environment:create_file_with_runtime_dependencies(/home/aarambh/my_robot_ws/install/bumperbot_msgs/share/colcon-core/packages/bumperbot_msgs)
[115.786s] INFO:colcon.colcon_ros.task.ament_cmake.build:Building ROS package in '/home/aarambh/my_robot_ws/src/bumperbot_mapping' with build type 'ament_cmake'
[115.788s] INFO:colcon.colcon_cmake.task.cmake.build:Building CMake package in '/home/aarambh/my_robot_ws/src/bumperbot_mapping'
[115.789s] INFO:colcon.colcon_core.shell:Skip shell extension 'powershell' for command environment: Not usable outside of PowerShell
[115.789s] DEBUG:colcon.colcon_core.shell:Skip shell extension 'dsv' for command environment
[115.844s] DEBUG:colcon.colcon_core.event_handler.log_command:Invoking command in '/home/aarambh/my_robot_ws/build/bumperbot_mapping': CMAKE_PREFIX_PATH=${CMAKE_PREFIX_PATH}:/home/aarambh/my_robot_ws/install/bumperbot_py_examples:/opt/ros/humble /usr/bin/cmake /home/aarambh/my_robot_ws/src/bumperbot_mapping -DCMAKE_INSTALL_PREFIX=/home/aarambh/my_robot_ws/install/bumperbot_mapping
[130.802s] DEBUG:colcon.colcon_core.event_handler.log_command:Invoked command in '/home/aarambh/my_robot_ws/build/bumperbot_firmware' returned '0': CMAKE_PREFIX_PATH=${CMAKE_PREFIX_PATH}:/home/aarambh/my_robot_ws/install/bumperbot_py_examples:/opt/ros/humble /usr/bin/cmake --build /home/aarambh/my_robot_ws/build/bumperbot_firmware -- -j4 -l4
[130.805s] DEBUG:colcon.colcon_core.event_handler.log_command:Invoking command in '/home/aarambh/my_robot_ws/build/bumperbot_firmware': CMAKE_PREFIX_PATH=${CMAKE_PREFIX_PATH}:/home/aarambh/my_robot_ws/install/bumperbot_py_examples:/opt/ros/humble /usr/bin/cmake --install /home/aarambh/my_robot_ws/build/bumperbot_firmware
[131.465s] Level 1:colcon.colcon_core.environment:create_environment_scripts_only(bumperbot_firmware)
[131.467s] Level 1:colcon.colcon_core.environment:checking '/home/aarambh/my_robot_ws/install/bumperbot_firmware' for CMake module files
[131.472s] Level 1:colcon.colcon_core.environment:checking '/home/aarambh/my_robot_ws/install/bumperbot_firmware' for CMake config files
[131.479s] DEBUG:colcon.colcon_core.event_handler.log_command:Invoked command in '/home/aarambh/my_robot_ws/build/bumperbot_firmware' returned '0': CMAKE_PREFIX_PATH=${CMAKE_PREFIX_PATH}:/home/aarambh/my_robot_ws/install/bumperbot_py_examples:/opt/ros/humble /usr/bin/cmake --install /home/aarambh/my_robot_ws/build/bumperbot_firmware
[131.486s] Level 1:colcon.colcon_core.shell:create_environment_hook('bumperbot_firmware', 'cmake_prefix_path')
[131.488s] INFO:colcon.colcon_core.shell:Creating environment hook '/home/aarambh/my_robot_ws/install/bumperbot_firmware/share/bumperbot_firmware/hook/cmake_prefix_path.ps1'
[131.496s] INFO:colcon.colcon_core.shell:Creating environment descriptor '/home/aarambh/my_robot_ws/install/bumperbot_firmware/share/bumperbot_firmware/hook/cmake_prefix_path.dsv'
[131.501s] INFO:colcon.colcon_core.shell:Creating environment hook '/home/aarambh/my_robot_ws/install/bumperbot_firmware/share/bumperbot_firmware/hook/cmake_prefix_path.sh'
[131.505s] Level 1:colcon.colcon_core.environment:checking '/home/aarambh/my_robot_ws/install/bumperbot_firmware/lib'
[131.506s] Level 1:colcon.colcon_core.shell:create_environment_hook('bumperbot_firmware', 'ld_library_path_lib')
[131.520s] INFO:colcon.colcon_core.shell:Creating environment hook '/home/aarambh/my_robot_ws/install/bumperbot_firmware/share/bumperbot_firmware/hook/ld_library_path_lib.ps1'
[131.524s] INFO:colcon.colcon_core.shell:Creating environment descriptor '/home/aarambh/my_robot_ws/install/bumperbot_firmware/share/bumperbot_firmware/hook/ld_library_path_lib.dsv'
[131.528s] INFO:colcon.colcon_core.shell:Creating environment hook '/home/aarambh/my_robot_ws/install/bumperbot_firmware/share/bumperbot_firmware/hook/ld_library_path_lib.sh'
[131.532s] Level 1:colcon.colcon_core.environment:checking '/home/aarambh/my_robot_ws/install/bumperbot_firmware/bin'
[131.533s] Level 1:colcon.colcon_core.environment:checking '/home/aarambh/my_robot_ws/install/bumperbot_firmware/lib/pkgconfig/bumperbot_firmware.pc'
[131.535s] Level 1:colcon.colcon_core.environment:checking '/home/aarambh/my_robot_ws/install/bumperbot_firmware/lib/python3.10/site-packages'
[131.537s] Level 1:colcon.colcon_core.environment:checking '/home/aarambh/my_robot_ws/install/bumperbot_firmware/bin'
[131.539s] INFO:colcon.colcon_core.shell:Creating package script '/home/aarambh/my_robot_ws/install/bumperbot_firmware/share/bumperbot_firmware/package.ps1'
[131.543s] INFO:colcon.colcon_core.shell:Creating package descriptor '/home/aarambh/my_robot_ws/install/bumperbot_firmware/share/bumperbot_firmware/package.dsv'
[131.548s] INFO:colcon.colcon_core.shell:Creating package script '/home/aarambh/my_robot_ws/install/bumperbot_firmware/share/bumperbot_firmware/package.sh'
[131.555s] INFO:colcon.colcon_core.shell:Creating package script '/home/aarambh/my_robot_ws/install/bumperbot_firmware/share/bumperbot_firmware/package.bash'
[131.560s] INFO:colcon.colcon_core.shell:Creating package script '/home/aarambh/my_robot_ws/install/bumperbot_firmware/share/bumperbot_firmware/package.zsh'
[131.562s] Level 1:colcon.colcon_core.environment:create_file_with_runtime_dependencies(/home/aarambh/my_robot_ws/install/bumperbot_firmware/share/colcon-core/packages/bumperbot_firmware)
[131.567s] Level 1:colcon.colcon_core.environment:create_environment_scripts_only(bumperbot_firmware)
[131.569s] Level 1:colcon.colcon_core.environment:checking '/home/aarambh/my_robot_ws/install/bumperbot_firmware' for CMake module files
[131.575s] Level 1:colcon.colcon_core.environment:checking '/home/aarambh/my_robot_ws/install/bumperbot_firmware' for CMake config files
[131.582s] Level 1:colcon.colcon_core.shell:create_environment_hook('bumperbot_firmware', 'cmake_prefix_path')
[131.583s] INFO:colcon.colcon_core.shell:Creating environment hook '/home/aarambh/my_robot_ws/install/bumperbot_firmware/share/bumperbot_firmware/hook/cmake_prefix_path.ps1'
[131.587s] INFO:colcon.colcon_core.shell:Creating environment descriptor '/home/aarambh/my_robot_ws/install/bumperbot_firmware/share/bumperbot_firmware/hook/cmake_prefix_path.dsv'
[131.590s] INFO:colcon.colcon_core.shell:Creating environment hook '/home/aarambh/my_robot_ws/install/bumperbot_firmware/share/bumperbot_firmware/hook/cmake_prefix_path.sh'
[131.596s] Level 1:colcon.colcon_core.environment:checking '/home/aarambh/my_robot_ws/install/bumperbot_firmware/lib'
[131.597s] Level 1:colcon.colcon_core.shell:create_environment_hook('bumperbot_firmware', 'ld_library_path_lib')
[131.598s] INFO:colcon.colcon_core.shell:Creating environment hook '/home/aarambh/my_robot_ws/install/bumperbot_firmware/share/bumperbot_firmware/hook/ld_library_path_lib.ps1'
[131.601s] INFO:colcon.colcon_core.shell:Creating environment descriptor '/home/aarambh/my_robot_ws/install/bumperbot_firmware/share/bumperbot_firmware/hook/ld_library_path_lib.dsv'
[131.605s] INFO:colcon.colcon_core.shell:Creating environment hook '/home/aarambh/my_robot_ws/install/bumperbot_firmware/share/bumperbot_firmware/hook/ld_library_path_lib.sh'
[131.611s] Level 1:colcon.colcon_core.environment:checking '/home/aarambh/my_robot_ws/install/bumperbot_firmware/bin'
[131.611s] Level 1:colcon.colcon_core.environment:checking '/home/aarambh/my_robot_ws/install/bumperbot_firmware/lib/pkgconfig/bumperbot_firmware.pc'
[131.613s] Level 1:colcon.colcon_core.environment:checking '/home/aarambh/my_robot_ws/install/bumperbot_firmware/lib/python3.10/site-packages'
[131.615s] Level 1:colcon.colcon_core.environment:checking '/home/aarambh/my_robot_ws/install/bumperbot_firmware/bin'
[131.617s] INFO:colcon.colcon_core.shell:Creating package script '/home/aarambh/my_robot_ws/install/bumperbot_firmware/share/bumperbot_firmware/package.ps1'
[131.622s] INFO:colcon.colcon_core.shell:Creating package descriptor '/home/aarambh/my_robot_ws/install/bumperbot_firmware/share/bumperbot_firmware/package.dsv'
[131.629s] INFO:colcon.colcon_core.shell:Creating package script '/home/aarambh/my_robot_ws/install/bumperbot_firmware/share/bumperbot_firmware/package.sh'
[131.635s] INFO:colcon.colcon_core.shell:Creating package script '/home/aarambh/my_robot_ws/install/bumperbot_firmware/share/bumperbot_firmware/package.bash'
[131.638s] INFO:colcon.colcon_core.shell:Creating package script '/home/aarambh/my_robot_ws/install/bumperbot_firmware/share/bumperbot_firmware/package.zsh'
[131.641s] Level 1:colcon.colcon_core.environment:create_file_with_runtime_dependencies(/home/aarambh/my_robot_ws/install/bumperbot_firmware/share/colcon-core/packages/bumperbot_firmware)
[131.649s] INFO:colcon.colcon_ros.task.ament_cmake.build:Building ROS package in '/home/aarambh/my_robot_ws/src/bumperbot_planning' with build type 'ament_cmake'
[131.651s] INFO:colcon.colcon_cmake.task.cmake.build:Building CMake package in '/home/aarambh/my_robot_ws/src/bumperbot_planning'
[131.652s] INFO:colcon.colcon_core.shell:Skip shell extension 'powershell' for command environment: Not usable outside of PowerShell
[131.653s] DEBUG:colcon.colcon_core.shell:Skip shell extension 'dsv' for command environment
[131.773s] DEBUG:colcon.colcon_core.event_handler.log_command:Invoking command in '/home/aarambh/my_robot_ws/build/bumperbot_planning': CMAKE_PREFIX_PATH=${CMAKE_PREFIX_PATH}:/home/aarambh/my_robot_ws/install/bumperbot_py_examples:/opt/ros/humble /usr/bin/cmake /home/aarambh/my_robot_ws/src/bumperbot_planning -DCMAKE_INSTALL_PREFIX=/home/aarambh/my_robot_ws/install/bumperbot_planning
[136.343s] DEBUG:colcon.colcon_core.event_handler.log_command:Invoked command in '/home/aarambh/my_robot_ws/build/bumperbot_mapping' returned '0': CMAKE_PREFIX_PATH=${CMAKE_PREFIX_PATH}:/home/aarambh/my_robot_ws/install/bumperbot_py_examples:/opt/ros/humble /usr/bin/cmake /home/aarambh/my_robot_ws/src/bumperbot_mapping -DCMAKE_INSTALL_PREFIX=/home/aarambh/my_robot_ws/install/bumperbot_mapping
[136.345s] DEBUG:colcon.colcon_core.event_handler.log_command:Invoking command in '/home/aarambh/my_robot_ws/build/bumperbot_mapping': CMAKE_PREFIX_PATH=${CMAKE_PREFIX_PATH}:/home/aarambh/my_robot_ws/install/bumperbot_py_examples:/opt/ros/humble /usr/bin/cmake --build /home/aarambh/my_robot_ws/build/bumperbot_mapping -- -j4 -l4
[157.100s] DEBUG:colcon.colcon_core.event_handler.log_command:Invoked command in '/home/aarambh/my_robot_ws/build/bumperbot_planning' returned '0': CMAKE_PREFIX_PATH=${CMAKE_PREFIX_PATH}:/home/aarambh/my_robot_ws/install/bumperbot_py_examples:/opt/ros/humble /usr/bin/cmake /home/aarambh/my_robot_ws/src/bumperbot_planning -DCMAKE_INSTALL_PREFIX=/home/aarambh/my_robot_ws/install/bumperbot_planning
[157.102s] DEBUG:colcon.colcon_core.event_handler.log_command:Invoking command in '/home/aarambh/my_robot_ws/build/bumperbot_planning': CMAKE_PREFIX_PATH=${CMAKE_PREFIX_PATH}:/home/aarambh/my_robot_ws/install/bumperbot_py_examples:/opt/ros/humble /usr/bin/cmake --build /home/aarambh/my_robot_ws/build/bumperbot_planning -- -j4 -l4
[161.370s] DEBUG:colcon.colcon_core.event_handler.log_command:Invoked command in '/home/aarambh/my_robot_ws/build/bumperbot_controller' returned '0': CMAKE_PREFIX_PATH=${CMAKE_PREFIX_PATH}:/home/aarambh/my_robot_ws/install/bumperbot_py_examples:/opt/ros/humble /usr/bin/cmake --build /home/aarambh/my_robot_ws/build/bumperbot_controller -- -j4 -l4
[161.380s] DEBUG:colcon.colcon_core.event_handler.log_command:Invoking command in '/home/aarambh/my_robot_ws/build/bumperbot_controller': CMAKE_PREFIX_PATH=${CMAKE_PREFIX_PATH}:/home/aarambh/my_robot_ws/install/bumperbot_py_examples:/opt/ros/humble /usr/bin/cmake --install /home/aarambh/my_robot_ws/build/bumperbot_controller
[161.965s] Level 1:colcon.colcon_core.environment:create_environment_scripts_only(bumperbot_controller)
[161.966s] Level 1:colcon.colcon_core.environment:checking '/home/aarambh/my_robot_ws/install/bumperbot_controller' for CMake module files
[161.972s] Level 1:colcon.colcon_core.environment:checking '/home/aarambh/my_robot_ws/install/bumperbot_controller' for CMake config files
[161.968s] DEBUG:colcon.colcon_core.event_handler.log_command:Invoked command in '/home/aarambh/my_robot_ws/build/bumperbot_controller' returned '0': CMAKE_PREFIX_PATH=${CMAKE_PREFIX_PATH}:/home/aarambh/my_robot_ws/install/bumperbot_py_examples:/opt/ros/humble /usr/bin/cmake --install /home/aarambh/my_robot_ws/build/bumperbot_controller
[161.976s] Level 1:colcon.colcon_core.shell:create_environment_hook('bumperbot_controller', 'cmake_prefix_path')
[161.978s] INFO:colcon.colcon_core.shell:Creating environment hook '/home/aarambh/my_robot_ws/install/bumperbot_controller/share/bumperbot_controller/hook/cmake_prefix_path.ps1'
[161.981s] INFO:colcon.colcon_core.shell:Creating environment descriptor '/home/aarambh/my_robot_ws/install/bumperbot_controller/share/bumperbot_controller/hook/cmake_prefix_path.dsv'
[161.984s] INFO:colcon.colcon_core.shell:Creating environment hook '/home/aarambh/my_robot_ws/install/bumperbot_controller/share/bumperbot_controller/hook/cmake_prefix_path.sh'
[161.988s] Level 1:colcon.colcon_core.environment:checking '/home/aarambh/my_robot_ws/install/bumperbot_controller/lib'
[161.988s] Level 1:colcon.colcon_core.environment:checking '/home/aarambh/my_robot_ws/install/bumperbot_controller/bin'
[161.989s] Level 1:colcon.colcon_core.environment:checking '/home/aarambh/my_robot_ws/install/bumperbot_controller/lib/pkgconfig/bumperbot_controller.pc'
[161.990s] Level 1:colcon.colcon_core.environment:checking '/home/aarambh/my_robot_ws/install/bumperbot_controller/lib/python3.10/site-packages'
[161.992s] Level 1:colcon.colcon_core.environment:checking '/home/aarambh/my_robot_ws/install/bumperbot_controller/bin'
[161.994s] INFO:colcon.colcon_core.shell:Creating package script '/home/aarambh/my_robot_ws/install/bumperbot_controller/share/bumperbot_controller/package.ps1'
[161.996s] INFO:colcon.colcon_core.shell:Creating package descriptor '/home/aarambh/my_robot_ws/install/bumperbot_controller/share/bumperbot_controller/package.dsv'
[161.999s] INFO:colcon.colcon_core.shell:Creating package script '/home/aarambh/my_robot_ws/install/bumperbot_controller/share/bumperbot_controller/package.sh'
[162.002s] INFO:colcon.colcon_core.shell:Creating package script '/home/aarambh/my_robot_ws/install/bumperbot_controller/share/bumperbot_controller/package.bash'
[162.004s] INFO:colcon.colcon_core.shell:Creating package script '/home/aarambh/my_robot_ws/install/bumperbot_controller/share/bumperbot_controller/package.zsh'
[162.007s] Level 1:colcon.colcon_core.environment:create_file_with_runtime_dependencies(/home/aarambh/my_robot_ws/install/bumperbot_controller/share/colcon-core/packages/bumperbot_controller)
[162.010s] Level 1:colcon.colcon_core.environment:create_environment_scripts_only(bumperbot_controller)
[162.011s] Level 1:colcon.colcon_core.environment:checking '/home/aarambh/my_robot_ws/install/bumperbot_controller' for CMake module files
[162.015s] Level 1:colcon.colcon_core.environment:checking '/home/aarambh/my_robot_ws/install/bumperbot_controller' for CMake config files
[162.019s] Level 1:colcon.colcon_core.shell:create_environment_hook('bumperbot_controller', 'cmake_prefix_path')
[162.021s] INFO:colcon.colcon_core.shell:Creating environment hook '/home/aarambh/my_robot_ws/install/bumperbot_controller/share/bumperbot_controller/hook/cmake_prefix_path.ps1'
[162.023s] INFO:colcon.colcon_core.shell:Creating environment descriptor '/home/aarambh/my_robot_ws/install/bumperbot_controller/share/bumperbot_controller/hook/cmake_prefix_path.dsv'
[162.026s] INFO:colcon.colcon_core.shell:Creating environment hook '/home/aarambh/my_robot_ws/install/bumperbot_controller/share/bumperbot_controller/hook/cmake_prefix_path.sh'
[162.030s] Level 1:colcon.colcon_core.environment:checking '/home/aarambh/my_robot_ws/install/bumperbot_controller/lib'
[162.031s] Level 1:colcon.colcon_core.environment:checking '/home/aarambh/my_robot_ws/install/bumperbot_controller/bin'
[162.031s] Level 1:colcon.colcon_core.environment:checking '/home/aarambh/my_robot_ws/install/bumperbot_controller/lib/pkgconfig/bumperbot_controller.pc'
[162.033s] Level 1:colcon.colcon_core.environment:checking '/home/aarambh/my_robot_ws/install/bumperbot_controller/lib/python3.10/site-packages'
[162.034s] Level 1:colcon.colcon_core.environment:checking '/home/aarambh/my_robot_ws/install/bumperbot_controller/bin'
[162.036s] INFO:colcon.colcon_core.shell:Creating package script '/home/aarambh/my_robot_ws/install/bumperbot_controller/share/bumperbot_controller/package.ps1'
[162.039s] INFO:colcon.colcon_core.shell:Creating package descriptor '/home/aarambh/my_robot_ws/install/bumperbot_controller/share/bumperbot_controller/package.dsv'
[162.043s] INFO:colcon.colcon_core.shell:Creating package script '/home/aarambh/my_robot_ws/install/bumperbot_controller/share/bumperbot_controller/package.sh'
[162.046s] INFO:colcon.colcon_core.shell:Creating package script '/home/aarambh/my_robot_ws/install/bumperbot_controller/share/bumperbot_controller/package.bash'
[162.048s] INFO:colcon.colcon_core.shell:Creating package script '/home/aarambh/my_robot_ws/install/bumperbot_controller/share/bumperbot_controller/package.zsh'
[162.054s] Level 1:colcon.colcon_core.environment:create_file_with_runtime_dependencies(/home/aarambh/my_robot_ws/install/bumperbot_controller/share/colcon-core/packages/bumperbot_controller)
[162.059s] INFO:colcon.colcon_ros.task.ament_cmake.build:Building ROS package in '/home/aarambh/my_robot_ws/src/bumperbot_motion' with build type 'ament_cmake'
[162.060s] INFO:colcon.colcon_cmake.task.cmake.build:Building CMake package in '/home/aarambh/my_robot_ws/src/bumperbot_motion'
[162.062s] INFO:colcon.colcon_core.shell:Skip shell extension 'powershell' for command environment: Not usable outside of PowerShell
[162.062s] DEBUG:colcon.colcon_core.shell:Skip shell extension 'dsv' for command environment
[162.115s] DEBUG:colcon.colcon_core.event_handler.log_command:Invoking command in '/home/aarambh/my_robot_ws/build/bumperbot_motion': CMAKE_PREFIX_PATH=${CMAKE_PREFIX_PATH}:/home/aarambh/my_robot_ws/install/bumperbot_py_examples:/opt/ros/humble /usr/bin/cmake /home/aarambh/my_robot_ws/src/bumperbot_motion -DCMAKE_INSTALL_PREFIX=/home/aarambh/my_robot_ws/install/bumperbot_motion
[179.037s] DEBUG:colcon.colcon_core.event_handler.log_command:Invoked command in '/home/aarambh/my_robot_ws/build/bumperbot_motion' returned '0': CMAKE_PREFIX_PATH=${CMAKE_PREFIX_PATH}:/home/aarambh/my_robot_ws/install/bumperbot_py_examples:/opt/ros/humble /usr/bin/cmake /home/aarambh/my_robot_ws/src/bumperbot_motion -DCMAKE_INSTALL_PREFIX=/home/aarambh/my_robot_ws/install/bumperbot_motion
[179.040s] DEBUG:colcon.colcon_core.event_handler.log_command:Invoking command in '/home/aarambh/my_robot_ws/build/bumperbot_motion': CMAKE_PREFIX_PATH=${CMAKE_PREFIX_PATH}:/home/aarambh/my_robot_ws/install/bumperbot_py_examples:/opt/ros/humble /usr/bin/cmake --build /home/aarambh/my_robot_ws/build/bumperbot_motion -- -j4 -l4
[205.492s] DEBUG:colcon.colcon_core.event_handler.log_command:Invoked command in '/home/aarambh/my_robot_ws/build/bumperbot_mapping' returned '0': CMAKE_PREFIX_PATH=${CMAKE_PREFIX_PATH}:/home/aarambh/my_robot_ws/install/bumperbot_py_examples:/opt/ros/humble /usr/bin/cmake --build /home/aarambh/my_robot_ws/build/bumperbot_mapping -- -j4 -l4
[205.494s] DEBUG:colcon.colcon_core.event_handler.log_command:Invoking command in '/home/aarambh/my_robot_ws/build/bumperbot_mapping': CMAKE_PREFIX_PATH=${CMAKE_PREFIX_PATH}:/home/aarambh/my_robot_ws/install/bumperbot_py_examples:/opt/ros/humble /usr/bin/cmake --install /home/aarambh/my_robot_ws/build/bumperbot_mapping
[205.973s] Level 1:colcon.colcon_core.environment:create_environment_scripts_only(bumperbot_mapping)
[205.974s] Level 1:colcon.colcon_core.environment:checking '/home/aarambh/my_robot_ws/install/bumperbot_mapping' for CMake module files
[205.978s] Level 1:colcon.colcon_core.environment:checking '/home/aarambh/my_robot_ws/install/bumperbot_mapping' for CMake config files
[205.984s] DEBUG:colcon.colcon_core.event_handler.log_command:Invoked command in '/home/aarambh/my_robot_ws/build/bumperbot_mapping' returned '0': CMAKE_PREFIX_PATH=${CMAKE_PREFIX_PATH}:/home/aarambh/my_robot_ws/install/bumperbot_py_examples:/opt/ros/humble /usr/bin/cmake --install /home/aarambh/my_robot_ws/build/bumperbot_mapping
[205.986s] Level 1:colcon.colcon_core.shell:create_environment_hook('bumperbot_mapping', 'cmake_prefix_path')
[205.988s] INFO:colcon.colcon_core.shell:Creating environment hook '/home/aarambh/my_robot_ws/install/bumperbot_mapping/share/bumperbot_mapping/hook/cmake_prefix_path.ps1'
[205.991s] INFO:colcon.colcon_core.shell:Creating environment descriptor '/home/aarambh/my_robot_ws/install/bumperbot_mapping/share/bumperbot_mapping/hook/cmake_prefix_path.dsv'
[205.993s] INFO:colcon.colcon_core.shell:Creating environment hook '/home/aarambh/my_robot_ws/install/bumperbot_mapping/share/bumperbot_mapping/hook/cmake_prefix_path.sh'
[205.998s] Level 1:colcon.colcon_core.environment:checking '/home/aarambh/my_robot_ws/install/bumperbot_mapping/lib'
[205.998s] Level 1:colcon.colcon_core.environment:checking '/home/aarambh/my_robot_ws/install/bumperbot_mapping/bin'
[205.999s] Level 1:colcon.colcon_core.environment:checking '/home/aarambh/my_robot_ws/install/bumperbot_mapping/lib/pkgconfig/bumperbot_mapping.pc'
[206.000s] Level 1:colcon.colcon_core.environment:checking '/home/aarambh/my_robot_ws/install/bumperbot_mapping/lib/python3.10/site-packages'
[206.003s] Level 1:colcon.colcon_core.environment:checking '/home/aarambh/my_robot_ws/install/bumperbot_mapping/bin'
[206.005s] INFO:colcon.colcon_core.shell:Creating package script '/home/aarambh/my_robot_ws/install/bumperbot_mapping/share/bumperbot_mapping/package.ps1'
[206.008s] INFO:colcon.colcon_core.shell:Creating package descriptor '/home/aarambh/my_robot_ws/install/bumperbot_mapping/share/bumperbot_mapping/package.dsv'
[206.011s] INFO:colcon.colcon_core.shell:Creating package script '/home/aarambh/my_robot_ws/install/bumperbot_mapping/share/bumperbot_mapping/package.sh'
[206.014s] INFO:colcon.colcon_core.shell:Creating package script '/home/aarambh/my_robot_ws/install/bumperbot_mapping/share/bumperbot_mapping/package.bash'
[206.016s] INFO:colcon.colcon_core.shell:Creating package script '/home/aarambh/my_robot_ws/install/bumperbot_mapping/share/bumperbot_mapping/package.zsh'
[206.019s] Level 1:colcon.colcon_core.environment:create_file_with_runtime_dependencies(/home/aarambh/my_robot_ws/install/bumperbot_mapping/share/colcon-core/packages/bumperbot_mapping)
[206.023s] Level 1:colcon.colcon_core.environment:create_environment_scripts_only(bumperbot_mapping)
[206.025s] Level 1:colcon.colcon_core.environment:checking '/home/aarambh/my_robot_ws/install/bumperbot_mapping' for CMake module files
[206.029s] Level 1:colcon.colcon_core.environment:checking '/home/aarambh/my_robot_ws/install/bumperbot_mapping' for CMake config files
[206.035s] Level 1:colcon.colcon_core.shell:create_environment_hook('bumperbot_mapping', 'cmake_prefix_path')
[206.037s] INFO:colcon.colcon_core.shell:Creating environment hook '/home/aarambh/my_robot_ws/install/bumperbot_mapping/share/bumperbot_mapping/hook/cmake_prefix_path.ps1'
[206.040s] INFO:colcon.colcon_core.shell:Creating environment descriptor '/home/aarambh/my_robot_ws/install/bumperbot_mapping/share/bumperbot_mapping/hook/cmake_prefix_path.dsv'
[206.043s] INFO:colcon.colcon_core.shell:Creating environment hook '/home/aarambh/my_robot_ws/install/bumperbot_mapping/share/bumperbot_mapping/hook/cmake_prefix_path.sh'
[206.047s] Level 1:colcon.colcon_core.environment:checking '/home/aarambh/my_robot_ws/install/bumperbot_mapping/lib'
[206.048s] Level 1:colcon.colcon_core.environment:checking '/home/aarambh/my_robot_ws/install/bumperbot_mapping/bin'
[206.048s] Level 1:colcon.colcon_core.environment:checking '/home/aarambh/my_robot_ws/install/bumperbot_mapping/lib/pkgconfig/bumperbot_mapping.pc'
[206.049s] Level 1:colcon.colcon_core.environment:checking '/home/aarambh/my_robot_ws/install/bumperbot_mapping/lib/python3.10/site-packages'
[206.052s] Level 1:colcon.colcon_core.environment:checking '/home/aarambh/my_robot_ws/install/bumperbot_mapping/bin'
[206.053s] INFO:colcon.colcon_core.shell:Creating package script '/home/aarambh/my_robot_ws/install/bumperbot_mapping/share/bumperbot_mapping/package.ps1'
[206.057s] INFO:colcon.colcon_core.shell:Creating package descriptor '/home/aarambh/my_robot_ws/install/bumperbot_mapping/share/bumperbot_mapping/package.dsv'
[206.061s] INFO:colcon.colcon_core.shell:Creating package script '/home/aarambh/my_robot_ws/install/bumperbot_mapping/share/bumperbot_mapping/package.sh'
[206.064s] INFO:colcon.colcon_core.shell:Creating package script '/home/aarambh/my_robot_ws/install/bumperbot_mapping/share/bumperbot_mapping/package.bash'
[206.067s] INFO:colcon.colcon_core.shell:Creating package script '/home/aarambh/my_robot_ws/install/bumperbot_mapping/share/bumperbot_mapping/package.zsh'
[206.070s] Level 1:colcon.colcon_core.environment:create_file_with_runtime_dependencies(/home/aarambh/my_robot_ws/install/bumperbot_mapping/share/colcon-core/packages/bumperbot_mapping)
[206.075s] INFO:colcon.colcon_ros.task.ament_cmake.build:Building ROS package in '/home/aarambh/my_robot_ws/src/bumperbot_utils' with build type 'ament_cmake'
[206.077s] INFO:colcon.colcon_cmake.task.cmake.build:Building CMake package in '/home/aarambh/my_robot_ws/src/bumperbot_utils'
[206.078s] INFO:colcon.colcon_core.shell:Skip shell extension 'powershell' for command environment: Not usable outside of PowerShell
[206.079s] DEBUG:colcon.colcon_core.shell:Skip shell extension 'dsv' for command environment
[206.129s] DEBUG:colcon.colcon_core.event_handler.log_command:Invoking command in '/home/aarambh/my_robot_ws/build/bumperbot_utils': CMAKE_PREFIX_PATH=${CMAKE_PREFIX_PATH}:/home/aarambh/my_robot_ws/install/bumperbot_py_examples:/opt/ros/humble /usr/bin/cmake /home/aarambh/my_robot_ws/src/bumperbot_utils -DCMAKE_INSTALL_PREFIX=/home/aarambh/my_robot_ws/install/bumperbot_utils
[218.444s] DEBUG:colcon.colcon_core.event_handler.log_command:Invoked command in '/home/aarambh/my_robot_ws/build/bumperbot_utils' returned '0': CMAKE_PREFIX_PATH=${CMAKE_PREFIX_PATH}:/home/aarambh/my_robot_ws/install/bumperbot_py_examples:/opt/ros/humble /usr/bin/cmake /home/aarambh/my_robot_ws/src/bumperbot_utils -DCMAKE_INSTALL_PREFIX=/home/aarambh/my_robot_ws/install/bumperbot_utils
[218.446s] DEBUG:colcon.colcon_core.event_handler.log_command:Invoking command in '/home/aarambh/my_robot_ws/build/bumperbot_utils': CMAKE_PREFIX_PATH=${CMAKE_PREFIX_PATH}:/home/aarambh/my_robot_ws/install/bumperbot_py_examples:/opt/ros/humble /usr/bin/cmake --build /home/aarambh/my_robot_ws/build/bumperbot_utils -- -j4 -l4
[248.855s] DEBUG:colcon.colcon_core.event_handler.log_command:Invoked command in '/home/aarambh/my_robot_ws/build/bumperbot_planning' returned '0': CMAKE_PREFIX_PATH=${CMAKE_PREFIX_PATH}:/home/aarambh/my_robot_ws/install/bumperbot_py_examples:/opt/ros/humble /usr/bin/cmake --build /home/aarambh/my_robot_ws/build/bumperbot_planning -- -j4 -l4
[248.868s] DEBUG:colcon.colcon_core.event_handler.log_command:Invoking command in '/home/aarambh/my_robot_ws/build/bumperbot_planning': CMAKE_PREFIX_PATH=${CMAKE_PREFIX_PATH}:/home/aarambh/my_robot_ws/install/bumperbot_py_examples:/opt/ros/humble /usr/bin/cmake --install /home/aarambh/my_robot_ws/build/bumperbot_planning
[249.423s] Level 1:colcon.colcon_core.environment:create_environment_scripts_only(bumperbot_planning)
[249.425s] Level 1:colcon.colcon_core.environment:checking '/home/aarambh/my_robot_ws/install/bumperbot_planning' for CMake module files
[249.429s] Level 1:colcon.colcon_core.environment:checking '/home/aarambh/my_robot_ws/install/bumperbot_planning' for CMake config files
[249.432s] DEBUG:colcon.colcon_core.event_handler.log_command:Invoked command in '/home/aarambh/my_robot_ws/build/bumperbot_planning' returned '0': CMAKE_PREFIX_PATH=${CMAKE_PREFIX_PATH}:/home/aarambh/my_robot_ws/install/bumperbot_py_examples:/opt/ros/humble /usr/bin/cmake --install /home/aarambh/my_robot_ws/build/bumperbot_planning
[249.437s] Level 1:colcon.colcon_core.shell:create_environment_hook('bumperbot_planning', 'cmake_prefix_path')
[249.439s] INFO:colcon.colcon_core.shell:Creating environment hook '/home/aarambh/my_robot_ws/install/bumperbot_planning/share/bumperbot_planning/hook/cmake_prefix_path.ps1'
[249.442s] INFO:colcon.colcon_core.shell:Creating environment descriptor '/home/aarambh/my_robot_ws/install/bumperbot_planning/share/bumperbot_planning/hook/cmake_prefix_path.dsv'
[249.446s] INFO:colcon.colcon_core.shell:Creating environment hook '/home/aarambh/my_robot_ws/install/bumperbot_planning/share/bumperbot_planning/hook/cmake_prefix_path.sh'
[249.450s] Level 1:colcon.colcon_core.environment:checking '/home/aarambh/my_robot_ws/install/bumperbot_planning/lib'
[249.451s] Level 1:colcon.colcon_core.shell:create_environment_hook('bumperbot_planning', 'ld_library_path_lib')
[249.453s] INFO:colcon.colcon_core.shell:Creating environment hook '/home/aarambh/my_robot_ws/install/bumperbot_planning/share/bumperbot_planning/hook/ld_library_path_lib.ps1'
[249.456s] INFO:colcon.colcon_core.shell:Creating environment descriptor '/home/aarambh/my_robot_ws/install/bumperbot_planning/share/bumperbot_planning/hook/ld_library_path_lib.dsv'
[249.459s] INFO:colcon.colcon_core.shell:Creating environment hook '/home/aarambh/my_robot_ws/install/bumperbot_planning/share/bumperbot_planning/hook/ld_library_path_lib.sh'
[249.463s] Level 1:colcon.colcon_core.environment:checking '/home/aarambh/my_robot_ws/install/bumperbot_planning/bin'
[249.464s] Level 1:colcon.colcon_core.environment:checking '/home/aarambh/my_robot_ws/install/bumperbot_planning/lib/pkgconfig/bumperbot_planning.pc'
[249.465s] Level 1:colcon.colcon_core.environment:checking '/home/aarambh/my_robot_ws/install/bumperbot_planning/lib/python3.10/site-packages'
[249.468s] Level 1:colcon.colcon_core.environment:checking '/home/aarambh/my_robot_ws/install/bumperbot_planning/bin'
[249.470s] INFO:colcon.colcon_core.shell:Creating package script '/home/aarambh/my_robot_ws/install/bumperbot_planning/share/bumperbot_planning/package.ps1'
[249.474s] INFO:colcon.colcon_core.shell:Creating package descriptor '/home/aarambh/my_robot_ws/install/bumperbot_planning/share/bumperbot_planning/package.dsv'
[249.478s] INFO:colcon.colcon_core.shell:Creating package script '/home/aarambh/my_robot_ws/install/bumperbot_planning/share/bumperbot_planning/package.sh'
[249.482s] INFO:colcon.colcon_core.shell:Creating package script '/home/aarambh/my_robot_ws/install/bumperbot_planning/share/bumperbot_planning/package.bash'
[249.485s] INFO:colcon.colcon_core.shell:Creating package script '/home/aarambh/my_robot_ws/install/bumperbot_planning/share/bumperbot_planning/package.zsh'
[249.488s] Level 1:colcon.colcon_core.environment:create_file_with_runtime_dependencies(/home/aarambh/my_robot_ws/install/bumperbot_planning/share/colcon-core/packages/bumperbot_planning)
[249.495s] Level 1:colcon.colcon_core.environment:create_environment_scripts_only(bumperbot_planning)
[249.497s] Level 1:colcon.colcon_core.environment:checking '/home/aarambh/my_robot_ws/install/bumperbot_planning' for CMake module files
[249.501s] Level 1:colcon.colcon_core.environment:checking '/home/aarambh/my_robot_ws/install/bumperbot_planning' for CMake config files
[249.507s] Level 1:colcon.colcon_core.shell:create_environment_hook('bumperbot_planning', 'cmake_prefix_path')
[249.509s] INFO:colcon.colcon_core.shell:Creating environment hook '/home/aarambh/my_robot_ws/install/bumperbot_planning/share/bumperbot_planning/hook/cmake_prefix_path.ps1'
[249.513s] INFO:colcon.colcon_core.shell:Creating environment descriptor '/home/aarambh/my_robot_ws/install/bumperbot_planning/share/bumperbot_planning/hook/cmake_prefix_path.dsv'
[249.516s] INFO:colcon.colcon_core.shell:Creating environment hook '/home/aarambh/my_robot_ws/install/bumperbot_planning/share/bumperbot_planning/hook/cmake_prefix_path.sh'
[249.522s] Level 1:colcon.colcon_core.environment:checking '/home/aarambh/my_robot_ws/install/bumperbot_planning/lib'
[249.523s] Level 1:colcon.colcon_core.shell:create_environment_hook('bumperbot_planning', 'ld_library_path_lib')
[249.524s] INFO:colcon.colcon_core.shell:Creating environment hook '/home/aarambh/my_robot_ws/install/bumperbot_planning/share/bumperbot_planning/hook/ld_library_path_lib.ps1'
[249.528s] INFO:colcon.colcon_core.shell:Creating environment descriptor '/home/aarambh/my_robot_ws/install/bumperbot_planning/share/bumperbot_planning/hook/ld_library_path_lib.dsv'
[249.532s] INFO:colcon.colcon_core.shell:Creating environment hook '/home/aarambh/my_robot_ws/install/bumperbot_planning/share/bumperbot_planning/hook/ld_library_path_lib.sh'
[249.536s] Level 1:colcon.colcon_core.environment:checking '/home/aarambh/my_robot_ws/install/bumperbot_planning/bin'
[249.537s] Level 1:colcon.colcon_core.environment:checking '/home/aarambh/my_robot_ws/install/bumperbot_planning/lib/pkgconfig/bumperbot_planning.pc'
[249.538s] Level 1:colcon.colcon_core.environment:checking '/home/aarambh/my_robot_ws/install/bumperbot_planning/lib/python3.10/site-packages'
[249.541s] Level 1:colcon.colcon_core.environment:checking '/home/aarambh/my_robot_ws/install/bumperbot_planning/bin'
[249.543s] INFO:colcon.colcon_core.shell:Creating package script '/home/aarambh/my_robot_ws/install/bumperbot_planning/share/bumperbot_planning/package.ps1'
[249.548s] INFO:colcon.colcon_core.shell:Creating package descriptor '/home/aarambh/my_robot_ws/install/bumperbot_planning/share/bumperbot_planning/package.dsv'
[249.552s] INFO:colcon.colcon_core.shell:Creating package script '/home/aarambh/my_robot_ws/install/bumperbot_planning/share/bumperbot_planning/package.sh'
[249.557s] INFO:colcon.colcon_core.shell:Creating package script '/home/aarambh/my_robot_ws/install/bumperbot_planning/share/bumperbot_planning/package.bash'
[249.561s] INFO:colcon.colcon_core.shell:Creating package script '/home/aarambh/my_robot_ws/install/bumperbot_planning/share/bumperbot_planning/package.zsh'
[249.567s] Level 1:colcon.colcon_core.environment:create_file_with_runtime_dependencies(/home/aarambh/my_robot_ws/install/bumperbot_planning/share/colcon-core/packages/bumperbot_planning)
[249.577s] INFO:colcon.colcon_ros.task.ament_cmake.build:Building ROS package in '/home/aarambh/my_robot_ws/src/bumperbot_cpp_examples' with build type 'ament_cmake'
[249.580s] INFO:colcon.colcon_cmake.task.cmake.build:Building CMake package in '/home/aarambh/my_robot_ws/src/bumperbot_cpp_examples'
[249.582s] INFO:colcon.colcon_core.shell:Skip shell extension 'powershell' for command environment: Not usable outside of PowerShell
[249.583s] DEBUG:colcon.colcon_core.shell:Skip shell extension 'dsv' for command environment
[249.668s] DEBUG:colcon.colcon_core.event_handler.log_command:Invoking command in '/home/aarambh/my_robot_ws/build/bumperbot_cpp_examples': CMAKE_PREFIX_PATH=/home/aarambh/my_robot_ws/install/bumperbot_msgs:/home/aarambh/my_robot_ws/install/bumperbot_utils:/home/aarambh/my_robot_ws/install/bumperbot_navigation:/home/aarambh/my_robot_ws/install/bumperbot_planning:/home/aarambh/my_robot_ws/install/bumperbot_cpp_examples:/home/aarambh/my_robot_ws/install/bumperbot_motion:/home/aarambh/my_robot_ws/install/bumperbot_bringup:/home/aarambh/my_robot_ws/install/bumperbot_mapping:/home/aarambh/my_robot_ws/install/bumperbot_localization:/home/aarambh/my_robot_ws/install/bumperbot_firmware:/home/aarambh/my_robot_ws/install/bumperbot_description:/home/aarambh/my_robot_ws/install/bumperbot_controller:/home/aarambh/my_robot_ws/install/bumperbot_py_examples:/opt/ros/humble LD_LIBRARY_PATH=/home/aarambh/my_robot_ws/install/bumperbot_msgs/lib:/home/aarambh/my_robot_ws/install/bumperbot_planning/lib:/home/aarambh/my_robot_ws/install/bumperbot_cpp_examples/lib:/home/aarambh/my_robot_ws/install/bumperbot_motion/lib:/home/aarambh/my_robot_ws/install/bumperbot_firmware/lib:/opt/ros/humble/opt/rviz_ogre_vendor/lib:/opt/ros/humble/lib/aarch64-linux-gnu:/opt/ros/humble/lib /usr/bin/cmake /home/aarambh/my_robot_ws/src/bumperbot_cpp_examples -DCMAKE_INSTALL_PREFIX=/home/aarambh/my_robot_ws/install/bumperbot_cpp_examples
[262.640s] DEBUG:colcon.colcon_core.event_handler.log_command:Invoked command in '/home/aarambh/my_robot_ws/build/bumperbot_cpp_examples' returned '0': CMAKE_PREFIX_PATH=/home/aarambh/my_robot_ws/install/bumperbot_msgs:/home/aarambh/my_robot_ws/install/bumperbot_utils:/home/aarambh/my_robot_ws/install/bumperbot_navigation:/home/aarambh/my_robot_ws/install/bumperbot_planning:/home/aarambh/my_robot_ws/install/bumperbot_cpp_examples:/home/aarambh/my_robot_ws/install/bumperbot_motion:/home/aarambh/my_robot_ws/install/bumperbot_bringup:/home/aarambh/my_robot_ws/install/bumperbot_mapping:/home/aarambh/my_robot_ws/install/bumperbot_localization:/home/aarambh/my_robot_ws/install/bumperbot_firmware:/home/aarambh/my_robot_ws/install/bumperbot_description:/home/aarambh/my_robot_ws/install/bumperbot_controller:/home/aarambh/my_robot_ws/install/bumperbot_py_examples:/opt/ros/humble LD_LIBRARY_PATH=/home/aarambh/my_robot_ws/install/bumperbot_msgs/lib:/home/aarambh/my_robot_ws/install/bumperbot_planning/lib:/home/aarambh/my_robot_ws/install/bumperbot_cpp_examples/lib:/home/aarambh/my_robot_ws/install/bumperbot_motion/lib:/home/aarambh/my_robot_ws/install/bumperbot_firmware/lib:/opt/ros/humble/opt/rviz_ogre_vendor/lib:/opt/ros/humble/lib/aarch64-linux-gnu:/opt/ros/humble/lib /usr/bin/cmake /home/aarambh/my_robot_ws/src/bumperbot_cpp_examples -DCMAKE_INSTALL_PREFIX=/home/aarambh/my_robot_ws/install/bumperbot_cpp_examples
[262.642s] DEBUG:colcon.colcon_core.event_handler.log_command:Invoking command in '/home/aarambh/my_robot_ws/build/bumperbot_cpp_examples': CMAKE_PREFIX_PATH=/home/aarambh/my_robot_ws/install/bumperbot_msgs:/home/aarambh/my_robot_ws/install/bumperbot_utils:/home/aarambh/my_robot_ws/install/bumperbot_navigation:/home/aarambh/my_robot_ws/install/bumperbot_planning:/home/aarambh/my_robot_ws/install/bumperbot_cpp_examples:/home/aarambh/my_robot_ws/install/bumperbot_motion:/home/aarambh/my_robot_ws/install/bumperbot_bringup:/home/aarambh/my_robot_ws/install/bumperbot_mapping:/home/aarambh/my_robot_ws/install/bumperbot_localization:/home/aarambh/my_robot_ws/install/bumperbot_firmware:/home/aarambh/my_robot_ws/install/bumperbot_description:/home/aarambh/my_robot_ws/install/bumperbot_controller:/home/aarambh/my_robot_ws/install/bumperbot_py_examples:/opt/ros/humble LD_LIBRARY_PATH=/home/aarambh/my_robot_ws/install/bumperbot_msgs/lib:/home/aarambh/my_robot_ws/install/bumperbot_planning/lib:/home/aarambh/my_robot_ws/install/bumperbot_cpp_examples/lib:/home/aarambh/my_robot_ws/install/bumperbot_motion/lib:/home/aarambh/my_robot_ws/install/bumperbot_firmware/lib:/opt/ros/humble/opt/rviz_ogre_vendor/lib:/opt/ros/humble/lib/aarch64-linux-gnu:/opt/ros/humble/lib /usr/bin/cmake --build /home/aarambh/my_robot_ws/build/bumperbot_cpp_examples -- -j4 -l4
[276.157s] DEBUG:colcon.colcon_core.event_handler.log_command:Invoked command in '/home/aarambh/my_robot_ws/build/bumperbot_motion' returned '0': CMAKE_PREFIX_PATH=${CMAKE_PREFIX_PATH}:/home/aarambh/my_robot_ws/install/bumperbot_py_examples:/opt/ros/humble /usr/bin/cmake --build /home/aarambh/my_robot_ws/build/bumperbot_motion -- -j4 -l4
[276.160s] DEBUG:colcon.colcon_core.event_handler.log_command:Invoking command in '/home/aarambh/my_robot_ws/build/bumperbot_motion': CMAKE_PREFIX_PATH=${CMAKE_PREFIX_PATH}:/home/aarambh/my_robot_ws/install/bumperbot_py_examples:/opt/ros/humble /usr/bin/cmake --install /home/aarambh/my_robot_ws/build/bumperbot_motion
[276.829s] Level 1:colcon.colcon_core.environment:create_environment_scripts_only(bumperbot_motion)
[276.832s] Level 1:colcon.colcon_core.environment:checking '/home/aarambh/my_robot_ws/install/bumperbot_motion' for CMake module files
[276.838s] Level 1:colcon.colcon_core.environment:checking '/home/aarambh/my_robot_ws/install/bumperbot_motion' for CMake config files
[276.840s] DEBUG:colcon.colcon_core.event_handler.log_command:Invoked command in '/home/aarambh/my_robot_ws/build/bumperbot_motion' returned '0': CMAKE_PREFIX_PATH=${CMAKE_PREFIX_PATH}:/home/aarambh/my_robot_ws/install/bumperbot_py_examples:/opt/ros/humble /usr/bin/cmake --install /home/aarambh/my_robot_ws/build/bumperbot_motion
[276.849s] Level 1:colcon.colcon_core.shell:create_environment_hook('bumperbot_motion', 'cmake_prefix_path')
[276.852s] INFO:colcon.colcon_core.shell:Creating environment hook '/home/aarambh/my_robot_ws/install/bumperbot_motion/share/bumperbot_motion/hook/cmake_prefix_path.ps1'
[276.857s] INFO:colcon.colcon_core.shell:Creating environment descriptor '/home/aarambh/my_robot_ws/install/bumperbot_motion/share/bumperbot_motion/hook/cmake_prefix_path.dsv'
[276.862s] INFO:colcon.colcon_core.shell:Creating environment hook '/home/aarambh/my_robot_ws/install/bumperbot_motion/share/bumperbot_motion/hook/cmake_prefix_path.sh'
[276.873s] Level 1:colcon.colcon_core.environment:checking '/home/aarambh/my_robot_ws/install/bumperbot_motion/lib'
[276.874s] Level 1:colcon.colcon_core.shell:create_environment_hook('bumperbot_motion', 'ld_library_path_lib')
[276.876s] INFO:colcon.colcon_core.shell:Creating environment hook '/home/aarambh/my_robot_ws/install/bumperbot_motion/share/bumperbot_motion/hook/ld_library_path_lib.ps1'
[276.881s] INFO:colcon.colcon_core.shell:Creating environment descriptor '/home/aarambh/my_robot_ws/install/bumperbot_motion/share/bumperbot_motion/hook/ld_library_path_lib.dsv'
[276.885s] INFO:colcon.colcon_core.shell:Creating environment hook '/home/aarambh/my_robot_ws/install/bumperbot_motion/share/bumperbot_motion/hook/ld_library_path_lib.sh'
[276.891s] Level 1:colcon.colcon_core.environment:checking '/home/aarambh/my_robot_ws/install/bumperbot_motion/bin'
[276.892s] Level 1:colcon.colcon_core.environment:checking '/home/aarambh/my_robot_ws/install/bumperbot_motion/lib/pkgconfig/bumperbot_motion.pc'
[276.894s] Level 1:colcon.colcon_core.environment:checking '/home/aarambh/my_robot_ws/install/bumperbot_motion/lib/python3.10/site-packages'
[276.897s] Level 1:colcon.colcon_core.environment:checking '/home/aarambh/my_robot_ws/install/bumperbot_motion/bin'
[276.900s] INFO:colcon.colcon_core.shell:Creating package script '/home/aarambh/my_robot_ws/install/bumperbot_motion/share/bumperbot_motion/package.ps1'
[276.906s] INFO:colcon.colcon_core.shell:Creating package descriptor '/home/aarambh/my_robot_ws/install/bumperbot_motion/share/bumperbot_motion/package.dsv'
[276.912s] INFO:colcon.colcon_core.shell:Creating package script '/home/aarambh/my_robot_ws/install/bumperbot_motion/share/bumperbot_motion/package.sh'
[276.918s] INFO:colcon.colcon_core.shell:Creating package script '/home/aarambh/my_robot_ws/install/bumperbot_motion/share/bumperbot_motion/package.bash'
[276.923s] INFO:colcon.colcon_core.shell:Creating package script '/home/aarambh/my_robot_ws/install/bumperbot_motion/share/bumperbot_motion/package.zsh'
[276.926s] Level 1:colcon.colcon_core.environment:create_file_with_runtime_dependencies(/home/aarambh/my_robot_ws/install/bumperbot_motion/share/colcon-core/packages/bumperbot_motion)
[276.934s] Level 1:colcon.colcon_core.environment:create_environment_scripts_only(bumperbot_motion)
[276.936s] Level 1:colcon.colcon_core.environment:checking '/home/aarambh/my_robot_ws/install/bumperbot_motion' for CMake module files
[276.942s] Level 1:colcon.colcon_core.environment:checking '/home/aarambh/my_robot_ws/install/bumperbot_motion' for CMake config files
[276.950s] Level 1:colcon.colcon_core.shell:create_environment_hook('bumperbot_motion', 'cmake_prefix_path')
[276.953s] INFO:colcon.colcon_core.shell:Creating environment hook '/home/aarambh/my_robot_ws/install/bumperbot_motion/share/bumperbot_motion/hook/cmake_prefix_path.ps1'
[276.959s] INFO:colcon.colcon_core.shell:Creating environment descriptor '/home/aarambh/my_robot_ws/install/bumperbot_motion/share/bumperbot_motion/hook/cmake_prefix_path.dsv'
[276.963s] INFO:colcon.colcon_core.shell:Creating environment hook '/home/aarambh/my_robot_ws/install/bumperbot_motion/share/bumperbot_motion/hook/cmake_prefix_path.sh'
[276.970s] Level 1:colcon.colcon_core.environment:checking '/home/aarambh/my_robot_ws/install/bumperbot_motion/lib'
[276.973s] Level 1:colcon.colcon_core.shell:create_environment_hook('bumperbot_motion', 'ld_library_path_lib')
[276.976s] INFO:colcon.colcon_core.shell:Creating environment hook '/home/aarambh/my_robot_ws/install/bumperbot_motion/share/bumperbot_motion/hook/ld_library_path_lib.ps1'
[276.981s] INFO:colcon.colcon_core.shell:Creating environment descriptor '/home/aarambh/my_robot_ws/install/bumperbot_motion/share/bumperbot_motion/hook/ld_library_path_lib.dsv'
[276.986s] INFO:colcon.colcon_core.shell:Creating environment hook '/home/aarambh/my_robot_ws/install/bumperbot_motion/share/bumperbot_motion/hook/ld_library_path_lib.sh'
[276.993s] Level 1:colcon.colcon_core.environment:checking '/home/aarambh/my_robot_ws/install/bumperbot_motion/bin'
[276.993s] Level 1:colcon.colcon_core.environment:checking '/home/aarambh/my_robot_ws/install/bumperbot_motion/lib/pkgconfig/bumperbot_motion.pc'
[276.996s] Level 1:colcon.colcon_core.environment:checking '/home/aarambh/my_robot_ws/install/bumperbot_motion/lib/python3.10/site-packages'
[276.999s] Level 1:colcon.colcon_core.environment:checking '/home/aarambh/my_robot_ws/install/bumperbot_motion/bin'
[277.001s] INFO:colcon.colcon_core.shell:Creating package script '/home/aarambh/my_robot_ws/install/bumperbot_motion/share/bumperbot_motion/package.ps1'
[277.009s] INFO:colcon.colcon_core.shell:Creating package descriptor '/home/aarambh/my_robot_ws/install/bumperbot_motion/share/bumperbot_motion/package.dsv'
[277.016s] INFO:colcon.colcon_core.shell:Creating package script '/home/aarambh/my_robot_ws/install/bumperbot_motion/share/bumperbot_motion/package.sh'
[277.021s] INFO:colcon.colcon_core.shell:Creating package script '/home/aarambh/my_robot_ws/install/bumperbot_motion/share/bumperbot_motion/package.bash'
[277.026s] INFO:colcon.colcon_core.shell:Creating package script '/home/aarambh/my_robot_ws/install/bumperbot_motion/share/bumperbot_motion/package.zsh'
[277.031s] Level 1:colcon.colcon_core.environment:create_file_with_runtime_dependencies(/home/aarambh/my_robot_ws/install/bumperbot_motion/share/colcon-core/packages/bumperbot_motion)
[277.039s] INFO:colcon.colcon_ros.task.ament_cmake.build:Building ROS package in '/home/aarambh/my_robot_ws/src/bumperbot_navigation' with build type 'ament_cmake'
[277.042s] INFO:colcon.colcon_cmake.task.cmake.build:Building CMake package in '/home/aarambh/my_robot_ws/src/bumperbot_navigation'
[277.044s] INFO:colcon.colcon_core.shell:Skip shell extension 'powershell' for command environment: Not usable outside of PowerShell
[277.045s] DEBUG:colcon.colcon_core.shell:Skip shell extension 'dsv' for command environment
[277.151s] DEBUG:colcon.colcon_core.event_handler.log_command:Invoking command in '/home/aarambh/my_robot_ws/build/bumperbot_navigation': CMAKE_PREFIX_PATH=/home/aarambh/my_robot_ws/install/bumperbot_planning:/home/aarambh/my_robot_ws/install/bumperbot_utils:/home/aarambh/my_robot_ws/install/bumperbot_navigation:/home/aarambh/my_robot_ws/install/bumperbot_cpp_examples:/home/aarambh/my_robot_ws/install/bumperbot_msgs:/home/aarambh/my_robot_ws/install/bumperbot_motion:/home/aarambh/my_robot_ws/install/bumperbot_bringup:/home/aarambh/my_robot_ws/install/bumperbot_mapping:/home/aarambh/my_robot_ws/install/bumperbot_localization:/home/aarambh/my_robot_ws/install/bumperbot_firmware:/home/aarambh/my_robot_ws/install/bumperbot_description:/home/aarambh/my_robot_ws/install/bumperbot_controller:/home/aarambh/my_robot_ws/install/bumperbot_py_examples:/opt/ros/humble /usr/bin/cmake /home/aarambh/my_robot_ws/src/bumperbot_navigation -DCMAKE_INSTALL_PREFIX=/home/aarambh/my_robot_ws/install/bumperbot_navigation
[279.064s] DEBUG:colcon.colcon_core.event_handler.log_command:Invoked command in '/home/aarambh/my_robot_ws/build/bumperbot_localization' returned '0': CMAKE_PREFIX_PATH=${CMAKE_PREFIX_PATH}:/home/aarambh/my_robot_ws/install/bumperbot_py_examples:/opt/ros/humble /usr/bin/cmake --build /home/aarambh/my_robot_ws/build/bumperbot_localization -- -j4 -l4
[279.075s] DEBUG:colcon.colcon_core.event_handler.log_command:Invoking command in '/home/aarambh/my_robot_ws/build/bumperbot_localization': CMAKE_PREFIX_PATH=${CMAKE_PREFIX_PATH}:/home/aarambh/my_robot_ws/install/bumperbot_py_examples:/opt/ros/humble /usr/bin/cmake --install /home/aarambh/my_robot_ws/build/bumperbot_localization
[279.688s] Level 1:colcon.colcon_core.environment:create_environment_scripts_only(bumperbot_localization)
[279.690s] Level 1:colcon.colcon_core.environment:checking '/home/aarambh/my_robot_ws/install/bumperbot_localization' for CMake module files
[279.692s] DEBUG:colcon.colcon_core.event_handler.log_command:Invoked command in '/home/aarambh/my_robot_ws/build/bumperbot_localization' returned '0': CMAKE_PREFIX_PATH=${CMAKE_PREFIX_PATH}:/home/aarambh/my_robot_ws/install/bumperbot_py_examples:/opt/ros/humble /usr/bin/cmake --install /home/aarambh/my_robot_ws/build/bumperbot_localization
[279.696s] Level 1:colcon.colcon_core.environment:checking '/home/aarambh/my_robot_ws/install/bumperbot_localization' for CMake config files
[279.701s] Level 1:colcon.colcon_core.shell:create_environment_hook('bumperbot_localization', 'cmake_prefix_path')
[279.703s] INFO:colcon.colcon_core.shell:Creating environment hook '/home/aarambh/my_robot_ws/install/bumperbot_localization/share/bumperbot_localization/hook/cmake_prefix_path.ps1'
[279.705s] INFO:colcon.colcon_core.shell:Creating environment descriptor '/home/aarambh/my_robot_ws/install/bumperbot_localization/share/bumperbot_localization/hook/cmake_prefix_path.dsv'
[279.708s] INFO:colcon.colcon_core.shell:Creating environment hook '/home/aarambh/my_robot_ws/install/bumperbot_localization/share/bumperbot_localization/hook/cmake_prefix_path.sh'
[279.713s] Level 1:colcon.colcon_core.environment:checking '/home/aarambh/my_robot_ws/install/bumperbot_localization/lib'
[279.713s] Level 1:colcon.colcon_core.environment:checking '/home/aarambh/my_robot_ws/install/bumperbot_localization/bin'
[279.714s] Level 1:colcon.colcon_core.shell:create_environment_hook('bumperbot_localization', 'path')
[279.715s] INFO:colcon.colcon_core.shell:Creating environment hook '/home/aarambh/my_robot_ws/install/bumperbot_localization/share/bumperbot_localization/hook/path.ps1'
[279.718s] INFO:colcon.colcon_core.shell:Creating environment descriptor '/home/aarambh/my_robot_ws/install/bumperbot_localization/share/bumperbot_localization/hook/path.dsv'
[279.720s] INFO:colcon.colcon_core.shell:Creating environment hook '/home/aarambh/my_robot_ws/install/bumperbot_localization/share/bumperbot_localization/hook/path.sh'
[279.723s] Level 1:colcon.colcon_core.environment:checking '/home/aarambh/my_robot_ws/install/bumperbot_localization/lib/pkgconfig/bumperbot_localization.pc'
[279.724s] Level 1:colcon.colcon_core.environment:checking '/home/aarambh/my_robot_ws/install/bumperbot_localization/lib/python3.10/site-packages'
[279.726s] Level 1:colcon.colcon_core.environment:checking '/home/aarambh/my_robot_ws/install/bumperbot_localization/bin'
[279.727s] Level 1:colcon.colcon_core.shell:create_environment_hook('bumperbot_localization', 'pythonscriptspath')
[279.728s] INFO:colcon.colcon_core.shell:Creating environment hook '/home/aarambh/my_robot_ws/install/bumperbot_localization/share/bumperbot_localization/hook/pythonscriptspath.ps1'
[279.731s] INFO:colcon.colcon_core.shell:Creating environment descriptor '/home/aarambh/my_robot_ws/install/bumperbot_localization/share/bumperbot_localization/hook/pythonscriptspath.dsv'
[279.733s] INFO:colcon.colcon_core.shell:Creating environment hook '/home/aarambh/my_robot_ws/install/bumperbot_localization/share/bumperbot_localization/hook/pythonscriptspath.sh'
[279.737s] INFO:colcon.colcon_core.shell:Creating package script '/home/aarambh/my_robot_ws/install/bumperbot_localization/share/bumperbot_localization/package.ps1'
[279.741s] INFO:colcon.colcon_core.shell:Creating package descriptor '/home/aarambh/my_robot_ws/install/bumperbot_localization/share/bumperbot_localization/package.dsv'
[279.744s] INFO:colcon.colcon_core.shell:Creating package script '/home/aarambh/my_robot_ws/install/bumperbot_localization/share/bumperbot_localization/package.sh'
[279.747s] INFO:colcon.colcon_core.shell:Creating package script '/home/aarambh/my_robot_ws/install/bumperbot_localization/share/bumperbot_localization/package.bash'
[279.749s] INFO:colcon.colcon_core.shell:Creating package script '/home/aarambh/my_robot_ws/install/bumperbot_localization/share/bumperbot_localization/package.zsh'
[279.752s] Level 1:colcon.colcon_core.environment:create_file_with_runtime_dependencies(/home/aarambh/my_robot_ws/install/bumperbot_localization/share/colcon-core/packages/bumperbot_localization)
[279.756s] Level 1:colcon.colcon_core.environment:create_environment_scripts_only(bumperbot_localization)
[279.757s] Level 1:colcon.colcon_core.environment:checking '/home/aarambh/my_robot_ws/install/bumperbot_localization' for CMake module files
[279.761s] Level 1:colcon.colcon_core.environment:checking '/home/aarambh/my_robot_ws/install/bumperbot_localization' for CMake config files
[279.767s] Level 1:colcon.colcon_core.shell:create_environment_hook('bumperbot_localization', 'cmake_prefix_path')
[279.768s] INFO:colcon.colcon_core.shell:Creating environment hook '/home/aarambh/my_robot_ws/install/bumperbot_localization/share/bumperbot_localization/hook/cmake_prefix_path.ps1'
[279.771s] INFO:colcon.colcon_core.shell:Creating environment descriptor '/home/aarambh/my_robot_ws/install/bumperbot_localization/share/bumperbot_localization/hook/cmake_prefix_path.dsv'
[279.774s] INFO:colcon.colcon_core.shell:Creating environment hook '/home/aarambh/my_robot_ws/install/bumperbot_localization/share/bumperbot_localization/hook/cmake_prefix_path.sh'
[279.777s] Level 1:colcon.colcon_core.environment:checking '/home/aarambh/my_robot_ws/install/bumperbot_localization/lib'
[279.778s] Level 1:colcon.colcon_core.environment:checking '/home/aarambh/my_robot_ws/install/bumperbot_localization/bin'
[279.779s] Level 1:colcon.colcon_core.shell:create_environment_hook('bumperbot_localization', 'path')
[279.780s] INFO:colcon.colcon_core.shell:Creating environment hook '/home/aarambh/my_robot_ws/install/bumperbot_localization/share/bumperbot_localization/hook/path.ps1'
[279.783s] INFO:colcon.colcon_core.shell:Creating environment descriptor '/home/aarambh/my_robot_ws/install/bumperbot_localization/share/bumperbot_localization/hook/path.dsv'
[279.787s] INFO:colcon.colcon_core.shell:Creating environment hook '/home/aarambh/my_robot_ws/install/bumperbot_localization/share/bumperbot_localization/hook/path.sh'
[279.789s] Level 1:colcon.colcon_core.environment:checking '/home/aarambh/my_robot_ws/install/bumperbot_localization/lib/pkgconfig/bumperbot_localization.pc'
[279.791s] Level 1:colcon.colcon_core.environment:checking '/home/aarambh/my_robot_ws/install/bumperbot_localization/lib/python3.10/site-packages'
[279.793s] Level 1:colcon.colcon_core.environment:checking '/home/aarambh/my_robot_ws/install/bumperbot_localization/bin'
[279.793s] Level 1:colcon.colcon_core.shell:create_environment_hook('bumperbot_localization', 'pythonscriptspath')
[279.794s] INFO:colcon.colcon_core.shell:Creating environment hook '/home/aarambh/my_robot_ws/install/bumperbot_localization/share/bumperbot_localization/hook/pythonscriptspath.ps1'
[279.797s] INFO:colcon.colcon_core.shell:Creating environment descriptor '/home/aarambh/my_robot_ws/install/bumperbot_localization/share/bumperbot_localization/hook/pythonscriptspath.dsv'
[279.799s] INFO:colcon.colcon_core.shell:Creating environment hook '/home/aarambh/my_robot_ws/install/bumperbot_localization/share/bumperbot_localization/hook/pythonscriptspath.sh'
[279.803s] INFO:colcon.colcon_core.shell:Creating package script '/home/aarambh/my_robot_ws/install/bumperbot_localization/share/bumperbot_localization/package.ps1'
[279.807s] INFO:colcon.colcon_core.shell:Creating package descriptor '/home/aarambh/my_robot_ws/install/bumperbot_localization/share/bumperbot_localization/package.dsv'
[279.977s] INFO:colcon.colcon_core.shell:Creating package script '/home/aarambh/my_robot_ws/install/bumperbot_localization/share/bumperbot_localization/package.sh'
[279.980s] INFO:colcon.colcon_core.shell:Creating package script '/home/aarambh/my_robot_ws/install/bumperbot_localization/share/bumperbot_localization/package.bash'
[279.983s] INFO:colcon.colcon_core.shell:Creating package script '/home/aarambh/my_robot_ws/install/bumperbot_localization/share/bumperbot_localization/package.zsh'
[279.986s] Level 1:colcon.colcon_core.environment:create_file_with_runtime_dependencies(/home/aarambh/my_robot_ws/install/bumperbot_localization/share/colcon-core/packages/bumperbot_localization)
[279.992s] INFO:colcon.colcon_ros.task.ament_cmake.build:Building ROS package in '/home/aarambh/my_robot_ws/src/bumperbot_bringup' with build type 'ament_cmake'
[279.993s] INFO:colcon.colcon_cmake.task.cmake.build:Building CMake package in '/home/aarambh/my_robot_ws/src/bumperbot_bringup'
[279.995s] INFO:colcon.colcon_core.shell:Skip shell extension 'powershell' for command environment: Not usable outside of PowerShell
[279.995s] DEBUG:colcon.colcon_core.shell:Skip shell extension 'dsv' for command environment
[280.117s] DEBUG:colcon.colcon_core.event_handler.log_command:Invoking command in '/home/aarambh/my_robot_ws/build/bumperbot_bringup': CMAKE_PREFIX_PATH=/home/aarambh/my_robot_ws/install/bumperbot_mapping:/home/aarambh/my_robot_ws/install/bumperbot_localization:/home/aarambh/my_robot_ws/install/bumperbot_firmware:/home/aarambh/my_robot_ws/install/bumperbot_description:/home/aarambh/my_robot_ws/install/bumperbot_controller:/home/aarambh/my_robot_ws/install/bumperbot_utils:/home/aarambh/my_robot_ws/install/bumperbot_navigation:/home/aarambh/my_robot_ws/install/bumperbot_planning:/home/aarambh/my_robot_ws/install/bumperbot_cpp_examples:/home/aarambh/my_robot_ws/install/bumperbot_msgs:/home/aarambh/my_robot_ws/install/bumperbot_motion:/home/aarambh/my_robot_ws/install/bumperbot_bringup:/home/aarambh/my_robot_ws/install/bumperbot_py_examples:/opt/ros/humble LD_LIBRARY_PATH=/home/aarambh/my_robot_ws/install/bumperbot_firmware/lib:/home/aarambh/my_robot_ws/install/bumperbot_planning/lib:/home/aarambh/my_robot_ws/install/bumperbot_cpp_examples/lib:/home/aarambh/my_robot_ws/install/bumperbot_msgs/lib:/home/aarambh/my_robot_ws/install/bumperbot_motion/lib:/opt/ros/humble/opt/rviz_ogre_vendor/lib:/opt/ros/humble/lib/aarch64-linux-gnu:/opt/ros/humble/lib /usr/bin/cmake /home/aarambh/my_robot_ws/src/bumperbot_bringup -DCMAKE_INSTALL_PREFIX=/home/aarambh/my_robot_ws/install/bumperbot_bringup
[283.504s] DEBUG:colcon.colcon_core.event_handler.log_command:Invoked command in '/home/aarambh/my_robot_ws/build/bumperbot_navigation' returned '0': CMAKE_PREFIX_PATH=/home/aarambh/my_robot_ws/install/bumperbot_planning:/home/aarambh/my_robot_ws/install/bumperbot_utils:/home/aarambh/my_robot_ws/install/bumperbot_navigation:/home/aarambh/my_robot_ws/install/bumperbot_cpp_examples:/home/aarambh/my_robot_ws/install/bumperbot_msgs:/home/aarambh/my_robot_ws/install/bumperbot_motion:/home/aarambh/my_robot_ws/install/bumperbot_bringup:/home/aarambh/my_robot_ws/install/bumperbot_mapping:/home/aarambh/my_robot_ws/install/bumperbot_localization:/home/aarambh/my_robot_ws/install/bumperbot_firmware:/home/aarambh/my_robot_ws/install/bumperbot_description:/home/aarambh/my_robot_ws/install/bumperbot_controller:/home/aarambh/my_robot_ws/install/bumperbot_py_examples:/opt/ros/humble /usr/bin/cmake /home/aarambh/my_robot_ws/src/bumperbot_navigation -DCMAKE_INSTALL_PREFIX=/home/aarambh/my_robot_ws/install/bumperbot_navigation
[283.518s] DEBUG:colcon.colcon_core.event_handler.log_command:Invoking command in '/home/aarambh/my_robot_ws/build/bumperbot_navigation': CMAKE_PREFIX_PATH=/home/aarambh/my_robot_ws/install/bumperbot_planning:/home/aarambh/my_robot_ws/install/bumperbot_utils:/home/aarambh/my_robot_ws/install/bumperbot_navigation:/home/aarambh/my_robot_ws/install/bumperbot_cpp_examples:/home/aarambh/my_robot_ws/install/bumperbot_msgs:/home/aarambh/my_robot_ws/install/bumperbot_motion:/home/aarambh/my_robot_ws/install/bumperbot_bringup:/home/aarambh/my_robot_ws/install/bumperbot_mapping:/home/aarambh/my_robot_ws/install/bumperbot_localization:/home/aarambh/my_robot_ws/install/bumperbot_firmware:/home/aarambh/my_robot_ws/install/bumperbot_description:/home/aarambh/my_robot_ws/install/bumperbot_controller:/home/aarambh/my_robot_ws/install/bumperbot_py_examples:/opt/ros/humble /usr/bin/cmake --build /home/aarambh/my_robot_ws/build/bumperbot_navigation -- -j4 -l4
[283.823s] DEBUG:colcon.colcon_core.event_handler.log_command:Invoked command in '/home/aarambh/my_robot_ws/build/bumperbot_navigation' returned '0': CMAKE_PREFIX_PATH=/home/aarambh/my_robot_ws/install/bumperbot_planning:/home/aarambh/my_robot_ws/install/bumperbot_utils:/home/aarambh/my_robot_ws/install/bumperbot_navigation:/home/aarambh/my_robot_ws/install/bumperbot_cpp_examples:/home/aarambh/my_robot_ws/install/bumperbot_msgs:/home/aarambh/my_robot_ws/install/bumperbot_motion:/home/aarambh/my_robot_ws/install/bumperbot_bringup:/home/aarambh/my_robot_ws/install/bumperbot_mapping:/home/aarambh/my_robot_ws/install/bumperbot_localization:/home/aarambh/my_robot_ws/install/bumperbot_firmware:/home/aarambh/my_robot_ws/install/bumperbot_description:/home/aarambh/my_robot_ws/install/bumperbot_controller:/home/aarambh/my_robot_ws/install/bumperbot_py_examples:/opt/ros/humble /usr/bin/cmake --build /home/aarambh/my_robot_ws/build/bumperbot_navigation -- -j4 -l4
[283.826s] DEBUG:colcon.colcon_core.event_handler.log_command:Invoking command in '/home/aarambh/my_robot_ws/build/bumperbot_navigation': CMAKE_PREFIX_PATH=/home/aarambh/my_robot_ws/install/bumperbot_planning:/home/aarambh/my_robot_ws/install/bumperbot_utils:/home/aarambh/my_robot_ws/install/bumperbot_navigation:/home/aarambh/my_robot_ws/install/bumperbot_cpp_examples:/home/aarambh/my_robot_ws/install/bumperbot_msgs:/home/aarambh/my_robot_ws/install/bumperbot_motion:/home/aarambh/my_robot_ws/install/bumperbot_bringup:/home/aarambh/my_robot_ws/install/bumperbot_mapping:/home/aarambh/my_robot_ws/install/bumperbot_localization:/home/aarambh/my_robot_ws/install/bumperbot_firmware:/home/aarambh/my_robot_ws/install/bumperbot_description:/home/aarambh/my_robot_ws/install/bumperbot_controller:/home/aarambh/my_robot_ws/install/bumperbot_py_examples:/opt/ros/humble /usr/bin/cmake --install /home/aarambh/my_robot_ws/build/bumperbot_navigation
[283.972s] Level 1:colcon.colcon_core.environment:create_environment_scripts_only(bumperbot_navigation)
[283.974s] Level 1:colcon.colcon_core.environment:checking '/home/aarambh/my_robot_ws/install/bumperbot_navigation' for CMake module files
[283.978s] Level 1:colcon.colcon_core.environment:checking '/home/aarambh/my_robot_ws/install/bumperbot_navigation' for CMake config files
[283.984s] DEBUG:colcon.colcon_core.event_handler.log_command:Invoked command in '/home/aarambh/my_robot_ws/build/bumperbot_navigation' returned '0': CMAKE_PREFIX_PATH=/home/aarambh/my_robot_ws/install/bumperbot_planning:/home/aarambh/my_robot_ws/install/bumperbot_utils:/home/aarambh/my_robot_ws/install/bumperbot_navigation:/home/aarambh/my_robot_ws/install/bumperbot_cpp_examples:/home/aarambh/my_robot_ws/install/bumperbot_msgs:/home/aarambh/my_robot_ws/install/bumperbot_motion:/home/aarambh/my_robot_ws/install/bumperbot_bringup:/home/aarambh/my_robot_ws/install/bumperbot_mapping:/home/aarambh/my_robot_ws/install/bumperbot_localization:/home/aarambh/my_robot_ws/install/bumperbot_firmware:/home/aarambh/my_robot_ws/install/bumperbot_description:/home/aarambh/my_robot_ws/install/bumperbot_controller:/home/aarambh/my_robot_ws/install/bumperbot_py_examples:/opt/ros/humble /usr/bin/cmake --install /home/aarambh/my_robot_ws/build/bumperbot_navigation
[283.987s] Level 1:colcon.colcon_core.shell:create_environment_hook('bumperbot_navigation', 'cmake_prefix_path')
[283.989s] INFO:colcon.colcon_core.shell:Creating environment hook '/home/aarambh/my_robot_ws/install/bumperbot_navigation/share/bumperbot_navigation/hook/cmake_prefix_path.ps1'
[283.994s] INFO:colcon.colcon_core.shell:Creating environment descriptor '/home/aarambh/my_robot_ws/install/bumperbot_navigation/share/bumperbot_navigation/hook/cmake_prefix_path.dsv'
[283.998s] INFO:colcon.colcon_core.shell:Creating environment hook '/home/aarambh/my_robot_ws/install/bumperbot_navigation/share/bumperbot_navigation/hook/cmake_prefix_path.sh'
[284.004s] Level 1:colcon.colcon_core.environment:checking '/home/aarambh/my_robot_ws/install/bumperbot_navigation/bin'
[284.005s] Level 1:colcon.colcon_core.environment:checking '/home/aarambh/my_robot_ws/install/bumperbot_navigation/lib/pkgconfig/bumperbot_navigation.pc'
[284.008s] Level 1:colcon.colcon_core.environment:checking '/home/aarambh/my_robot_ws/install/bumperbot_navigation/lib/python3.10/site-packages'
[284.011s] Level 1:colcon.colcon_core.environment:checking '/home/aarambh/my_robot_ws/install/bumperbot_navigation/bin'
[284.014s] INFO:colcon.colcon_core.shell:Creating package script '/home/aarambh/my_robot_ws/install/bumperbot_navigation/share/bumperbot_navigation/package.ps1'
[284.018s] INFO:colcon.colcon_core.shell:Creating package descriptor '/home/aarambh/my_robot_ws/install/bumperbot_navigation/share/bumperbot_navigation/package.dsv'
[284.024s] INFO:colcon.colcon_core.shell:Creating package script '/home/aarambh/my_robot_ws/install/bumperbot_navigation/share/bumperbot_navigation/package.sh'
[284.028s] INFO:colcon.colcon_core.shell:Creating package script '/home/aarambh/my_robot_ws/install/bumperbot_navigation/share/bumperbot_navigation/package.bash'
[284.032s] INFO:colcon.colcon_core.shell:Creating package script '/home/aarambh/my_robot_ws/install/bumperbot_navigation/share/bumperbot_navigation/package.zsh'
[284.036s] Level 1:colcon.colcon_core.environment:create_file_with_runtime_dependencies(/home/aarambh/my_robot_ws/install/bumperbot_navigation/share/colcon-core/packages/bumperbot_navigation)
[284.043s] Level 1:colcon.colcon_core.environment:create_environment_scripts_only(bumperbot_navigation)
[284.045s] Level 1:colcon.colcon_core.environment:checking '/home/aarambh/my_robot_ws/install/bumperbot_navigation' for CMake module files
[284.051s] Level 1:colcon.colcon_core.environment:checking '/home/aarambh/my_robot_ws/install/bumperbot_navigation' for CMake config files
[284.057s] Level 1:colcon.colcon_core.shell:create_environment_hook('bumperbot_navigation', 'cmake_prefix_path')
[284.059s] INFO:colcon.colcon_core.shell:Creating environment hook '/home/aarambh/my_robot_ws/install/bumperbot_navigation/share/bumperbot_navigation/hook/cmake_prefix_path.ps1'
[284.064s] INFO:colcon.colcon_core.shell:Creating environment descriptor '/home/aarambh/my_robot_ws/install/bumperbot_navigation/share/bumperbot_navigation/hook/cmake_prefix_path.dsv'
[284.071s] INFO:colcon.colcon_core.shell:Creating environment hook '/home/aarambh/my_robot_ws/install/bumperbot_navigation/share/bumperbot_navigation/hook/cmake_prefix_path.sh'
[284.078s] Level 1:colcon.colcon_core.environment:checking '/home/aarambh/my_robot_ws/install/bumperbot_navigation/bin'
[284.079s] Level 1:colcon.colcon_core.environment:checking '/home/aarambh/my_robot_ws/install/bumperbot_navigation/lib/pkgconfig/bumperbot_navigation.pc'
[284.082s] Level 1:colcon.colcon_core.environment:checking '/home/aarambh/my_robot_ws/install/bumperbot_navigation/lib/python3.10/site-packages'
[284.085s] Level 1:colcon.colcon_core.environment:checking '/home/aarambh/my_robot_ws/install/bumperbot_navigation/bin'
[284.087s] INFO:colcon.colcon_core.shell:Creating package script '/home/aarambh/my_robot_ws/install/bumperbot_navigation/share/bumperbot_navigation/package.ps1'
[284.094s] INFO:colcon.colcon_core.shell:Creating package descriptor '/home/aarambh/my_robot_ws/install/bumperbot_navigation/share/bumperbot_navigation/package.dsv'
[284.100s] INFO:colcon.colcon_core.shell:Creating package script '/home/aarambh/my_robot_ws/install/bumperbot_navigation/share/bumperbot_navigation/package.sh'
[284.105s] INFO:colcon.colcon_core.shell:Creating package script '/home/aarambh/my_robot_ws/install/bumperbot_navigation/share/bumperbot_navigation/package.bash'
[284.111s] INFO:colcon.colcon_core.shell:Creating package script '/home/aarambh/my_robot_ws/install/bumperbot_navigation/share/bumperbot_navigation/package.zsh'
[284.115s] Level 1:colcon.colcon_core.environment:create_file_with_runtime_dependencies(/home/aarambh/my_robot_ws/install/bumperbot_navigation/share/colcon-core/packages/bumperbot_navigation)
[284.123s] INFO:colcon.colcon_ros.task.ament_python.build:Building ROS package in '/home/aarambh/my_robot_ws/src/bumperbot_py_examples' with build type 'ament_python'
[284.126s] Level 1:colcon.colcon_core.shell:create_environment_hook('bumperbot_py_examples', 'ament_prefix_path')
[284.127s] INFO:colcon.colcon_core.shell:Creating environment hook '/home/aarambh/my_robot_ws/install/bumperbot_py_examples/share/bumperbot_py_examples/hook/ament_prefix_path.ps1'
[284.132s] INFO:colcon.colcon_core.shell:Creating environment descriptor '/home/aarambh/my_robot_ws/install/bumperbot_py_examples/share/bumperbot_py_examples/hook/ament_prefix_path.dsv'
[284.137s] INFO:colcon.colcon_core.shell:Creating environment hook '/home/aarambh/my_robot_ws/install/bumperbot_py_examples/share/bumperbot_py_examples/hook/ament_prefix_path.sh'
[284.144s] INFO:colcon.colcon_core.shell:Skip shell extension 'powershell' for command environment: Not usable outside of PowerShell
[284.145s] DEBUG:colcon.colcon_core.shell:Skip shell extension 'dsv' for command environment
[286.663s] INFO:colcon.colcon_core.task.python.build:Building Python package in '/home/aarambh/my_robot_ws/src/bumperbot_py_examples'
[286.665s] INFO:colcon.colcon_core.shell:Skip shell extension 'powershell' for command environment: Not usable outside of PowerShell
[286.665s] DEBUG:colcon.colcon_core.shell:Skip shell extension 'dsv' for command environment
[286.701s] DEBUG:colcon.colcon_core.event_handler.log_command:Invoked command in '/home/aarambh/my_robot_ws/build/bumperbot_bringup' returned '0': CMAKE_PREFIX_PATH=/home/aarambh/my_robot_ws/install/bumperbot_mapping:/home/aarambh/my_robot_ws/install/bumperbot_localization:/home/aarambh/my_robot_ws/install/bumperbot_firmware:/home/aarambh/my_robot_ws/install/bumperbot_description:/home/aarambh/my_robot_ws/install/bumperbot_controller:/home/aarambh/my_robot_ws/install/bumperbot_utils:/home/aarambh/my_robot_ws/install/bumperbot_navigation:/home/aarambh/my_robot_ws/install/bumperbot_planning:/home/aarambh/my_robot_ws/install/bumperbot_cpp_examples:/home/aarambh/my_robot_ws/install/bumperbot_msgs:/home/aarambh/my_robot_ws/install/bumperbot_motion:/home/aarambh/my_robot_ws/install/bumperbot_bringup:/home/aarambh/my_robot_ws/install/bumperbot_py_examples:/opt/ros/humble LD_LIBRARY_PATH=/home/aarambh/my_robot_ws/install/bumperbot_firmware/lib:/home/aarambh/my_robot_ws/install/bumperbot_planning/lib:/home/aarambh/my_robot_ws/install/bumperbot_cpp_examples/lib:/home/aarambh/my_robot_ws/install/bumperbot_msgs/lib:/home/aarambh/my_robot_ws/install/bumperbot_motion/lib:/opt/ros/humble/opt/rviz_ogre_vendor/lib:/opt/ros/humble/lib/aarch64-linux-gnu:/opt/ros/humble/lib /usr/bin/cmake /home/aarambh/my_robot_ws/src/bumperbot_bringup -DCMAKE_INSTALL_PREFIX=/home/aarambh/my_robot_ws/install/bumperbot_bringup
[286.710s] DEBUG:colcon.colcon_core.event_handler.log_command:Invoking command in '/home/aarambh/my_robot_ws/build/bumperbot_bringup': CMAKE_PREFIX_PATH=/home/aarambh/my_robot_ws/install/bumperbot_mapping:/home/aarambh/my_robot_ws/install/bumperbot_localization:/home/aarambh/my_robot_ws/install/bumperbot_firmware:/home/aarambh/my_robot_ws/install/bumperbot_description:/home/aarambh/my_robot_ws/install/bumperbot_controller:/home/aarambh/my_robot_ws/install/bumperbot_utils:/home/aarambh/my_robot_ws/install/bumperbot_navigation:/home/aarambh/my_robot_ws/install/bumperbot_planning:/home/aarambh/my_robot_ws/install/bumperbot_cpp_examples:/home/aarambh/my_robot_ws/install/bumperbot_msgs:/home/aarambh/my_robot_ws/install/bumperbot_motion:/home/aarambh/my_robot_ws/install/bumperbot_bringup:/home/aarambh/my_robot_ws/install/bumperbot_py_examples:/opt/ros/humble LD_LIBRARY_PATH=/home/aarambh/my_robot_ws/install/bumperbot_firmware/lib:/home/aarambh/my_robot_ws/install/bumperbot_planning/lib:/home/aarambh/my_robot_ws/install/bumperbot_cpp_examples/lib:/home/aarambh/my_robot_ws/install/bumperbot_msgs/lib:/home/aarambh/my_robot_ws/install/bumperbot_motion/lib:/opt/ros/humble/opt/rviz_ogre_vendor/lib:/opt/ros/humble/lib/aarch64-linux-gnu:/opt/ros/humble/lib /usr/bin/cmake --build /home/aarambh/my_robot_ws/build/bumperbot_bringup -- -j4 -l4
[286.956s] DEBUG:colcon.colcon_core.event_handler.log_command:Invoked command in '/home/aarambh/my_robot_ws/build/bumperbot_bringup' returned '0': CMAKE_PREFIX_PATH=/home/aarambh/my_robot_ws/install/bumperbot_mapping:/home/aarambh/my_robot_ws/install/bumperbot_localization:/home/aarambh/my_robot_ws/install/bumperbot_firmware:/home/aarambh/my_robot_ws/install/bumperbot_description:/home/aarambh/my_robot_ws/install/bumperbot_controller:/home/aarambh/my_robot_ws/install/bumperbot_utils:/home/aarambh/my_robot_ws/install/bumperbot_navigation:/home/aarambh/my_robot_ws/install/bumperbot_planning:/home/aarambh/my_robot_ws/install/bumperbot_cpp_examples:/home/aarambh/my_robot_ws/install/bumperbot_msgs:/home/aarambh/my_robot_ws/install/bumperbot_motion:/home/aarambh/my_robot_ws/install/bumperbot_bringup:/home/aarambh/my_robot_ws/install/bumperbot_py_examples:/opt/ros/humble LD_LIBRARY_PATH=/home/aarambh/my_robot_ws/install/bumperbot_firmware/lib:/home/aarambh/my_robot_ws/install/bumperbot_planning/lib:/home/aarambh/my_robot_ws/install/bumperbot_cpp_examples/lib:/home/aarambh/my_robot_ws/install/bumperbot_msgs/lib:/home/aarambh/my_robot_ws/install/bumperbot_motion/lib:/opt/ros/humble/opt/rviz_ogre_vendor/lib:/opt/ros/humble/lib/aarch64-linux-gnu:/opt/ros/humble/lib /usr/bin/cmake --build /home/aarambh/my_robot_ws/build/bumperbot_bringup -- -j4 -l4
[286.964s] DEBUG:colcon.colcon_core.event_handler.log_command:Invoking command in '/home/aarambh/my_robot_ws/build/bumperbot_bringup': CMAKE_PREFIX_PATH=/home/aarambh/my_robot_ws/install/bumperbot_mapping:/home/aarambh/my_robot_ws/install/bumperbot_localization:/home/aarambh/my_robot_ws/install/bumperbot_firmware:/home/aarambh/my_robot_ws/install/bumperbot_description:/home/aarambh/my_robot_ws/install/bumperbot_controller:/home/aarambh/my_robot_ws/install/bumperbot_utils:/home/aarambh/my_robot_ws/install/bumperbot_navigation:/home/aarambh/my_robot_ws/install/bumperbot_planning:/home/aarambh/my_robot_ws/install/bumperbot_cpp_examples:/home/aarambh/my_robot_ws/install/bumperbot_msgs:/home/aarambh/my_robot_ws/install/bumperbot_motion:/home/aarambh/my_robot_ws/install/bumperbot_bringup:/home/aarambh/my_robot_ws/install/bumperbot_py_examples:/opt/ros/humble LD_LIBRARY_PATH=/home/aarambh/my_robot_ws/install/bumperbot_firmware/lib:/home/aarambh/my_robot_ws/install/bumperbot_planning/lib:/home/aarambh/my_robot_ws/install/bumperbot_cpp_examples/lib:/home/aarambh/my_robot_ws/install/bumperbot_msgs/lib:/home/aarambh/my_robot_ws/install/bumperbot_motion/lib:/opt/ros/humble/opt/rviz_ogre_vendor/lib:/opt/ros/humble/lib/aarch64-linux-gnu:/opt/ros/humble/lib /usr/bin/cmake --install /home/aarambh/my_robot_ws/build/bumperbot_bringup
[287.054s] Level 1:colcon.colcon_core.environment:create_environment_scripts_only(bumperbot_bringup)
[287.056s] Level 1:colcon.colcon_core.environment:checking '/home/aarambh/my_robot_ws/install/bumperbot_bringup' for CMake module files
[287.061s] Level 1:colcon.colcon_core.environment:checking '/home/aarambh/my_robot_ws/install/bumperbot_bringup' for CMake config files
[287.065s] DEBUG:colcon.colcon_core.event_handler.log_command:Invoked command in '/home/aarambh/my_robot_ws/build/bumperbot_bringup' returned '0': CMAKE_PREFIX_PATH=/home/aarambh/my_robot_ws/install/bumperbot_mapping:/home/aarambh/my_robot_ws/install/bumperbot_localization:/home/aarambh/my_robot_ws/install/bumperbot_firmware:/home/aarambh/my_robot_ws/install/bumperbot_description:/home/aarambh/my_robot_ws/install/bumperbot_controller:/home/aarambh/my_robot_ws/install/bumperbot_utils:/home/aarambh/my_robot_ws/install/bumperbot_navigation:/home/aarambh/my_robot_ws/install/bumperbot_planning:/home/aarambh/my_robot_ws/install/bumperbot_cpp_examples:/home/aarambh/my_robot_ws/install/bumperbot_msgs:/home/aarambh/my_robot_ws/install/bumperbot_motion:/home/aarambh/my_robot_ws/install/bumperbot_bringup:/home/aarambh/my_robot_ws/install/bumperbot_py_examples:/opt/ros/humble LD_LIBRARY_PATH=/home/aarambh/my_robot_ws/install/bumperbot_firmware/lib:/home/aarambh/my_robot_ws/install/bumperbot_planning/lib:/home/aarambh/my_robot_ws/install/bumperbot_cpp_examples/lib:/home/aarambh/my_robot_ws/install/bumperbot_msgs/lib:/home/aarambh/my_robot_ws/install/bumperbot_motion/lib:/opt/ros/humble/opt/rviz_ogre_vendor/lib:/opt/ros/humble/lib/aarch64-linux-gnu:/opt/ros/humble/lib /usr/bin/cmake --install /home/aarambh/my_robot_ws/build/bumperbot_bringup
[287.068s] Level 1:colcon.colcon_core.shell:create_environment_hook('bumperbot_bringup', 'cmake_prefix_path')
[287.070s] INFO:colcon.colcon_core.shell:Creating environment hook '/home/aarambh/my_robot_ws/install/bumperbot_bringup/share/bumperbot_bringup/hook/cmake_prefix_path.ps1'
[287.075s] INFO:colcon.colcon_core.shell:Creating environment descriptor '/home/aarambh/my_robot_ws/install/bumperbot_bringup/share/bumperbot_bringup/hook/cmake_prefix_path.dsv'
[287.077s] INFO:colcon.colcon_core.shell:Creating environment hook '/home/aarambh/my_robot_ws/install/bumperbot_bringup/share/bumperbot_bringup/hook/cmake_prefix_path.sh'
[287.081s] Level 1:colcon.colcon_core.environment:checking '/home/aarambh/my_robot_ws/install/bumperbot_bringup/bin'
[287.082s] Level 1:colcon.colcon_core.environment:checking '/home/aarambh/my_robot_ws/install/bumperbot_bringup/lib/pkgconfig/bumperbot_bringup.pc'
[287.084s] Level 1:colcon.colcon_core.environment:checking '/home/aarambh/my_robot_ws/install/bumperbot_bringup/lib/python3.10/site-packages'
[287.086s] Level 1:colcon.colcon_core.environment:checking '/home/aarambh/my_robot_ws/install/bumperbot_bringup/bin'
[287.088s] INFO:colcon.colcon_core.shell:Creating package script '/home/aarambh/my_robot_ws/install/bumperbot_bringup/share/bumperbot_bringup/package.ps1'
[287.090s] INFO:colcon.colcon_core.shell:Creating package descriptor '/home/aarambh/my_robot_ws/install/bumperbot_bringup/share/bumperbot_bringup/package.dsv'
[287.093s] INFO:colcon.colcon_core.shell:Creating package script '/home/aarambh/my_robot_ws/install/bumperbot_bringup/share/bumperbot_bringup/package.sh'
[287.096s] INFO:colcon.colcon_core.shell:Creating package script '/home/aarambh/my_robot_ws/install/bumperbot_bringup/share/bumperbot_bringup/package.bash'
[287.099s] INFO:colcon.colcon_core.shell:Creating package script '/home/aarambh/my_robot_ws/install/bumperbot_bringup/share/bumperbot_bringup/package.zsh'
[287.101s] Level 1:colcon.colcon_core.environment:create_file_with_runtime_dependencies(/home/aarambh/my_robot_ws/install/bumperbot_bringup/share/colcon-core/packages/bumperbot_bringup)
[287.105s] Level 1:colcon.colcon_core.environment:create_environment_scripts_only(bumperbot_bringup)
[287.107s] Level 1:colcon.colcon_core.environment:checking '/home/aarambh/my_robot_ws/install/bumperbot_bringup' for CMake module files
[287.111s] Level 1:colcon.colcon_core.environment:checking '/home/aarambh/my_robot_ws/install/bumperbot_bringup' for CMake config files
[287.113s] Level 1:colcon.colcon_core.shell:create_environment_hook('bumperbot_bringup', 'cmake_prefix_path')
[287.114s] INFO:colcon.colcon_core.shell:Creating environment hook '/home/aarambh/my_robot_ws/install/bumperbot_bringup/share/bumperbot_bringup/hook/cmake_prefix_path.ps1'
[287.117s] INFO:colcon.colcon_core.shell:Creating environment descriptor '/home/aarambh/my_robot_ws/install/bumperbot_bringup/share/bumperbot_bringup/hook/cmake_prefix_path.dsv'
[287.120s] INFO:colcon.colcon_core.shell:Creating environment hook '/home/aarambh/my_robot_ws/install/bumperbot_bringup/share/bumperbot_bringup/hook/cmake_prefix_path.sh'
[287.124s] Level 1:colcon.colcon_core.environment:checking '/home/aarambh/my_robot_ws/install/bumperbot_bringup/bin'
[287.124s] Level 1:colcon.colcon_core.environment:checking '/home/aarambh/my_robot_ws/install/bumperbot_bringup/lib/pkgconfig/bumperbot_bringup.pc'
[287.125s] Level 1:colcon.colcon_core.environment:checking '/home/aarambh/my_robot_ws/install/bumperbot_bringup/lib/python3.10/site-packages'
[287.128s] Level 1:colcon.colcon_core.environment:checking '/home/aarambh/my_robot_ws/install/bumperbot_bringup/bin'
[287.129s] INFO:colcon.colcon_core.shell:Creating package script '/home/aarambh/my_robot_ws/install/bumperbot_bringup/share/bumperbot_bringup/package.ps1'
[287.133s] INFO:colcon.colcon_core.shell:Creating package descriptor '/home/aarambh/my_robot_ws/install/bumperbot_bringup/share/bumperbot_bringup/package.dsv'
[287.136s] INFO:colcon.colcon_core.shell:Creating package script '/home/aarambh/my_robot_ws/install/bumperbot_bringup/share/bumperbot_bringup/package.sh'
[287.139s] INFO:colcon.colcon_core.shell:Creating package script '/home/aarambh/my_robot_ws/install/bumperbot_bringup/share/bumperbot_bringup/package.bash'
[287.142s] INFO:colcon.colcon_core.shell:Creating package script '/home/aarambh/my_robot_ws/install/bumperbot_bringup/share/bumperbot_bringup/package.zsh'
[287.145s] Level 1:colcon.colcon_core.environment:create_file_with_runtime_dependencies(/home/aarambh/my_robot_ws/install/bumperbot_bringup/share/colcon-core/packages/bumperbot_bringup)
[288.567s] DEBUG:colcon.colcon_core.event_handler.log_command:Invoked command in '/home/aarambh/my_robot_ws/build/bumperbot_utils' returned '0': CMAKE_PREFIX_PATH=${CMAKE_PREFIX_PATH}:/home/aarambh/my_robot_ws/install/bumperbot_py_examples:/opt/ros/humble /usr/bin/cmake --build /home/aarambh/my_robot_ws/build/bumperbot_utils -- -j4 -l4
[288.577s] DEBUG:colcon.colcon_core.event_handler.log_command:Invoking command in '/home/aarambh/my_robot_ws/build/bumperbot_utils': CMAKE_PREFIX_PATH=${CMAKE_PREFIX_PATH}:/home/aarambh/my_robot_ws/install/bumperbot_py_examples:/opt/ros/humble /usr/bin/cmake --install /home/aarambh/my_robot_ws/build/bumperbot_utils
[288.997s] Level 1:colcon.colcon_core.environment:create_environment_scripts_only(bumperbot_utils)
[288.998s] Level 1:colcon.colcon_core.environment:checking '/home/aarambh/my_robot_ws/install/bumperbot_utils' for CMake module files
[289.000s] DEBUG:colcon.colcon_core.event_handler.log_command:Invoked command in '/home/aarambh/my_robot_ws/build/bumperbot_utils' returned '0': CMAKE_PREFIX_PATH=${CMAKE_PREFIX_PATH}:/home/aarambh/my_robot_ws/install/bumperbot_py_examples:/opt/ros/humble /usr/bin/cmake --install /home/aarambh/my_robot_ws/build/bumperbot_utils
[289.002s] Level 1:colcon.colcon_core.environment:checking '/home/aarambh/my_robot_ws/install/bumperbot_utils' for CMake config files
[289.005s] Level 1:colcon.colcon_core.shell:create_environment_hook('bumperbot_utils', 'cmake_prefix_path')
[289.006s] INFO:colcon.colcon_core.shell:Creating environment hook '/home/aarambh/my_robot_ws/install/bumperbot_utils/share/bumperbot_utils/hook/cmake_prefix_path.ps1'
[289.009s] INFO:colcon.colcon_core.shell:Creating environment descriptor '/home/aarambh/my_robot_ws/install/bumperbot_utils/share/bumperbot_utils/hook/cmake_prefix_path.dsv'
[289.011s] INFO:colcon.colcon_core.shell:Creating environment hook '/home/aarambh/my_robot_ws/install/bumperbot_utils/share/bumperbot_utils/hook/cmake_prefix_path.sh'
[289.014s] Level 1:colcon.colcon_core.environment:checking '/home/aarambh/my_robot_ws/install/bumperbot_utils/lib'
[289.014s] Level 1:colcon.colcon_core.environment:checking '/home/aarambh/my_robot_ws/install/bumperbot_utils/bin'
[289.015s] Level 1:colcon.colcon_core.environment:checking '/home/aarambh/my_robot_ws/install/bumperbot_utils/lib/pkgconfig/bumperbot_utils.pc'
[289.016s] Level 1:colcon.colcon_core.environment:checking '/home/aarambh/my_robot_ws/install/bumperbot_utils/lib/python3.10/site-packages'
[289.018s] Level 1:colcon.colcon_core.environment:checking '/home/aarambh/my_robot_ws/install/bumperbot_utils/bin'
[289.020s] INFO:colcon.colcon_core.shell:Creating package script '/home/aarambh/my_robot_ws/install/bumperbot_utils/share/bumperbot_utils/package.ps1'
[289.022s] INFO:colcon.colcon_core.shell:Creating package descriptor '/home/aarambh/my_robot_ws/install/bumperbot_utils/share/bumperbot_utils/package.dsv'
[289.025s] INFO:colcon.colcon_core.shell:Creating package script '/home/aarambh/my_robot_ws/install/bumperbot_utils/share/bumperbot_utils/package.sh'
[289.027s] INFO:colcon.colcon_core.shell:Creating package script '/home/aarambh/my_robot_ws/install/bumperbot_utils/share/bumperbot_utils/package.bash'
[289.030s] INFO:colcon.colcon_core.shell:Creating package script '/home/aarambh/my_robot_ws/install/bumperbot_utils/share/bumperbot_utils/package.zsh'
[289.032s] Level 1:colcon.colcon_core.environment:create_file_with_runtime_dependencies(/home/aarambh/my_robot_ws/install/bumperbot_utils/share/colcon-core/packages/bumperbot_utils)
[289.035s] Level 1:colcon.colcon_core.environment:create_environment_scripts_only(bumperbot_utils)
[289.036s] Level 1:colcon.colcon_core.environment:checking '/home/aarambh/my_robot_ws/install/bumperbot_utils' for CMake module files
[289.040s] Level 1:colcon.colcon_core.environment:checking '/home/aarambh/my_robot_ws/install/bumperbot_utils' for CMake config files
[289.042s] Level 1:colcon.colcon_core.shell:create_environment_hook('bumperbot_utils', 'cmake_prefix_path')
[289.044s] INFO:colcon.colcon_core.shell:Creating environment hook '/home/aarambh/my_robot_ws/install/bumperbot_utils/share/bumperbot_utils/hook/cmake_prefix_path.ps1'
[289.046s] INFO:colcon.colcon_core.shell:Creating environment descriptor '/home/aarambh/my_robot_ws/install/bumperbot_utils/share/bumperbot_utils/hook/cmake_prefix_path.dsv'
[289.048s] INFO:colcon.colcon_core.shell:Creating environment hook '/home/aarambh/my_robot_ws/install/bumperbot_utils/share/bumperbot_utils/hook/cmake_prefix_path.sh'
[289.052s] Level 1:colcon.colcon_core.environment:checking '/home/aarambh/my_robot_ws/install/bumperbot_utils/lib'
[289.052s] Level 1:colcon.colcon_core.environment:checking '/home/aarambh/my_robot_ws/install/bumperbot_utils/bin'
[289.053s] Level 1:colcon.colcon_core.environment:checking '/home/aarambh/my_robot_ws/install/bumperbot_utils/lib/pkgconfig/bumperbot_utils.pc'
[289.054s] Level 1:colcon.colcon_core.environment:checking '/home/aarambh/my_robot_ws/install/bumperbot_utils/lib/python3.10/site-packages'
[289.056s] Level 1:colcon.colcon_core.environment:checking '/home/aarambh/my_robot_ws/install/bumperbot_utils/bin'
[289.057s] INFO:colcon.colcon_core.shell:Creating package script '/home/aarambh/my_robot_ws/install/bumperbot_utils/share/bumperbot_utils/package.ps1'
[289.061s] INFO:colcon.colcon_core.shell:Creating package descriptor '/home/aarambh/my_robot_ws/install/bumperbot_utils/share/bumperbot_utils/package.dsv'
[289.064s] INFO:colcon.colcon_core.shell:Creating package script '/home/aarambh/my_robot_ws/install/bumperbot_utils/share/bumperbot_utils/package.sh'
[289.067s] INFO:colcon.colcon_core.shell:Creating package script '/home/aarambh/my_robot_ws/install/bumperbot_utils/share/bumperbot_utils/package.bash'
[289.070s] INFO:colcon.colcon_core.shell:Creating package script '/home/aarambh/my_robot_ws/install/bumperbot_utils/share/bumperbot_utils/package.zsh'
[289.073s] Level 1:colcon.colcon_core.environment:create_file_with_runtime_dependencies(/home/aarambh/my_robot_ws/install/bumperbot_utils/share/colcon-core/packages/bumperbot_utils)
[289.414s] DEBUG:colcon.colcon_core.event_handler.log_command:Invoking command in '/home/aarambh/my_robot_ws/src/bumperbot_py_examples': CMAKE_PREFIX_PATH=/home/aarambh/my_robot_ws/install/bumperbot_msgs:/home/aarambh/my_robot_ws/install/bumperbot_utils:/home/aarambh/my_robot_ws/install/bumperbot_navigation:/home/aarambh/my_robot_ws/install/bumperbot_planning:/home/aarambh/my_robot_ws/install/bumperbot_cpp_examples:/home/aarambh/my_robot_ws/install/bumperbot_motion:/home/aarambh/my_robot_ws/install/bumperbot_bringup:/home/aarambh/my_robot_ws/install/bumperbot_mapping:/home/aarambh/my_robot_ws/install/bumperbot_localization:/home/aarambh/my_robot_ws/install/bumperbot_firmware:/home/aarambh/my_robot_ws/install/bumperbot_description:/home/aarambh/my_robot_ws/install/bumperbot_controller LD_LIBRARY_PATH=/home/aarambh/my_robot_ws/install/bumperbot_msgs/lib:/home/aarambh/my_robot_ws/install/bumperbot_planning/lib:/home/aarambh/my_robot_ws/install/bumperbot_cpp_examples/lib:/home/aarambh/my_robot_ws/install/bumperbot_motion/lib:/home/aarambh/my_robot_ws/install/bumperbot_firmware/lib:/opt/ros/humble/opt/rviz_ogre_vendor/lib:/opt/ros/humble/lib/aarch64-linux-gnu:/opt/ros/humble/lib PYTHONPATH=/home/aarambh/my_robot_ws/build/bumperbot_py_examples/prefix_override:/usr/lib/python3/dist-packages/colcon_core/task/python/colcon_distutils_commands:/home/aarambh/my_robot_ws/install/bumperbot_py_examples/lib/python3.10/site-packages:${PYTHONPATH} /usr/bin/python3 -W ignore:setup.py install is deprecated -W ignore:easy_install command is deprecated setup.py egg_info --egg-base ../../build/bumperbot_py_examples build --build-base /home/aarambh/my_robot_ws/build/bumperbot_py_examples/build install --record /home/aarambh/my_robot_ws/build/bumperbot_py_examples/install.log --single-version-externally-managed install_data
[291.416s] Level 1:colcon.colcon_core.environment:checking '/home/aarambh/my_robot_ws/install/bumperbot_py_examples' for CMake module files
[291.418s] DEBUG:colcon.colcon_core.event_handler.log_command:Invoked command in '/home/aarambh/my_robot_ws/src/bumperbot_py_examples' returned '0': CMAKE_PREFIX_PATH=/home/aarambh/my_robot_ws/install/bumperbot_msgs:/home/aarambh/my_robot_ws/install/bumperbot_utils:/home/aarambh/my_robot_ws/install/bumperbot_navigation:/home/aarambh/my_robot_ws/install/bumperbot_planning:/home/aarambh/my_robot_ws/install/bumperbot_cpp_examples:/home/aarambh/my_robot_ws/install/bumperbot_motion:/home/aarambh/my_robot_ws/install/bumperbot_bringup:/home/aarambh/my_robot_ws/install/bumperbot_mapping:/home/aarambh/my_robot_ws/install/bumperbot_localization:/home/aarambh/my_robot_ws/install/bumperbot_firmware:/home/aarambh/my_robot_ws/install/bumperbot_description:/home/aarambh/my_robot_ws/install/bumperbot_controller LD_LIBRARY_PATH=/home/aarambh/my_robot_ws/install/bumperbot_msgs/lib:/home/aarambh/my_robot_ws/install/bumperbot_planning/lib:/home/aarambh/my_robot_ws/install/bumperbot_cpp_examples/lib:/home/aarambh/my_robot_ws/install/bumperbot_motion/lib:/home/aarambh/my_robot_ws/install/bumperbot_firmware/lib:/opt/ros/humble/opt/rviz_ogre_vendor/lib:/opt/ros/humble/lib/aarch64-linux-gnu:/opt/ros/humble/lib PYTHONPATH=/home/aarambh/my_robot_ws/build/bumperbot_py_examples/prefix_override:/usr/lib/python3/dist-packages/colcon_core/task/python/colcon_distutils_commands:/home/aarambh/my_robot_ws/install/bumperbot_py_examples/lib/python3.10/site-packages:${PYTHONPATH} /usr/bin/python3 -W ignore:setup.py install is deprecated -W ignore:easy_install command is deprecated setup.py egg_info --egg-base ../../build/bumperbot_py_examples build --build-base /home/aarambh/my_robot_ws/build/bumperbot_py_examples/build install --record /home/aarambh/my_robot_ws/build/bumperbot_py_examples/install.log --single-version-externally-managed install_data
[291.421s] Level 1:colcon.colcon_core.environment:checking '/home/aarambh/my_robot_ws/install/bumperbot_py_examples' for CMake config files
[291.425s] Level 1:colcon.colcon_core.environment:checking '/home/aarambh/my_robot_ws/install/bumperbot_py_examples/lib'
[291.426s] Level 1:colcon.colcon_core.environment:checking '/home/aarambh/my_robot_ws/install/bumperbot_py_examples/bin'
[291.426s] Level 1:colcon.colcon_core.environment:checking '/home/aarambh/my_robot_ws/install/bumperbot_py_examples/lib/pkgconfig/bumperbot_py_examples.pc'
[291.427s] Level 1:colcon.colcon_core.environment:checking '/home/aarambh/my_robot_ws/install/bumperbot_py_examples/lib/python3.10/site-packages'
[291.428s] Level 1:colcon.colcon_core.shell:create_environment_hook('bumperbot_py_examples', 'pythonpath')
[291.429s] INFO:colcon.colcon_core.shell:Creating environment hook '/home/aarambh/my_robot_ws/install/bumperbot_py_examples/share/bumperbot_py_examples/hook/pythonpath.ps1'
[291.431s] INFO:colcon.colcon_core.shell:Creating environment descriptor '/home/aarambh/my_robot_ws/install/bumperbot_py_examples/share/bumperbot_py_examples/hook/pythonpath.dsv'
[291.433s] INFO:colcon.colcon_core.shell:Creating environment hook '/home/aarambh/my_robot_ws/install/bumperbot_py_examples/share/bumperbot_py_examples/hook/pythonpath.sh'
[291.437s] Level 1:colcon.colcon_core.environment:checking '/home/aarambh/my_robot_ws/install/bumperbot_py_examples/bin'
[291.437s] Level 1:colcon.colcon_core.environment:create_environment_scripts_only(bumperbot_py_examples)
[291.438s] INFO:colcon.colcon_core.shell:Creating package script '/home/aarambh/my_robot_ws/install/bumperbot_py_examples/share/bumperbot_py_examples/package.ps1'
[291.441s] INFO:colcon.colcon_core.shell:Creating package descriptor '/home/aarambh/my_robot_ws/install/bumperbot_py_examples/share/bumperbot_py_examples/package.dsv'
[291.444s] INFO:colcon.colcon_core.shell:Creating package script '/home/aarambh/my_robot_ws/install/bumperbot_py_examples/share/bumperbot_py_examples/package.sh'
[291.446s] INFO:colcon.colcon_core.shell:Creating package script '/home/aarambh/my_robot_ws/install/bumperbot_py_examples/share/bumperbot_py_examples/package.bash'
[291.448s] INFO:colcon.colcon_core.shell:Creating package script '/home/aarambh/my_robot_ws/install/bumperbot_py_examples/share/bumperbot_py_examples/package.zsh'
[291.451s] Level 1:colcon.colcon_core.environment:create_file_with_runtime_dependencies(/home/aarambh/my_robot_ws/install/bumperbot_py_examples/share/colcon-core/packages/bumperbot_py_examples)
[419.469s] DEBUG:colcon.colcon_core.event_handler.log_command:Invoked command in '/home/aarambh/my_robot_ws/build/bumperbot_cpp_examples' returned '0': CMAKE_PREFIX_PATH=/home/aarambh/my_robot_ws/install/bumperbot_msgs:/home/aarambh/my_robot_ws/install/bumperbot_utils:/home/aarambh/my_robot_ws/install/bumperbot_navigation:/home/aarambh/my_robot_ws/install/bumperbot_planning:/home/aarambh/my_robot_ws/install/bumperbot_cpp_examples:/home/aarambh/my_robot_ws/install/bumperbot_motion:/home/aarambh/my_robot_ws/install/bumperbot_bringup:/home/aarambh/my_robot_ws/install/bumperbot_mapping:/home/aarambh/my_robot_ws/install/bumperbot_localization:/home/aarambh/my_robot_ws/install/bumperbot_firmware:/home/aarambh/my_robot_ws/install/bumperbot_description:/home/aarambh/my_robot_ws/install/bumperbot_controller:/home/aarambh/my_robot_ws/install/bumperbot_py_examples:/opt/ros/humble LD_LIBRARY_PATH=/home/aarambh/my_robot_ws/install/bumperbot_msgs/lib:/home/aarambh/my_robot_ws/install/bumperbot_planning/lib:/home/aarambh/my_robot_ws/install/bumperbot_cpp_examples/lib:/home/aarambh/my_robot_ws/install/bumperbot_motion/lib:/home/aarambh/my_robot_ws/install/bumperbot_firmware/lib:/opt/ros/humble/opt/rviz_ogre_vendor/lib:/opt/ros/humble/lib/aarch64-linux-gnu:/opt/ros/humble/lib /usr/bin/cmake --build /home/aarambh/my_robot_ws/build/bumperbot_cpp_examples -- -j4 -l4
[419.481s] DEBUG:colcon.colcon_core.event_handler.log_command:Invoking command in '/home/aarambh/my_robot_ws/build/bumperbot_cpp_examples': CMAKE_PREFIX_PATH=/home/aarambh/my_robot_ws/install/bumperbot_msgs:/home/aarambh/my_robot_ws/install/bumperbot_utils:/home/aarambh/my_robot_ws/install/bumperbot_navigation:/home/aarambh/my_robot_ws/install/bumperbot_planning:/home/aarambh/my_robot_ws/install/bumperbot_cpp_examples:/home/aarambh/my_robot_ws/install/bumperbot_motion:/home/aarambh/my_robot_ws/install/bumperbot_bringup:/home/aarambh/my_robot_ws/install/bumperbot_mapping:/home/aarambh/my_robot_ws/install/bumperbot_localization:/home/aarambh/my_robot_ws/install/bumperbot_firmware:/home/aarambh/my_robot_ws/install/bumperbot_description:/home/aarambh/my_robot_ws/install/bumperbot_controller:/home/aarambh/my_robot_ws/install/bumperbot_py_examples:/opt/ros/humble LD_LIBRARY_PATH=/home/aarambh/my_robot_ws/install/bumperbot_msgs/lib:/home/aarambh/my_robot_ws/install/bumperbot_planning/lib:/home/aarambh/my_robot_ws/install/bumperbot_cpp_examples/lib:/home/aarambh/my_robot_ws/install/bumperbot_motion/lib:/home/aarambh/my_robot_ws/install/bumperbot_firmware/lib:/opt/ros/humble/opt/rviz_ogre_vendor/lib:/opt/ros/humble/lib/aarch64-linux-gnu:/opt/ros/humble/lib /usr/bin/cmake --install /home/aarambh/my_robot_ws/build/bumperbot_cpp_examples
[419.738s] Level 1:colcon.colcon_core.environment:create_environment_scripts_only(bumperbot_cpp_examples)
[419.739s] Level 1:colcon.colcon_core.environment:checking '/home/aarambh/my_robot_ws/install/bumperbot_cpp_examples' for CMake module files
[419.740s] DEBUG:colcon.colcon_core.event_handler.log_command:Invoked command in '/home/aarambh/my_robot_ws/build/bumperbot_cpp_examples' returned '0': CMAKE_PREFIX_PATH=/home/aarambh/my_robot_ws/install/bumperbot_msgs:/home/aarambh/my_robot_ws/install/bumperbot_utils:/home/aarambh/my_robot_ws/install/bumperbot_navigation:/home/aarambh/my_robot_ws/install/bumperbot_planning:/home/aarambh/my_robot_ws/install/bumperbot_cpp_examples:/home/aarambh/my_robot_ws/install/bumperbot_motion:/home/aarambh/my_robot_ws/install/bumperbot_bringup:/home/aarambh/my_robot_ws/install/bumperbot_mapping:/home/aarambh/my_robot_ws/install/bumperbot_localization:/home/aarambh/my_robot_ws/install/bumperbot_firmware:/home/aarambh/my_robot_ws/install/bumperbot_description:/home/aarambh/my_robot_ws/install/bumperbot_controller:/home/aarambh/my_robot_ws/install/bumperbot_py_examples:/opt/ros/humble LD_LIBRARY_PATH=/home/aarambh/my_robot_ws/install/bumperbot_msgs/lib:/home/aarambh/my_robot_ws/install/bumperbot_planning/lib:/home/aarambh/my_robot_ws/install/bumperbot_cpp_examples/lib:/home/aarambh/my_robot_ws/install/bumperbot_motion/lib:/home/aarambh/my_robot_ws/install/bumperbot_firmware/lib:/opt/ros/humble/opt/rviz_ogre_vendor/lib:/opt/ros/humble/lib/aarch64-linux-gnu:/opt/ros/humble/lib /usr/bin/cmake --install /home/aarambh/my_robot_ws/build/bumperbot_cpp_examples
[419.743s] Level 1:colcon.colcon_core.environment:checking '/home/aarambh/my_robot_ws/install/bumperbot_cpp_examples' for CMake config files
[419.745s] Level 1:colcon.colcon_core.shell:create_environment_hook('bumperbot_cpp_examples', 'cmake_prefix_path')
[419.746s] INFO:colcon.colcon_core.shell:Creating environment hook '/home/aarambh/my_robot_ws/install/bumperbot_cpp_examples/share/bumperbot_cpp_examples/hook/cmake_prefix_path.ps1'
[419.748s] INFO:colcon.colcon_core.shell:Creating environment descriptor '/home/aarambh/my_robot_ws/install/bumperbot_cpp_examples/share/bumperbot_cpp_examples/hook/cmake_prefix_path.dsv'
[419.749s] INFO:colcon.colcon_core.shell:Creating environment hook '/home/aarambh/my_robot_ws/install/bumperbot_cpp_examples/share/bumperbot_cpp_examples/hook/cmake_prefix_path.sh'
[419.752s] Level 1:colcon.colcon_core.environment:checking '/home/aarambh/my_robot_ws/install/bumperbot_cpp_examples/lib'
[419.752s] Level 1:colcon.colcon_core.shell:create_environment_hook('bumperbot_cpp_examples', 'ld_library_path_lib')
[419.753s] INFO:colcon.colcon_core.shell:Creating environment hook '/home/aarambh/my_robot_ws/install/bumperbot_cpp_examples/share/bumperbot_cpp_examples/hook/ld_library_path_lib.ps1'
[419.755s] INFO:colcon.colcon_core.shell:Creating environment descriptor '/home/aarambh/my_robot_ws/install/bumperbot_cpp_examples/share/bumperbot_cpp_examples/hook/ld_library_path_lib.dsv'
[419.757s] INFO:colcon.colcon_core.shell:Creating environment hook '/home/aarambh/my_robot_ws/install/bumperbot_cpp_examples/share/bumperbot_cpp_examples/hook/ld_library_path_lib.sh'
[419.759s] Level 1:colcon.colcon_core.environment:checking '/home/aarambh/my_robot_ws/install/bumperbot_cpp_examples/bin'
[419.759s] Level 1:colcon.colcon_core.environment:checking '/home/aarambh/my_robot_ws/install/bumperbot_cpp_examples/lib/pkgconfig/bumperbot_cpp_examples.pc'
[419.760s] Level 1:colcon.colcon_core.environment:checking '/home/aarambh/my_robot_ws/install/bumperbot_cpp_examples/lib/python3.10/site-packages'
[419.762s] Level 1:colcon.colcon_core.environment:checking '/home/aarambh/my_robot_ws/install/bumperbot_cpp_examples/bin'
[419.763s] INFO:colcon.colcon_core.shell:Creating package script '/home/aarambh/my_robot_ws/install/bumperbot_cpp_examples/share/bumperbot_cpp_examples/package.ps1'
[419.765s] INFO:colcon.colcon_core.shell:Creating package descriptor '/home/aarambh/my_robot_ws/install/bumperbot_cpp_examples/share/bumperbot_cpp_examples/package.dsv'
[419.767s] INFO:colcon.colcon_core.shell:Creating package script '/home/aarambh/my_robot_ws/install/bumperbot_cpp_examples/share/bumperbot_cpp_examples/package.sh'
[419.769s] INFO:colcon.colcon_core.shell:Creating package script '/home/aarambh/my_robot_ws/install/bumperbot_cpp_examples/share/bumperbot_cpp_examples/package.bash'
[419.771s] INFO:colcon.colcon_core.shell:Creating package script '/home/aarambh/my_robot_ws/install/bumperbot_cpp_examples/share/bumperbot_cpp_examples/package.zsh'
[419.773s] Level 1:colcon.colcon_core.environment:create_file_with_runtime_dependencies(/home/aarambh/my_robot_ws/install/bumperbot_cpp_examples/share/colcon-core/packages/bumperbot_cpp_examples)
[419.775s] Level 1:colcon.colcon_core.environment:create_environment_scripts_only(bumperbot_cpp_examples)
[419.776s] Level 1:colcon.colcon_core.environment:checking '/home/aarambh/my_robot_ws/install/bumperbot_cpp_examples' for CMake module files
[419.789s] Level 1:colcon.colcon_core.environment:checking '/home/aarambh/my_robot_ws/install/bumperbot_cpp_examples' for CMake config files
[419.791s] Level 1:colcon.colcon_core.shell:create_environment_hook('bumperbot_cpp_examples', 'cmake_prefix_path')
[419.792s] INFO:colcon.colcon_core.shell:Creating environment hook '/home/aarambh/my_robot_ws/install/bumperbot_cpp_examples/share/bumperbot_cpp_examples/hook/cmake_prefix_path.ps1'
[419.795s] INFO:colcon.colcon_core.shell:Creating environment descriptor '/home/aarambh/my_robot_ws/install/bumperbot_cpp_examples/share/bumperbot_cpp_examples/hook/cmake_prefix_path.dsv'
[419.799s] INFO:colcon.colcon_core.shell:Creating environment hook '/home/aarambh/my_robot_ws/install/bumperbot_cpp_examples/share/bumperbot_cpp_examples/hook/cmake_prefix_path.sh'
[419.802s] Level 1:colcon.colcon_core.environment:checking '/home/aarambh/my_robot_ws/install/bumperbot_cpp_examples/lib'
[419.803s] Level 1:colcon.colcon_core.shell:create_environment_hook('bumperbot_cpp_examples', 'ld_library_path_lib')
[419.804s] INFO:colcon.colcon_core.shell:Creating environment hook '/home/aarambh/my_robot_ws/install/bumperbot_cpp_examples/share/bumperbot_cpp_examples/hook/ld_library_path_lib.ps1'
[419.806s] INFO:colcon.colcon_core.shell:Creating environment descriptor '/home/aarambh/my_robot_ws/install/bumperbot_cpp_examples/share/bumperbot_cpp_examples/hook/ld_library_path_lib.dsv'
[419.808s] INFO:colcon.colcon_core.shell:Creating environment hook '/home/aarambh/my_robot_ws/install/bumperbot_cpp_examples/share/bumperbot_cpp_examples/hook/ld_library_path_lib.sh'
[419.810s] Level 1:colcon.colcon_core.environment:checking '/home/aarambh/my_robot_ws/install/bumperbot_cpp_examples/bin'
[419.810s] Level 1:colcon.colcon_core.environment:checking '/home/aarambh/my_robot_ws/install/bumperbot_cpp_examples/lib/pkgconfig/bumperbot_cpp_examples.pc'
[419.811s] Level 1:colcon.colcon_core.environment:checking '/home/aarambh/my_robot_ws/install/bumperbot_cpp_examples/lib/python3.10/site-packages'
[419.813s] Level 1:colcon.colcon_core.environment:checking '/home/aarambh/my_robot_ws/install/bumperbot_cpp_examples/bin'
[419.814s] INFO:colcon.colcon_core.shell:Creating package script '/home/aarambh/my_robot_ws/install/bumperbot_cpp_examples/share/bumperbot_cpp_examples/package.ps1'
[419.816s] INFO:colcon.colcon_core.shell:Creating package descriptor '/home/aarambh/my_robot_ws/install/bumperbot_cpp_examples/share/bumperbot_cpp_examples/package.dsv'
[419.818s] INFO:colcon.colcon_core.shell:Creating package script '/home/aarambh/my_robot_ws/install/bumperbot_cpp_examples/share/bumperbot_cpp_examples/package.sh'
[419.820s] INFO:colcon.colcon_core.shell:Creating package script '/home/aarambh/my_robot_ws/install/bumperbot_cpp_examples/share/bumperbot_cpp_examples/package.bash'
[419.822s] INFO:colcon.colcon_core.shell:Creating package script '/home/aarambh/my_robot_ws/install/bumperbot_cpp_examples/share/bumperbot_cpp_examples/package.zsh'
[419.824s] Level 1:colcon.colcon_core.environment:create_file_with_runtime_dependencies(/home/aarambh/my_robot_ws/install/bumperbot_cpp_examples/share/colcon-core/packages/bumperbot_cpp_examples)
[419.825s] DEBUG:colcon.colcon_parallel_executor.executor.parallel:closing loop
[419.826s] DEBUG:colcon.colcon_parallel_executor.executor.parallel:loop closed
[419.827s] DEBUG:colcon.colcon_parallel_executor.executor.parallel:run_until_complete finished with '0'
[419.827s] DEBUG:colcon.colcon_core.event_reactor:joining thread
[419.849s] INFO:colcon.colcon_core.plugin_system:Skipping extension 'colcon_notification.desktop_notification.terminal_notifier': Not used on non-Darwin systems
[419.850s] INFO:colcon.colcon_core.plugin_system:Skipping extension 'colcon_notification.desktop_notification.win32': Not used on non-Windows systems
[419.850s] INFO:colcon.colcon_notification.desktop_notification:Sending desktop notification using 'notify2'
[419.855s] DEBUG:colcon.colcon_notification.desktop_notification.notify2:Failed to initialize notify2: org.freedesktop.DBus.Error.ServiceUnknown: The name org.freedesktop.Notifications was not provided by any .service files
[419.856s] DEBUG:colcon.colcon_core.event_reactor:joined thread
[419.857s] INFO:colcon.colcon_core.shell:Creating prefix script '/home/aarambh/my_robot_ws/install/local_setup.ps1'
[419.860s] INFO:colcon.colcon_core.shell:Creating prefix util module '/home/aarambh/my_robot_ws/install/_local_setup_util_ps1.py'
[419.866s] INFO:colcon.colcon_core.shell:Creating prefix chain script '/home/aarambh/my_robot_ws/install/setup.ps1'
[419.875s] INFO:colcon.colcon_core.shell:Creating prefix script '/home/aarambh/my_robot_ws/install/local_setup.sh'
[419.878s] INFO:colcon.colcon_core.shell:Creating prefix util module '/home/aarambh/my_robot_ws/install/_local_setup_util_sh.py'
[419.880s] INFO:colcon.colcon_core.shell:Creating prefix chain script '/home/aarambh/my_robot_ws/install/setup.sh'
[419.888s] INFO:colcon.colcon_core.shell:Creating prefix script '/home/aarambh/my_robot_ws/install/local_setup.bash'
[419.890s] INFO:colcon.colcon_core.shell:Creating prefix chain script '/home/aarambh/my_robot_ws/install/setup.bash'
[419.898s] INFO:colcon.colcon_core.shell:Creating prefix script '/home/aarambh/my_robot_ws/install/local_setup.zsh'
[419.900s] INFO:colcon.colcon_core.shell:Creating prefix chain script '/home/aarambh/my_robot_ws/install/setup.zsh'
