[0.167s] Invoking command in '/home/aarambh/my_robot_ws/build/bumperbot_description': CMAKE_PREFIX_PATH=${CMAKE_PREFIX_PATH}:/home/aarambh/my_robot_ws/install/bumperbot_py_examples:/opt/ros/humble /usr/bin/cmake --build /home/aarambh/my_robot_ws/build/bumperbot_description -- -j4 -l4
[1.478s] Invoked command in '/home/aarambh/my_robot_ws/build/bumperbot_description' returned '0': CMAKE_PREFIX_PATH=${CMAKE_PREFIX_PATH}:/home/aarambh/my_robot_ws/install/bumperbot_py_examples:/opt/ros/humble /usr/bin/cmake --build /home/aarambh/my_robot_ws/build/bumperbot_description -- -j4 -l4
[1.570s] Invoking command in '/home/aarambh/my_robot_ws/build/bumperbot_description': CMAKE_PREFIX_PATH=${CMAKE_PREFIX_PATH}:/home/aarambh/my_robot_ws/install/bumperbot_py_examples:/opt/ros/humble /usr/bin/cmake --install /home/aarambh/my_robot_ws/build/bumperbot_description
[1.759s] -- Install configuration: ""
[1.798s] -- Up-to-date: /home/aarambh/my_robot_ws/install/bumperbot_description/share/bumperbot_description/launch
[1.860s] -- Up-to-date: /home/aarambh/my_robot_ws/install/bumperbot_description/share/bumperbot_description/launch/display.launch.py
[1.861s] -- Up-to-date: /home/aarambh/my_robot_ws/install/bumperbot_description/share/bumperbot_description/launch/gazebo.launch.py
[1.864s] -- Up-to-date: /home/aarambh/my_robot_ws/install/bumperbot_description/share/bumperbot_description/meshes
[1.887s] -- Up-to-date: /home/aarambh/my_robot_ws/install/bumperbot_description/share/bumperbot_description/meshes/caster_front_link.STL
[1.888s] -- Up-to-date: /home/aarambh/my_robot_ws/install/bumperbot_description/share/bumperbot_description/meshes/caster_rear_link.STL
[1.888s] -- Up-to-date: /home/aarambh/my_robot_ws/install/bumperbot_description/share/bumperbot_description/meshes/wheel_left_link.STL
[1.890s] -- Up-to-date: /home/aarambh/my_robot_ws/install/bumperbot_description/share/bumperbot_description/meshes/base_link.STL
[1.891s] -- Up-to-date: /home/aarambh/my_robot_ws/install/bumperbot_description/share/bumperbot_description/meshes/wheel_right_link.STL
[1.891s] -- Up-to-date: /home/aarambh/my_robot_ws/install/bumperbot_description/share/bumperbot_description/meshes/imu_link.STL
[1.893s] -- Up-to-date: /home/aarambh/my_robot_ws/install/bumperbot_description/share/bumperbot_description/meshes/laser_link.STL
[1.894s] -- Up-to-date: /home/aarambh/my_robot_ws/install/bumperbot_description/share/bumperbot_description/models
[1.903s] -- Up-to-date: /home/aarambh/my_robot_ws/install/bumperbot_description/share/bumperbot_description/models/aws_robomaker_warehouse_ShelfF_01
[1.914s] -- Up-to-date: /home/aarambh/my_robot_ws/install/bumperbot_description/share/bumperbot_description/models/aws_robomaker_warehouse_ShelfF_01/model.sdf
[1.917s] -- Up-to-date: /home/aarambh/my_robot_ws/install/bumperbot_description/share/bumperbot_description/models/aws_robomaker_warehouse_ShelfF_01/materials
[1.932s] -- Up-to-date: /home/aarambh/my_robot_ws/install/bumperbot_description/share/bumperbot_description/models/aws_robomaker_warehouse_ShelfF_01/materials/textures
[1.935s] -- Up-to-date: /home/aarambh/my_robot_ws/install/bumperbot_description/share/bumperbot_description/models/aws_robomaker_warehouse_ShelfF_01/materials/textures/aws_robomaker_warehouse_ShelfF_02.png
[1.939s] -- Up-to-date: /home/aarambh/my_robot_ws/install/bumperbot_description/share/bumperbot_description/models/aws_robomaker_warehouse_ShelfF_01/materials/textures/aws_robomaker_warehouse_ShelfF_01.png
[1.941s] -- Up-to-date: /home/aarambh/my_robot_ws/install/bumperbot_description/share/bumperbot_description/models/aws_robomaker_warehouse_ShelfF_01/materials/textures/aws_robomaker_warehouse_ShelfF_03.png
[1.942s] -- Up-to-date: /home/aarambh/my_robot_ws/install/bumperbot_description/share/bumperbot_description/models/aws_robomaker_warehouse_ShelfF_01/model.config
[1.943s] -- Up-to-date: /home/aarambh/my_robot_ws/install/bumperbot_description/share/bumperbot_description/models/aws_robomaker_warehouse_ShelfF_01/meshes
[1.948s] -- Up-to-date: /home/aarambh/my_robot_ws/install/bumperbot_description/share/bumperbot_description/models/aws_robomaker_warehouse_ShelfF_01/meshes/aws_robomaker_warehouse_ShelfF_01_collision.DAE
[1.978s] -- Up-to-date: /home/aarambh/my_robot_ws/install/bumperbot_description/share/bumperbot_description/models/aws_robomaker_warehouse_ShelfF_01/meshes/aws_robomaker_warehouse_ShelfF_01_visual.DAE
[1.983s] -- Up-to-date: /home/aarambh/my_robot_ws/install/bumperbot_description/share/bumperbot_description/models/aws_robomaker_residential_Vase_01
[1.984s] -- Up-to-date: /home/aarambh/my_robot_ws/install/bumperbot_description/share/bumperbot_description/models/aws_robomaker_residential_Vase_01/model.sdf
[1.986s] -- Up-to-date: /home/aarambh/my_robot_ws/install/bumperbot_description/share/bumperbot_description/models/aws_robomaker_residential_Vase_01/materials
[1.986s] -- Up-to-date: /home/aarambh/my_robot_ws/install/bumperbot_description/share/bumperbot_description/models/aws_robomaker_residential_Vase_01/materials/textures
[1.987s] -- Up-to-date: /home/aarambh/my_robot_ws/install/bumperbot_description/share/bumperbot_description/models/aws_robomaker_residential_Vase_01/materials/textures/aws_Vase_01.png
[1.988s] -- Up-to-date: /home/aarambh/my_robot_ws/install/bumperbot_description/share/bumperbot_description/models/aws_robomaker_residential_Vase_01/model.config
[1.989s] -- Up-to-date: /home/aarambh/my_robot_ws/install/bumperbot_description/share/bumperbot_description/models/aws_robomaker_residential_Vase_01/meshes
[1.989s] -- Up-to-date: /home/aarambh/my_robot_ws/install/bumperbot_description/share/bumperbot_description/models/aws_robomaker_residential_Vase_01/meshes/aws_Vase_01_visual.DAE
[1.990s] -- Up-to-date: /home/aarambh/my_robot_ws/install/bumperbot_description/share/bumperbot_description/models/aws_robomaker_residential_Vase_01/meshes/aws_Vase_01_collision.DAE
[1.991s] -- Up-to-date: /home/aarambh/my_robot_ws/install/bumperbot_description/share/bumperbot_description/models/aws_robomaker_residential_PortraitA_01
[1.991s] -- Up-to-date: /home/aarambh/my_robot_ws/install/bumperbot_description/share/bumperbot_description/models/aws_robomaker_residential_PortraitA_01/model.sdf
[1.992s] -- Up-to-date: /home/aarambh/my_robot_ws/install/bumperbot_description/share/bumperbot_description/models/aws_robomaker_residential_PortraitA_01/materials
[2.013s] -- Up-to-date: /home/aarambh/my_robot_ws/install/bumperbot_description/share/bumperbot_description/models/aws_robomaker_residential_PortraitA_01/materials/textures
[2.025s] -- Up-to-date: /home/aarambh/my_robot_ws/install/bumperbot_description/share/bumperbot_description/models/aws_robomaker_residential_PortraitA_01/materials/textures/aws_PortraitA_01.png
[2.026s] -- Up-to-date: /home/aarambh/my_robot_ws/install/bumperbot_description/share/bumperbot_description/models/aws_robomaker_residential_PortraitA_01/materials/textures/aws_PortraitA_02.png
[2.027s] -- Up-to-date: /home/aarambh/my_robot_ws/install/bumperbot_description/share/bumperbot_description/models/aws_robomaker_residential_PortraitA_01/model.config
[2.028s] -- Up-to-date: /home/aarambh/my_robot_ws/install/bumperbot_description/share/bumperbot_description/models/aws_robomaker_residential_PortraitA_01/meshes
[2.042s] -- Up-to-date: /home/aarambh/my_robot_ws/install/bumperbot_description/share/bumperbot_description/models/aws_robomaker_residential_PortraitA_01/meshes/aws_PortraitA_01_visual.DAE
[2.046s] -- Up-to-date: /home/aarambh/my_robot_ws/install/bumperbot_description/share/bumperbot_description/models/aws_robomaker_residential_PortraitA_01/meshes/aws_PortraitA_01_collision.DAE
[2.048s] -- Up-to-date: /home/aarambh/my_robot_ws/install/bumperbot_description/share/bumperbot_description/models/aws_robomaker_residential_FoldingDoor_02
[2.057s] -- Up-to-date: /home/aarambh/my_robot_ws/install/bumperbot_description/share/bumperbot_description/models/aws_robomaker_residential_FoldingDoor_02/model.sdf
[2.065s] -- Up-to-date: /home/aarambh/my_robot_ws/install/bumperbot_description/share/bumperbot_description/models/aws_robomaker_residential_FoldingDoor_02/materials
[2.069s] -- Up-to-date: /home/aarambh/my_robot_ws/install/bumperbot_description/share/bumperbot_description/models/aws_robomaker_residential_FoldingDoor_02/materials/textures
[2.074s] -- Up-to-date: /home/aarambh/my_robot_ws/install/bumperbot_description/share/bumperbot_description/models/aws_robomaker_residential_FoldingDoor_02/materials/textures/aws_FoldingDoor_02.png
[2.075s] -- Up-to-date: /home/aarambh/my_robot_ws/install/bumperbot_description/share/bumperbot_description/models/aws_robomaker_residential_FoldingDoor_02/model.config
[2.078s] -- Up-to-date: /home/aarambh/my_robot_ws/install/bumperbot_description/share/bumperbot_description/models/aws_robomaker_residential_FoldingDoor_02/meshes
[2.087s] -- Up-to-date: /home/aarambh/my_robot_ws/install/bumperbot_description/share/bumperbot_description/models/aws_robomaker_residential_FoldingDoor_02/meshes/aws_FoldingDoor_02_visual.DAE
[2.088s] -- Up-to-date: /home/aarambh/my_robot_ws/install/bumperbot_description/share/bumperbot_description/models/aws_robomaker_residential_FoldingDoor_02/meshes/aws_FoldingDoor_02_collision.DAE
[2.097s] -- Up-to-date: /home/aarambh/my_robot_ws/install/bumperbot_description/share/bumperbot_description/models/aws_robomaker_residential_PortraitE_01
[2.098s] -- Up-to-date: /home/aarambh/my_robot_ws/install/bumperbot_description/share/bumperbot_description/models/aws_robomaker_residential_PortraitE_01/model.sdf
[2.098s] -- Up-to-date: /home/aarambh/my_robot_ws/install/bumperbot_description/share/bumperbot_description/models/aws_robomaker_residential_PortraitE_01/materials
[2.098s] -- Up-to-date: /home/aarambh/my_robot_ws/install/bumperbot_description/share/bumperbot_description/models/aws_robomaker_residential_PortraitE_01/materials/textures
[2.103s] -- Up-to-date: /home/aarambh/my_robot_ws/install/bumperbot_description/share/bumperbot_description/models/aws_robomaker_residential_PortraitE_01/materials/textures/aws_PortraitE_02.png
[2.104s] -- Up-to-date: /home/aarambh/my_robot_ws/install/bumperbot_description/share/bumperbot_description/models/aws_robomaker_residential_PortraitE_01/materials/textures/aws_PortraitE_01.png
[2.105s] -- Up-to-date: /home/aarambh/my_robot_ws/install/bumperbot_description/share/bumperbot_description/models/aws_robomaker_residential_PortraitE_01/model.config
[2.106s] -- Up-to-date: /home/aarambh/my_robot_ws/install/bumperbot_description/share/bumperbot_description/models/aws_robomaker_residential_PortraitE_01/meshes
[2.126s] -- Up-to-date: /home/aarambh/my_robot_ws/install/bumperbot_description/share/bumperbot_description/models/aws_robomaker_residential_PortraitE_01/meshes/aws_PortraitE_01_collision.DAE
[2.128s] -- Up-to-date: /home/aarambh/my_robot_ws/install/bumperbot_description/share/bumperbot_description/models/aws_robomaker_residential_PortraitE_01/meshes/aws_PortraitE_01_visual.DAE
[2.128s] -- Up-to-date: /home/aarambh/my_robot_ws/install/bumperbot_description/share/bumperbot_description/models/aws_robomaker_residential_TV_01
[2.139s] -- Up-to-date: /home/aarambh/my_robot_ws/install/bumperbot_description/share/bumperbot_description/models/aws_robomaker_residential_TV_01/model.sdf
[2.140s] -- Up-to-date: /home/aarambh/my_robot_ws/install/bumperbot_description/share/bumperbot_description/models/aws_robomaker_residential_TV_01/materials
[2.141s] -- Up-to-date: /home/aarambh/my_robot_ws/install/bumperbot_description/share/bumperbot_description/models/aws_robomaker_residential_TV_01/materials/textures
[2.165s] -- Up-to-date: /home/aarambh/my_robot_ws/install/bumperbot_description/share/bumperbot_description/models/aws_robomaker_residential_TV_01/materials/textures/aws_TV_01.png
[2.165s] -- Up-to-date: /home/aarambh/my_robot_ws/install/bumperbot_description/share/bumperbot_description/models/aws_robomaker_residential_TV_01/model.config
[2.166s] -- Up-to-date: /home/aarambh/my_robot_ws/install/bumperbot_description/share/bumperbot_description/models/aws_robomaker_residential_TV_01/meshes
[2.167s] -- Up-to-date: /home/aarambh/my_robot_ws/install/bumperbot_description/share/bumperbot_description/models/aws_robomaker_residential_TV_01/meshes/aws_TV_01_collision.DAE
[2.167s] -- Up-to-date: /home/aarambh/my_robot_ws/install/bumperbot_description/share/bumperbot_description/models/aws_robomaker_residential_TV_01/meshes/aws_TV_01_visual.DAE
[2.169s] -- Up-to-date: /home/aarambh/my_robot_ws/install/bumperbot_description/share/bumperbot_description/models/aws_robomaker_warehouse_TrashCanC_01
[2.170s] -- Up-to-date: /home/aarambh/my_robot_ws/install/bumperbot_description/share/bumperbot_description/models/aws_robomaker_warehouse_TrashCanC_01/model.sdf
[2.171s] -- Up-to-date: /home/aarambh/my_robot_ws/install/bumperbot_description/share/bumperbot_description/models/aws_robomaker_warehouse_TrashCanC_01/materials
[2.171s] -- Up-to-date: /home/aarambh/my_robot_ws/install/bumperbot_description/share/bumperbot_description/models/aws_robomaker_warehouse_TrashCanC_01/materials/textures
[2.172s] -- Up-to-date: /home/aarambh/my_robot_ws/install/bumperbot_description/share/bumperbot_description/models/aws_robomaker_warehouse_TrashCanC_01/materials/textures/aws_robomaker_warehouse_TrashCanC_01.png
[2.172s] -- Up-to-date: /home/aarambh/my_robot_ws/install/bumperbot_description/share/bumperbot_description/models/aws_robomaker_warehouse_TrashCanC_01/model.config
[2.173s] -- Up-to-date: /home/aarambh/my_robot_ws/install/bumperbot_description/share/bumperbot_description/models/aws_robomaker_warehouse_TrashCanC_01/meshes
[2.174s] -- Up-to-date: /home/aarambh/my_robot_ws/install/bumperbot_description/share/bumperbot_description/models/aws_robomaker_warehouse_TrashCanC_01/meshes/aws_robomaker_warehouse_TrashCanC_01_visual.DAE
[2.174s] -- Up-to-date: /home/aarambh/my_robot_ws/install/bumperbot_description/share/bumperbot_description/models/aws_robomaker_warehouse_TrashCanC_01/meshes/aws_robomaker_warehouse_TrashCanC_01_collision.DAE
[2.187s] -- Up-to-date: /home/aarambh/my_robot_ws/install/bumperbot_description/share/bumperbot_description/models/aws_robomaker_residential_Wardrobe_01
[2.187s] -- Up-to-date: /home/aarambh/my_robot_ws/install/bumperbot_description/share/bumperbot_description/models/aws_robomaker_residential_Wardrobe_01/model.sdf
[2.188s] -- Up-to-date: /home/aarambh/my_robot_ws/install/bumperbot_description/share/bumperbot_description/models/aws_robomaker_residential_Wardrobe_01/materials
[2.191s] -- Up-to-date: /home/aarambh/my_robot_ws/install/bumperbot_description/share/bumperbot_description/models/aws_robomaker_residential_Wardrobe_01/materials/textures
[2.195s] -- Up-to-date: /home/aarambh/my_robot_ws/install/bumperbot_description/share/bumperbot_description/models/aws_robomaker_residential_Wardrobe_01/materials/textures/aws_Wardrobe_01.png
[2.195s] -- Up-to-date: /home/aarambh/my_robot_ws/install/bumperbot_description/share/bumperbot_description/models/aws_robomaker_residential_Wardrobe_01/model.config
[2.196s] -- Up-to-date: /home/aarambh/my_robot_ws/install/bumperbot_description/share/bumperbot_description/models/aws_robomaker_residential_Wardrobe_01/meshes
[2.210s] -- Up-to-date: /home/aarambh/my_robot_ws/install/bumperbot_description/share/bumperbot_description/models/aws_robomaker_residential_Wardrobe_01/meshes/aws_Wardrobe_01_collision.DAE
[2.211s] -- Up-to-date: /home/aarambh/my_robot_ws/install/bumperbot_description/share/bumperbot_description/models/aws_robomaker_residential_Wardrobe_01/meshes/aws_Wardrobe_01_visual.DAE
[2.212s] -- Up-to-date: /home/aarambh/my_robot_ws/install/bumperbot_description/share/bumperbot_description/models/aws_robomaker_residential_SofaB_01
[2.223s] -- Up-to-date: /home/aarambh/my_robot_ws/install/bumperbot_description/share/bumperbot_description/models/aws_robomaker_residential_SofaB_01/model.sdf
[2.223s] -- Up-to-date: /home/aarambh/my_robot_ws/install/bumperbot_description/share/bumperbot_description/models/aws_robomaker_residential_SofaB_01/materials
[2.226s] -- Up-to-date: /home/aarambh/my_robot_ws/install/bumperbot_description/share/bumperbot_description/models/aws_robomaker_residential_SofaB_01/materials/textures
[2.229s] -- Up-to-date: /home/aarambh/my_robot_ws/install/bumperbot_description/share/bumperbot_description/models/aws_robomaker_residential_SofaB_01/materials/textures/aws_SofaB_01.png
[2.236s] -- Up-to-date: /home/aarambh/my_robot_ws/install/bumperbot_description/share/bumperbot_description/models/aws_robomaker_residential_SofaB_01/model.config
[2.237s] -- Up-to-date: /home/aarambh/my_robot_ws/install/bumperbot_description/share/bumperbot_description/models/aws_robomaker_residential_SofaB_01/meshes
[2.246s] -- Up-to-date: /home/aarambh/my_robot_ws/install/bumperbot_description/share/bumperbot_description/models/aws_robomaker_residential_SofaB_01/meshes/aws_SofaB_01_collision.DAE
[2.250s] -- Up-to-date: /home/aarambh/my_robot_ws/install/bumperbot_description/share/bumperbot_description/models/aws_robomaker_residential_SofaB_01/meshes/aws_SofaB_01_visual.DAE
[2.251s] -- Up-to-date: /home/aarambh/my_robot_ws/install/bumperbot_description/share/bumperbot_description/models/aws_robomaker_residential_AirconditionerB_01
[2.254s] -- Up-to-date: /home/aarambh/my_robot_ws/install/bumperbot_description/share/bumperbot_description/models/aws_robomaker_residential_AirconditionerB_01/model.sdf
[2.255s] -- Up-to-date: /home/aarambh/my_robot_ws/install/bumperbot_description/share/bumperbot_description/models/aws_robomaker_residential_AirconditionerB_01/materials
[2.256s] -- Up-to-date: /home/aarambh/my_robot_ws/install/bumperbot_description/share/bumperbot_description/models/aws_robomaker_residential_AirconditionerB_01/materials/textures
[2.267s] -- Up-to-date: /home/aarambh/my_robot_ws/install/bumperbot_description/share/bumperbot_description/models/aws_robomaker_residential_AirconditionerB_01/materials/textures/aws_AirconditionerB_01.png
[2.270s] -- Up-to-date: /home/aarambh/my_robot_ws/install/bumperbot_description/share/bumperbot_description/models/aws_robomaker_residential_AirconditionerB_01/model.config
[2.271s] -- Up-to-date: /home/aarambh/my_robot_ws/install/bumperbot_description/share/bumperbot_description/models/aws_robomaker_residential_AirconditionerB_01/meshes
[2.277s] -- Up-to-date: /home/aarambh/my_robot_ws/install/bumperbot_description/share/bumperbot_description/models/aws_robomaker_residential_AirconditionerB_01/meshes/aws_AirconditionerB_01_visual.DAE
[2.278s] -- Up-to-date: /home/aarambh/my_robot_ws/install/bumperbot_description/share/bumperbot_description/models/aws_robomaker_residential_AirconditionerB_01/meshes/aws_AirconditionerB_01_collision.DAE
[2.284s] -- Up-to-date: /home/aarambh/my_robot_ws/install/bumperbot_description/share/bumperbot_description/models/aws_robomaker_residential_DeskPortraitD_01
[2.288s] -- Up-to-date: /home/aarambh/my_robot_ws/install/bumperbot_description/share/bumperbot_description/models/aws_robomaker_residential_DeskPortraitD_01/model.sdf
[2.289s] -- Up-to-date: /home/aarambh/my_robot_ws/install/bumperbot_description/share/bumperbot_description/models/aws_robomaker_residential_DeskPortraitD_01/materials
[2.290s] -- Up-to-date: /home/aarambh/my_robot_ws/install/bumperbot_description/share/bumperbot_description/models/aws_robomaker_residential_DeskPortraitD_01/materials/textures
[2.291s] -- Up-to-date: /home/aarambh/my_robot_ws/install/bumperbot_description/share/bumperbot_description/models/aws_robomaker_residential_DeskPortraitD_01/materials/textures/aws_DeskPortraitD_01.png
[2.291s] -- Up-to-date: /home/aarambh/my_robot_ws/install/bumperbot_description/share/bumperbot_description/models/aws_robomaker_residential_DeskPortraitD_01/materials/textures/aws_DeskPortraitD_02.png
[2.300s] -- Up-to-date: /home/aarambh/my_robot_ws/install/bumperbot_description/share/bumperbot_description/models/aws_robomaker_residential_DeskPortraitD_01/model.config
[2.300s] -- Up-to-date: /home/aarambh/my_robot_ws/install/bumperbot_description/share/bumperbot_description/models/aws_robomaker_residential_DeskPortraitD_01/meshes
[2.301s] -- Up-to-date: /home/aarambh/my_robot_ws/install/bumperbot_description/share/bumperbot_description/models/aws_robomaker_residential_DeskPortraitD_01/meshes/aws_DeskPortraitD_01_collision.DAE
[2.302s] -- Up-to-date: /home/aarambh/my_robot_ws/install/bumperbot_description/share/bumperbot_description/models/aws_robomaker_residential_DeskPortraitD_01/meshes/aws_DeskPortraitD_01_visual.DAE
[2.303s] -- Up-to-date: /home/aarambh/my_robot_ws/install/bumperbot_description/share/bumperbot_description/models/aws_robomaker_residential_ShoeRack_01
[2.304s] -- Up-to-date: /home/aarambh/my_robot_ws/install/bumperbot_description/share/bumperbot_description/models/aws_robomaker_residential_ShoeRack_01/model.sdf
[2.308s] -- Up-to-date: /home/aarambh/my_robot_ws/install/bumperbot_description/share/bumperbot_description/models/aws_robomaker_residential_ShoeRack_01/materials
[2.309s] -- Up-to-date: /home/aarambh/my_robot_ws/install/bumperbot_description/share/bumperbot_description/models/aws_robomaker_residential_ShoeRack_01/materials/textures
[2.310s] -- Up-to-date: /home/aarambh/my_robot_ws/install/bumperbot_description/share/bumperbot_description/models/aws_robomaker_residential_ShoeRack_01/materials/textures/aws_ShoeRack_01.png
[2.310s] -- Up-to-date: /home/aarambh/my_robot_ws/install/bumperbot_description/share/bumperbot_description/models/aws_robomaker_residential_ShoeRack_01/model.config
[2.311s] -- Up-to-date: /home/aarambh/my_robot_ws/install/bumperbot_description/share/bumperbot_description/models/aws_robomaker_residential_ShoeRack_01/meshes
[2.312s] -- Up-to-date: /home/aarambh/my_robot_ws/install/bumperbot_description/share/bumperbot_description/models/aws_robomaker_residential_ShoeRack_01/meshes/aws_ShoeRack_01_visual.DAE
[2.317s] -- Up-to-date: /home/aarambh/my_robot_ws/install/bumperbot_description/share/bumperbot_description/models/aws_robomaker_residential_ShoeRack_01/meshes/aws_ShoeRack_01_collision.DAE
[2.327s] -- Up-to-date: /home/aarambh/my_robot_ws/install/bumperbot_description/share/bumperbot_description/models/aws_robomaker_residential_RoomWindow_01
[2.327s] -- Up-to-date: /home/aarambh/my_robot_ws/install/bumperbot_description/share/bumperbot_description/models/aws_robomaker_residential_RoomWindow_01/model.sdf
[2.328s] -- Up-to-date: /home/aarambh/my_robot_ws/install/bumperbot_description/share/bumperbot_description/models/aws_robomaker_residential_RoomWindow_01/materials
[2.331s] -- Up-to-date: /home/aarambh/my_robot_ws/install/bumperbot_description/share/bumperbot_description/models/aws_robomaker_residential_RoomWindow_01/materials/textures
[2.332s] -- Up-to-date: /home/aarambh/my_robot_ws/install/bumperbot_description/share/bumperbot_description/models/aws_robomaker_residential_RoomWindow_01/materials/textures/aws_RoomWindow_01.png
[2.332s] -- Up-to-date: /home/aarambh/my_robot_ws/install/bumperbot_description/share/bumperbot_description/models/aws_robomaker_residential_RoomWindow_01/model.config
[2.333s] -- Up-to-date: /home/aarambh/my_robot_ws/install/bumperbot_description/share/bumperbot_description/models/aws_robomaker_residential_RoomWindow_01/meshes
[2.333s] -- Up-to-date: /home/aarambh/my_robot_ws/install/bumperbot_description/share/bumperbot_description/models/aws_robomaker_residential_RoomWindow_01/meshes/aws_RoomWindow_01_collision.DAE
[2.334s] -- Up-to-date: /home/aarambh/my_robot_ws/install/bumperbot_description/share/bumperbot_description/models/aws_robomaker_residential_RoomWindow_01/meshes/aws_RoomWindow_01_visual.DAE
[2.334s] -- Up-to-date: /home/aarambh/my_robot_ws/install/bumperbot_description/share/bumperbot_description/models/aws_robomaker_residential_Pillow_01
[2.337s] -- Up-to-date: /home/aarambh/my_robot_ws/install/bumperbot_description/share/bumperbot_description/models/aws_robomaker_residential_Pillow_01/model.sdf
[2.337s] -- Up-to-date: /home/aarambh/my_robot_ws/install/bumperbot_description/share/bumperbot_description/models/aws_robomaker_residential_Pillow_01/materials
[2.338s] -- Up-to-date: /home/aarambh/my_robot_ws/install/bumperbot_description/share/bumperbot_description/models/aws_robomaker_residential_Pillow_01/materials/textures
[2.339s] -- Up-to-date: /home/aarambh/my_robot_ws/install/bumperbot_description/share/bumperbot_description/models/aws_robomaker_residential_Pillow_01/materials/textures/aws_Pillow_01.png
[2.340s] -- Up-to-date: /home/aarambh/my_robot_ws/install/bumperbot_description/share/bumperbot_description/models/aws_robomaker_residential_Pillow_01/model.config
[2.345s] -- Up-to-date: /home/aarambh/my_robot_ws/install/bumperbot_description/share/bumperbot_description/models/aws_robomaker_residential_Pillow_01/meshes
[2.345s] -- Up-to-date: /home/aarambh/my_robot_ws/install/bumperbot_description/share/bumperbot_description/models/aws_robomaker_residential_Pillow_01/meshes/aws_Pillow_01_visual.DAE
[2.346s] -- Up-to-date: /home/aarambh/my_robot_ws/install/bumperbot_description/share/bumperbot_description/models/aws_robomaker_residential_Pillow_01/meshes/aws_Pillow_01_collision.DAE
[2.347s] -- Up-to-date: /home/aarambh/my_robot_ws/install/bumperbot_description/share/bumperbot_description/models/aws_robomaker_warehouse_ClutteringC_01
[2.348s] -- Up-to-date: /home/aarambh/my_robot_ws/install/bumperbot_description/share/bumperbot_description/models/aws_robomaker_warehouse_ClutteringC_01/model.sdf
[2.350s] -- Up-to-date: /home/aarambh/my_robot_ws/install/bumperbot_description/share/bumperbot_description/models/aws_robomaker_warehouse_ClutteringC_01/materials
[2.351s] -- Up-to-date: /home/aarambh/my_robot_ws/install/bumperbot_description/share/bumperbot_description/models/aws_robomaker_warehouse_ClutteringC_01/materials/textures
[2.351s] -- Up-to-date: /home/aarambh/my_robot_ws/install/bumperbot_description/share/bumperbot_description/models/aws_robomaker_warehouse_ClutteringC_01/materials/textures/aws_robomaker_warehouse_ClutteringC_02.png
[2.355s] -- Up-to-date: /home/aarambh/my_robot_ws/install/bumperbot_description/share/bumperbot_description/models/aws_robomaker_warehouse_ClutteringC_01/materials/textures/aws_robomaker_warehouse_ClutteringC_01.png
[2.355s] -- Up-to-date: /home/aarambh/my_robot_ws/install/bumperbot_description/share/bumperbot_description/models/aws_robomaker_warehouse_ClutteringC_01/model.config
[2.356s] -- Up-to-date: /home/aarambh/my_robot_ws/install/bumperbot_description/share/bumperbot_description/models/aws_robomaker_warehouse_ClutteringC_01/meshes
[2.361s] -- Up-to-date: /home/aarambh/my_robot_ws/install/bumperbot_description/share/bumperbot_description/models/aws_robomaker_warehouse_ClutteringC_01/meshes/aws_robomaker_warehouse_ClutteringC_01_visual.DAE
[2.362s] -- Up-to-date: /home/aarambh/my_robot_ws/install/bumperbot_description/share/bumperbot_description/models/aws_robomaker_warehouse_ClutteringC_01/meshes/aws_robomaker_warehouse_ClutteringC_01_collision.DAE
[2.362s] -- Up-to-date: /home/aarambh/my_robot_ws/install/bumperbot_description/share/bumperbot_description/models/aws_robomaker_residential_Carpet_01
[2.363s] -- Up-to-date: /home/aarambh/my_robot_ws/install/bumperbot_description/share/bumperbot_description/models/aws_robomaker_residential_Carpet_01/model.sdf
[2.363s] -- Up-to-date: /home/aarambh/my_robot_ws/install/bumperbot_description/share/bumperbot_description/models/aws_robomaker_residential_Carpet_01/materials
[2.364s] -- Up-to-date: /home/aarambh/my_robot_ws/install/bumperbot_description/share/bumperbot_description/models/aws_robomaker_residential_Carpet_01/materials/textures
[2.365s] -- Up-to-date: /home/aarambh/my_robot_ws/install/bumperbot_description/share/bumperbot_description/models/aws_robomaker_residential_Carpet_01/materials/textures/aws_Carpet_01.png
[2.366s] -- Up-to-date: /home/aarambh/my_robot_ws/install/bumperbot_description/share/bumperbot_description/models/aws_robomaker_residential_Carpet_01/model.config
[2.366s] -- Up-to-date: /home/aarambh/my_robot_ws/install/bumperbot_description/share/bumperbot_description/models/aws_robomaker_residential_Carpet_01/meshes
[2.367s] -- Up-to-date: /home/aarambh/my_robot_ws/install/bumperbot_description/share/bumperbot_description/models/aws_robomaker_residential_Carpet_01/meshes/aws_Carpet_01_collision.DAE
[2.368s] -- Up-to-date: /home/aarambh/my_robot_ws/install/bumperbot_description/share/bumperbot_description/models/aws_robomaker_residential_Carpet_01/meshes/aws_Carpet_01_visual.DAE
[2.368s] -- Up-to-date: /home/aarambh/my_robot_ws/install/bumperbot_description/share/bumperbot_description/models/aws_robomaker_residential_DeskPortraitC_01
[2.369s] -- Up-to-date: /home/aarambh/my_robot_ws/install/bumperbot_description/share/bumperbot_description/models/aws_robomaker_residential_DeskPortraitC_01/model.sdf
[2.369s] -- Up-to-date: /home/aarambh/my_robot_ws/install/bumperbot_description/share/bumperbot_description/models/aws_robomaker_residential_DeskPortraitC_01/materials
[2.370s] -- Up-to-date: /home/aarambh/my_robot_ws/install/bumperbot_description/share/bumperbot_description/models/aws_robomaker_residential_DeskPortraitC_01/materials/textures
[2.371s] -- Up-to-date: /home/aarambh/my_robot_ws/install/bumperbot_description/share/bumperbot_description/models/aws_robomaker_residential_DeskPortraitC_01/materials/textures/aws_DeskPortraitC_02.png
[2.372s] -- Up-to-date: /home/aarambh/my_robot_ws/install/bumperbot_description/share/bumperbot_description/models/aws_robomaker_residential_DeskPortraitC_01/materials/textures/aws_DeskPortraitC_01.png
[2.372s] -- Up-to-date: /home/aarambh/my_robot_ws/install/bumperbot_description/share/bumperbot_description/models/aws_robomaker_residential_DeskPortraitC_01/model.config
[2.373s] -- Up-to-date: /home/aarambh/my_robot_ws/install/bumperbot_description/share/bumperbot_description/models/aws_robomaker_residential_DeskPortraitC_01/meshes
[2.373s] -- Up-to-date: /home/aarambh/my_robot_ws/install/bumperbot_description/share/bumperbot_description/models/aws_robomaker_residential_DeskPortraitC_01/meshes/aws_DeskPortraitC_01_collision.DAE
[2.374s] -- Up-to-date: /home/aarambh/my_robot_ws/install/bumperbot_description/share/bumperbot_description/models/aws_robomaker_residential_DeskPortraitC_01/meshes/aws_DeskPortraitC_01_visual.DAE
[2.375s] -- Up-to-date: /home/aarambh/my_robot_ws/install/bumperbot_description/share/bumperbot_description/models/aws_robomaker_residential_SeasoningBox_01
[2.375s] -- Up-to-date: /home/aarambh/my_robot_ws/install/bumperbot_description/share/bumperbot_description/models/aws_robomaker_residential_SeasoningBox_01/model.sdf
[2.376s] -- Up-to-date: /home/aarambh/my_robot_ws/install/bumperbot_description/share/bumperbot_description/models/aws_robomaker_residential_SeasoningBox_01/materials
[2.377s] -- Up-to-date: /home/aarambh/my_robot_ws/install/bumperbot_description/share/bumperbot_description/models/aws_robomaker_residential_SeasoningBox_01/materials/textures
[2.378s] -- Up-to-date: /home/aarambh/my_robot_ws/install/bumperbot_description/share/bumperbot_description/models/aws_robomaker_residential_SeasoningBox_01/materials/textures/aws_SeasoningBox_01.png
[2.379s] -- Up-to-date: /home/aarambh/my_robot_ws/install/bumperbot_description/share/bumperbot_description/models/aws_robomaker_residential_SeasoningBox_01/model.config
[2.380s] -- Up-to-date: /home/aarambh/my_robot_ws/install/bumperbot_description/share/bumperbot_description/models/aws_robomaker_residential_SeasoningBox_01/meshes
[2.381s] -- Up-to-date: /home/aarambh/my_robot_ws/install/bumperbot_description/share/bumperbot_description/models/aws_robomaker_residential_SeasoningBox_01/meshes/aws_SeasoningBox_01_visual.DAE
[2.381s] -- Up-to-date: /home/aarambh/my_robot_ws/install/bumperbot_description/share/bumperbot_description/models/aws_robomaker_residential_SeasoningBox_01/meshes/aws_SeasoningBox_01_collision.DAE
[2.383s] -- Up-to-date: /home/aarambh/my_robot_ws/install/bumperbot_description/share/bumperbot_description/models/aws_robomaker_residential_Refrigerator_01
[2.383s] -- Up-to-date: /home/aarambh/my_robot_ws/install/bumperbot_description/share/bumperbot_description/models/aws_robomaker_residential_Refrigerator_01/model.sdf
[2.384s] -- Up-to-date: /home/aarambh/my_robot_ws/install/bumperbot_description/share/bumperbot_description/models/aws_robomaker_residential_Refrigerator_01/materials
[2.385s] -- Up-to-date: /home/aarambh/my_robot_ws/install/bumperbot_description/share/bumperbot_description/models/aws_robomaker_residential_Refrigerator_01/materials/textures
[2.386s] -- Up-to-date: /home/aarambh/my_robot_ws/install/bumperbot_description/share/bumperbot_description/models/aws_robomaker_residential_Refrigerator_01/materials/textures/aws_Refrigerator_01.png
[2.387s] -- Up-to-date: /home/aarambh/my_robot_ws/install/bumperbot_description/share/bumperbot_description/models/aws_robomaker_residential_Refrigerator_01/materials/textures/aws_Refrigerator_02.png
[2.388s] -- Up-to-date: /home/aarambh/my_robot_ws/install/bumperbot_description/share/bumperbot_description/models/aws_robomaker_residential_Refrigerator_01/model.config
[2.389s] -- Up-to-date: /home/aarambh/my_robot_ws/install/bumperbot_description/share/bumperbot_description/models/aws_robomaker_residential_Refrigerator_01/meshes
[2.391s] -- Up-to-date: /home/aarambh/my_robot_ws/install/bumperbot_description/share/bumperbot_description/models/aws_robomaker_residential_Refrigerator_01/meshes/aws_Refrigerator_01_visual.DAE
[2.392s] -- Up-to-date: /home/aarambh/my_robot_ws/install/bumperbot_description/share/bumperbot_description/models/aws_robomaker_residential_Refrigerator_01/meshes/aws_Refrigerator_01.DAE
[2.393s] -- Up-to-date: /home/aarambh/my_robot_ws/install/bumperbot_description/share/bumperbot_description/models/aws_robomaker_residential_Refrigerator_01/meshes/aws_Refrigerator_01_collision.DAE
[2.394s] -- Up-to-date: /home/aarambh/my_robot_ws/install/bumperbot_description/share/bumperbot_description/models/aws_robomaker_residential_SofaC_01
[2.394s] -- Up-to-date: /home/aarambh/my_robot_ws/install/bumperbot_description/share/bumperbot_description/models/aws_robomaker_residential_SofaC_01/model.sdf
[2.395s] -- Up-to-date: /home/aarambh/my_robot_ws/install/bumperbot_description/share/bumperbot_description/models/aws_robomaker_residential_SofaC_01/materials
[2.395s] -- Up-to-date: /home/aarambh/my_robot_ws/install/bumperbot_description/share/bumperbot_description/models/aws_robomaker_residential_SofaC_01/materials/textures
[2.396s] -- Up-to-date: /home/aarambh/my_robot_ws/install/bumperbot_description/share/bumperbot_description/models/aws_robomaker_residential_SofaC_01/materials/textures/aws_SofaC_01.png
[2.396s] -- Up-to-date: /home/aarambh/my_robot_ws/install/bumperbot_description/share/bumperbot_description/models/aws_robomaker_residential_SofaC_01/model.config
[2.397s] -- Up-to-date: /home/aarambh/my_robot_ws/install/bumperbot_description/share/bumperbot_description/models/aws_robomaker_residential_SofaC_01/meshes
[2.398s] -- Up-to-date: /home/aarambh/my_robot_ws/install/bumperbot_description/share/bumperbot_description/models/aws_robomaker_residential_SofaC_01/meshes/aws_SofaC_01_collision.DAE
[2.399s] -- Up-to-date: /home/aarambh/my_robot_ws/install/bumperbot_description/share/bumperbot_description/models/aws_robomaker_residential_SofaC_01/meshes/aws_SofaC_01_visual.DAE
[2.400s] -- Up-to-date: /home/aarambh/my_robot_ws/install/bumperbot_description/share/bumperbot_description/models/aws_robomaker_residential_AirconditionerA_01
[2.401s] -- Up-to-date: /home/aarambh/my_robot_ws/install/bumperbot_description/share/bumperbot_description/models/aws_robomaker_residential_AirconditionerA_01/model.sdf
[2.401s] -- Up-to-date: /home/aarambh/my_robot_ws/install/bumperbot_description/share/bumperbot_description/models/aws_robomaker_residential_AirconditionerA_01/materials
[2.402s] -- Up-to-date: /home/aarambh/my_robot_ws/install/bumperbot_description/share/bumperbot_description/models/aws_robomaker_residential_AirconditionerA_01/materials/textures
[2.405s] -- Up-to-date: /home/aarambh/my_robot_ws/install/bumperbot_description/share/bumperbot_description/models/aws_robomaker_residential_AirconditionerA_01/materials/textures/aws_AirconditionerA_01.png
[2.406s] -- Up-to-date: /home/aarambh/my_robot_ws/install/bumperbot_description/share/bumperbot_description/models/aws_robomaker_residential_AirconditionerA_01/model.config
[2.407s] -- Up-to-date: /home/aarambh/my_robot_ws/install/bumperbot_description/share/bumperbot_description/models/aws_robomaker_residential_AirconditionerA_01/meshes
[2.409s] -- Up-to-date: /home/aarambh/my_robot_ws/install/bumperbot_description/share/bumperbot_description/models/aws_robomaker_residential_AirconditionerA_01/meshes/aws_AirconditionerA_01_collision.DAE
[2.410s] -- Up-to-date: /home/aarambh/my_robot_ws/install/bumperbot_description/share/bumperbot_description/models/aws_robomaker_residential_AirconditionerA_01/meshes/aws_AirconditionerA_01_visual.DAE
[2.412s] -- Up-to-date: /home/aarambh/my_robot_ws/install/bumperbot_description/share/bumperbot_description/models/aws_robomaker_residential_AirconditionerA_01/meshes/aws__Air conditioner_01.DAE
[2.414s] -- Up-to-date: /home/aarambh/my_robot_ws/install/bumperbot_description/share/bumperbot_description/models/aws_robomaker_residential_ChairA_01
[2.415s] -- Up-to-date: /home/aarambh/my_robot_ws/install/bumperbot_description/share/bumperbot_description/models/aws_robomaker_residential_ChairA_01/model.sdf
[2.416s] -- Up-to-date: /home/aarambh/my_robot_ws/install/bumperbot_description/share/bumperbot_description/models/aws_robomaker_residential_ChairA_01/materials
[2.418s] -- Up-to-date: /home/aarambh/my_robot_ws/install/bumperbot_description/share/bumperbot_description/models/aws_robomaker_residential_ChairA_01/materials/textures
[2.427s] -- Up-to-date: /home/aarambh/my_robot_ws/install/bumperbot_description/share/bumperbot_description/models/aws_robomaker_residential_ChairA_01/materials/textures/aws_ChairA_01.png
[2.431s] -- Up-to-date: /home/aarambh/my_robot_ws/install/bumperbot_description/share/bumperbot_description/models/aws_robomaker_residential_ChairA_01/model.config
[2.433s] -- Up-to-date: /home/aarambh/my_robot_ws/install/bumperbot_description/share/bumperbot_description/models/aws_robomaker_residential_ChairA_01/meshes
[2.436s] -- Up-to-date: /home/aarambh/my_robot_ws/install/bumperbot_description/share/bumperbot_description/models/aws_robomaker_residential_ChairA_01/meshes/aws_ChairA_01_visual.DAE
[2.438s] -- Up-to-date: /home/aarambh/my_robot_ws/install/bumperbot_description/share/bumperbot_description/models/aws_robomaker_residential_ChairA_01/meshes/aws_ChairA_01_collision.DAE
[2.440s] -- Up-to-date: /home/aarambh/my_robot_ws/install/bumperbot_description/share/bumperbot_description/models/aws_robomaker_residential_DeskPortraitB_01
[2.443s] -- Up-to-date: /home/aarambh/my_robot_ws/install/bumperbot_description/share/bumperbot_description/models/aws_robomaker_residential_DeskPortraitB_01/model.sdf
[2.444s] -- Up-to-date: /home/aarambh/my_robot_ws/install/bumperbot_description/share/bumperbot_description/models/aws_robomaker_residential_DeskPortraitB_01/materials
[2.447s] -- Up-to-date: /home/aarambh/my_robot_ws/install/bumperbot_description/share/bumperbot_description/models/aws_robomaker_residential_DeskPortraitB_01/materials/textures
[2.451s] -- Up-to-date: /home/aarambh/my_robot_ws/install/bumperbot_description/share/bumperbot_description/models/aws_robomaker_residential_DeskPortraitB_01/materials/textures/aws_DeskPortraitB_02.png
[2.456s] -- Up-to-date: /home/aarambh/my_robot_ws/install/bumperbot_description/share/bumperbot_description/models/aws_robomaker_residential_DeskPortraitB_01/materials/textures/aws_DeskPortraitB_01.png
[2.457s] -- Up-to-date: /home/aarambh/my_robot_ws/install/bumperbot_description/share/bumperbot_description/models/aws_robomaker_residential_DeskPortraitB_01/model.config
[2.458s] -- Up-to-date: /home/aarambh/my_robot_ws/install/bumperbot_description/share/bumperbot_description/models/aws_robomaker_residential_DeskPortraitB_01/meshes
[2.462s] -- Up-to-date: /home/aarambh/my_robot_ws/install/bumperbot_description/share/bumperbot_description/models/aws_robomaker_residential_DeskPortraitB_01/meshes/aws_DeskPortraitB_01_visual.DAE
[2.462s] -- Up-to-date: /home/aarambh/my_robot_ws/install/bumperbot_description/share/bumperbot_description/models/aws_robomaker_residential_DeskPortraitB_01/meshes/aws_DeskPortraitB_01_collision.DAE
[2.463s] -- Up-to-date: /home/aarambh/my_robot_ws/install/bumperbot_description/share/bumperbot_description/models/aws_robomaker_residential_FloorB_01
[2.468s] -- Up-to-date: /home/aarambh/my_robot_ws/install/bumperbot_description/share/bumperbot_description/models/aws_robomaker_residential_FloorB_01/model.sdf
[2.468s] -- Up-to-date: /home/aarambh/my_robot_ws/install/bumperbot_description/share/bumperbot_description/models/aws_robomaker_residential_FloorB_01/materials
[2.471s] -- Up-to-date: /home/aarambh/my_robot_ws/install/bumperbot_description/share/bumperbot_description/models/aws_robomaker_residential_FloorB_01/materials/textures
[2.474s] -- Up-to-date: /home/aarambh/my_robot_ws/install/bumperbot_description/share/bumperbot_description/models/aws_robomaker_residential_FloorB_01/materials/textures/aws_FloorB_01.png
[2.475s] -- Up-to-date: /home/aarambh/my_robot_ws/install/bumperbot_description/share/bumperbot_description/models/aws_robomaker_residential_FloorB_01/model.config
[2.477s] -- Up-to-date: /home/aarambh/my_robot_ws/install/bumperbot_description/share/bumperbot_description/models/aws_robomaker_residential_FloorB_01/meshes
[2.481s] -- Up-to-date: /home/aarambh/my_robot_ws/install/bumperbot_description/share/bumperbot_description/models/aws_robomaker_residential_FloorB_01/meshes/aws_FloorB_01_collision.DAE
[2.481s] -- Up-to-date: /home/aarambh/my_robot_ws/install/bumperbot_description/share/bumperbot_description/models/aws_robomaker_residential_FloorB_01/meshes/aws_FloorB_01_visual.DAE
[2.483s] -- Up-to-date: /home/aarambh/my_robot_ws/install/bumperbot_description/share/bumperbot_description/models/aws_robomaker_residential_RoomCeiling_01
[2.487s] -- Up-to-date: /home/aarambh/my_robot_ws/install/bumperbot_description/share/bumperbot_description/models/aws_robomaker_residential_RoomCeiling_01/model.sdf
[2.488s] -- Up-to-date: /home/aarambh/my_robot_ws/install/bumperbot_description/share/bumperbot_description/models/aws_robomaker_residential_RoomCeiling_01/materials
[2.490s] -- Up-to-date: /home/aarambh/my_robot_ws/install/bumperbot_description/share/bumperbot_description/models/aws_robomaker_residential_RoomCeiling_01/materials/textures
[2.493s] -- Up-to-date: /home/aarambh/my_robot_ws/install/bumperbot_description/share/bumperbot_description/models/aws_robomaker_residential_RoomCeiling_01/materials/textures/aws_RoomCeiling_01.png
[2.493s] -- Up-to-date: /home/aarambh/my_robot_ws/install/bumperbot_description/share/bumperbot_description/models/aws_robomaker_residential_RoomCeiling_01/model.config
[2.494s] -- Up-to-date: /home/aarambh/my_robot_ws/install/bumperbot_description/share/bumperbot_description/models/aws_robomaker_residential_RoomCeiling_01/meshes
[2.495s] -- Up-to-date: /home/aarambh/my_robot_ws/install/bumperbot_description/share/bumperbot_description/models/aws_robomaker_residential_RoomCeiling_01/meshes/aws_RoomCeiling_01_collision.DAE
[2.501s] -- Up-to-date: /home/aarambh/my_robot_ws/install/bumperbot_description/share/bumperbot_description/models/aws_robomaker_residential_RoomCeiling_01/meshes/aws_RoomCeiling_01_visual.DAE
[2.502s] -- Up-to-date: /home/aarambh/my_robot_ws/install/bumperbot_description/share/bumperbot_description/models/aws_robomaker_warehouse_Bucket_01
[2.503s] -- Up-to-date: /home/aarambh/my_robot_ws/install/bumperbot_description/share/bumperbot_description/models/aws_robomaker_warehouse_Bucket_01/model.sdf
[2.503s] -- Up-to-date: /home/aarambh/my_robot_ws/install/bumperbot_description/share/bumperbot_description/models/aws_robomaker_warehouse_Bucket_01/materials
[2.512s] -- Up-to-date: /home/aarambh/my_robot_ws/install/bumperbot_description/share/bumperbot_description/models/aws_robomaker_warehouse_Bucket_01/materials/.DS_Store
[2.513s] -- Up-to-date: /home/aarambh/my_robot_ws/install/bumperbot_description/share/bumperbot_description/models/aws_robomaker_warehouse_Bucket_01/materials/textures
[2.514s] -- Up-to-date: /home/aarambh/my_robot_ws/install/bumperbot_description/share/bumperbot_description/models/aws_robomaker_warehouse_Bucket_01/materials/textures/aws_robomaker_warehouse_Bucket_01.png
[2.514s] -- Up-to-date: /home/aarambh/my_robot_ws/install/bumperbot_description/share/bumperbot_description/models/aws_robomaker_warehouse_Bucket_01/.DS_Store
[2.515s] -- Up-to-date: /home/aarambh/my_robot_ws/install/bumperbot_description/share/bumperbot_description/models/aws_robomaker_warehouse_Bucket_01/model.config
[2.516s] -- Up-to-date: /home/aarambh/my_robot_ws/install/bumperbot_description/share/bumperbot_description/models/aws_robomaker_warehouse_Bucket_01/meshes
[2.516s] -- Up-to-date: /home/aarambh/my_robot_ws/install/bumperbot_description/share/bumperbot_description/models/aws_robomaker_warehouse_Bucket_01/meshes/aws_robomaker_warehouse_Bucket_01_visual.DAE
[2.517s] -- Up-to-date: /home/aarambh/my_robot_ws/install/bumperbot_description/share/bumperbot_description/models/aws_robomaker_warehouse_Bucket_01/meshes/aws_robomaker_warehouse_Bucket_01_collision.DAE
[2.518s] -- Up-to-date: /home/aarambh/my_robot_ws/install/bumperbot_description/share/bumperbot_description/models/aws_robomaker_residential_PortraitD_01
[2.519s] -- Up-to-date: /home/aarambh/my_robot_ws/install/bumperbot_description/share/bumperbot_description/models/aws_robomaker_residential_PortraitD_01/model.sdf
[2.519s] -- Up-to-date: /home/aarambh/my_robot_ws/install/bumperbot_description/share/bumperbot_description/models/aws_robomaker_residential_PortraitD_01/materials
[2.520s] -- Up-to-date: /home/aarambh/my_robot_ws/install/bumperbot_description/share/bumperbot_description/models/aws_robomaker_residential_PortraitD_01/materials/textures
[2.524s] -- Up-to-date: /home/aarambh/my_robot_ws/install/bumperbot_description/share/bumperbot_description/models/aws_robomaker_residential_PortraitD_01/materials/textures/aws_PortraitD_01.png
[2.525s] -- Up-to-date: /home/aarambh/my_robot_ws/install/bumperbot_description/share/bumperbot_description/models/aws_robomaker_residential_PortraitD_01/materials/textures/aws_PortraitD_02.png
[2.526s] -- Up-to-date: /home/aarambh/my_robot_ws/install/bumperbot_description/share/bumperbot_description/models/aws_robomaker_residential_PortraitD_01/model.config
[2.526s] -- Up-to-date: /home/aarambh/my_robot_ws/install/bumperbot_description/share/bumperbot_description/models/aws_robomaker_residential_PortraitD_01/meshes
[2.533s] -- Up-to-date: /home/aarambh/my_robot_ws/install/bumperbot_description/share/bumperbot_description/models/aws_robomaker_residential_PortraitD_01/meshes/aws_PortraitD_01_visual.DAE
[2.534s] -- Up-to-date: /home/aarambh/my_robot_ws/install/bumperbot_description/share/bumperbot_description/models/aws_robomaker_residential_PortraitD_01/meshes/aws_PortraitD_01_collision.DAE
[2.534s] -- Up-to-date: /home/aarambh/my_robot_ws/install/bumperbot_description/share/bumperbot_description/models/aws_robomaker_residential_TVCabinet_01
[2.536s] -- Up-to-date: /home/aarambh/my_robot_ws/install/bumperbot_description/share/bumperbot_description/models/aws_robomaker_residential_TVCabinet_01/model.sdf
[2.537s] -- Up-to-date: /home/aarambh/my_robot_ws/install/bumperbot_description/share/bumperbot_description/models/aws_robomaker_residential_TVCabinet_01/materials
[2.539s] -- Up-to-date: /home/aarambh/my_robot_ws/install/bumperbot_description/share/bumperbot_description/models/aws_robomaker_residential_TVCabinet_01/materials/textures
[2.540s] -- Up-to-date: /home/aarambh/my_robot_ws/install/bumperbot_description/share/bumperbot_description/models/aws_robomaker_residential_TVCabinet_01/materials/textures/aws_TVCabinet_01.png
[2.541s] -- Up-to-date: /home/aarambh/my_robot_ws/install/bumperbot_description/share/bumperbot_description/models/aws_robomaker_residential_TVCabinet_01/model.config
[2.542s] -- Up-to-date: /home/aarambh/my_robot_ws/install/bumperbot_description/share/bumperbot_description/models/aws_robomaker_residential_TVCabinet_01/meshes
[2.554s] -- Up-to-date: /home/aarambh/my_robot_ws/install/bumperbot_description/share/bumperbot_description/models/aws_robomaker_residential_TVCabinet_01/meshes/aws_TVCabinet_01_visual.DAE
[2.555s] -- Up-to-date: /home/aarambh/my_robot_ws/install/bumperbot_description/share/bumperbot_description/models/aws_robomaker_residential_TVCabinet_01/meshes/aws_TVCabinet_01_collision.DAE
[2.556s] -- Up-to-date: /home/aarambh/my_robot_ws/install/bumperbot_description/share/bumperbot_description/models/aws_robomaker_residential_DeskPortraitA_01
[2.557s] -- Up-to-date: /home/aarambh/my_robot_ws/install/bumperbot_description/share/bumperbot_description/models/aws_robomaker_residential_DeskPortraitA_01/model.sdf
[2.558s] -- Up-to-date: /home/aarambh/my_robot_ws/install/bumperbot_description/share/bumperbot_description/models/aws_robomaker_residential_DeskPortraitA_01/materials
[2.560s] -- Up-to-date: /home/aarambh/my_robot_ws/install/bumperbot_description/share/bumperbot_description/models/aws_robomaker_residential_DeskPortraitA_01/materials/textures
[2.562s] -- Up-to-date: /home/aarambh/my_robot_ws/install/bumperbot_description/share/bumperbot_description/models/aws_robomaker_residential_DeskPortraitA_01/materials/textures/aws_DeskPortraitA_01.png
[2.563s] -- Up-to-date: /home/aarambh/my_robot_ws/install/bumperbot_description/share/bumperbot_description/models/aws_robomaker_residential_DeskPortraitA_01/materials/textures/aws_DeskPortraitA_02.png
[2.564s] -- Up-to-date: /home/aarambh/my_robot_ws/install/bumperbot_description/share/bumperbot_description/models/aws_robomaker_residential_DeskPortraitA_01/model.config
[2.567s] -- Up-to-date: /home/aarambh/my_robot_ws/install/bumperbot_description/share/bumperbot_description/models/aws_robomaker_residential_DeskPortraitA_01/meshes
[2.567s] -- Up-to-date: /home/aarambh/my_robot_ws/install/bumperbot_description/share/bumperbot_description/models/aws_robomaker_residential_DeskPortraitA_01/meshes/aws_DeskPortraitA_01_visual.DAE
[2.578s] -- Up-to-date: /home/aarambh/my_robot_ws/install/bumperbot_description/share/bumperbot_description/models/aws_robomaker_residential_DeskPortraitA_01/meshes/aws_DeskPortraitA_01_collision.DAE
[2.579s] -- Up-to-date: /home/aarambh/my_robot_ws/install/bumperbot_description/share/bumperbot_description/models/aws_robomaker_residential_PortraitB_03
[2.581s] -- Up-to-date: /home/aarambh/my_robot_ws/install/bumperbot_description/share/bumperbot_description/models/aws_robomaker_residential_PortraitB_03/model.sdf
[2.582s] -- Up-to-date: /home/aarambh/my_robot_ws/install/bumperbot_description/share/bumperbot_description/models/aws_robomaker_residential_PortraitB_03/materials
[2.583s] -- Up-to-date: /home/aarambh/my_robot_ws/install/bumperbot_description/share/bumperbot_description/models/aws_robomaker_residential_PortraitB_03/materials/textures
[2.584s] -- Up-to-date: /home/aarambh/my_robot_ws/install/bumperbot_description/share/bumperbot_description/models/aws_robomaker_residential_PortraitB_03/materials/textures/aws_PortraitB_01.png
[2.585s] -- Up-to-date: /home/aarambh/my_robot_ws/install/bumperbot_description/share/bumperbot_description/models/aws_robomaker_residential_PortraitB_03/materials/textures/aws_PortraitB_02.png
[2.586s] -- Up-to-date: /home/aarambh/my_robot_ws/install/bumperbot_description/share/bumperbot_description/models/aws_robomaker_residential_PortraitB_03/model.config
[2.586s] -- Up-to-date: /home/aarambh/my_robot_ws/install/bumperbot_description/share/bumperbot_description/models/aws_robomaker_residential_PortraitB_03/meshes
[2.587s] -- Up-to-date: /home/aarambh/my_robot_ws/install/bumperbot_description/share/bumperbot_description/models/aws_robomaker_residential_PortraitB_03/meshes/aws_PortraitB_01_collision.DAE
[2.588s] -- Up-to-date: /home/aarambh/my_robot_ws/install/bumperbot_description/share/bumperbot_description/models/aws_robomaker_residential_PortraitB_03/meshes/aws_PortraitB_01_visual.DAE
[2.590s] -- Up-to-date: /home/aarambh/my_robot_ws/install/bumperbot_description/share/bumperbot_description/models/aws_robomaker_warehouse_DeskC_01
[2.590s] -- Up-to-date: /home/aarambh/my_robot_ws/install/bumperbot_description/share/bumperbot_description/models/aws_robomaker_warehouse_DeskC_01/model.sdf
[2.594s] -- Up-to-date: /home/aarambh/my_robot_ws/install/bumperbot_description/share/bumperbot_description/models/aws_robomaker_warehouse_DeskC_01/materials
[2.600s] -- Up-to-date: /home/aarambh/my_robot_ws/install/bumperbot_description/share/bumperbot_description/models/aws_robomaker_warehouse_DeskC_01/materials/.DS_Store
[2.601s] -- Up-to-date: /home/aarambh/my_robot_ws/install/bumperbot_description/share/bumperbot_description/models/aws_robomaker_warehouse_DeskC_01/materials/textures
[2.602s] -- Up-to-date: /home/aarambh/my_robot_ws/install/bumperbot_description/share/bumperbot_description/models/aws_robomaker_warehouse_DeskC_01/materials/textures/aws_robomaker_warehouse_DeskC_03.psd
[2.602s] -- Up-to-date: /home/aarambh/my_robot_ws/install/bumperbot_description/share/bumperbot_description/models/aws_robomaker_warehouse_DeskC_01/materials/textures/aws_robomaker_warehouse_DeskC_03.png
[2.603s] -- Up-to-date: /home/aarambh/my_robot_ws/install/bumperbot_description/share/bumperbot_description/models/aws_robomaker_warehouse_DeskC_01/materials/textures/aws_robomaker_warehouse_DeskC_01.png
[2.603s] -- Up-to-date: /home/aarambh/my_robot_ws/install/bumperbot_description/share/bumperbot_description/models/aws_robomaker_warehouse_DeskC_01/materials/textures/aws_robomaker_warehouse_DeskC_02.png
[2.604s] -- Up-to-date: /home/aarambh/my_robot_ws/install/bumperbot_description/share/bumperbot_description/models/aws_robomaker_warehouse_DeskC_01/materials/textures/aws_robomaker_warehouse_DeskC_04.png
[2.605s] -- Up-to-date: /home/aarambh/my_robot_ws/install/bumperbot_description/share/bumperbot_description/models/aws_robomaker_warehouse_DeskC_01/model.config
[2.610s] -- Up-to-date: /home/aarambh/my_robot_ws/install/bumperbot_description/share/bumperbot_description/models/aws_robomaker_warehouse_DeskC_01/meshes
[2.611s] -- Up-to-date: /home/aarambh/my_robot_ws/install/bumperbot_description/share/bumperbot_description/models/aws_robomaker_warehouse_DeskC_01/meshes/aws_robomaker_warehouse_DeskC_01_visual.DAE
[2.611s] -- Up-to-date: /home/aarambh/my_robot_ws/install/bumperbot_description/share/bumperbot_description/models/aws_robomaker_warehouse_DeskC_01/meshes/aws_robomaker_warehouse_DeskC_01_collision.DAE
[2.625s] -- Up-to-date: /home/aarambh/my_robot_ws/install/bumperbot_description/share/bumperbot_description/models/aws_robomaker_residential_NightStand_01
[2.626s] -- Up-to-date: /home/aarambh/my_robot_ws/install/bumperbot_description/share/bumperbot_description/models/aws_robomaker_residential_NightStand_01/model.sdf
[2.627s] -- Up-to-date: /home/aarambh/my_robot_ws/install/bumperbot_description/share/bumperbot_description/models/aws_robomaker_residential_NightStand_01/materials
[2.629s] -- Up-to-date: /home/aarambh/my_robot_ws/install/bumperbot_description/share/bumperbot_description/models/aws_robomaker_residential_NightStand_01/materials/textures
[2.632s] -- Up-to-date: /home/aarambh/my_robot_ws/install/bumperbot_description/share/bumperbot_description/models/aws_robomaker_residential_NightStand_01/materials/textures/aws_NightStand_01.png
[2.633s] -- Up-to-date: /home/aarambh/my_robot_ws/install/bumperbot_description/share/bumperbot_description/models/aws_robomaker_residential_NightStand_01/model.config
[2.634s] -- Up-to-date: /home/aarambh/my_robot_ws/install/bumperbot_description/share/bumperbot_description/models/aws_robomaker_residential_NightStand_01/meshes
[2.634s] -- Up-to-date: /home/aarambh/my_robot_ws/install/bumperbot_description/share/bumperbot_description/models/aws_robomaker_residential_NightStand_01/meshes/aws_NightStand_01_collision.DAE
[2.635s] -- Up-to-date: /home/aarambh/my_robot_ws/install/bumperbot_description/share/bumperbot_description/models/aws_robomaker_residential_NightStand_01/meshes/aws_NightStand_01_visual.DAE
[2.635s] -- Up-to-date: /home/aarambh/my_robot_ws/install/bumperbot_description/share/bumperbot_description/models/aws_robomaker_residential_KitchenUtensils_01
[2.636s] -- Up-to-date: /home/aarambh/my_robot_ws/install/bumperbot_description/share/bumperbot_description/models/aws_robomaker_residential_KitchenUtensils_01/model.sdf
[2.640s] -- Up-to-date: /home/aarambh/my_robot_ws/install/bumperbot_description/share/bumperbot_description/models/aws_robomaker_residential_KitchenUtensils_01/materials
[2.641s] -- Up-to-date: /home/aarambh/my_robot_ws/install/bumperbot_description/share/bumperbot_description/models/aws_robomaker_residential_KitchenUtensils_01/materials/textures
[2.642s] -- Up-to-date: /home/aarambh/my_robot_ws/install/bumperbot_description/share/bumperbot_description/models/aws_robomaker_residential_KitchenUtensils_01/materials/textures/aws_KitchenUtensils_01.png
[2.642s] -- Up-to-date: /home/aarambh/my_robot_ws/install/bumperbot_description/share/bumperbot_description/models/aws_robomaker_residential_KitchenUtensils_01/model.config
[2.643s] -- Up-to-date: /home/aarambh/my_robot_ws/install/bumperbot_description/share/bumperbot_description/models/aws_robomaker_residential_KitchenUtensils_01/meshes
[2.653s] -- Up-to-date: /home/aarambh/my_robot_ws/install/bumperbot_description/share/bumperbot_description/models/aws_robomaker_residential_KitchenUtensils_01/meshes/aws_KitchenUtensils_01_collision.DAE
[2.655s] -- Up-to-date: /home/aarambh/my_robot_ws/install/bumperbot_description/share/bumperbot_description/models/aws_robomaker_residential_KitchenUtensils_01/meshes/aws_KitchenUtensils_01_visual.DAE
[2.655s] -- Up-to-date: /home/aarambh/my_robot_ws/install/bumperbot_description/share/bumperbot_description/models/aws_robomaker_residential_Bed_01
[2.656s] -- Up-to-date: /home/aarambh/my_robot_ws/install/bumperbot_description/share/bumperbot_description/models/aws_robomaker_residential_Bed_01/model.sdf
[2.656s] -- Up-to-date: /home/aarambh/my_robot_ws/install/bumperbot_description/share/bumperbot_description/models/aws_robomaker_residential_Bed_01/materials
[2.658s] -- Up-to-date: /home/aarambh/my_robot_ws/install/bumperbot_description/share/bumperbot_description/models/aws_robomaker_residential_Bed_01/materials/textures
[2.658s] -- Up-to-date: /home/aarambh/my_robot_ws/install/bumperbot_description/share/bumperbot_description/models/aws_robomaker_residential_Bed_01/materials/textures/aws_Bed_01.png
[2.659s] -- Up-to-date: /home/aarambh/my_robot_ws/install/bumperbot_description/share/bumperbot_description/models/aws_robomaker_residential_Bed_01/materials/textures/aws_BedB_01.png
[2.659s] -- Up-to-date: /home/aarambh/my_robot_ws/install/bumperbot_description/share/bumperbot_description/models/aws_robomaker_residential_Bed_01/materials/textures/aws_BedC_01.png
[2.660s] -- Up-to-date: /home/aarambh/my_robot_ws/install/bumperbot_description/share/bumperbot_description/models/aws_robomaker_residential_Bed_01/materials/textures/aws_BedA_01.png
[2.660s] -- Up-to-date: /home/aarambh/my_robot_ws/install/bumperbot_description/share/bumperbot_description/models/aws_robomaker_residential_Bed_01/model.config
[2.667s] -- Up-to-date: /home/aarambh/my_robot_ws/install/bumperbot_description/share/bumperbot_description/models/aws_robomaker_residential_Bed_01/meshes
[2.677s] -- Up-to-date: /home/aarambh/my_robot_ws/install/bumperbot_description/share/bumperbot_description/models/aws_robomaker_residential_Bed_01/meshes/aws_Bed_01_visual.DAE
[2.679s] -- Up-to-date: /home/aarambh/my_robot_ws/install/bumperbot_description/share/bumperbot_description/models/aws_robomaker_residential_Bed_01/meshes/aws_Bed_01_collision.DAE
[2.679s] -- Up-to-date: /home/aarambh/my_robot_ws/install/bumperbot_description/share/bumperbot_description/models/aws_robomaker_warehouse_Lamp_01
[2.680s] -- Up-to-date: /home/aarambh/my_robot_ws/install/bumperbot_description/share/bumperbot_description/models/aws_robomaker_warehouse_Lamp_01/model.sdf
[2.681s] -- Up-to-date: /home/aarambh/my_robot_ws/install/bumperbot_description/share/bumperbot_description/models/aws_robomaker_warehouse_Lamp_01/materials
[2.681s] -- Up-to-date: /home/aarambh/my_robot_ws/install/bumperbot_description/share/bumperbot_description/models/aws_robomaker_warehouse_Lamp_01/materials/textures
[2.682s] -- Up-to-date: /home/aarambh/my_robot_ws/install/bumperbot_description/share/bumperbot_description/models/aws_robomaker_warehouse_Lamp_01/materials/textures/aws_robomaker_warehouse_Lamp_01.png
[2.682s] -- Up-to-date: /home/aarambh/my_robot_ws/install/bumperbot_description/share/bumperbot_description/models/aws_robomaker_warehouse_Lamp_01/model.config
[2.683s] -- Up-to-date: /home/aarambh/my_robot_ws/install/bumperbot_description/share/bumperbot_description/models/aws_robomaker_warehouse_Lamp_01/meshes
[2.683s] -- Up-to-date: /home/aarambh/my_robot_ws/install/bumperbot_description/share/bumperbot_description/models/aws_robomaker_warehouse_Lamp_01/meshes/aws_robomaker_warehouse_Lamp_01_collision.DAE
[2.684s] -- Up-to-date: /home/aarambh/my_robot_ws/install/bumperbot_description/share/bumperbot_description/models/aws_robomaker_warehouse_Lamp_01/meshes/aws_robomaker_warehouse_Lamp_01_visual.DAE
[2.685s] -- Up-to-date: /home/aarambh/my_robot_ws/install/bumperbot_description/share/bumperbot_description/models/aws_robomaker_residential_Dumbbell_01
[2.685s] -- Up-to-date: /home/aarambh/my_robot_ws/install/bumperbot_description/share/bumperbot_description/models/aws_robomaker_residential_Dumbbell_01/model.sdf
[2.686s] -- Up-to-date: /home/aarambh/my_robot_ws/install/bumperbot_description/share/bumperbot_description/models/aws_robomaker_residential_Dumbbell_01/materials
[2.693s] -- Up-to-date: /home/aarambh/my_robot_ws/install/bumperbot_description/share/bumperbot_description/models/aws_robomaker_residential_Dumbbell_01/materials/textures
[2.699s] -- Up-to-date: /home/aarambh/my_robot_ws/install/bumperbot_description/share/bumperbot_description/models/aws_robomaker_residential_Dumbbell_01/materials/textures/aws_Dumbbell_01.png
[2.705s] -- Up-to-date: /home/aarambh/my_robot_ws/install/bumperbot_description/share/bumperbot_description/models/aws_robomaker_residential_Dumbbell_01/model.config
[2.706s] -- Up-to-date: /home/aarambh/my_robot_ws/install/bumperbot_description/share/bumperbot_description/models/aws_robomaker_residential_Dumbbell_01/meshes
[2.707s] -- Up-to-date: /home/aarambh/my_robot_ws/install/bumperbot_description/share/bumperbot_description/models/aws_robomaker_residential_Dumbbell_01/meshes/aws_Dumbbell_01_collision.DAE
[2.707s] -- Up-to-date: /home/aarambh/my_robot_ws/install/bumperbot_description/share/bumperbot_description/models/aws_robomaker_residential_Dumbbell_01/meshes/aws_Dumbbell_01_visual.DAE
[2.708s] -- Up-to-date: /home/aarambh/my_robot_ws/install/bumperbot_description/share/bumperbot_description/models/aws_robomaker_residential_DeskPortraitD_02
[2.709s] -- Up-to-date: /home/aarambh/my_robot_ws/install/bumperbot_description/share/bumperbot_description/models/aws_robomaker_residential_DeskPortraitD_02/model.sdf
[2.709s] -- Up-to-date: /home/aarambh/my_robot_ws/install/bumperbot_description/share/bumperbot_description/models/aws_robomaker_residential_DeskPortraitD_02/materials
[2.709s] -- Up-to-date: /home/aarambh/my_robot_ws/install/bumperbot_description/share/bumperbot_description/models/aws_robomaker_residential_DeskPortraitD_02/materials/textures
[2.710s] -- Up-to-date: /home/aarambh/my_robot_ws/install/bumperbot_description/share/bumperbot_description/models/aws_robomaker_residential_DeskPortraitD_02/materials/textures/aws_DeskPortraitD_01.png
[2.711s] -- Up-to-date: /home/aarambh/my_robot_ws/install/bumperbot_description/share/bumperbot_description/models/aws_robomaker_residential_DeskPortraitD_02/materials/textures/aws_DeskPortraitD_02.png
[2.711s] -- Up-to-date: /home/aarambh/my_robot_ws/install/bumperbot_description/share/bumperbot_description/models/aws_robomaker_residential_DeskPortraitD_02/model.config
[2.711s] -- Up-to-date: /home/aarambh/my_robot_ws/install/bumperbot_description/share/bumperbot_description/models/aws_robomaker_residential_DeskPortraitD_02/meshes
[2.718s] -- Up-to-date: /home/aarambh/my_robot_ws/install/bumperbot_description/share/bumperbot_description/models/aws_robomaker_residential_DeskPortraitD_02/meshes/aws_DeskPortraitD_01_collision.DAE
[2.724s] -- Up-to-date: /home/aarambh/my_robot_ws/install/bumperbot_description/share/bumperbot_description/models/aws_robomaker_residential_DeskPortraitD_02/meshes/aws_DeskPortraitD_01_visual.DAE
[2.728s] -- Up-to-date: /home/aarambh/my_robot_ws/install/bumperbot_description/share/bumperbot_description/models/aws_robomaker_residential_PortraitA_02
[2.728s] -- Up-to-date: /home/aarambh/my_robot_ws/install/bumperbot_description/share/bumperbot_description/models/aws_robomaker_residential_PortraitA_02/model.sdf
[2.729s] -- Up-to-date: /home/aarambh/my_robot_ws/install/bumperbot_description/share/bumperbot_description/models/aws_robomaker_residential_PortraitA_02/materials
[2.729s] -- Up-to-date: /home/aarambh/my_robot_ws/install/bumperbot_description/share/bumperbot_description/models/aws_robomaker_residential_PortraitA_02/materials/textures
[2.730s] -- Up-to-date: /home/aarambh/my_robot_ws/install/bumperbot_description/share/bumperbot_description/models/aws_robomaker_residential_PortraitA_02/materials/textures/aws_PortraitA_01.png
[2.730s] -- Up-to-date: /home/aarambh/my_robot_ws/install/bumperbot_description/share/bumperbot_description/models/aws_robomaker_residential_PortraitA_02/materials/textures/aws_PortraitA_02.png
[2.731s] -- Up-to-date: /home/aarambh/my_robot_ws/install/bumperbot_description/share/bumperbot_description/models/aws_robomaker_residential_PortraitA_02/model.config
[2.731s] -- Up-to-date: /home/aarambh/my_robot_ws/install/bumperbot_description/share/bumperbot_description/models/aws_robomaker_residential_PortraitA_02/meshes
[2.732s] -- Up-to-date: /home/aarambh/my_robot_ws/install/bumperbot_description/share/bumperbot_description/models/aws_robomaker_residential_PortraitA_02/meshes/aws_PortraitA_01_visual.DAE
[2.733s] -- Up-to-date: /home/aarambh/my_robot_ws/install/bumperbot_description/share/bumperbot_description/models/aws_robomaker_residential_PortraitA_02/meshes/aws_PortraitA_01_collision.DAE
[2.734s] -- Up-to-date: /home/aarambh/my_robot_ws/install/bumperbot_description/share/bumperbot_description/models/aws_robomaker_residential_PortraitE_02
[2.734s] -- Up-to-date: /home/aarambh/my_robot_ws/install/bumperbot_description/share/bumperbot_description/models/aws_robomaker_residential_PortraitE_02/model.sdf
[2.735s] -- Up-to-date: /home/aarambh/my_robot_ws/install/bumperbot_description/share/bumperbot_description/models/aws_robomaker_residential_PortraitE_02/materials
[2.746s] -- Up-to-date: /home/aarambh/my_robot_ws/install/bumperbot_description/share/bumperbot_description/models/aws_robomaker_residential_PortraitE_02/materials/textures
[2.748s] -- Up-to-date: /home/aarambh/my_robot_ws/install/bumperbot_description/share/bumperbot_description/models/aws_robomaker_residential_PortraitE_02/materials/textures/aws_PortraitE_02.png
[2.749s] -- Up-to-date: /home/aarambh/my_robot_ws/install/bumperbot_description/share/bumperbot_description/models/aws_robomaker_residential_PortraitE_02/materials/textures/aws_PortraitE_01.png
[2.750s] -- Up-to-date: /home/aarambh/my_robot_ws/install/bumperbot_description/share/bumperbot_description/models/aws_robomaker_residential_PortraitE_02/model.config
[2.751s] -- Up-to-date: /home/aarambh/my_robot_ws/install/bumperbot_description/share/bumperbot_description/models/aws_robomaker_residential_PortraitE_02/meshes
[2.752s] -- Up-to-date: /home/aarambh/my_robot_ws/install/bumperbot_description/share/bumperbot_description/models/aws_robomaker_residential_PortraitE_02/meshes/aws_PortraitE_01_collision.DAE
[2.753s] -- Up-to-date: /home/aarambh/my_robot_ws/install/bumperbot_description/share/bumperbot_description/models/aws_robomaker_residential_PortraitE_02/meshes/aws_PortraitE_01_visual.DAE
[2.755s] -- Up-to-date: /home/aarambh/my_robot_ws/install/bumperbot_description/share/bumperbot_description/models/aws_robomaker_residential_Ball_01
[2.756s] -- Up-to-date: /home/aarambh/my_robot_ws/install/bumperbot_description/share/bumperbot_description/models/aws_robomaker_residential_Ball_01/model.sdf
[2.756s] -- Up-to-date: /home/aarambh/my_robot_ws/install/bumperbot_description/share/bumperbot_description/models/aws_robomaker_residential_Ball_01/materials
[2.757s] -- Up-to-date: /home/aarambh/my_robot_ws/install/bumperbot_description/share/bumperbot_description/models/aws_robomaker_residential_Ball_01/materials/textures
[2.761s] -- Up-to-date: /home/aarambh/my_robot_ws/install/bumperbot_description/share/bumperbot_description/models/aws_robomaker_residential_Ball_01/materials/textures/aws_Ball_01.png
[2.762s] -- Up-to-date: /home/aarambh/my_robot_ws/install/bumperbot_description/share/bumperbot_description/models/aws_robomaker_residential_Ball_01/model.config
[2.765s] -- Up-to-date: /home/aarambh/my_robot_ws/install/bumperbot_description/share/bumperbot_description/models/aws_robomaker_residential_Ball_01/meshes
[2.765s] -- Up-to-date: /home/aarambh/my_robot_ws/install/bumperbot_description/share/bumperbot_description/models/aws_robomaker_residential_Ball_01/meshes/aws_Ball_01_collision.DAE
[2.766s] -- Up-to-date: /home/aarambh/my_robot_ws/install/bumperbot_description/share/bumperbot_description/models/aws_robomaker_residential_Ball_01/meshes/aws_Ball_01_visual.DAE
[2.767s] -- Up-to-date: /home/aarambh/my_robot_ws/install/bumperbot_description/share/bumperbot_description/models/aws_robomaker_residential_Tablet_01
[2.775s] -- Up-to-date: /home/aarambh/my_robot_ws/install/bumperbot_description/share/bumperbot_description/models/aws_robomaker_residential_Tablet_01/model.sdf
[2.775s] -- Up-to-date: /home/aarambh/my_robot_ws/install/bumperbot_description/share/bumperbot_description/models/aws_robomaker_residential_Tablet_01/materials
[2.779s] -- Up-to-date: /home/aarambh/my_robot_ws/install/bumperbot_description/share/bumperbot_description/models/aws_robomaker_residential_Tablet_01/materials/textures
[2.782s] -- Up-to-date: /home/aarambh/my_robot_ws/install/bumperbot_description/share/bumperbot_description/models/aws_robomaker_residential_Tablet_01/materials/textures/aws_Tablet_01_nologo.png
[2.783s] -- Up-to-date: /home/aarambh/my_robot_ws/install/bumperbot_description/share/bumperbot_description/models/aws_robomaker_residential_Tablet_01/model.config
[2.785s] -- Up-to-date: /home/aarambh/my_robot_ws/install/bumperbot_description/share/bumperbot_description/models/aws_robomaker_residential_Tablet_01/meshes
[2.792s] -- Up-to-date: /home/aarambh/my_robot_ws/install/bumperbot_description/share/bumperbot_description/models/aws_robomaker_residential_Tablet_01/meshes/aws_Tablet_01_collision.DAE
[2.792s] -- Up-to-date: /home/aarambh/my_robot_ws/install/bumperbot_description/share/bumperbot_description/models/aws_robomaker_residential_Tablet_01/meshes/aws_Tablet_01_visual.DAE
[2.795s] -- Up-to-date: /home/aarambh/my_robot_ws/install/bumperbot_description/share/bumperbot_description/models/aws_robomaker_residential_BalconyTable_01
[2.806s] -- Up-to-date: /home/aarambh/my_robot_ws/install/bumperbot_description/share/bumperbot_description/models/aws_robomaker_residential_BalconyTable_01/model.sdf
[2.807s] -- Up-to-date: /home/aarambh/my_robot_ws/install/bumperbot_description/share/bumperbot_description/models/aws_robomaker_residential_BalconyTable_01/materials
[2.809s] -- Up-to-date: /home/aarambh/my_robot_ws/install/bumperbot_description/share/bumperbot_description/models/aws_robomaker_residential_BalconyTable_01/materials/textures
[2.813s] -- Up-to-date: /home/aarambh/my_robot_ws/install/bumperbot_description/share/bumperbot_description/models/aws_robomaker_residential_BalconyTable_01/materials/textures/aws_BalconyTable_01.png
[2.814s] -- Up-to-date: /home/aarambh/my_robot_ws/install/bumperbot_description/share/bumperbot_description/models/aws_robomaker_residential_BalconyTable_01/model.config
[2.815s] -- Up-to-date: /home/aarambh/my_robot_ws/install/bumperbot_description/share/bumperbot_description/models/aws_robomaker_residential_BalconyTable_01/meshes
[2.818s] -- Up-to-date: /home/aarambh/my_robot_ws/install/bumperbot_description/share/bumperbot_description/models/aws_robomaker_residential_BalconyTable_01/meshes/aws_BalconyTable_01_visual.DAE
[2.819s] -- Up-to-date: /home/aarambh/my_robot_ws/install/bumperbot_description/share/bumperbot_description/models/aws_robomaker_residential_BalconyTable_01/meshes/aws_BalconyTable_01_collision.DAE
[2.821s] -- Up-to-date: /home/aarambh/my_robot_ws/install/bumperbot_description/share/bumperbot_description/models/aws_robomaker_residential_LightC_01
[2.824s] -- Up-to-date: /home/aarambh/my_robot_ws/install/bumperbot_description/share/bumperbot_description/models/aws_robomaker_residential_LightC_01/model.sdf
[2.825s] -- Up-to-date: /home/aarambh/my_robot_ws/install/bumperbot_description/share/bumperbot_description/models/aws_robomaker_residential_LightC_01/materials
[2.828s] -- Up-to-date: /home/aarambh/my_robot_ws/install/bumperbot_description/share/bumperbot_description/models/aws_robomaker_residential_LightC_01/materials/textures
[2.834s] -- Up-to-date: /home/aarambh/my_robot_ws/install/bumperbot_description/share/bumperbot_description/models/aws_robomaker_residential_LightC_01/materials/textures/aws_LightC_01.png
[2.835s] -- Up-to-date: /home/aarambh/my_robot_ws/install/bumperbot_description/share/bumperbot_description/models/aws_robomaker_residential_LightC_01/model.config
[2.837s] -- Up-to-date: /home/aarambh/my_robot_ws/install/bumperbot_description/share/bumperbot_description/models/aws_robomaker_residential_LightC_01/meshes
[2.841s] -- Up-to-date: /home/aarambh/my_robot_ws/install/bumperbot_description/share/bumperbot_description/models/aws_robomaker_residential_LightC_01/meshes/aws_LightC_01_collision.DAE
[2.841s] -- Up-to-date: /home/aarambh/my_robot_ws/install/bumperbot_description/share/bumperbot_description/models/aws_robomaker_residential_LightC_01/meshes/aws_LightC_01_visual.DAE
[2.842s] -- Up-to-date: /home/aarambh/my_robot_ws/install/bumperbot_description/share/bumperbot_description/models/aws_robomaker_residential_Quilt_01
[2.846s] -- Up-to-date: /home/aarambh/my_robot_ws/install/bumperbot_description/share/bumperbot_description/models/aws_robomaker_residential_Quilt_01/model.sdf
[2.847s] -- Up-to-date: /home/aarambh/my_robot_ws/install/bumperbot_description/share/bumperbot_description/models/aws_robomaker_residential_Quilt_01/materials
[2.852s] -- Up-to-date: /home/aarambh/my_robot_ws/install/bumperbot_description/share/bumperbot_description/models/aws_robomaker_residential_Quilt_01/materials/textures
[2.862s] -- Up-to-date: /home/aarambh/my_robot_ws/install/bumperbot_description/share/bumperbot_description/models/aws_robomaker_residential_Quilt_01/materials/textures/aws_Quilt_01.png
[2.863s] -- Up-to-date: /home/aarambh/my_robot_ws/install/bumperbot_description/share/bumperbot_description/models/aws_robomaker_residential_Quilt_01/model.config
[2.864s] -- Up-to-date: /home/aarambh/my_robot_ws/install/bumperbot_description/share/bumperbot_description/models/aws_robomaker_residential_Quilt_01/meshes
[2.865s] -- Up-to-date: /home/aarambh/my_robot_ws/install/bumperbot_description/share/bumperbot_description/models/aws_robomaker_residential_Quilt_01/meshes/aws_Quilt_01_visual.DAE
[2.865s] -- Up-to-date: /home/aarambh/my_robot_ws/install/bumperbot_description/share/bumperbot_description/models/aws_robomaker_residential_Quilt_01/meshes/aws_Quilt_01_collision.DAE
[2.866s] -- Up-to-date: /home/aarambh/my_robot_ws/install/bumperbot_description/share/bumperbot_description/models/aws_robomaker_residential_FoldingDoor_01
[2.867s] -- Up-to-date: /home/aarambh/my_robot_ws/install/bumperbot_description/share/bumperbot_description/models/aws_robomaker_residential_FoldingDoor_01/model.sdf
[2.868s] -- Up-to-date: /home/aarambh/my_robot_ws/install/bumperbot_description/share/bumperbot_description/models/aws_robomaker_residential_FoldingDoor_01/materials
[2.871s] -- Up-to-date: /home/aarambh/my_robot_ws/install/bumperbot_description/share/bumperbot_description/models/aws_robomaker_residential_FoldingDoor_01/materials/textures
[2.876s] -- Up-to-date: /home/aarambh/my_robot_ws/install/bumperbot_description/share/bumperbot_description/models/aws_robomaker_residential_FoldingDoor_01/materials/textures/aws_FoldingDoor_01.png
[2.878s] -- Up-to-date: /home/aarambh/my_robot_ws/install/bumperbot_description/share/bumperbot_description/models/aws_robomaker_residential_FoldingDoor_01/model.config
[2.878s] -- Up-to-date: /home/aarambh/my_robot_ws/install/bumperbot_description/share/bumperbot_description/models/aws_robomaker_residential_FoldingDoor_01/meshes
[2.879s] -- Up-to-date: /home/aarambh/my_robot_ws/install/bumperbot_description/share/bumperbot_description/models/aws_robomaker_residential_FoldingDoor_01/meshes/aws_FoldingDoor_01_visual.DAE
[2.879s] -- Up-to-date: /home/aarambh/my_robot_ws/install/bumperbot_description/share/bumperbot_description/models/aws_robomaker_residential_FoldingDoor_01/meshes/aws_FoldingDoor_01_collision.DAE
[2.880s] -- Up-to-date: /home/aarambh/my_robot_ws/install/bumperbot_description/share/bumperbot_description/models/aws_robomaker_residential_CookingBench_01
[2.881s] -- Up-to-date: /home/aarambh/my_robot_ws/install/bumperbot_description/share/bumperbot_description/models/aws_robomaker_residential_CookingBench_01/model.sdf
[2.881s] -- Up-to-date: /home/aarambh/my_robot_ws/install/bumperbot_description/share/bumperbot_description/models/aws_robomaker_residential_CookingBench_01/materials
[2.886s] -- Up-to-date: /home/aarambh/my_robot_ws/install/bumperbot_description/share/bumperbot_description/models/aws_robomaker_residential_CookingBench_01/materials/textures
[2.888s] -- Up-to-date: /home/aarambh/my_robot_ws/install/bumperbot_description/share/bumperbot_description/models/aws_robomaker_residential_CookingBench_01/materials/textures/aws_CookingBench_01.png
[2.889s] -- Up-to-date: /home/aarambh/my_robot_ws/install/bumperbot_description/share/bumperbot_description/models/aws_robomaker_residential_CookingBench_01/model.config
[2.889s] -- Up-to-date: /home/aarambh/my_robot_ws/install/bumperbot_description/share/bumperbot_description/models/aws_robomaker_residential_CookingBench_01/meshes
[2.891s] -- Up-to-date: /home/aarambh/my_robot_ws/install/bumperbot_description/share/bumperbot_description/models/aws_robomaker_residential_CookingBench_01/meshes/aws_CookingBench_01_visual.DAE
[2.892s] -- Up-to-date: /home/aarambh/my_robot_ws/install/bumperbot_description/share/bumperbot_description/models/aws_robomaker_residential_CookingBench_01/meshes/aws_CookingBench_01.DAE
[2.893s] -- Up-to-date: /home/aarambh/my_robot_ws/install/bumperbot_description/share/bumperbot_description/models/aws_robomaker_residential_CookingBench_01/meshes/aws_CookingBench_01_collision.DAE
[2.893s] -- Up-to-date: /home/aarambh/my_robot_ws/install/bumperbot_description/share/bumperbot_description/models/aws_robomaker_residential_Door_01
[2.905s] -- Up-to-date: /home/aarambh/my_robot_ws/install/bumperbot_description/share/bumperbot_description/models/aws_robomaker_residential_Door_01/model.sdf
[2.907s] -- Up-to-date: /home/aarambh/my_robot_ws/install/bumperbot_description/share/bumperbot_description/models/aws_robomaker_residential_Door_01/materials
[2.908s] -- Up-to-date: /home/aarambh/my_robot_ws/install/bumperbot_description/share/bumperbot_description/models/aws_robomaker_residential_Door_01/materials/textures
[2.909s] -- Up-to-date: /home/aarambh/my_robot_ws/install/bumperbot_description/share/bumperbot_description/models/aws_robomaker_residential_Door_01/materials/textures/aws_Door_01.png
[2.909s] -- Up-to-date: /home/aarambh/my_robot_ws/install/bumperbot_description/share/bumperbot_description/models/aws_robomaker_residential_Door_01/model.config
[2.910s] -- Up-to-date: /home/aarambh/my_robot_ws/install/bumperbot_description/share/bumperbot_description/models/aws_robomaker_residential_Door_01/meshes
[2.911s] -- Up-to-date: /home/aarambh/my_robot_ws/install/bumperbot_description/share/bumperbot_description/models/aws_robomaker_residential_Door_01/meshes/aws_Door_01_visual.DAE
[2.911s] -- Up-to-date: /home/aarambh/my_robot_ws/install/bumperbot_description/share/bumperbot_description/models/aws_robomaker_residential_Door_01/meshes/aws_Door_01_collision.DAE
[2.911s] -- Up-to-date: /home/aarambh/my_robot_ws/install/bumperbot_description/share/bumperbot_description/models/aws_robomaker_residential_Tableware_01
[2.912s] -- Up-to-date: /home/aarambh/my_robot_ws/install/bumperbot_description/share/bumperbot_description/models/aws_robomaker_residential_Tableware_01/model.sdf
[2.912s] -- Up-to-date: /home/aarambh/my_robot_ws/install/bumperbot_description/share/bumperbot_description/models/aws_robomaker_residential_Tableware_01/materials
[2.918s] -- Up-to-date: /home/aarambh/my_robot_ws/install/bumperbot_description/share/bumperbot_description/models/aws_robomaker_residential_Tableware_01/materials/textures
[2.921s] -- Up-to-date: /home/aarambh/my_robot_ws/install/bumperbot_description/share/bumperbot_description/models/aws_robomaker_residential_Tableware_01/materials/textures/aws_Tableware_01.png
[2.921s] -- Up-to-date: /home/aarambh/my_robot_ws/install/bumperbot_description/share/bumperbot_description/models/aws_robomaker_residential_Tableware_01/model.config
[2.922s] -- Up-to-date: /home/aarambh/my_robot_ws/install/bumperbot_description/share/bumperbot_description/models/aws_robomaker_residential_Tableware_01/meshes
[2.923s] -- Up-to-date: /home/aarambh/my_robot_ws/install/bumperbot_description/share/bumperbot_description/models/aws_robomaker_residential_Tableware_01/meshes/aws_Tableware_01_collision.DAE
[2.924s] -- Up-to-date: /home/aarambh/my_robot_ws/install/bumperbot_description/share/bumperbot_description/models/aws_robomaker_residential_Tableware_01/meshes/aws_Tableware_01_visual.DAE
[2.927s] -- Up-to-date: /home/aarambh/my_robot_ws/install/bumperbot_description/share/bumperbot_description/models/aws_robomaker_warehouse_RoofB_01
[2.928s] -- Up-to-date: /home/aarambh/my_robot_ws/install/bumperbot_description/share/bumperbot_description/models/aws_robomaker_warehouse_RoofB_01/model.sdf
[2.929s] -- Up-to-date: /home/aarambh/my_robot_ws/install/bumperbot_description/share/bumperbot_description/models/aws_robomaker_warehouse_RoofB_01/materials
[2.940s] -- Up-to-date: /home/aarambh/my_robot_ws/install/bumperbot_description/share/bumperbot_description/models/aws_robomaker_warehouse_RoofB_01/materials/textures
[2.941s] -- Up-to-date: /home/aarambh/my_robot_ws/install/bumperbot_description/share/bumperbot_description/models/aws_robomaker_warehouse_RoofB_01/materials/textures/aws_robomaker_warehouse_RoofB_01.png
[2.942s] -- Up-to-date: /home/aarambh/my_robot_ws/install/bumperbot_description/share/bumperbot_description/models/aws_robomaker_warehouse_RoofB_01/model.config
[2.942s] -- Up-to-date: /home/aarambh/my_robot_ws/install/bumperbot_description/share/bumperbot_description/models/aws_robomaker_warehouse_RoofB_01/meshes
[2.943s] -- Up-to-date: /home/aarambh/my_robot_ws/install/bumperbot_description/share/bumperbot_description/models/aws_robomaker_warehouse_RoofB_01/meshes/aws_robomaker_warehouse_RoofB_01_collision.DAE
[2.943s] -- Up-to-date: /home/aarambh/my_robot_ws/install/bumperbot_description/share/bumperbot_description/models/aws_robomaker_warehouse_RoofB_01/meshes/aws_robomaker_warehouse_RoofB_01_visual.DAE
[2.944s] -- Up-to-date: /home/aarambh/my_robot_ws/install/bumperbot_description/share/bumperbot_description/models/aws_robomaker_warehouse_GroundB_01
[2.945s] -- Up-to-date: /home/aarambh/my_robot_ws/install/bumperbot_description/share/bumperbot_description/models/aws_robomaker_warehouse_GroundB_01/model.sdf
[2.946s] -- Up-to-date: /home/aarambh/my_robot_ws/install/bumperbot_description/share/bumperbot_description/models/aws_robomaker_warehouse_GroundB_01/materials
[2.947s] -- Up-to-date: /home/aarambh/my_robot_ws/install/bumperbot_description/share/bumperbot_description/models/aws_robomaker_warehouse_GroundB_01/materials/textures
[2.948s] -- Up-to-date: /home/aarambh/my_robot_ws/install/bumperbot_description/share/bumperbot_description/models/aws_robomaker_warehouse_GroundB_01/materials/textures/aws_robomaker_warehouse_GroundB_01.png
[2.949s] -- Up-to-date: /home/aarambh/my_robot_ws/install/bumperbot_description/share/bumperbot_description/models/aws_robomaker_warehouse_GroundB_01/materials/textures/aws_robomaker_warehouse_GroundB_02.png
[2.950s] -- Up-to-date: /home/aarambh/my_robot_ws/install/bumperbot_description/share/bumperbot_description/models/aws_robomaker_warehouse_GroundB_01/model.config
[2.951s] -- Up-to-date: /home/aarambh/my_robot_ws/install/bumperbot_description/share/bumperbot_description/models/aws_robomaker_warehouse_GroundB_01/meshes
[2.952s] -- Up-to-date: /home/aarambh/my_robot_ws/install/bumperbot_description/share/bumperbot_description/models/aws_robomaker_warehouse_GroundB_01/meshes/aws_robomaker_warehouse_GroundB_01_visual.DAE
[2.952s] -- Up-to-date: /home/aarambh/my_robot_ws/install/bumperbot_description/share/bumperbot_description/models/aws_robomaker_warehouse_GroundB_01/meshes/aws_robomaker_warehouse_GroundB_01_collision.DAE
[2.953s] -- Up-to-date: /home/aarambh/my_robot_ws/install/bumperbot_description/share/bumperbot_description/models/aws_robomaker_residential_Curtain_01
[2.965s] -- Up-to-date: /home/aarambh/my_robot_ws/install/bumperbot_description/share/bumperbot_description/models/aws_robomaker_residential_Curtain_01/model.sdf
[2.966s] -- Up-to-date: /home/aarambh/my_robot_ws/install/bumperbot_description/share/bumperbot_description/models/aws_robomaker_residential_Curtain_01/materials
[2.966s] -- Up-to-date: /home/aarambh/my_robot_ws/install/bumperbot_description/share/bumperbot_description/models/aws_robomaker_residential_Curtain_01/materials/textures
[2.967s] -- Up-to-date: /home/aarambh/my_robot_ws/install/bumperbot_description/share/bumperbot_description/models/aws_robomaker_residential_Curtain_01/materials/textures/aws_Curtain_01.png
[2.967s] -- Up-to-date: /home/aarambh/my_robot_ws/install/bumperbot_description/share/bumperbot_description/models/aws_robomaker_residential_Curtain_01/model.config
[2.968s] -- Up-to-date: /home/aarambh/my_robot_ws/install/bumperbot_description/share/bumperbot_description/models/aws_robomaker_residential_Curtain_01/meshes
[2.968s] -- Up-to-date: /home/aarambh/my_robot_ws/install/bumperbot_description/share/bumperbot_description/models/aws_robomaker_residential_Curtain_01/meshes/aws_Curtain_01_visual.DAE
[2.969s] -- Up-to-date: /home/aarambh/my_robot_ws/install/bumperbot_description/share/bumperbot_description/models/aws_robomaker_residential_Curtain_01/meshes/aws_Curtain_01_collision.DAE
[2.969s] -- Up-to-date: /home/aarambh/my_robot_ws/install/bumperbot_description/share/bumperbot_description/models/aws_robomaker_warehouse_PalletJackB_01
[2.974s] -- Up-to-date: /home/aarambh/my_robot_ws/install/bumperbot_description/share/bumperbot_description/models/aws_robomaker_warehouse_PalletJackB_01/model.sdf
[2.975s] -- Up-to-date: /home/aarambh/my_robot_ws/install/bumperbot_description/share/bumperbot_description/models/aws_robomaker_warehouse_PalletJackB_01/materials
[2.976s] -- Up-to-date: /home/aarambh/my_robot_ws/install/bumperbot_description/share/bumperbot_description/models/aws_robomaker_warehouse_PalletJackB_01/materials/.DS_Store
[2.977s] -- Up-to-date: /home/aarambh/my_robot_ws/install/bumperbot_description/share/bumperbot_description/models/aws_robomaker_warehouse_PalletJackB_01/materials/textures
[2.979s] -- Up-to-date: /home/aarambh/my_robot_ws/install/bumperbot_description/share/bumperbot_description/models/aws_robomaker_warehouse_PalletJackB_01/materials/textures/aws_robomaker_warehouse_PalletJackB_01.png
[2.980s] -- Up-to-date: /home/aarambh/my_robot_ws/install/bumperbot_description/share/bumperbot_description/models/aws_robomaker_warehouse_PalletJackB_01/materials/textures/aws_robomaker_warehouse_PalletJackB_02.png
[2.981s] -- Up-to-date: /home/aarambh/my_robot_ws/install/bumperbot_description/share/bumperbot_description/models/aws_robomaker_warehouse_PalletJackB_01/.DS_Store
[2.983s] -- Up-to-date: /home/aarambh/my_robot_ws/install/bumperbot_description/share/bumperbot_description/models/aws_robomaker_warehouse_PalletJackB_01/model.config
[2.984s] -- Up-to-date: /home/aarambh/my_robot_ws/install/bumperbot_description/share/bumperbot_description/models/aws_robomaker_warehouse_PalletJackB_01/meshes
[2.985s] -- Up-to-date: /home/aarambh/my_robot_ws/install/bumperbot_description/share/bumperbot_description/models/aws_robomaker_warehouse_PalletJackB_01/meshes/aws_robomaker_warehouse_PalletJackB_01_visual.DAE
[2.985s] -- Up-to-date: /home/aarambh/my_robot_ws/install/bumperbot_description/share/bumperbot_description/models/aws_robomaker_warehouse_PalletJackB_01/meshes/aws_robomaker_warehouse_PalletJackB_01_collision.DAE
[2.986s] -- Up-to-date: /home/aarambh/my_robot_ws/install/bumperbot_description/share/bumperbot_description/models/aws_robomaker_residential_ChairD_01
[2.987s] -- Up-to-date: /home/aarambh/my_robot_ws/install/bumperbot_description/share/bumperbot_description/models/aws_robomaker_residential_ChairD_01/model.sdf
[2.987s] -- Up-to-date: /home/aarambh/my_robot_ws/install/bumperbot_description/share/bumperbot_description/models/aws_robomaker_residential_ChairD_01/materials
[2.991s] -- Up-to-date: /home/aarambh/my_robot_ws/install/bumperbot_description/share/bumperbot_description/models/aws_robomaker_residential_ChairD_01/materials/textures
[2.992s] -- Up-to-date: /home/aarambh/my_robot_ws/install/bumperbot_description/share/bumperbot_description/models/aws_robomaker_residential_ChairD_01/materials/textures/aws_ChairD_01.png
[2.993s] -- Up-to-date: /home/aarambh/my_robot_ws/install/bumperbot_description/share/bumperbot_description/models/aws_robomaker_residential_ChairD_01/model.config
[2.993s] -- Up-to-date: /home/aarambh/my_robot_ws/install/bumperbot_description/share/bumperbot_description/models/aws_robomaker_residential_ChairD_01/meshes
[3.009s] -- Up-to-date: /home/aarambh/my_robot_ws/install/bumperbot_description/share/bumperbot_description/models/aws_robomaker_residential_ChairD_01/meshes/aws_ChairD_01_collision.DAE
[3.010s] -- Up-to-date: /home/aarambh/my_robot_ws/install/bumperbot_description/share/bumperbot_description/models/aws_robomaker_residential_ChairD_01/meshes/aws_ChairD_01_visual.DAE
[3.011s] -- Up-to-date: /home/aarambh/my_robot_ws/install/bumperbot_description/share/bumperbot_description/models/aws_robomaker_warehouse_WallB_01
[3.012s] -- Up-to-date: /home/aarambh/my_robot_ws/install/bumperbot_description/share/bumperbot_description/models/aws_robomaker_warehouse_WallB_01/model.sdf
[3.013s] -- Up-to-date: /home/aarambh/my_robot_ws/install/bumperbot_description/share/bumperbot_description/models/aws_robomaker_warehouse_WallB_01/materials
[3.013s] -- Up-to-date: /home/aarambh/my_robot_ws/install/bumperbot_description/share/bumperbot_description/models/aws_robomaker_warehouse_WallB_01/materials/textures
[3.013s] -- Up-to-date: /home/aarambh/my_robot_ws/install/bumperbot_description/share/bumperbot_description/models/aws_robomaker_warehouse_WallB_01/materials/textures/aws_robomaker_warehouse_WallB_01.png
[3.014s] -- Up-to-date: /home/aarambh/my_robot_ws/install/bumperbot_description/share/bumperbot_description/models/aws_robomaker_warehouse_WallB_01/model.config
[3.015s] -- Up-to-date: /home/aarambh/my_robot_ws/install/bumperbot_description/share/bumperbot_description/models/aws_robomaker_warehouse_WallB_01/meshes
[3.016s] -- Up-to-date: /home/aarambh/my_robot_ws/install/bumperbot_description/share/bumperbot_description/models/aws_robomaker_warehouse_WallB_01/meshes/aws_robomaker_warehouse_WallB_01_collision.DAE
[3.016s] -- Up-to-date: /home/aarambh/my_robot_ws/install/bumperbot_description/share/bumperbot_description/models/aws_robomaker_warehouse_WallB_01/meshes/aws_robomaker_warehouse_WallB_01_visual.DAE
[3.017s] -- Up-to-date: /home/aarambh/my_robot_ws/install/bumperbot_description/share/bumperbot_description/models/aws_robomaker_residential_DeskPortraitD_04
[3.018s] -- Up-to-date: /home/aarambh/my_robot_ws/install/bumperbot_description/share/bumperbot_description/models/aws_robomaker_residential_DeskPortraitD_04/model.sdf
[3.018s] -- Up-to-date: /home/aarambh/my_robot_ws/install/bumperbot_description/share/bumperbot_description/models/aws_robomaker_residential_DeskPortraitD_04/materials
[3.025s] -- Up-to-date: /home/aarambh/my_robot_ws/install/bumperbot_description/share/bumperbot_description/models/aws_robomaker_residential_DeskPortraitD_04/materials/textures
[3.027s] -- Up-to-date: /home/aarambh/my_robot_ws/install/bumperbot_description/share/bumperbot_description/models/aws_robomaker_residential_DeskPortraitD_04/materials/textures/aws_DeskPortraitD_01.png
[3.029s] -- Up-to-date: /home/aarambh/my_robot_ws/install/bumperbot_description/share/bumperbot_description/models/aws_robomaker_residential_DeskPortraitD_04/materials/textures/aws_DeskPortraitD_02.png
[3.030s] -- Up-to-date: /home/aarambh/my_robot_ws/install/bumperbot_description/share/bumperbot_description/models/aws_robomaker_residential_DeskPortraitD_04/model.config
[3.031s] -- Up-to-date: /home/aarambh/my_robot_ws/install/bumperbot_description/share/bumperbot_description/models/aws_robomaker_residential_DeskPortraitD_04/meshes
[3.032s] -- Up-to-date: /home/aarambh/my_robot_ws/install/bumperbot_description/share/bumperbot_description/models/aws_robomaker_residential_DeskPortraitD_04/meshes/aws_DeskPortraitD_01_collision.DAE
[3.033s] -- Up-to-date: /home/aarambh/my_robot_ws/install/bumperbot_description/share/bumperbot_description/models/aws_robomaker_residential_DeskPortraitD_04/meshes/aws_DeskPortraitD_01_visual.DAE
[3.033s] -- Up-to-date: /home/aarambh/my_robot_ws/install/bumperbot_description/share/bumperbot_description/models/aws_robomaker_warehouse_ShelfD_01
[3.034s] -- Up-to-date: /home/aarambh/my_robot_ws/install/bumperbot_description/share/bumperbot_description/models/aws_robomaker_warehouse_ShelfD_01/model.sdf
[3.035s] -- Up-to-date: /home/aarambh/my_robot_ws/install/bumperbot_description/share/bumperbot_description/models/aws_robomaker_warehouse_ShelfD_01/materials
[3.046s] -- Up-to-date: /home/aarambh/my_robot_ws/install/bumperbot_description/share/bumperbot_description/models/aws_robomaker_warehouse_ShelfD_01/materials/textures
[3.048s] -- Up-to-date: /home/aarambh/my_robot_ws/install/bumperbot_description/share/bumperbot_description/models/aws_robomaker_warehouse_ShelfD_01/materials/textures/aws_robomaker_warehouse_ShelfD_01.png
[3.049s] -- Up-to-date: /home/aarambh/my_robot_ws/install/bumperbot_description/share/bumperbot_description/models/aws_robomaker_warehouse_ShelfD_01/materials/textures/aws_robomaker_warehouse_ShelfD_03.png
[3.050s] -- Up-to-date: /home/aarambh/my_robot_ws/install/bumperbot_description/share/bumperbot_description/models/aws_robomaker_warehouse_ShelfD_01/materials/textures/aws_robomaker_warehouse_ShelfD_02.png
[3.051s] -- Up-to-date: /home/aarambh/my_robot_ws/install/bumperbot_description/share/bumperbot_description/models/aws_robomaker_warehouse_ShelfD_01/materials/textures/aws_robomaker_warehouse_ShelfD_04.png
[3.052s] -- Up-to-date: /home/aarambh/my_robot_ws/install/bumperbot_description/share/bumperbot_description/models/aws_robomaker_warehouse_ShelfD_01/model.config
[3.053s] -- Up-to-date: /home/aarambh/my_robot_ws/install/bumperbot_description/share/bumperbot_description/models/aws_robomaker_warehouse_ShelfD_01/meshes
[3.054s] -- Up-to-date: /home/aarambh/my_robot_ws/install/bumperbot_description/share/bumperbot_description/models/aws_robomaker_warehouse_ShelfD_01/meshes/aws_robomaker_warehouse_ShelfD_01_collision.DAE
[3.054s] -- Up-to-date: /home/aarambh/my_robot_ws/install/bumperbot_description/share/bumperbot_description/models/aws_robomaker_warehouse_ShelfD_01/meshes/aws_robomaker_warehouse_ShelfD_01_visual.DAE
[3.055s] -- Up-to-date: /home/aarambh/my_robot_ws/install/bumperbot_description/share/bumperbot_description/models/aws_robomaker_warehouse_ClutteringA_01
[3.057s] -- Up-to-date: /home/aarambh/my_robot_ws/install/bumperbot_description/share/bumperbot_description/models/aws_robomaker_warehouse_ClutteringA_01/model.sdf
[3.058s] -- Up-to-date: /home/aarambh/my_robot_ws/install/bumperbot_description/share/bumperbot_description/models/aws_robomaker_warehouse_ClutteringA_01/materials
[3.061s] -- Up-to-date: /home/aarambh/my_robot_ws/install/bumperbot_description/share/bumperbot_description/models/aws_robomaker_warehouse_ClutteringA_01/materials/.DS_Store
[3.062s] -- Up-to-date: /home/aarambh/my_robot_ws/install/bumperbot_description/share/bumperbot_description/models/aws_robomaker_warehouse_ClutteringA_01/materials/textures
[3.070s] -- Up-to-date: /home/aarambh/my_robot_ws/install/bumperbot_description/share/bumperbot_description/models/aws_robomaker_warehouse_ClutteringA_01/materials/textures/.DS_Store
[3.073s] -- Up-to-date: /home/aarambh/my_robot_ws/install/bumperbot_description/share/bumperbot_description/models/aws_robomaker_warehouse_ClutteringA_01/materials/textures/aws_robomaker_warehouse_ClutteringA_01.png
[3.074s] -- Up-to-date: /home/aarambh/my_robot_ws/install/bumperbot_description/share/bumperbot_description/models/aws_robomaker_warehouse_ClutteringA_01/materials/textures/aws_robomaker_warehouse_ClutteringA_03.png
[3.075s] -- Up-to-date: /home/aarambh/my_robot_ws/install/bumperbot_description/share/bumperbot_description/models/aws_robomaker_warehouse_ClutteringA_01/materials/textures/aws_robomaker_warehouse_ClutteringA_02.png
[3.076s] -- Up-to-date: /home/aarambh/my_robot_ws/install/bumperbot_description/share/bumperbot_description/models/aws_robomaker_warehouse_ClutteringA_01/.DS_Store
[3.077s] -- Up-to-date: /home/aarambh/my_robot_ws/install/bumperbot_description/share/bumperbot_description/models/aws_robomaker_warehouse_ClutteringA_01/model.config
[3.078s] -- Up-to-date: /home/aarambh/my_robot_ws/install/bumperbot_description/share/bumperbot_description/models/aws_robomaker_warehouse_ClutteringA_01/meshes
[3.079s] -- Up-to-date: /home/aarambh/my_robot_ws/install/bumperbot_description/share/bumperbot_description/models/aws_robomaker_warehouse_ClutteringA_01/meshes/aws_robomaker_warehouse_ClutteringA_01_visual.DAE
[3.080s] -- Up-to-date: /home/aarambh/my_robot_ws/install/bumperbot_description/share/bumperbot_description/models/aws_robomaker_warehouse_ClutteringA_01/meshes/aws_robomaker_warehouse_ClutteringA_01_collision.DAE
[3.086s] -- Up-to-date: /home/aarambh/my_robot_ws/install/bumperbot_description/share/bumperbot_description/models/aws_robomaker_residential_Handle_01
[3.087s] -- Up-to-date: /home/aarambh/my_robot_ws/install/bumperbot_description/share/bumperbot_description/models/aws_robomaker_residential_Handle_01/model.sdf
[3.088s] -- Up-to-date: /home/aarambh/my_robot_ws/install/bumperbot_description/share/bumperbot_description/models/aws_robomaker_residential_Handle_01/materials
[3.088s] -- Up-to-date: /home/aarambh/my_robot_ws/install/bumperbot_description/share/bumperbot_description/models/aws_robomaker_residential_Handle_01/materials/textures
[3.089s] -- Up-to-date: /home/aarambh/my_robot_ws/install/bumperbot_description/share/bumperbot_description/models/aws_robomaker_residential_Handle_01/materials/textures/aws_Handle_01.png
[3.090s] -- Up-to-date: /home/aarambh/my_robot_ws/install/bumperbot_description/share/bumperbot_description/models/aws_robomaker_residential_Handle_01/model.config
[3.090s] -- Up-to-date: /home/aarambh/my_robot_ws/install/bumperbot_description/share/bumperbot_description/models/aws_robomaker_residential_Handle_01/meshes
[3.101s] -- Up-to-date: /home/aarambh/my_robot_ws/install/bumperbot_description/share/bumperbot_description/models/aws_robomaker_residential_Handle_01/meshes/aws_ handle_01_collision.DAE
[3.102s] -- Up-to-date: /home/aarambh/my_robot_ws/install/bumperbot_description/share/bumperbot_description/models/aws_robomaker_residential_Handle_01/meshes/aws_Handle_01_collision.DAE
[3.102s] -- Up-to-date: /home/aarambh/my_robot_ws/install/bumperbot_description/share/bumperbot_description/models/aws_robomaker_residential_Handle_01/meshes/aws_Handle_01_visual.DAE
[3.103s] -- Up-to-date: /home/aarambh/my_robot_ws/install/bumperbot_description/share/bumperbot_description/models/aws_robomaker_residential_DeskPortraitB_02
[3.105s] -- Up-to-date: /home/aarambh/my_robot_ws/install/bumperbot_description/share/bumperbot_description/models/aws_robomaker_residential_DeskPortraitB_02/model.sdf
[3.106s] -- Up-to-date: /home/aarambh/my_robot_ws/install/bumperbot_description/share/bumperbot_description/models/aws_robomaker_residential_DeskPortraitB_02/materials
[3.108s] -- Up-to-date: /home/aarambh/my_robot_ws/install/bumperbot_description/share/bumperbot_description/models/aws_robomaker_residential_DeskPortraitB_02/materials/textures
[3.110s] -- Up-to-date: /home/aarambh/my_robot_ws/install/bumperbot_description/share/bumperbot_description/models/aws_robomaker_residential_DeskPortraitB_02/materials/textures/aws_DeskPortraitB_02.png
[3.111s] -- Up-to-date: /home/aarambh/my_robot_ws/install/bumperbot_description/share/bumperbot_description/models/aws_robomaker_residential_DeskPortraitB_02/materials/textures/aws_DeskPortraitB_01.png
[3.112s] -- Up-to-date: /home/aarambh/my_robot_ws/install/bumperbot_description/share/bumperbot_description/models/aws_robomaker_residential_DeskPortraitB_02/model.config
[3.112s] -- Up-to-date: /home/aarambh/my_robot_ws/install/bumperbot_description/share/bumperbot_description/models/aws_robomaker_residential_DeskPortraitB_02/meshes
[3.115s] -- Up-to-date: /home/aarambh/my_robot_ws/install/bumperbot_description/share/bumperbot_description/models/aws_robomaker_residential_DeskPortraitB_02/meshes/aws_DeskPortraitB_01_visual.DAE
[3.115s] -- Up-to-date: /home/aarambh/my_robot_ws/install/bumperbot_description/share/bumperbot_description/models/aws_robomaker_residential_DeskPortraitB_02/meshes/aws_DeskPortraitB_01_collision.DAE
[3.116s] -- Up-to-date: /home/aarambh/my_robot_ws/install/bumperbot_description/share/bumperbot_description/models/aws_robomaker_residential_DeskPortraitC_02
[3.118s] -- Up-to-date: /home/aarambh/my_robot_ws/install/bumperbot_description/share/bumperbot_description/models/aws_robomaker_residential_DeskPortraitC_02/model.sdf
[3.118s] -- Up-to-date: /home/aarambh/my_robot_ws/install/bumperbot_description/share/bumperbot_description/models/aws_robomaker_residential_DeskPortraitC_02/materials
[3.120s] -- Up-to-date: /home/aarambh/my_robot_ws/install/bumperbot_description/share/bumperbot_description/models/aws_robomaker_residential_DeskPortraitC_02/materials/textures
[3.122s] -- Up-to-date: /home/aarambh/my_robot_ws/install/bumperbot_description/share/bumperbot_description/models/aws_robomaker_residential_DeskPortraitC_02/materials/textures/aws_DeskPortraitC_02.png
[3.123s] -- Up-to-date: /home/aarambh/my_robot_ws/install/bumperbot_description/share/bumperbot_description/models/aws_robomaker_residential_DeskPortraitC_02/materials/textures/aws_DeskPortraitC_01.png
[3.124s] -- Up-to-date: /home/aarambh/my_robot_ws/install/bumperbot_description/share/bumperbot_description/models/aws_robomaker_residential_DeskPortraitC_02/model.config
[3.124s] -- Up-to-date: /home/aarambh/my_robot_ws/install/bumperbot_description/share/bumperbot_description/models/aws_robomaker_residential_DeskPortraitC_02/meshes
[3.126s] -- Up-to-date: /home/aarambh/my_robot_ws/install/bumperbot_description/share/bumperbot_description/models/aws_robomaker_residential_DeskPortraitC_02/meshes/aws_DeskPortraitC_01_collision.DAE
[3.127s] -- Up-to-date: /home/aarambh/my_robot_ws/install/bumperbot_description/share/bumperbot_description/models/aws_robomaker_residential_DeskPortraitC_02/meshes/aws_DeskPortraitC_01_visual.DAE
[3.128s] -- Up-to-date: /home/aarambh/my_robot_ws/install/bumperbot_description/share/bumperbot_description/models/aws_robomaker_residential_KitchenTable_01
[3.141s] -- Up-to-date: /home/aarambh/my_robot_ws/install/bumperbot_description/share/bumperbot_description/models/aws_robomaker_residential_KitchenTable_01/model.sdf
[3.141s] -- Up-to-date: /home/aarambh/my_robot_ws/install/bumperbot_description/share/bumperbot_description/models/aws_robomaker_residential_KitchenTable_01/materials
[3.143s] -- Up-to-date: /home/aarambh/my_robot_ws/install/bumperbot_description/share/bumperbot_description/models/aws_robomaker_residential_KitchenTable_01/materials/textures
[3.146s] -- Up-to-date: /home/aarambh/my_robot_ws/install/bumperbot_description/share/bumperbot_description/models/aws_robomaker_residential_KitchenTable_01/materials/textures/aws_KitchenTable_01.png
[3.146s] -- Up-to-date: /home/aarambh/my_robot_ws/install/bumperbot_description/share/bumperbot_description/models/aws_robomaker_residential_KitchenTable_01/model.config
[3.147s] -- Up-to-date: /home/aarambh/my_robot_ws/install/bumperbot_description/share/bumperbot_description/models/aws_robomaker_residential_KitchenTable_01/meshes
[3.148s] -- Up-to-date: /home/aarambh/my_robot_ws/install/bumperbot_description/share/bumperbot_description/models/aws_robomaker_residential_KitchenTable_01/meshes/aws_KitchenTable_01_visual.DAE
[3.156s] -- Up-to-date: /home/aarambh/my_robot_ws/install/bumperbot_description/share/bumperbot_description/models/aws_robomaker_residential_KitchenTable_01/meshes/aws_KitchenTable_01_collision.DAE
[3.157s] -- Up-to-date: /home/aarambh/my_robot_ws/install/bumperbot_description/share/bumperbot_description/models/aws_robomaker_residential_Board_01
[3.158s] -- Up-to-date: /home/aarambh/my_robot_ws/install/bumperbot_description/share/bumperbot_description/models/aws_robomaker_residential_Board_01/model.sdf
[3.158s] -- Up-to-date: /home/aarambh/my_robot_ws/install/bumperbot_description/share/bumperbot_description/models/aws_robomaker_residential_Board_01/materials
[3.159s] -- Up-to-date: /home/aarambh/my_robot_ws/install/bumperbot_description/share/bumperbot_description/models/aws_robomaker_residential_Board_01/materials/textures
[3.160s] -- Up-to-date: /home/aarambh/my_robot_ws/install/bumperbot_description/share/bumperbot_description/models/aws_robomaker_residential_Board_01/materials/textures/aws_Board_01.png
[3.161s] -- Up-to-date: /home/aarambh/my_robot_ws/install/bumperbot_description/share/bumperbot_description/models/aws_robomaker_residential_Board_01/model.config
[3.161s] -- Up-to-date: /home/aarambh/my_robot_ws/install/bumperbot_description/share/bumperbot_description/models/aws_robomaker_residential_Board_01/meshes
[3.162s] -- Up-to-date: /home/aarambh/my_robot_ws/install/bumperbot_description/share/bumperbot_description/models/aws_robomaker_residential_Board_01/meshes/aws_Board_01_visual.DAE
[3.163s] -- Up-to-date: /home/aarambh/my_robot_ws/install/bumperbot_description/share/bumperbot_description/models/aws_robomaker_residential_Board_01/meshes/aws_Board_01_collision.DAE
[3.163s] -- Up-to-date: /home/aarambh/my_robot_ws/install/bumperbot_description/share/bumperbot_description/models/aws_robomaker_residential_KitchenCabinet_01
[3.164s] -- Up-to-date: /home/aarambh/my_robot_ws/install/bumperbot_description/share/bumperbot_description/models/aws_robomaker_residential_KitchenCabinet_01/model.sdf
[3.164s] -- Up-to-date: /home/aarambh/my_robot_ws/install/bumperbot_description/share/bumperbot_description/models/aws_robomaker_residential_KitchenCabinet_01/materials
[3.174s] -- Up-to-date: /home/aarambh/my_robot_ws/install/bumperbot_description/share/bumperbot_description/models/aws_robomaker_residential_KitchenCabinet_01/materials/textures
[3.176s] -- Up-to-date: /home/aarambh/my_robot_ws/install/bumperbot_description/share/bumperbot_description/models/aws_robomaker_residential_KitchenCabinet_01/materials/textures/aws_KitchenCabinet_01.png
[3.177s] -- Up-to-date: /home/aarambh/my_robot_ws/install/bumperbot_description/share/bumperbot_description/models/aws_robomaker_residential_KitchenCabinet_01/model.config
[3.178s] -- Up-to-date: /home/aarambh/my_robot_ws/install/bumperbot_description/share/bumperbot_description/models/aws_robomaker_residential_KitchenCabinet_01/meshes
[3.180s] -- Up-to-date: /home/aarambh/my_robot_ws/install/bumperbot_description/share/bumperbot_description/models/aws_robomaker_residential_KitchenCabinet_01/meshes/aws_KitchenCabinet_01_collision.DAE
[3.181s] -- Up-to-date: /home/aarambh/my_robot_ws/install/bumperbot_description/share/bumperbot_description/models/aws_robomaker_residential_KitchenCabinet_01/meshes/aws_KitchenCabinet_01_visual.DAE
[3.182s] -- Up-to-date: /home/aarambh/my_robot_ws/install/bumperbot_description/share/bumperbot_description/models/aws_robomaker_residential_DeskPortraitD_03
[3.183s] -- Up-to-date: /home/aarambh/my_robot_ws/install/bumperbot_description/share/bumperbot_description/models/aws_robomaker_residential_DeskPortraitD_03/model.sdf
[3.184s] -- Up-to-date: /home/aarambh/my_robot_ws/install/bumperbot_description/share/bumperbot_description/models/aws_robomaker_residential_DeskPortraitD_03/materials
[3.185s] -- Up-to-date: /home/aarambh/my_robot_ws/install/bumperbot_description/share/bumperbot_description/models/aws_robomaker_residential_DeskPortraitD_03/materials/textures
[3.188s] -- Up-to-date: /home/aarambh/my_robot_ws/install/bumperbot_description/share/bumperbot_description/models/aws_robomaker_residential_DeskPortraitD_03/materials/textures/aws_DeskPortraitD_01.png
[3.189s] -- Up-to-date: /home/aarambh/my_robot_ws/install/bumperbot_description/share/bumperbot_description/models/aws_robomaker_residential_DeskPortraitD_03/materials/textures/aws_DeskPortraitD_02.png
[3.189s] -- Up-to-date: /home/aarambh/my_robot_ws/install/bumperbot_description/share/bumperbot_description/models/aws_robomaker_residential_DeskPortraitD_03/model.config
[3.190s] -- Up-to-date: /home/aarambh/my_robot_ws/install/bumperbot_description/share/bumperbot_description/models/aws_robomaker_residential_DeskPortraitD_03/meshes
[3.193s] -- Up-to-date: /home/aarambh/my_robot_ws/install/bumperbot_description/share/bumperbot_description/models/aws_robomaker_residential_DeskPortraitD_03/meshes/aws_DeskPortraitD_01_collision.DAE
[3.193s] -- Up-to-date: /home/aarambh/my_robot_ws/install/bumperbot_description/share/bumperbot_description/models/aws_robomaker_residential_DeskPortraitD_03/meshes/aws_DeskPortraitD_01_visual.DAE
[3.195s] -- Up-to-date: /home/aarambh/my_robot_ws/install/bumperbot_description/share/bumperbot_description/models/aws_robomaker_residential_FitnessEquipment_01
[3.202s] -- Up-to-date: /home/aarambh/my_robot_ws/install/bumperbot_description/share/bumperbot_description/models/aws_robomaker_residential_FitnessEquipment_01/model.sdf
[3.203s] -- Up-to-date: /home/aarambh/my_robot_ws/install/bumperbot_description/share/bumperbot_description/models/aws_robomaker_residential_FitnessEquipment_01/materials
[3.204s] -- Up-to-date: /home/aarambh/my_robot_ws/install/bumperbot_description/share/bumperbot_description/models/aws_robomaker_residential_FitnessEquipment_01/materials/textures
[3.206s] -- Up-to-date: /home/aarambh/my_robot_ws/install/bumperbot_description/share/bumperbot_description/models/aws_robomaker_residential_FitnessEquipment_01/materials/textures/aws_FitnessEquipment_01.png
[3.207s] -- Up-to-date: /home/aarambh/my_robot_ws/install/bumperbot_description/share/bumperbot_description/models/aws_robomaker_residential_FitnessEquipment_01/model.config
[3.208s] -- Up-to-date: /home/aarambh/my_robot_ws/install/bumperbot_description/share/bumperbot_description/models/aws_robomaker_residential_FitnessEquipment_01/meshes
[3.212s] -- Up-to-date: /home/aarambh/my_robot_ws/install/bumperbot_description/share/bumperbot_description/models/aws_robomaker_residential_FitnessEquipment_01/meshes/aws_FitnessEquipment_01_visual.DAE
[3.214s] -- Up-to-date: /home/aarambh/my_robot_ws/install/bumperbot_description/share/bumperbot_description/models/aws_robomaker_residential_FitnessEquipment_01/meshes/aws_FitnessEquipment_01_collision.DAE
[3.215s] -- Up-to-date: /home/aarambh/my_robot_ws/install/bumperbot_description/share/bumperbot_description/models/aws_robomaker_warehouse_ShelfE_01
[3.215s] -- Up-to-date: /home/aarambh/my_robot_ws/install/bumperbot_description/share/bumperbot_description/models/aws_robomaker_warehouse_ShelfE_01/model.sdf
[3.221s] -- Up-to-date: /home/aarambh/my_robot_ws/install/bumperbot_description/share/bumperbot_description/models/aws_robomaker_warehouse_ShelfE_01/materials
[3.222s] -- Up-to-date: /home/aarambh/my_robot_ws/install/bumperbot_description/share/bumperbot_description/models/aws_robomaker_warehouse_ShelfE_01/materials/.DS_Store
[3.222s] -- Up-to-date: /home/aarambh/my_robot_ws/install/bumperbot_description/share/bumperbot_description/models/aws_robomaker_warehouse_ShelfE_01/materials/textures
[3.223s] -- Up-to-date: /home/aarambh/my_robot_ws/install/bumperbot_description/share/bumperbot_description/models/aws_robomaker_warehouse_ShelfE_01/materials/textures/aws_robomaker_warehouse_ShelfE_02.png
[3.224s] -- Up-to-date: /home/aarambh/my_robot_ws/install/bumperbot_description/share/bumperbot_description/models/aws_robomaker_warehouse_ShelfE_01/materials/textures/aws_robomaker_warehouse_ShelfE_04.png
[3.225s] -- Up-to-date: /home/aarambh/my_robot_ws/install/bumperbot_description/share/bumperbot_description/models/aws_robomaker_warehouse_ShelfE_01/materials/textures/aws_robomaker_warehouse_ShelfE_03.png
[3.225s] -- Up-to-date: /home/aarambh/my_robot_ws/install/bumperbot_description/share/bumperbot_description/models/aws_robomaker_warehouse_ShelfE_01/materials/textures/aws_robomaker_warehouse_ShelfE_01.png
[3.229s] -- Up-to-date: /home/aarambh/my_robot_ws/install/bumperbot_description/share/bumperbot_description/models/aws_robomaker_warehouse_ShelfE_01/.DS_Store
[3.230s] -- Up-to-date: /home/aarambh/my_robot_ws/install/bumperbot_description/share/bumperbot_description/models/aws_robomaker_warehouse_ShelfE_01/model.config
[3.231s] -- Up-to-date: /home/aarambh/my_robot_ws/install/bumperbot_description/share/bumperbot_description/models/aws_robomaker_warehouse_ShelfE_01/meshes
[3.231s] -- Up-to-date: /home/aarambh/my_robot_ws/install/bumperbot_description/share/bumperbot_description/models/aws_robomaker_warehouse_ShelfE_01/meshes/aws_robomaker_warehouse_ShelfE_01_collision.DAE
[3.232s] -- Up-to-date: /home/aarambh/my_robot_ws/install/bumperbot_description/share/bumperbot_description/models/aws_robomaker_warehouse_ShelfE_01/meshes/aws_robomaker_warehouse_ShelfE_01_visual.DAE
[3.232s] -- Up-to-date: /home/aarambh/my_robot_ws/install/bumperbot_description/share/bumperbot_description/models/aws_robomaker_residential_ReadingDesk_01
[3.233s] -- Up-to-date: /home/aarambh/my_robot_ws/install/bumperbot_description/share/bumperbot_description/models/aws_robomaker_residential_ReadingDesk_01/model.sdf
[3.233s] -- Up-to-date: /home/aarambh/my_robot_ws/install/bumperbot_description/share/bumperbot_description/models/aws_robomaker_residential_ReadingDesk_01/materials
[3.234s] -- Up-to-date: /home/aarambh/my_robot_ws/install/bumperbot_description/share/bumperbot_description/models/aws_robomaker_residential_ReadingDesk_01/materials/textures
[3.234s] -- Up-to-date: /home/aarambh/my_robot_ws/install/bumperbot_description/share/bumperbot_description/models/aws_robomaker_residential_ReadingDesk_01/materials/textures/aws_ReadingDesk_01.png
[3.235s] -- Up-to-date: /home/aarambh/my_robot_ws/install/bumperbot_description/share/bumperbot_description/models/aws_robomaker_residential_ReadingDesk_01/model.config
[3.235s] -- Up-to-date: /home/aarambh/my_robot_ws/install/bumperbot_description/share/bumperbot_description/models/aws_robomaker_residential_ReadingDesk_01/meshes
[3.236s] -- Up-to-date: /home/aarambh/my_robot_ws/install/bumperbot_description/share/bumperbot_description/models/aws_robomaker_residential_ReadingDesk_01/meshes/aws_ReadingDesk_01_visual.DAE
[3.242s] -- Up-to-date: /home/aarambh/my_robot_ws/install/bumperbot_description/share/bumperbot_description/models/aws_robomaker_residential_ReadingDesk_01/meshes/aws_ReadingDesk_01_collision.DAE
[3.243s] -- Up-to-date: /home/aarambh/my_robot_ws/install/bumperbot_description/share/bumperbot_description/models/aws_robomaker_residential_CoffeeTable_01
[3.249s] -- Up-to-date: /home/aarambh/my_robot_ws/install/bumperbot_description/share/bumperbot_description/models/aws_robomaker_residential_CoffeeTable_01/model.sdf
[3.249s] -- Up-to-date: /home/aarambh/my_robot_ws/install/bumperbot_description/share/bumperbot_description/models/aws_robomaker_residential_CoffeeTable_01/materials
[3.250s] -- Up-to-date: /home/aarambh/my_robot_ws/install/bumperbot_description/share/bumperbot_description/models/aws_robomaker_residential_CoffeeTable_01/materials/textures
[3.251s] -- Up-to-date: /home/aarambh/my_robot_ws/install/bumperbot_description/share/bumperbot_description/models/aws_robomaker_residential_CoffeeTable_01/materials/textures/aws_CoffeeTable_01.png
[3.252s] -- Up-to-date: /home/aarambh/my_robot_ws/install/bumperbot_description/share/bumperbot_description/models/aws_robomaker_residential_CoffeeTable_01/model.config
[3.252s] -- Up-to-date: /home/aarambh/my_robot_ws/install/bumperbot_description/share/bumperbot_description/models/aws_robomaker_residential_CoffeeTable_01/meshes
[3.259s] -- Up-to-date: /home/aarambh/my_robot_ws/install/bumperbot_description/share/bumperbot_description/models/aws_robomaker_residential_CoffeeTable_01/meshes/aws_CoffeeTable_01_visual.DAE
[3.259s] -- Up-to-date: /home/aarambh/my_robot_ws/install/bumperbot_description/share/bumperbot_description/models/aws_robomaker_residential_CoffeeTable_01/meshes/aws_CoffeeTable_01_collision.DAE
[3.260s] -- Up-to-date: /home/aarambh/my_robot_ws/install/bumperbot_description/share/bumperbot_description/models/aws_robomaker_residential_Rangehood_01
[3.260s] -- Up-to-date: /home/aarambh/my_robot_ws/install/bumperbot_description/share/bumperbot_description/models/aws_robomaker_residential_Rangehood_01/model.sdf
[3.261s] -- Up-to-date: /home/aarambh/my_robot_ws/install/bumperbot_description/share/bumperbot_description/models/aws_robomaker_residential_Rangehood_01/materials
[3.261s] -- Up-to-date: /home/aarambh/my_robot_ws/install/bumperbot_description/share/bumperbot_description/models/aws_robomaker_residential_Rangehood_01/materials/textures
[3.262s] -- Up-to-date: /home/aarambh/my_robot_ws/install/bumperbot_description/share/bumperbot_description/models/aws_robomaker_residential_Rangehood_01/materials/textures/aws_Rangehood_01.png
[3.263s] -- Up-to-date: /home/aarambh/my_robot_ws/install/bumperbot_description/share/bumperbot_description/models/aws_robomaker_residential_Rangehood_01/model.config
[3.263s] -- Up-to-date: /home/aarambh/my_robot_ws/install/bumperbot_description/share/bumperbot_description/models/aws_robomaker_residential_Rangehood_01/meshes
[3.264s] -- Up-to-date: /home/aarambh/my_robot_ws/install/bumperbot_description/share/bumperbot_description/models/aws_robomaker_residential_Rangehood_01/meshes/aws_Rangehood_01_collision.DAE
[3.268s] -- Up-to-date: /home/aarambh/my_robot_ws/install/bumperbot_description/share/bumperbot_description/models/aws_robomaker_residential_Rangehood_01/meshes/aws_Rangehood_01_visual.DAE
[3.269s] -- Up-to-date: /home/aarambh/my_robot_ws/install/bumperbot_description/share/bumperbot_description/models/aws_robomaker_residential_HouseWallB_01
[3.270s] -- Up-to-date: /home/aarambh/my_robot_ws/install/bumperbot_description/share/bumperbot_description/models/aws_robomaker_residential_HouseWallB_01/model.sdf
[3.270s] -- Up-to-date: /home/aarambh/my_robot_ws/install/bumperbot_description/share/bumperbot_description/models/aws_robomaker_residential_HouseWallB_01/materials
[3.271s] -- Up-to-date: /home/aarambh/my_robot_ws/install/bumperbot_description/share/bumperbot_description/models/aws_robomaker_residential_HouseWallB_01/materials/textures
[3.273s] -- Up-to-date: /home/aarambh/my_robot_ws/install/bumperbot_description/share/bumperbot_description/models/aws_robomaker_residential_HouseWallB_01/materials/textures/aws_HouseWallB_01.png
[3.275s] -- Up-to-date: /home/aarambh/my_robot_ws/install/bumperbot_description/share/bumperbot_description/models/aws_robomaker_residential_HouseWallB_01/model.config
[3.275s] -- Up-to-date: /home/aarambh/my_robot_ws/install/bumperbot_description/share/bumperbot_description/models/aws_robomaker_residential_HouseWallB_01/meshes
[3.276s] -- Up-to-date: /home/aarambh/my_robot_ws/install/bumperbot_description/share/bumperbot_description/models/aws_robomaker_residential_HouseWallB_01/meshes/aws_HouseWallB_01_visual.DAE
[3.279s] -- Up-to-date: /home/aarambh/my_robot_ws/install/bumperbot_description/share/bumperbot_description/models/aws_robomaker_residential_HouseWallB_01/meshes/aws_HouseWallB_01_collision.DAE
[3.279s] -- Up-to-date: /home/aarambh/my_robot_ws/install/bumperbot_description/share/bumperbot_description/models/aws_robomaker_residential_PortraitB_01
[3.283s] -- Up-to-date: /home/aarambh/my_robot_ws/install/bumperbot_description/share/bumperbot_description/models/aws_robomaker_residential_PortraitB_01/model.sdf
[3.284s] -- Up-to-date: /home/aarambh/my_robot_ws/install/bumperbot_description/share/bumperbot_description/models/aws_robomaker_residential_PortraitB_01/materials
[3.285s] -- Up-to-date: /home/aarambh/my_robot_ws/install/bumperbot_description/share/bumperbot_description/models/aws_robomaker_residential_PortraitB_01/materials/textures
[3.285s] -- Up-to-date: /home/aarambh/my_robot_ws/install/bumperbot_description/share/bumperbot_description/models/aws_robomaker_residential_PortraitB_01/materials/textures/aws_PortraitB_01.png
[3.289s] -- Up-to-date: /home/aarambh/my_robot_ws/install/bumperbot_description/share/bumperbot_description/models/aws_robomaker_residential_PortraitB_01/materials/textures/aws_PortraitB_02.png
[3.290s] -- Up-to-date: /home/aarambh/my_robot_ws/install/bumperbot_description/share/bumperbot_description/models/aws_robomaker_residential_PortraitB_01/model.config
[3.290s] -- Up-to-date: /home/aarambh/my_robot_ws/install/bumperbot_description/share/bumperbot_description/models/aws_robomaker_residential_PortraitB_01/meshes
[3.291s] -- Up-to-date: /home/aarambh/my_robot_ws/install/bumperbot_description/share/bumperbot_description/models/aws_robomaker_residential_PortraitB_01/meshes/aws_PortraitB_01_collision.DAE
[3.294s] -- Up-to-date: /home/aarambh/my_robot_ws/install/bumperbot_description/share/bumperbot_description/models/aws_robomaker_residential_PortraitB_01/meshes/aws_PortraitB_01_visual.DAE
[3.295s] -- Up-to-date: /home/aarambh/my_robot_ws/install/bumperbot_description/share/bumperbot_description/models/aws_robomaker_residential_PortraitB_02
[3.295s] -- Up-to-date: /home/aarambh/my_robot_ws/install/bumperbot_description/share/bumperbot_description/models/aws_robomaker_residential_PortraitB_02/model.sdf
[3.296s] -- Up-to-date: /home/aarambh/my_robot_ws/install/bumperbot_description/share/bumperbot_description/models/aws_robomaker_residential_PortraitB_02/materials
[3.304s] -- Up-to-date: /home/aarambh/my_robot_ws/install/bumperbot_description/share/bumperbot_description/models/aws_robomaker_residential_PortraitB_02/materials/textures
[3.305s] -- Up-to-date: /home/aarambh/my_robot_ws/install/bumperbot_description/share/bumperbot_description/models/aws_robomaker_residential_PortraitB_02/materials/textures/aws_PortraitB_01.png
[3.307s] -- Up-to-date: /home/aarambh/my_robot_ws/install/bumperbot_description/share/bumperbot_description/models/aws_robomaker_residential_PortraitB_02/materials/textures/aws_PortraitB_02.png
[3.307s] -- Up-to-date: /home/aarambh/my_robot_ws/install/bumperbot_description/share/bumperbot_description/models/aws_robomaker_residential_PortraitB_02/model.config
[3.308s] -- Up-to-date: /home/aarambh/my_robot_ws/install/bumperbot_description/share/bumperbot_description/models/aws_robomaker_residential_PortraitB_02/meshes
[3.309s] -- Up-to-date: /home/aarambh/my_robot_ws/install/bumperbot_description/share/bumperbot_description/models/aws_robomaker_residential_PortraitB_02/meshes/aws_PortraitB_01_collision.DAE
[3.310s] -- Up-to-date: /home/aarambh/my_robot_ws/install/bumperbot_description/share/bumperbot_description/models/aws_robomaker_residential_PortraitB_02/meshes/aws_PortraitB_01_visual.DAE
[3.310s] -- Up-to-date: /home/aarambh/my_robot_ws/install/bumperbot_description/share/bumperbot_description/models/aws_robomaker_residential_DeskPortraitA_02
[3.313s] -- Up-to-date: /home/aarambh/my_robot_ws/install/bumperbot_description/share/bumperbot_description/models/aws_robomaker_residential_DeskPortraitA_02/model.sdf
[3.314s] -- Up-to-date: /home/aarambh/my_robot_ws/install/bumperbot_description/share/bumperbot_description/models/aws_robomaker_residential_DeskPortraitA_02/materials
[3.315s] -- Up-to-date: /home/aarambh/my_robot_ws/install/bumperbot_description/share/bumperbot_description/models/aws_robomaker_residential_DeskPortraitA_02/materials/textures
[3.316s] -- Up-to-date: /home/aarambh/my_robot_ws/install/bumperbot_description/share/bumperbot_description/models/aws_robomaker_residential_DeskPortraitA_02/materials/textures/aws_DeskPortraitA_01.png
[3.319s] -- Up-to-date: /home/aarambh/my_robot_ws/install/bumperbot_description/share/bumperbot_description/models/aws_robomaker_residential_DeskPortraitA_02/materials/textures/aws_DeskPortraitA_02.png
[3.320s] -- Up-to-date: /home/aarambh/my_robot_ws/install/bumperbot_description/share/bumperbot_description/models/aws_robomaker_residential_DeskPortraitA_02/model.config
[3.321s] -- Up-to-date: /home/aarambh/my_robot_ws/install/bumperbot_description/share/bumperbot_description/models/aws_robomaker_residential_DeskPortraitA_02/meshes
[3.324s] -- Up-to-date: /home/aarambh/my_robot_ws/install/bumperbot_description/share/bumperbot_description/models/aws_robomaker_residential_DeskPortraitA_02/meshes/aws_DeskPortraitA_01_visual.DAE
[3.325s] -- Up-to-date: /home/aarambh/my_robot_ws/install/bumperbot_description/share/bumperbot_description/models/aws_robomaker_residential_DeskPortraitA_02/meshes/aws_DeskPortraitA_01_collision.DAE
[3.325s] -- Up-to-date: /home/aarambh/my_robot_ws/install/bumperbot_description/share/bumperbot_description/models/aws_robomaker_residential_Sofa_01
[3.328s] -- Up-to-date: /home/aarambh/my_robot_ws/install/bumperbot_description/share/bumperbot_description/models/aws_robomaker_residential_Sofa_01/model.sdf
[3.328s] -- Up-to-date: /home/aarambh/my_robot_ws/install/bumperbot_description/share/bumperbot_description/models/aws_robomaker_residential_Sofa_01/materials
[3.329s] -- Up-to-date: /home/aarambh/my_robot_ws/install/bumperbot_description/share/bumperbot_description/models/aws_robomaker_residential_Sofa_01/materials/textures
[3.329s] -- Up-to-date: /home/aarambh/my_robot_ws/install/bumperbot_description/share/bumperbot_description/models/aws_robomaker_residential_Sofa_01/materials/textures/aws_Sofa_01.png
[3.330s] -- Up-to-date: /home/aarambh/my_robot_ws/install/bumperbot_description/share/bumperbot_description/models/aws_robomaker_residential_Sofa_01/model.config
[3.330s] -- Up-to-date: /home/aarambh/my_robot_ws/install/bumperbot_description/share/bumperbot_description/models/aws_robomaker_residential_Sofa_01/meshes
[3.331s] -- Up-to-date: /home/aarambh/my_robot_ws/install/bumperbot_description/share/bumperbot_description/models/aws_robomaker_residential_Sofa_01/meshes/aws_Sofa_01_visual.DAE
[3.332s] -- Up-to-date: /home/aarambh/my_robot_ws/install/bumperbot_description/share/bumperbot_description/models/aws_robomaker_residential_Sofa_01/meshes/aws_Sofa_01_collision.DAE
[3.344s] -- Up-to-date: /home/aarambh/my_robot_ws/install/bumperbot_description/share/bumperbot_description/models/aws_robomaker_residential_Sofa_01/meshes/aws_Sofa_01.DAE
[3.347s] -- Up-to-date: /home/aarambh/my_robot_ws/install/bumperbot_description/share/bumperbot_description/models/aws_robomaker_residential_Trash_01
[3.348s] -- Up-to-date: /home/aarambh/my_robot_ws/install/bumperbot_description/share/bumperbot_description/models/aws_robomaker_residential_Trash_01/model.sdf
[3.348s] -- Up-to-date: /home/aarambh/my_robot_ws/install/bumperbot_description/share/bumperbot_description/models/aws_robomaker_residential_Trash_01/materials
[3.349s] -- Up-to-date: /home/aarambh/my_robot_ws/install/bumperbot_description/share/bumperbot_description/models/aws_robomaker_residential_Trash_01/materials/textures
[3.350s] -- Up-to-date: /home/aarambh/my_robot_ws/install/bumperbot_description/share/bumperbot_description/models/aws_robomaker_residential_Trash_01/materials/textures/aws_Trash_01.png
[3.350s] -- Up-to-date: /home/aarambh/my_robot_ws/install/bumperbot_description/share/bumperbot_description/models/aws_robomaker_residential_Trash_01/model.config
[3.351s] -- Up-to-date: /home/aarambh/my_robot_ws/install/bumperbot_description/share/bumperbot_description/models/aws_robomaker_residential_Trash_01/meshes
[3.357s] -- Up-to-date: /home/aarambh/my_robot_ws/install/bumperbot_description/share/bumperbot_description/models/aws_robomaker_residential_Trash_01/meshes/aws_Trash_01_collision.DAE
[3.357s] -- Up-to-date: /home/aarambh/my_robot_ws/install/bumperbot_description/share/bumperbot_description/models/aws_robomaker_residential_Trash_01/meshes/aws_Trash_01_visual.DAE
[3.358s] -- Up-to-date: /home/aarambh/my_robot_ws/install/bumperbot_description/share/bumperbot_description/models/aws_robomaker_residential_Chandelier_01
[3.358s] -- Up-to-date: /home/aarambh/my_robot_ws/install/bumperbot_description/share/bumperbot_description/models/aws_robomaker_residential_Chandelier_01/model.sdf
[3.359s] -- Up-to-date: /home/aarambh/my_robot_ws/install/bumperbot_description/share/bumperbot_description/models/aws_robomaker_residential_Chandelier_01/materials
[3.373s] -- Up-to-date: /home/aarambh/my_robot_ws/install/bumperbot_description/share/bumperbot_description/models/aws_robomaker_residential_Chandelier_01/materials/textures
[3.375s] -- Up-to-date: /home/aarambh/my_robot_ws/install/bumperbot_description/share/bumperbot_description/models/aws_robomaker_residential_Chandelier_01/materials/textures/aws_Chandelier_01.png
[3.375s] -- Up-to-date: /home/aarambh/my_robot_ws/install/bumperbot_description/share/bumperbot_description/models/aws_robomaker_residential_Chandelier_01/model.config
[3.376s] -- Up-to-date: /home/aarambh/my_robot_ws/install/bumperbot_description/share/bumperbot_description/models/aws_robomaker_residential_Chandelier_01/meshes
[3.381s] -- Up-to-date: /home/aarambh/my_robot_ws/install/bumperbot_description/share/bumperbot_description/models/aws_robomaker_residential_Chandelier_01/meshes/aws_Chandelier_01_visual.DAE
[3.382s] -- Up-to-date: /home/aarambh/my_robot_ws/install/bumperbot_description/share/bumperbot_description/models/aws_robomaker_residential_Chandelier_01/meshes/aws_Chandelier_01.DAE
[3.382s] -- Up-to-date: /home/aarambh/my_robot_ws/install/bumperbot_description/share/bumperbot_description/models/aws_robomaker_residential_Chandelier_01/meshes/aws_Chandelier_01_collision.DAE
[3.383s] -- Up-to-date: /home/aarambh/my_robot_ws/install/bumperbot_description/share/bumperbot_description/models/aws_robomaker_residential_RoomWall_01
[3.385s] -- Up-to-date: /home/aarambh/my_robot_ws/install/bumperbot_description/share/bumperbot_description/models/aws_robomaker_residential_RoomWall_01/model.sdf
[3.386s] -- Up-to-date: /home/aarambh/my_robot_ws/install/bumperbot_description/share/bumperbot_description/models/aws_robomaker_residential_RoomWall_01/materials
[3.387s] -- Up-to-date: /home/aarambh/my_robot_ws/install/bumperbot_description/share/bumperbot_description/models/aws_robomaker_residential_RoomWall_01/materials/textures
[3.389s] -- Up-to-date: /home/aarambh/my_robot_ws/install/bumperbot_description/share/bumperbot_description/models/aws_robomaker_residential_RoomWall_01/materials/textures/aws_RoomWall_01.png
[3.390s] -- Up-to-date: /home/aarambh/my_robot_ws/install/bumperbot_description/share/bumperbot_description/models/aws_robomaker_residential_RoomWall_01/model.config
[3.391s] -- Up-to-date: /home/aarambh/my_robot_ws/install/bumperbot_description/share/bumperbot_description/models/aws_robomaker_residential_RoomWall_01/meshes
[3.394s] -- Up-to-date: /home/aarambh/my_robot_ws/install/bumperbot_description/share/bumperbot_description/models/aws_robomaker_residential_RoomWall_01/meshes/aws_RoomWall_01_visual.DAE
[3.395s] -- Up-to-date: /home/aarambh/my_robot_ws/install/bumperbot_description/share/bumperbot_description/models/aws_robomaker_residential_RoomWall_01/meshes/aws_RoomWall_01_collision.DAE
[3.395s] -- Up-to-date: /home/aarambh/my_robot_ws/install/bumperbot_description/share/bumperbot_description/models/aws_robomaker_residential_TV_02
[3.398s] -- Up-to-date: /home/aarambh/my_robot_ws/install/bumperbot_description/share/bumperbot_description/models/aws_robomaker_residential_TV_02/model.sdf
[3.399s] -- Up-to-date: /home/aarambh/my_robot_ws/install/bumperbot_description/share/bumperbot_description/models/aws_robomaker_residential_TV_02/materials
[3.399s] -- Up-to-date: /home/aarambh/my_robot_ws/install/bumperbot_description/share/bumperbot_description/models/aws_robomaker_residential_TV_02/materials/textures
[3.403s] -- Up-to-date: /home/aarambh/my_robot_ws/install/bumperbot_description/share/bumperbot_description/models/aws_robomaker_residential_TV_02/materials/textures/aws_TV_01.png
[3.404s] -- Up-to-date: /home/aarambh/my_robot_ws/install/bumperbot_description/share/bumperbot_description/models/aws_robomaker_residential_TV_02/model.config
[3.405s] -- Up-to-date: /home/aarambh/my_robot_ws/install/bumperbot_description/share/bumperbot_description/models/aws_robomaker_residential_TV_02/meshes
[3.408s] -- Up-to-date: /home/aarambh/my_robot_ws/install/bumperbot_description/share/bumperbot_description/models/aws_robomaker_residential_TV_02/meshes/aws_TV_01_collision.DAE
[3.410s] -- Up-to-date: /home/aarambh/my_robot_ws/install/bumperbot_description/share/bumperbot_description/models/aws_robomaker_residential_TV_02/meshes/aws_TV_01_visual.DAE
[3.414s] -- Up-to-date: /home/aarambh/my_robot_ws/install/bumperbot_description/share/bumperbot_description/models/aws_robomaker_warehouse_ClutteringD_01
[3.415s] -- Up-to-date: /home/aarambh/my_robot_ws/install/bumperbot_description/share/bumperbot_description/models/aws_robomaker_warehouse_ClutteringD_01/model.sdf
[3.415s] -- Up-to-date: /home/aarambh/my_robot_ws/install/bumperbot_description/share/bumperbot_description/models/aws_robomaker_warehouse_ClutteringD_01/materials
[3.418s] -- Up-to-date: /home/aarambh/my_robot_ws/install/bumperbot_description/share/bumperbot_description/models/aws_robomaker_warehouse_ClutteringD_01/materials/textures
[3.419s] -- Up-to-date: /home/aarambh/my_robot_ws/install/bumperbot_description/share/bumperbot_description/models/aws_robomaker_warehouse_ClutteringD_01/materials/textures/aws_robomaker_warehouse_ClutteringD_01.png
[3.420s] -- Up-to-date: /home/aarambh/my_robot_ws/install/bumperbot_description/share/bumperbot_description/models/aws_robomaker_warehouse_ClutteringD_01/materials/textures/aws_robomaker_warehouse_ClutteringD_02.png
[3.420s] -- Up-to-date: /home/aarambh/my_robot_ws/install/bumperbot_description/share/bumperbot_description/models/aws_robomaker_warehouse_ClutteringD_01/model.config
[3.425s] -- Up-to-date: /home/aarambh/my_robot_ws/install/bumperbot_description/share/bumperbot_description/models/aws_robomaker_warehouse_ClutteringD_01/meshes
[3.425s] -- Up-to-date: /home/aarambh/my_robot_ws/install/bumperbot_description/share/bumperbot_description/models/aws_robomaker_warehouse_ClutteringD_01/meshes/aws_robomaker_warehouse_ClutteringD_01_collision.DAE
[3.426s] -- Up-to-date: /home/aarambh/my_robot_ws/install/bumperbot_description/share/bumperbot_description/models/aws_robomaker_warehouse_ClutteringD_01/meshes/aws_robomaker_warehouse_ClutteringD_01_visual.DAE
[3.427s] -- Up-to-date: /home/aarambh/my_robot_ws/install/bumperbot_description/share/bumperbot_description/models/aws_robomaker_residential_PortraitD_02
[3.427s] -- Up-to-date: /home/aarambh/my_robot_ws/install/bumperbot_description/share/bumperbot_description/models/aws_robomaker_residential_PortraitD_02/model.sdf
[3.427s] -- Up-to-date: /home/aarambh/my_robot_ws/install/bumperbot_description/share/bumperbot_description/models/aws_robomaker_residential_PortraitD_02/materials
[3.428s] -- Up-to-date: /home/aarambh/my_robot_ws/install/bumperbot_description/share/bumperbot_description/models/aws_robomaker_residential_PortraitD_02/materials/textures
[3.428s] -- Up-to-date: /home/aarambh/my_robot_ws/install/bumperbot_description/share/bumperbot_description/models/aws_robomaker_residential_PortraitD_02/materials/textures/aws_PortraitD_01.png
[3.429s] -- Up-to-date: /home/aarambh/my_robot_ws/install/bumperbot_description/share/bumperbot_description/models/aws_robomaker_residential_PortraitD_02/materials/textures/aws_PortraitD_02.png
[3.429s] -- Up-to-date: /home/aarambh/my_robot_ws/install/bumperbot_description/share/bumperbot_description/models/aws_robomaker_residential_PortraitD_02/model.config
[3.430s] -- Up-to-date: /home/aarambh/my_robot_ws/install/bumperbot_description/share/bumperbot_description/models/aws_robomaker_residential_PortraitD_02/meshes
[3.430s] -- Up-to-date: /home/aarambh/my_robot_ws/install/bumperbot_description/share/bumperbot_description/models/aws_robomaker_residential_PortraitD_02/meshes/aws_PortraitD_01_visual.DAE
[3.431s] -- Up-to-date: /home/aarambh/my_robot_ws/install/bumperbot_description/share/bumperbot_description/models/aws_robomaker_residential_PortraitD_02/meshes/aws_PortraitD_01_collision.DAE
[3.431s] -- Up-to-date: /home/aarambh/my_robot_ws/install/bumperbot_description/share/bumperbot_description/models/aws_robomaker_residential_SecurityCamera_01
[3.445s] -- Up-to-date: /home/aarambh/my_robot_ws/install/bumperbot_description/share/bumperbot_description/models/aws_robomaker_residential_SecurityCamera_01/model.sdf
[3.445s] -- Up-to-date: /home/aarambh/my_robot_ws/install/bumperbot_description/share/bumperbot_description/models/aws_robomaker_residential_SecurityCamera_01/materials
[3.446s] -- Up-to-date: /home/aarambh/my_robot_ws/install/bumperbot_description/share/bumperbot_description/models/aws_robomaker_residential_SecurityCamera_01/materials/textures
[3.447s] -- Up-to-date: /home/aarambh/my_robot_ws/install/bumperbot_description/share/bumperbot_description/models/aws_robomaker_residential_SecurityCamera_01/materials/textures/aws_SecurityCamera_01.png
[3.447s] -- Up-to-date: /home/aarambh/my_robot_ws/install/bumperbot_description/share/bumperbot_description/models/aws_robomaker_residential_SecurityCamera_01/model.config
[3.450s] -- Up-to-date: /home/aarambh/my_robot_ws/install/bumperbot_description/share/bumperbot_description/models/aws_robomaker_residential_SecurityCamera_01/meshes
[3.450s] -- Up-to-date: /home/aarambh/my_robot_ws/install/bumperbot_description/share/bumperbot_description/models/aws_robomaker_residential_SecurityCamera_01/meshes/aws_SecurityCamera_01_collision.DAE
[3.451s] -- Up-to-date: /home/aarambh/my_robot_ws/install/bumperbot_description/share/bumperbot_description/models/aws_robomaker_residential_SecurityCamera_01/meshes/aws_SecurityCamera_01_visual.DAE
[3.452s] -- Up-to-date: /home/aarambh/my_robot_ws/install/bumperbot_description/share/bumperbot_description/models/aws_robomaker_residential_PortraitC_01
[3.454s] -- Up-to-date: /home/aarambh/my_robot_ws/install/bumperbot_description/share/bumperbot_description/models/aws_robomaker_residential_PortraitC_01/model.sdf
[3.455s] -- Up-to-date: /home/aarambh/my_robot_ws/install/bumperbot_description/share/bumperbot_description/models/aws_robomaker_residential_PortraitC_01/materials
[3.456s] -- Up-to-date: /home/aarambh/my_robot_ws/install/bumperbot_description/share/bumperbot_description/models/aws_robomaker_residential_PortraitC_01/materials/textures
[3.456s] -- Up-to-date: /home/aarambh/my_robot_ws/install/bumperbot_description/share/bumperbot_description/models/aws_robomaker_residential_PortraitC_01/materials/textures/aws_PortraitC_02.png
[3.457s] -- Up-to-date: /home/aarambh/my_robot_ws/install/bumperbot_description/share/bumperbot_description/models/aws_robomaker_residential_PortraitC_01/materials/textures/aws_PortraitC_01.png
[3.458s] -- Up-to-date: /home/aarambh/my_robot_ws/install/bumperbot_description/share/bumperbot_description/models/aws_robomaker_residential_PortraitC_01/model.config
[3.458s] -- Up-to-date: /home/aarambh/my_robot_ws/install/bumperbot_description/share/bumperbot_description/models/aws_robomaker_residential_PortraitC_01/meshes
[3.459s] -- Up-to-date: /home/aarambh/my_robot_ws/install/bumperbot_description/share/bumperbot_description/models/aws_robomaker_residential_PortraitC_01/meshes/aws_PortraitC_01_visual.DAE
[3.460s] -- Up-to-date: /home/aarambh/my_robot_ws/install/bumperbot_description/share/bumperbot_description/models/aws_robomaker_residential_PortraitC_01/meshes/aws_PortraitC_01_collision.DAE
[3.460s] -- Up-to-date: /home/aarambh/my_robot_ws/install/bumperbot_description/share/bumperbot_description/photos
[3.484s] -- Up-to-date: /home/aarambh/my_robot_ws/install/bumperbot_description/share/bumperbot_description/photos/DeskPortraitC_01.jpg
[3.488s] -- Up-to-date: /home/aarambh/my_robot_ws/install/bumperbot_description/share/bumperbot_description/photos/DeskPortraitA_02.jpg
[3.489s] -- Up-to-date: /home/aarambh/my_robot_ws/install/bumperbot_description/share/bumperbot_description/photos/PortraitC_01.jpg
[3.489s] -- Up-to-date: /home/aarambh/my_robot_ws/install/bumperbot_description/share/bumperbot_description/photos/DeskPortraitD_04.jpg
[3.490s] -- Up-to-date: /home/aarambh/my_robot_ws/install/bumperbot_description/share/bumperbot_description/photos/PortraitD_01.jpg
[3.490s] -- Up-to-date: /home/aarambh/my_robot_ws/install/bumperbot_description/share/bumperbot_description/photos/PortraitB_01.jpg
[3.491s] -- Up-to-date: /home/aarambh/my_robot_ws/install/bumperbot_description/share/bumperbot_description/photos/DeskPortraitD_02.jpg
[3.491s] -- Up-to-date: /home/aarambh/my_robot_ws/install/bumperbot_description/share/bumperbot_description/photos/DeskPortraitC_02.jpg
[3.492s] -- Up-to-date: /home/aarambh/my_robot_ws/install/bumperbot_description/share/bumperbot_description/photos/PortraitA_01.jpg
[3.498s] -- Up-to-date: /home/aarambh/my_robot_ws/install/bumperbot_description/share/bumperbot_description/photos/PortraitE_01.jpg
[3.500s] -- Up-to-date: /home/aarambh/my_robot_ws/install/bumperbot_description/share/bumperbot_description/photos/PortraitA_02.jpg
[3.502s] -- Up-to-date: /home/aarambh/my_robot_ws/install/bumperbot_description/share/bumperbot_description/photos/DeskPortraitB_02.jpg
[3.503s] -- Up-to-date: /home/aarambh/my_robot_ws/install/bumperbot_description/share/bumperbot_description/photos/DeskPortraitA_01.jpg
[3.509s] -- Up-to-date: /home/aarambh/my_robot_ws/install/bumperbot_description/share/bumperbot_description/photos/PortraitB_03.jpg
[3.511s] -- Up-to-date: /home/aarambh/my_robot_ws/install/bumperbot_description/share/bumperbot_description/photos/PortraitE_02.jpg
[3.512s] -- Up-to-date: /home/aarambh/my_robot_ws/install/bumperbot_description/share/bumperbot_description/photos/DeskPortraitD_03.jpg
[3.513s] -- Up-to-date: /home/aarambh/my_robot_ws/install/bumperbot_description/share/bumperbot_description/photos/DeskPortraitB_01.jpg
[3.514s] -- Up-to-date: /home/aarambh/my_robot_ws/install/bumperbot_description/share/bumperbot_description/photos/PortraitB_02.jpg
[3.514s] -- Up-to-date: /home/aarambh/my_robot_ws/install/bumperbot_description/share/bumperbot_description/photos/PortraitD_02.jpg
[3.515s] -- Up-to-date: /home/aarambh/my_robot_ws/install/bumperbot_description/share/bumperbot_description/photos/DeskPortraitD_01.jpg
[3.515s] -- Up-to-date: /home/aarambh/my_robot_ws/install/bumperbot_description/share/bumperbot_description/urdf
[3.523s] -- Up-to-date: /home/aarambh/my_robot_ws/install/bumperbot_description/share/bumperbot_description/urdf/bumperbot_gazebo.xacro
[3.524s] -- Up-to-date: /home/aarambh/my_robot_ws/install/bumperbot_description/share/bumperbot_description/urdf/bumperbot_ros2_control.xacro
[3.524s] -- Up-to-date: /home/aarambh/my_robot_ws/install/bumperbot_description/share/bumperbot_description/urdf/bumperbot.urdf.xacro
[3.525s] -- Up-to-date: /home/aarambh/my_robot_ws/install/bumperbot_description/share/bumperbot_description/rviz
[3.526s] -- Up-to-date: /home/aarambh/my_robot_ws/install/bumperbot_description/share/bumperbot_description/rviz/display.rviz
[3.526s] -- Up-to-date: /home/aarambh/my_robot_ws/install/bumperbot_description/share/bumperbot_description/worlds
[3.527s] -- Up-to-date: /home/aarambh/my_robot_ws/install/bumperbot_description/share/bumperbot_description/worlds/empty.world
[3.527s] -- Up-to-date: /home/aarambh/my_robot_ws/install/bumperbot_description/share/bumperbot_description/worlds/small_warehouse.world
[3.528s] -- Up-to-date: /home/aarambh/my_robot_ws/install/bumperbot_description/share/bumperbot_description/worlds/small_house.world
[3.533s] -- Up-to-date: /home/aarambh/my_robot_ws/install/bumperbot_description/share/ament_index/resource_index/package_run_dependencies/bumperbot_description
[3.533s] -- Up-to-date: /home/aarambh/my_robot_ws/install/bumperbot_description/share/ament_index/resource_index/parent_prefix_path/bumperbot_description
[3.534s] -- Up-to-date: /home/aarambh/my_robot_ws/install/bumperbot_description/share/bumperbot_description/environment/ament_prefix_path.sh
[3.534s] -- Up-to-date: /home/aarambh/my_robot_ws/install/bumperbot_description/share/bumperbot_description/environment/ament_prefix_path.dsv
[3.535s] -- Up-to-date: /home/aarambh/my_robot_ws/install/bumperbot_description/share/bumperbot_description/environment/path.sh
[3.535s] -- Up-to-date: /home/aarambh/my_robot_ws/install/bumperbot_description/share/bumperbot_description/environment/path.dsv
[3.536s] -- Up-to-date: /home/aarambh/my_robot_ws/install/bumperbot_description/share/bumperbot_description/local_setup.bash
[3.539s] -- Up-to-date: /home/aarambh/my_robot_ws/install/bumperbot_description/share/bumperbot_description/local_setup.sh
[3.539s] -- Up-to-date: /home/aarambh/my_robot_ws/install/bumperbot_description/share/bumperbot_description/local_setup.zsh
[3.540s] -- Up-to-date: /home/aarambh/my_robot_ws/install/bumperbot_description/share/bumperbot_description/local_setup.dsv
[3.541s] -- Installing: /home/aarambh/my_robot_ws/install/bumperbot_description/share/bumperbot_description/package.dsv
[3.570s] -- Up-to-date: /home/aarambh/my_robot_ws/install/bumperbot_description/share/ament_index/resource_index/packages/bumperbot_description
[3.571s] -- Up-to-date: /home/aarambh/my_robot_ws/install/bumperbot_description/share/bumperbot_description/cmake/bumperbot_descriptionConfig.cmake
[3.572s] -- Up-to-date: /home/aarambh/my_robot_ws/install/bumperbot_description/share/bumperbot_description/cmake/bumperbot_descriptionConfig-version.cmake
[3.573s] -- Up-to-date: /home/aarambh/my_robot_ws/install/bumperbot_description/share/bumperbot_description/package.xml
[3.578s] Invoked command in '/home/aarambh/my_robot_ws/build/bumperbot_description' returned '0': CMAKE_PREFIX_PATH=${CMAKE_PREFIX_PATH}:/home/aarambh/my_robot_ws/install/bumperbot_py_examples:/opt/ros/humble /usr/bin/cmake --install /home/aarambh/my_robot_ws/build/bumperbot_description
