[0.113s] Invoking command in '/home/aarambh/my_robot_ws/build/bumperbot_description': CMAKE_PREFIX_PATH=${CMAKE_PREFIX_PATH}:/home/aarambh/my_robot_ws/install/bumperbot_py_examples:/opt/ros/humble /usr/bin/cmake --build /home/aarambh/my_robot_ws/build/bumperbot_description -- -j4 -l4
[0.417s] Invoked command in '/home/aarambh/my_robot_ws/build/bumperbot_description' returned '0': CMAKE_PREFIX_PATH=${CMAKE_PREFIX_PATH}:/home/aarambh/my_robot_ws/install/bumperbot_py_examples:/opt/ros/humble /usr/bin/cmake --build /home/aarambh/my_robot_ws/build/bumperbot_description -- -j4 -l4
[0.486s] Invoking command in '/home/aarambh/my_robot_ws/build/bumperbot_description': CMAKE_PREFIX_PATH=${CMAKE_PREFIX_PATH}:/home/aarambh/my_robot_ws/install/bumperbot_py_examples:/opt/ros/humble /usr/bin/cmake --install /home/aarambh/my_robot_ws/build/bumperbot_description
[0.583s] -- Install configuration: ""
[0.590s] -- Up-to-date: /home/aarambh/my_robot_ws/install/bumperbot_description/share/bumperbot_description/launch
[0.603s] -- Up-to-date: /home/aarambh/my_robot_ws/install/bumperbot_description/share/bumperbot_description/launch/display.launch.py
[0.604s] -- Up-to-date: /home/aarambh/my_robot_ws/install/bumperbot_description/share/bumperbot_description/launch/gazebo.launch.py
[0.606s] -- Up-to-date: /home/aarambh/my_robot_ws/install/bumperbot_description/share/bumperbot_description/meshes
[0.607s] -- Up-to-date: /home/aarambh/my_robot_ws/install/bumperbot_description/share/bumperbot_description/meshes/caster_front_link.STL
[0.609s] -- Up-to-date: /home/aarambh/my_robot_ws/install/bumperbot_description/share/bumperbot_description/meshes/caster_rear_link.STL
[0.610s] -- Up-to-date: /home/aarambh/my_robot_ws/install/bumperbot_description/share/bumperbot_description/meshes/wheel_left_link.STL
[0.611s] -- Up-to-date: /home/aarambh/my_robot_ws/install/bumperbot_description/share/bumperbot_description/meshes/base_link.STL
[0.616s] -- Up-to-date: /home/aarambh/my_robot_ws/install/bumperbot_description/share/bumperbot_description/meshes/wheel_right_link.STL
[0.618s] -- Up-to-date: /home/aarambh/my_robot_ws/install/bumperbot_description/share/bumperbot_description/meshes/imu_link.STL
[0.626s] -- Up-to-date: /home/aarambh/my_robot_ws/install/bumperbot_description/share/bumperbot_description/meshes/laser_link.STL
[0.627s] -- Up-to-date: /home/aarambh/my_robot_ws/install/bumperbot_description/share/bumperbot_description/models
[0.630s] -- Up-to-date: /home/aarambh/my_robot_ws/install/bumperbot_description/share/bumperbot_description/models/aws_robomaker_warehouse_ShelfF_01
[0.647s] -- Up-to-date: /home/aarambh/my_robot_ws/install/bumperbot_description/share/bumperbot_description/models/aws_robomaker_warehouse_ShelfF_01/model.sdf
[0.648s] -- Up-to-date: /home/aarambh/my_robot_ws/install/bumperbot_description/share/bumperbot_description/models/aws_robomaker_warehouse_ShelfF_01/materials
[0.648s] -- Up-to-date: /home/aarambh/my_robot_ws/install/bumperbot_description/share/bumperbot_description/models/aws_robomaker_warehouse_ShelfF_01/materials/textures
[0.655s] -- Up-to-date: /home/aarambh/my_robot_ws/install/bumperbot_description/share/bumperbot_description/models/aws_robomaker_warehouse_ShelfF_01/materials/textures/aws_robomaker_warehouse_ShelfF_02.png
[0.657s] -- Up-to-date: /home/aarambh/my_robot_ws/install/bumperbot_description/share/bumperbot_description/models/aws_robomaker_warehouse_ShelfF_01/materials/textures/aws_robomaker_warehouse_ShelfF_01.png
[0.658s] -- Up-to-date: /home/aarambh/my_robot_ws/install/bumperbot_description/share/bumperbot_description/models/aws_robomaker_warehouse_ShelfF_01/materials/textures/aws_robomaker_warehouse_ShelfF_03.png
[0.658s] -- Up-to-date: /home/aarambh/my_robot_ws/install/bumperbot_description/share/bumperbot_description/models/aws_robomaker_warehouse_ShelfF_01/model.config
[0.659s] -- Up-to-date: /home/aarambh/my_robot_ws/install/bumperbot_description/share/bumperbot_description/models/aws_robomaker_warehouse_ShelfF_01/meshes
[0.662s] -- Up-to-date: /home/aarambh/my_robot_ws/install/bumperbot_description/share/bumperbot_description/models/aws_robomaker_warehouse_ShelfF_01/meshes/aws_robomaker_warehouse_ShelfF_01_collision.DAE
[0.664s] -- Up-to-date: /home/aarambh/my_robot_ws/install/bumperbot_description/share/bumperbot_description/models/aws_robomaker_warehouse_ShelfF_01/meshes/aws_robomaker_warehouse_ShelfF_01_visual.DAE
[0.666s] -- Up-to-date: /home/aarambh/my_robot_ws/install/bumperbot_description/share/bumperbot_description/models/aws_robomaker_residential_Vase_01
[0.674s] -- Up-to-date: /home/aarambh/my_robot_ws/install/bumperbot_description/share/bumperbot_description/models/aws_robomaker_residential_Vase_01/model.sdf
[0.674s] -- Up-to-date: /home/aarambh/my_robot_ws/install/bumperbot_description/share/bumperbot_description/models/aws_robomaker_residential_Vase_01/materials
[0.675s] -- Up-to-date: /home/aarambh/my_robot_ws/install/bumperbot_description/share/bumperbot_description/models/aws_robomaker_residential_Vase_01/materials/textures
[0.675s] -- Up-to-date: /home/aarambh/my_robot_ws/install/bumperbot_description/share/bumperbot_description/models/aws_robomaker_residential_Vase_01/materials/textures/aws_Vase_01.png
[0.676s] -- Up-to-date: /home/aarambh/my_robot_ws/install/bumperbot_description/share/bumperbot_description/models/aws_robomaker_residential_Vase_01/model.config
[0.676s] -- Up-to-date: /home/aarambh/my_robot_ws/install/bumperbot_description/share/bumperbot_description/models/aws_robomaker_residential_Vase_01/meshes
[0.689s] -- Up-to-date: /home/aarambh/my_robot_ws/install/bumperbot_description/share/bumperbot_description/models/aws_robomaker_residential_Vase_01/meshes/aws_Vase_01_visual.DAE
[0.690s] -- Up-to-date: /home/aarambh/my_robot_ws/install/bumperbot_description/share/bumperbot_description/models/aws_robomaker_residential_Vase_01/meshes/aws_Vase_01_collision.DAE
[0.691s] -- Up-to-date: /home/aarambh/my_robot_ws/install/bumperbot_description/share/bumperbot_description/models/aws_robomaker_residential_PortraitA_01
[0.691s] -- Up-to-date: /home/aarambh/my_robot_ws/install/bumperbot_description/share/bumperbot_description/models/aws_robomaker_residential_PortraitA_01/model.sdf
[0.692s] -- Up-to-date: /home/aarambh/my_robot_ws/install/bumperbot_description/share/bumperbot_description/models/aws_robomaker_residential_PortraitA_01/materials
[0.692s] -- Up-to-date: /home/aarambh/my_robot_ws/install/bumperbot_description/share/bumperbot_description/models/aws_robomaker_residential_PortraitA_01/materials/textures
[0.693s] -- Up-to-date: /home/aarambh/my_robot_ws/install/bumperbot_description/share/bumperbot_description/models/aws_robomaker_residential_PortraitA_01/materials/textures/aws_PortraitA_01.png
[0.703s] -- Up-to-date: /home/aarambh/my_robot_ws/install/bumperbot_description/share/bumperbot_description/models/aws_robomaker_residential_PortraitA_01/materials/textures/aws_PortraitA_02.png
[0.707s] -- Up-to-date: /home/aarambh/my_robot_ws/install/bumperbot_description/share/bumperbot_description/models/aws_robomaker_residential_PortraitA_01/model.config
[0.708s] -- Up-to-date: /home/aarambh/my_robot_ws/install/bumperbot_description/share/bumperbot_description/models/aws_robomaker_residential_PortraitA_01/meshes
[0.718s] -- Up-to-date: /home/aarambh/my_robot_ws/install/bumperbot_description/share/bumperbot_description/models/aws_robomaker_residential_PortraitA_01/meshes/aws_PortraitA_01_visual.DAE
[0.719s] -- Up-to-date: /home/aarambh/my_robot_ws/install/bumperbot_description/share/bumperbot_description/models/aws_robomaker_residential_PortraitA_01/meshes/aws_PortraitA_01_collision.DAE
[0.721s] -- Up-to-date: /home/aarambh/my_robot_ws/install/bumperbot_description/share/bumperbot_description/models/aws_robomaker_residential_FoldingDoor_02
[0.724s] -- Up-to-date: /home/aarambh/my_robot_ws/install/bumperbot_description/share/bumperbot_description/models/aws_robomaker_residential_FoldingDoor_02/model.sdf
[0.733s] -- Up-to-date: /home/aarambh/my_robot_ws/install/bumperbot_description/share/bumperbot_description/models/aws_robomaker_residential_FoldingDoor_02/materials
[0.734s] -- Up-to-date: /home/aarambh/my_robot_ws/install/bumperbot_description/share/bumperbot_description/models/aws_robomaker_residential_FoldingDoor_02/materials/textures
[0.735s] -- Up-to-date: /home/aarambh/my_robot_ws/install/bumperbot_description/share/bumperbot_description/models/aws_robomaker_residential_FoldingDoor_02/materials/textures/aws_FoldingDoor_02.png
[0.735s] -- Up-to-date: /home/aarambh/my_robot_ws/install/bumperbot_description/share/bumperbot_description/models/aws_robomaker_residential_FoldingDoor_02/model.config
[0.736s] -- Up-to-date: /home/aarambh/my_robot_ws/install/bumperbot_description/share/bumperbot_description/models/aws_robomaker_residential_FoldingDoor_02/meshes
[0.736s] -- Up-to-date: /home/aarambh/my_robot_ws/install/bumperbot_description/share/bumperbot_description/models/aws_robomaker_residential_FoldingDoor_02/meshes/aws_FoldingDoor_02_visual.DAE
[0.752s] -- Up-to-date: /home/aarambh/my_robot_ws/install/bumperbot_description/share/bumperbot_description/models/aws_robomaker_residential_FoldingDoor_02/meshes/aws_FoldingDoor_02_collision.DAE
[0.752s] -- Up-to-date: /home/aarambh/my_robot_ws/install/bumperbot_description/share/bumperbot_description/models/aws_robomaker_residential_PortraitE_01
[0.753s] -- Up-to-date: /home/aarambh/my_robot_ws/install/bumperbot_description/share/bumperbot_description/models/aws_robomaker_residential_PortraitE_01/model.sdf
[0.753s] -- Up-to-date: /home/aarambh/my_robot_ws/install/bumperbot_description/share/bumperbot_description/models/aws_robomaker_residential_PortraitE_01/materials
[0.761s] -- Up-to-date: /home/aarambh/my_robot_ws/install/bumperbot_description/share/bumperbot_description/models/aws_robomaker_residential_PortraitE_01/materials/textures
[0.762s] -- Up-to-date: /home/aarambh/my_robot_ws/install/bumperbot_description/share/bumperbot_description/models/aws_robomaker_residential_PortraitE_01/materials/textures/aws_PortraitE_02.png
[0.762s] -- Up-to-date: /home/aarambh/my_robot_ws/install/bumperbot_description/share/bumperbot_description/models/aws_robomaker_residential_PortraitE_01/materials/textures/aws_PortraitE_01.png
[0.763s] -- Up-to-date: /home/aarambh/my_robot_ws/install/bumperbot_description/share/bumperbot_description/models/aws_robomaker_residential_PortraitE_01/model.config
[0.763s] -- Up-to-date: /home/aarambh/my_robot_ws/install/bumperbot_description/share/bumperbot_description/models/aws_robomaker_residential_PortraitE_01/meshes
[0.764s] -- Up-to-date: /home/aarambh/my_robot_ws/install/bumperbot_description/share/bumperbot_description/models/aws_robomaker_residential_PortraitE_01/meshes/aws_PortraitE_01_collision.DAE
[0.777s] -- Up-to-date: /home/aarambh/my_robot_ws/install/bumperbot_description/share/bumperbot_description/models/aws_robomaker_residential_PortraitE_01/meshes/aws_PortraitE_01_visual.DAE
[0.778s] -- Up-to-date: /home/aarambh/my_robot_ws/install/bumperbot_description/share/bumperbot_description/models/aws_robomaker_residential_TV_01
[0.779s] -- Up-to-date: /home/aarambh/my_robot_ws/install/bumperbot_description/share/bumperbot_description/models/aws_robomaker_residential_TV_01/model.sdf
[0.779s] -- Up-to-date: /home/aarambh/my_robot_ws/install/bumperbot_description/share/bumperbot_description/models/aws_robomaker_residential_TV_01/materials
[0.780s] -- Up-to-date: /home/aarambh/my_robot_ws/install/bumperbot_description/share/bumperbot_description/models/aws_robomaker_residential_TV_01/materials/textures
[0.781s] -- Up-to-date: /home/aarambh/my_robot_ws/install/bumperbot_description/share/bumperbot_description/models/aws_robomaker_residential_TV_01/materials/textures/aws_TV_01.png
[0.781s] -- Up-to-date: /home/aarambh/my_robot_ws/install/bumperbot_description/share/bumperbot_description/models/aws_robomaker_residential_TV_01/model.config
[0.782s] -- Up-to-date: /home/aarambh/my_robot_ws/install/bumperbot_description/share/bumperbot_description/models/aws_robomaker_residential_TV_01/meshes
[0.782s] -- Up-to-date: /home/aarambh/my_robot_ws/install/bumperbot_description/share/bumperbot_description/models/aws_robomaker_residential_TV_01/meshes/aws_TV_01_collision.DAE
[0.783s] -- Up-to-date: /home/aarambh/my_robot_ws/install/bumperbot_description/share/bumperbot_description/models/aws_robomaker_residential_TV_01/meshes/aws_TV_01_visual.DAE
[0.783s] -- Up-to-date: /home/aarambh/my_robot_ws/install/bumperbot_description/share/bumperbot_description/models/aws_robomaker_warehouse_TrashCanC_01
[0.784s] -- Up-to-date: /home/aarambh/my_robot_ws/install/bumperbot_description/share/bumperbot_description/models/aws_robomaker_warehouse_TrashCanC_01/model.sdf
[0.784s] -- Up-to-date: /home/aarambh/my_robot_ws/install/bumperbot_description/share/bumperbot_description/models/aws_robomaker_warehouse_TrashCanC_01/materials
[0.790s] -- Up-to-date: /home/aarambh/my_robot_ws/install/bumperbot_description/share/bumperbot_description/models/aws_robomaker_warehouse_TrashCanC_01/materials/textures
[0.792s] -- Up-to-date: /home/aarambh/my_robot_ws/install/bumperbot_description/share/bumperbot_description/models/aws_robomaker_warehouse_TrashCanC_01/materials/textures/aws_robomaker_warehouse_TrashCanC_01.png
[0.793s] -- Up-to-date: /home/aarambh/my_robot_ws/install/bumperbot_description/share/bumperbot_description/models/aws_robomaker_warehouse_TrashCanC_01/model.config
[0.793s] -- Up-to-date: /home/aarambh/my_robot_ws/install/bumperbot_description/share/bumperbot_description/models/aws_robomaker_warehouse_TrashCanC_01/meshes
[0.794s] -- Up-to-date: /home/aarambh/my_robot_ws/install/bumperbot_description/share/bumperbot_description/models/aws_robomaker_warehouse_TrashCanC_01/meshes/aws_robomaker_warehouse_TrashCanC_01_visual.DAE
[0.794s] -- Up-to-date: /home/aarambh/my_robot_ws/install/bumperbot_description/share/bumperbot_description/models/aws_robomaker_warehouse_TrashCanC_01/meshes/aws_robomaker_warehouse_TrashCanC_01_collision.DAE
[0.795s] -- Up-to-date: /home/aarambh/my_robot_ws/install/bumperbot_description/share/bumperbot_description/models/aws_robomaker_residential_Wardrobe_01
[0.795s] -- Up-to-date: /home/aarambh/my_robot_ws/install/bumperbot_description/share/bumperbot_description/models/aws_robomaker_residential_Wardrobe_01/model.sdf
[0.796s] -- Up-to-date: /home/aarambh/my_robot_ws/install/bumperbot_description/share/bumperbot_description/models/aws_robomaker_residential_Wardrobe_01/materials
[0.797s] -- Up-to-date: /home/aarambh/my_robot_ws/install/bumperbot_description/share/bumperbot_description/models/aws_robomaker_residential_Wardrobe_01/materials/textures
[0.797s] -- Up-to-date: /home/aarambh/my_robot_ws/install/bumperbot_description/share/bumperbot_description/models/aws_robomaker_residential_Wardrobe_01/materials/textures/aws_Wardrobe_01.png
[0.798s] -- Up-to-date: /home/aarambh/my_robot_ws/install/bumperbot_description/share/bumperbot_description/models/aws_robomaker_residential_Wardrobe_01/model.config
[0.799s] -- Up-to-date: /home/aarambh/my_robot_ws/install/bumperbot_description/share/bumperbot_description/models/aws_robomaker_residential_Wardrobe_01/meshes
[0.800s] -- Up-to-date: /home/aarambh/my_robot_ws/install/bumperbot_description/share/bumperbot_description/models/aws_robomaker_residential_Wardrobe_01/meshes/aws_Wardrobe_01_collision.DAE
[0.801s] -- Up-to-date: /home/aarambh/my_robot_ws/install/bumperbot_description/share/bumperbot_description/models/aws_robomaker_residential_Wardrobe_01/meshes/aws_Wardrobe_01_visual.DAE
[0.824s] -- Up-to-date: /home/aarambh/my_robot_ws/install/bumperbot_description/share/bumperbot_description/models/aws_robomaker_residential_SofaB_01
[0.824s] -- Up-to-date: /home/aarambh/my_robot_ws/install/bumperbot_description/share/bumperbot_description/models/aws_robomaker_residential_SofaB_01/model.sdf
[0.835s] -- Up-to-date: /home/aarambh/my_robot_ws/install/bumperbot_description/share/bumperbot_description/models/aws_robomaker_residential_SofaB_01/materials
[0.838s] -- Up-to-date: /home/aarambh/my_robot_ws/install/bumperbot_description/share/bumperbot_description/models/aws_robomaker_residential_SofaB_01/materials/textures
[0.838s] -- Up-to-date: /home/aarambh/my_robot_ws/install/bumperbot_description/share/bumperbot_description/models/aws_robomaker_residential_SofaB_01/materials/textures/aws_SofaB_01.png
[0.839s] -- Up-to-date: /home/aarambh/my_robot_ws/install/bumperbot_description/share/bumperbot_description/models/aws_robomaker_residential_SofaB_01/model.config
[0.839s] -- Up-to-date: /home/aarambh/my_robot_ws/install/bumperbot_description/share/bumperbot_description/models/aws_robomaker_residential_SofaB_01/meshes
[0.839s] -- Up-to-date: /home/aarambh/my_robot_ws/install/bumperbot_description/share/bumperbot_description/models/aws_robomaker_residential_SofaB_01/meshes/aws_SofaB_01_collision.DAE
[0.840s] -- Up-to-date: /home/aarambh/my_robot_ws/install/bumperbot_description/share/bumperbot_description/models/aws_robomaker_residential_SofaB_01/meshes/aws_SofaB_01_visual.DAE
[0.840s] -- Up-to-date: /home/aarambh/my_robot_ws/install/bumperbot_description/share/bumperbot_description/models/aws_robomaker_residential_AirconditionerB_01
[0.840s] -- Up-to-date: /home/aarambh/my_robot_ws/install/bumperbot_description/share/bumperbot_description/models/aws_robomaker_residential_AirconditionerB_01/model.sdf
[0.841s] -- Up-to-date: /home/aarambh/my_robot_ws/install/bumperbot_description/share/bumperbot_description/models/aws_robomaker_residential_AirconditionerB_01/materials
[0.852s] -- Up-to-date: /home/aarambh/my_robot_ws/install/bumperbot_description/share/bumperbot_description/models/aws_robomaker_residential_AirconditionerB_01/materials/textures
[0.853s] -- Up-to-date: /home/aarambh/my_robot_ws/install/bumperbot_description/share/bumperbot_description/models/aws_robomaker_residential_AirconditionerB_01/materials/textures/aws_AirconditionerB_01.png
[0.854s] -- Up-to-date: /home/aarambh/my_robot_ws/install/bumperbot_description/share/bumperbot_description/models/aws_robomaker_residential_AirconditionerB_01/model.config
[0.855s] -- Up-to-date: /home/aarambh/my_robot_ws/install/bumperbot_description/share/bumperbot_description/models/aws_robomaker_residential_AirconditionerB_01/meshes
[0.856s] -- Up-to-date: /home/aarambh/my_robot_ws/install/bumperbot_description/share/bumperbot_description/models/aws_robomaker_residential_AirconditionerB_01/meshes/aws_AirconditionerB_01_visual.DAE
[0.857s] -- Up-to-date: /home/aarambh/my_robot_ws/install/bumperbot_description/share/bumperbot_description/models/aws_robomaker_residential_AirconditionerB_01/meshes/aws_AirconditionerB_01_collision.DAE
[0.865s] -- Up-to-date: /home/aarambh/my_robot_ws/install/bumperbot_description/share/bumperbot_description/models/aws_robomaker_residential_DeskPortraitD_01
[0.868s] -- Up-to-date: /home/aarambh/my_robot_ws/install/bumperbot_description/share/bumperbot_description/models/aws_robomaker_residential_DeskPortraitD_01/model.sdf
[0.872s] -- Up-to-date: /home/aarambh/my_robot_ws/install/bumperbot_description/share/bumperbot_description/models/aws_robomaker_residential_DeskPortraitD_01/materials
[0.875s] -- Up-to-date: /home/aarambh/my_robot_ws/install/bumperbot_description/share/bumperbot_description/models/aws_robomaker_residential_DeskPortraitD_01/materials/textures
[0.876s] -- Up-to-date: /home/aarambh/my_robot_ws/install/bumperbot_description/share/bumperbot_description/models/aws_robomaker_residential_DeskPortraitD_01/materials/textures/aws_DeskPortraitD_01.png
[0.876s] -- Up-to-date: /home/aarambh/my_robot_ws/install/bumperbot_description/share/bumperbot_description/models/aws_robomaker_residential_DeskPortraitD_01/materials/textures/aws_DeskPortraitD_02.png
[0.877s] -- Up-to-date: /home/aarambh/my_robot_ws/install/bumperbot_description/share/bumperbot_description/models/aws_robomaker_residential_DeskPortraitD_01/model.config
[0.877s] -- Up-to-date: /home/aarambh/my_robot_ws/install/bumperbot_description/share/bumperbot_description/models/aws_robomaker_residential_DeskPortraitD_01/meshes
[0.878s] -- Up-to-date: /home/aarambh/my_robot_ws/install/bumperbot_description/share/bumperbot_description/models/aws_robomaker_residential_DeskPortraitD_01/meshes/aws_DeskPortraitD_01_collision.DAE
[0.878s] -- Up-to-date: /home/aarambh/my_robot_ws/install/bumperbot_description/share/bumperbot_description/models/aws_robomaker_residential_DeskPortraitD_01/meshes/aws_DeskPortraitD_01_visual.DAE
[0.879s] -- Up-to-date: /home/aarambh/my_robot_ws/install/bumperbot_description/share/bumperbot_description/models/aws_robomaker_residential_ShoeRack_01
[0.879s] -- Up-to-date: /home/aarambh/my_robot_ws/install/bumperbot_description/share/bumperbot_description/models/aws_robomaker_residential_ShoeRack_01/model.sdf
[0.887s] -- Up-to-date: /home/aarambh/my_robot_ws/install/bumperbot_description/share/bumperbot_description/models/aws_robomaker_residential_ShoeRack_01/materials
[0.888s] -- Up-to-date: /home/aarambh/my_robot_ws/install/bumperbot_description/share/bumperbot_description/models/aws_robomaker_residential_ShoeRack_01/materials/textures
[0.889s] -- Up-to-date: /home/aarambh/my_robot_ws/install/bumperbot_description/share/bumperbot_description/models/aws_robomaker_residential_ShoeRack_01/materials/textures/aws_ShoeRack_01.png
[0.892s] -- Up-to-date: /home/aarambh/my_robot_ws/install/bumperbot_description/share/bumperbot_description/models/aws_robomaker_residential_ShoeRack_01/model.config
[0.893s] -- Up-to-date: /home/aarambh/my_robot_ws/install/bumperbot_description/share/bumperbot_description/models/aws_robomaker_residential_ShoeRack_01/meshes
[0.895s] -- Up-to-date: /home/aarambh/my_robot_ws/install/bumperbot_description/share/bumperbot_description/models/aws_robomaker_residential_ShoeRack_01/meshes/aws_ShoeRack_01_visual.DAE
[0.896s] -- Up-to-date: /home/aarambh/my_robot_ws/install/bumperbot_description/share/bumperbot_description/models/aws_robomaker_residential_ShoeRack_01/meshes/aws_ShoeRack_01_collision.DAE
[0.896s] -- Up-to-date: /home/aarambh/my_robot_ws/install/bumperbot_description/share/bumperbot_description/models/aws_robomaker_residential_RoomWindow_01
[0.897s] -- Up-to-date: /home/aarambh/my_robot_ws/install/bumperbot_description/share/bumperbot_description/models/aws_robomaker_residential_RoomWindow_01/model.sdf
[0.898s] -- Up-to-date: /home/aarambh/my_robot_ws/install/bumperbot_description/share/bumperbot_description/models/aws_robomaker_residential_RoomWindow_01/materials
[0.898s] -- Up-to-date: /home/aarambh/my_robot_ws/install/bumperbot_description/share/bumperbot_description/models/aws_robomaker_residential_RoomWindow_01/materials/textures
[0.898s] -- Up-to-date: /home/aarambh/my_robot_ws/install/bumperbot_description/share/bumperbot_description/models/aws_robomaker_residential_RoomWindow_01/materials/textures/aws_RoomWindow_01.png
[0.899s] -- Up-to-date: /home/aarambh/my_robot_ws/install/bumperbot_description/share/bumperbot_description/models/aws_robomaker_residential_RoomWindow_01/model.config
[0.899s] -- Up-to-date: /home/aarambh/my_robot_ws/install/bumperbot_description/share/bumperbot_description/models/aws_robomaker_residential_RoomWindow_01/meshes
[0.899s] -- Up-to-date: /home/aarambh/my_robot_ws/install/bumperbot_description/share/bumperbot_description/models/aws_robomaker_residential_RoomWindow_01/meshes/aws_RoomWindow_01_collision.DAE
[0.900s] -- Up-to-date: /home/aarambh/my_robot_ws/install/bumperbot_description/share/bumperbot_description/models/aws_robomaker_residential_RoomWindow_01/meshes/aws_RoomWindow_01_visual.DAE
[0.900s] -- Up-to-date: /home/aarambh/my_robot_ws/install/bumperbot_description/share/bumperbot_description/models/aws_robomaker_residential_Pillow_01
[0.901s] -- Up-to-date: /home/aarambh/my_robot_ws/install/bumperbot_description/share/bumperbot_description/models/aws_robomaker_residential_Pillow_01/model.sdf
[0.909s] -- Up-to-date: /home/aarambh/my_robot_ws/install/bumperbot_description/share/bumperbot_description/models/aws_robomaker_residential_Pillow_01/materials
[0.911s] -- Up-to-date: /home/aarambh/my_robot_ws/install/bumperbot_description/share/bumperbot_description/models/aws_robomaker_residential_Pillow_01/materials/textures
[0.911s] -- Up-to-date: /home/aarambh/my_robot_ws/install/bumperbot_description/share/bumperbot_description/models/aws_robomaker_residential_Pillow_01/materials/textures/aws_Pillow_01.png
[0.912s] -- Up-to-date: /home/aarambh/my_robot_ws/install/bumperbot_description/share/bumperbot_description/models/aws_robomaker_residential_Pillow_01/model.config
[0.912s] -- Up-to-date: /home/aarambh/my_robot_ws/install/bumperbot_description/share/bumperbot_description/models/aws_robomaker_residential_Pillow_01/meshes
[0.913s] -- Up-to-date: /home/aarambh/my_robot_ws/install/bumperbot_description/share/bumperbot_description/models/aws_robomaker_residential_Pillow_01/meshes/aws_Pillow_01_visual.DAE
[0.916s] -- Up-to-date: /home/aarambh/my_robot_ws/install/bumperbot_description/share/bumperbot_description/models/aws_robomaker_residential_Pillow_01/meshes/aws_Pillow_01_collision.DAE
[0.917s] -- Up-to-date: /home/aarambh/my_robot_ws/install/bumperbot_description/share/bumperbot_description/models/aws_robomaker_warehouse_ClutteringC_01
[0.917s] -- Up-to-date: /home/aarambh/my_robot_ws/install/bumperbot_description/share/bumperbot_description/models/aws_robomaker_warehouse_ClutteringC_01/model.sdf
[0.918s] -- Up-to-date: /home/aarambh/my_robot_ws/install/bumperbot_description/share/bumperbot_description/models/aws_robomaker_warehouse_ClutteringC_01/materials
[0.918s] -- Up-to-date: /home/aarambh/my_robot_ws/install/bumperbot_description/share/bumperbot_description/models/aws_robomaker_warehouse_ClutteringC_01/materials/textures
[0.919s] -- Up-to-date: /home/aarambh/my_robot_ws/install/bumperbot_description/share/bumperbot_description/models/aws_robomaker_warehouse_ClutteringC_01/materials/textures/aws_robomaker_warehouse_ClutteringC_02.png
[0.919s] -- Up-to-date: /home/aarambh/my_robot_ws/install/bumperbot_description/share/bumperbot_description/models/aws_robomaker_warehouse_ClutteringC_01/materials/textures/aws_robomaker_warehouse_ClutteringC_01.png
[0.919s] -- Up-to-date: /home/aarambh/my_robot_ws/install/bumperbot_description/share/bumperbot_description/models/aws_robomaker_warehouse_ClutteringC_01/model.config
[0.920s] -- Up-to-date: /home/aarambh/my_robot_ws/install/bumperbot_description/share/bumperbot_description/models/aws_robomaker_warehouse_ClutteringC_01/meshes
[0.920s] -- Up-to-date: /home/aarambh/my_robot_ws/install/bumperbot_description/share/bumperbot_description/models/aws_robomaker_warehouse_ClutteringC_01/meshes/aws_robomaker_warehouse_ClutteringC_01_visual.DAE
[0.921s] -- Up-to-date: /home/aarambh/my_robot_ws/install/bumperbot_description/share/bumperbot_description/models/aws_robomaker_warehouse_ClutteringC_01/meshes/aws_robomaker_warehouse_ClutteringC_01_collision.DAE
[0.928s] -- Up-to-date: /home/aarambh/my_robot_ws/install/bumperbot_description/share/bumperbot_description/models/aws_robomaker_residential_Carpet_01
[0.929s] -- Up-to-date: /home/aarambh/my_robot_ws/install/bumperbot_description/share/bumperbot_description/models/aws_robomaker_residential_Carpet_01/model.sdf
[0.932s] -- Up-to-date: /home/aarambh/my_robot_ws/install/bumperbot_description/share/bumperbot_description/models/aws_robomaker_residential_Carpet_01/materials
[0.932s] -- Up-to-date: /home/aarambh/my_robot_ws/install/bumperbot_description/share/bumperbot_description/models/aws_robomaker_residential_Carpet_01/materials/textures
[0.933s] -- Up-to-date: /home/aarambh/my_robot_ws/install/bumperbot_description/share/bumperbot_description/models/aws_robomaker_residential_Carpet_01/materials/textures/aws_Carpet_01.png
[0.934s] -- Up-to-date: /home/aarambh/my_robot_ws/install/bumperbot_description/share/bumperbot_description/models/aws_robomaker_residential_Carpet_01/model.config
[0.934s] -- Up-to-date: /home/aarambh/my_robot_ws/install/bumperbot_description/share/bumperbot_description/models/aws_robomaker_residential_Carpet_01/meshes
[0.935s] -- Up-to-date: /home/aarambh/my_robot_ws/install/bumperbot_description/share/bumperbot_description/models/aws_robomaker_residential_Carpet_01/meshes/aws_Carpet_01_collision.DAE
[0.936s] -- Up-to-date: /home/aarambh/my_robot_ws/install/bumperbot_description/share/bumperbot_description/models/aws_robomaker_residential_Carpet_01/meshes/aws_Carpet_01_visual.DAE
[0.950s] -- Up-to-date: /home/aarambh/my_robot_ws/install/bumperbot_description/share/bumperbot_description/models/aws_robomaker_residential_DeskPortraitC_01
[0.952s] -- Up-to-date: /home/aarambh/my_robot_ws/install/bumperbot_description/share/bumperbot_description/models/aws_robomaker_residential_DeskPortraitC_01/model.sdf
[0.953s] -- Up-to-date: /home/aarambh/my_robot_ws/install/bumperbot_description/share/bumperbot_description/models/aws_robomaker_residential_DeskPortraitC_01/materials
[0.954s] -- Up-to-date: /home/aarambh/my_robot_ws/install/bumperbot_description/share/bumperbot_description/models/aws_robomaker_residential_DeskPortraitC_01/materials/textures
[0.955s] -- Up-to-date: /home/aarambh/my_robot_ws/install/bumperbot_description/share/bumperbot_description/models/aws_robomaker_residential_DeskPortraitC_01/materials/textures/aws_DeskPortraitC_02.png
[0.956s] -- Up-to-date: /home/aarambh/my_robot_ws/install/bumperbot_description/share/bumperbot_description/models/aws_robomaker_residential_DeskPortraitC_01/materials/textures/aws_DeskPortraitC_01.png
[0.956s] -- Up-to-date: /home/aarambh/my_robot_ws/install/bumperbot_description/share/bumperbot_description/models/aws_robomaker_residential_DeskPortraitC_01/model.config
[0.975s] -- Up-to-date: /home/aarambh/my_robot_ws/install/bumperbot_description/share/bumperbot_description/models/aws_robomaker_residential_DeskPortraitC_01/meshes
[0.976s] -- Up-to-date: /home/aarambh/my_robot_ws/install/bumperbot_description/share/bumperbot_description/models/aws_robomaker_residential_DeskPortraitC_01/meshes/aws_DeskPortraitC_01_collision.DAE
[0.976s] -- Up-to-date: /home/aarambh/my_robot_ws/install/bumperbot_description/share/bumperbot_description/models/aws_robomaker_residential_DeskPortraitC_01/meshes/aws_DeskPortraitC_01_visual.DAE
[0.977s] -- Up-to-date: /home/aarambh/my_robot_ws/install/bumperbot_description/share/bumperbot_description/models/aws_robomaker_residential_SeasoningBox_01
[0.978s] -- Up-to-date: /home/aarambh/my_robot_ws/install/bumperbot_description/share/bumperbot_description/models/aws_robomaker_residential_SeasoningBox_01/model.sdf
[0.978s] -- Up-to-date: /home/aarambh/my_robot_ws/install/bumperbot_description/share/bumperbot_description/models/aws_robomaker_residential_SeasoningBox_01/materials
[0.979s] -- Up-to-date: /home/aarambh/my_robot_ws/install/bumperbot_description/share/bumperbot_description/models/aws_robomaker_residential_SeasoningBox_01/materials/textures
[0.979s] -- Up-to-date: /home/aarambh/my_robot_ws/install/bumperbot_description/share/bumperbot_description/models/aws_robomaker_residential_SeasoningBox_01/materials/textures/aws_SeasoningBox_01.png
[0.980s] -- Up-to-date: /home/aarambh/my_robot_ws/install/bumperbot_description/share/bumperbot_description/models/aws_robomaker_residential_SeasoningBox_01/model.config
[0.980s] -- Up-to-date: /home/aarambh/my_robot_ws/install/bumperbot_description/share/bumperbot_description/models/aws_robomaker_residential_SeasoningBox_01/meshes
[0.981s] -- Up-to-date: /home/aarambh/my_robot_ws/install/bumperbot_description/share/bumperbot_description/models/aws_robomaker_residential_SeasoningBox_01/meshes/aws_SeasoningBox_01_visual.DAE
[0.994s] -- Up-to-date: /home/aarambh/my_robot_ws/install/bumperbot_description/share/bumperbot_description/models/aws_robomaker_residential_SeasoningBox_01/meshes/aws_SeasoningBox_01_collision.DAE
[0.995s] -- Up-to-date: /home/aarambh/my_robot_ws/install/bumperbot_description/share/bumperbot_description/models/aws_robomaker_residential_Refrigerator_01
[0.995s] -- Up-to-date: /home/aarambh/my_robot_ws/install/bumperbot_description/share/bumperbot_description/models/aws_robomaker_residential_Refrigerator_01/model.sdf
[0.996s] -- Up-to-date: /home/aarambh/my_robot_ws/install/bumperbot_description/share/bumperbot_description/models/aws_robomaker_residential_Refrigerator_01/materials
[0.996s] -- Up-to-date: /home/aarambh/my_robot_ws/install/bumperbot_description/share/bumperbot_description/models/aws_robomaker_residential_Refrigerator_01/materials/textures
[0.996s] -- Up-to-date: /home/aarambh/my_robot_ws/install/bumperbot_description/share/bumperbot_description/models/aws_robomaker_residential_Refrigerator_01/materials/textures/aws_Refrigerator_01.png
[0.997s] -- Up-to-date: /home/aarambh/my_robot_ws/install/bumperbot_description/share/bumperbot_description/models/aws_robomaker_residential_Refrigerator_01/materials/textures/aws_Refrigerator_02.png
[0.997s] -- Up-to-date: /home/aarambh/my_robot_ws/install/bumperbot_description/share/bumperbot_description/models/aws_robomaker_residential_Refrigerator_01/model.config
[0.998s] -- Up-to-date: /home/aarambh/my_robot_ws/install/bumperbot_description/share/bumperbot_description/models/aws_robomaker_residential_Refrigerator_01/meshes
[0.998s] -- Up-to-date: /home/aarambh/my_robot_ws/install/bumperbot_description/share/bumperbot_description/models/aws_robomaker_residential_Refrigerator_01/meshes/aws_Refrigerator_01_visual.DAE
[0.998s] -- Up-to-date: /home/aarambh/my_robot_ws/install/bumperbot_description/share/bumperbot_description/models/aws_robomaker_residential_Refrigerator_01/meshes/aws_Refrigerator_01.DAE
[0.999s] -- Up-to-date: /home/aarambh/my_robot_ws/install/bumperbot_description/share/bumperbot_description/models/aws_robomaker_residential_Refrigerator_01/meshes/aws_Refrigerator_01_collision.DAE
[0.999s] -- Up-to-date: /home/aarambh/my_robot_ws/install/bumperbot_description/share/bumperbot_description/models/aws_robomaker_residential_SofaC_01
[1.000s] -- Up-to-date: /home/aarambh/my_robot_ws/install/bumperbot_description/share/bumperbot_description/models/aws_robomaker_residential_SofaC_01/model.sdf
[1.000s] -- Up-to-date: /home/aarambh/my_robot_ws/install/bumperbot_description/share/bumperbot_description/models/aws_robomaker_residential_SofaC_01/materials
[1.000s] -- Up-to-date: /home/aarambh/my_robot_ws/install/bumperbot_description/share/bumperbot_description/models/aws_robomaker_residential_SofaC_01/materials/textures
[1.001s] -- Up-to-date: /home/aarambh/my_robot_ws/install/bumperbot_description/share/bumperbot_description/models/aws_robomaker_residential_SofaC_01/materials/textures/aws_SofaC_01.png
[1.018s] -- Up-to-date: /home/aarambh/my_robot_ws/install/bumperbot_description/share/bumperbot_description/models/aws_robomaker_residential_SofaC_01/model.config
[1.018s] -- Up-to-date: /home/aarambh/my_robot_ws/install/bumperbot_description/share/bumperbot_description/models/aws_robomaker_residential_SofaC_01/meshes
[1.019s] -- Up-to-date: /home/aarambh/my_robot_ws/install/bumperbot_description/share/bumperbot_description/models/aws_robomaker_residential_SofaC_01/meshes/aws_SofaC_01_collision.DAE
[1.019s] -- Up-to-date: /home/aarambh/my_robot_ws/install/bumperbot_description/share/bumperbot_description/models/aws_robomaker_residential_SofaC_01/meshes/aws_SofaC_01_visual.DAE
[1.020s] -- Up-to-date: /home/aarambh/my_robot_ws/install/bumperbot_description/share/bumperbot_description/models/aws_robomaker_residential_AirconditionerA_01
[1.020s] -- Up-to-date: /home/aarambh/my_robot_ws/install/bumperbot_description/share/bumperbot_description/models/aws_robomaker_residential_AirconditionerA_01/model.sdf
[1.020s] -- Up-to-date: /home/aarambh/my_robot_ws/install/bumperbot_description/share/bumperbot_description/models/aws_robomaker_residential_AirconditionerA_01/materials
[1.021s] -- Up-to-date: /home/aarambh/my_robot_ws/install/bumperbot_description/share/bumperbot_description/models/aws_robomaker_residential_AirconditionerA_01/materials/textures
[1.021s] -- Up-to-date: /home/aarambh/my_robot_ws/install/bumperbot_description/share/bumperbot_description/models/aws_robomaker_residential_AirconditionerA_01/materials/textures/aws_AirconditionerA_01.png
[1.022s] -- Up-to-date: /home/aarambh/my_robot_ws/install/bumperbot_description/share/bumperbot_description/models/aws_robomaker_residential_AirconditionerA_01/model.config
[1.022s] -- Up-to-date: /home/aarambh/my_robot_ws/install/bumperbot_description/share/bumperbot_description/models/aws_robomaker_residential_AirconditionerA_01/meshes
[1.023s] -- Up-to-date: /home/aarambh/my_robot_ws/install/bumperbot_description/share/bumperbot_description/models/aws_robomaker_residential_AirconditionerA_01/meshes/aws_AirconditionerA_01_collision.DAE
[1.023s] -- Up-to-date: /home/aarambh/my_robot_ws/install/bumperbot_description/share/bumperbot_description/models/aws_robomaker_residential_AirconditionerA_01/meshes/aws_AirconditionerA_01_visual.DAE
[1.024s] -- Up-to-date: /home/aarambh/my_robot_ws/install/bumperbot_description/share/bumperbot_description/models/aws_robomaker_residential_AirconditionerA_01/meshes/aws__Air conditioner_01.DAE
[1.024s] -- Up-to-date: /home/aarambh/my_robot_ws/install/bumperbot_description/share/bumperbot_description/models/aws_robomaker_residential_ChairA_01
[1.024s] -- Up-to-date: /home/aarambh/my_robot_ws/install/bumperbot_description/share/bumperbot_description/models/aws_robomaker_residential_ChairA_01/model.sdf
[1.025s] -- Up-to-date: /home/aarambh/my_robot_ws/install/bumperbot_description/share/bumperbot_description/models/aws_robomaker_residential_ChairA_01/materials
[1.050s] -- Up-to-date: /home/aarambh/my_robot_ws/install/bumperbot_description/share/bumperbot_description/models/aws_robomaker_residential_ChairA_01/materials/textures
[1.051s] -- Up-to-date: /home/aarambh/my_robot_ws/install/bumperbot_description/share/bumperbot_description/models/aws_robomaker_residential_ChairA_01/materials/textures/aws_ChairA_01.png
[1.051s] -- Up-to-date: /home/aarambh/my_robot_ws/install/bumperbot_description/share/bumperbot_description/models/aws_robomaker_residential_ChairA_01/model.config
[1.051s] -- Up-to-date: /home/aarambh/my_robot_ws/install/bumperbot_description/share/bumperbot_description/models/aws_robomaker_residential_ChairA_01/meshes
[1.052s] -- Up-to-date: /home/aarambh/my_robot_ws/install/bumperbot_description/share/bumperbot_description/models/aws_robomaker_residential_ChairA_01/meshes/aws_ChairA_01_visual.DAE
[1.053s] -- Up-to-date: /home/aarambh/my_robot_ws/install/bumperbot_description/share/bumperbot_description/models/aws_robomaker_residential_ChairA_01/meshes/aws_ChairA_01_collision.DAE
[1.058s] -- Up-to-date: /home/aarambh/my_robot_ws/install/bumperbot_description/share/bumperbot_description/models/aws_robomaker_residential_DeskPortraitB_01
[1.059s] -- Up-to-date: /home/aarambh/my_robot_ws/install/bumperbot_description/share/bumperbot_description/models/aws_robomaker_residential_DeskPortraitB_01/model.sdf
[1.059s] -- Up-to-date: /home/aarambh/my_robot_ws/install/bumperbot_description/share/bumperbot_description/models/aws_robomaker_residential_DeskPortraitB_01/materials
[1.060s] -- Up-to-date: /home/aarambh/my_robot_ws/install/bumperbot_description/share/bumperbot_description/models/aws_robomaker_residential_DeskPortraitB_01/materials/textures
[1.060s] -- Up-to-date: /home/aarambh/my_robot_ws/install/bumperbot_description/share/bumperbot_description/models/aws_robomaker_residential_DeskPortraitB_01/materials/textures/aws_DeskPortraitB_02.png
[1.060s] -- Up-to-date: /home/aarambh/my_robot_ws/install/bumperbot_description/share/bumperbot_description/models/aws_robomaker_residential_DeskPortraitB_01/materials/textures/aws_DeskPortraitB_01.png
[1.061s] -- Up-to-date: /home/aarambh/my_robot_ws/install/bumperbot_description/share/bumperbot_description/models/aws_robomaker_residential_DeskPortraitB_01/model.config
[1.061s] -- Up-to-date: /home/aarambh/my_robot_ws/install/bumperbot_description/share/bumperbot_description/models/aws_robomaker_residential_DeskPortraitB_01/meshes
[1.062s] -- Up-to-date: /home/aarambh/my_robot_ws/install/bumperbot_description/share/bumperbot_description/models/aws_robomaker_residential_DeskPortraitB_01/meshes/aws_DeskPortraitB_01_visual.DAE
[1.062s] -- Up-to-date: /home/aarambh/my_robot_ws/install/bumperbot_description/share/bumperbot_description/models/aws_robomaker_residential_DeskPortraitB_01/meshes/aws_DeskPortraitB_01_collision.DAE
[1.063s] -- Up-to-date: /home/aarambh/my_robot_ws/install/bumperbot_description/share/bumperbot_description/models/aws_robomaker_residential_FloorB_01
[1.063s] -- Up-to-date: /home/aarambh/my_robot_ws/install/bumperbot_description/share/bumperbot_description/models/aws_robomaker_residential_FloorB_01/model.sdf
[1.064s] -- Up-to-date: /home/aarambh/my_robot_ws/install/bumperbot_description/share/bumperbot_description/models/aws_robomaker_residential_FloorB_01/materials
[1.065s] -- Up-to-date: /home/aarambh/my_robot_ws/install/bumperbot_description/share/bumperbot_description/models/aws_robomaker_residential_FloorB_01/materials/textures
[1.065s] -- Up-to-date: /home/aarambh/my_robot_ws/install/bumperbot_description/share/bumperbot_description/models/aws_robomaker_residential_FloorB_01/materials/textures/aws_FloorB_01.png
[1.066s] -- Up-to-date: /home/aarambh/my_robot_ws/install/bumperbot_description/share/bumperbot_description/models/aws_robomaker_residential_FloorB_01/model.config
[1.066s] -- Up-to-date: /home/aarambh/my_robot_ws/install/bumperbot_description/share/bumperbot_description/models/aws_robomaker_residential_FloorB_01/meshes
[1.067s] -- Up-to-date: /home/aarambh/my_robot_ws/install/bumperbot_description/share/bumperbot_description/models/aws_robomaker_residential_FloorB_01/meshes/aws_FloorB_01_collision.DAE
[1.067s] -- Up-to-date: /home/aarambh/my_robot_ws/install/bumperbot_description/share/bumperbot_description/models/aws_robomaker_residential_FloorB_01/meshes/aws_FloorB_01_visual.DAE
[1.068s] -- Up-to-date: /home/aarambh/my_robot_ws/install/bumperbot_description/share/bumperbot_description/models/aws_robomaker_residential_RoomCeiling_01
[1.068s] -- Up-to-date: /home/aarambh/my_robot_ws/install/bumperbot_description/share/bumperbot_description/models/aws_robomaker_residential_RoomCeiling_01/model.sdf
[1.068s] -- Up-to-date: /home/aarambh/my_robot_ws/install/bumperbot_description/share/bumperbot_description/models/aws_robomaker_residential_RoomCeiling_01/materials
[1.069s] -- Up-to-date: /home/aarambh/my_robot_ws/install/bumperbot_description/share/bumperbot_description/models/aws_robomaker_residential_RoomCeiling_01/materials/textures
[1.084s] -- Up-to-date: /home/aarambh/my_robot_ws/install/bumperbot_description/share/bumperbot_description/models/aws_robomaker_residential_RoomCeiling_01/materials/textures/aws_RoomCeiling_01.png
[1.085s] -- Up-to-date: /home/aarambh/my_robot_ws/install/bumperbot_description/share/bumperbot_description/models/aws_robomaker_residential_RoomCeiling_01/model.config
[1.086s] -- Up-to-date: /home/aarambh/my_robot_ws/install/bumperbot_description/share/bumperbot_description/models/aws_robomaker_residential_RoomCeiling_01/meshes
[1.086s] -- Up-to-date: /home/aarambh/my_robot_ws/install/bumperbot_description/share/bumperbot_description/models/aws_robomaker_residential_RoomCeiling_01/meshes/aws_RoomCeiling_01_collision.DAE
[1.087s] -- Up-to-date: /home/aarambh/my_robot_ws/install/bumperbot_description/share/bumperbot_description/models/aws_robomaker_residential_RoomCeiling_01/meshes/aws_RoomCeiling_01_visual.DAE
[1.088s] -- Up-to-date: /home/aarambh/my_robot_ws/install/bumperbot_description/share/bumperbot_description/models/aws_robomaker_warehouse_Bucket_01
[1.089s] -- Up-to-date: /home/aarambh/my_robot_ws/install/bumperbot_description/share/bumperbot_description/models/aws_robomaker_warehouse_Bucket_01/model.sdf
[1.089s] -- Up-to-date: /home/aarambh/my_robot_ws/install/bumperbot_description/share/bumperbot_description/models/aws_robomaker_warehouse_Bucket_01/materials
[1.090s] -- Up-to-date: /home/aarambh/my_robot_ws/install/bumperbot_description/share/bumperbot_description/models/aws_robomaker_warehouse_Bucket_01/materials/.DS_Store
[1.090s] -- Up-to-date: /home/aarambh/my_robot_ws/install/bumperbot_description/share/bumperbot_description/models/aws_robomaker_warehouse_Bucket_01/materials/textures
[1.091s] -- Up-to-date: /home/aarambh/my_robot_ws/install/bumperbot_description/share/bumperbot_description/models/aws_robomaker_warehouse_Bucket_01/materials/textures/aws_robomaker_warehouse_Bucket_01.png
[1.091s] -- Up-to-date: /home/aarambh/my_robot_ws/install/bumperbot_description/share/bumperbot_description/models/aws_robomaker_warehouse_Bucket_01/.DS_Store
[1.092s] -- Up-to-date: /home/aarambh/my_robot_ws/install/bumperbot_description/share/bumperbot_description/models/aws_robomaker_warehouse_Bucket_01/model.config
[1.093s] -- Up-to-date: /home/aarambh/my_robot_ws/install/bumperbot_description/share/bumperbot_description/models/aws_robomaker_warehouse_Bucket_01/meshes
[1.093s] -- Up-to-date: /home/aarambh/my_robot_ws/install/bumperbot_description/share/bumperbot_description/models/aws_robomaker_warehouse_Bucket_01/meshes/aws_robomaker_warehouse_Bucket_01_visual.DAE
[1.094s] -- Up-to-date: /home/aarambh/my_robot_ws/install/bumperbot_description/share/bumperbot_description/models/aws_robomaker_warehouse_Bucket_01/meshes/aws_robomaker_warehouse_Bucket_01_collision.DAE
[1.095s] -- Up-to-date: /home/aarambh/my_robot_ws/install/bumperbot_description/share/bumperbot_description/models/aws_robomaker_residential_PortraitD_01
[1.095s] -- Up-to-date: /home/aarambh/my_robot_ws/install/bumperbot_description/share/bumperbot_description/models/aws_robomaker_residential_PortraitD_01/model.sdf
[1.096s] -- Up-to-date: /home/aarambh/my_robot_ws/install/bumperbot_description/share/bumperbot_description/models/aws_robomaker_residential_PortraitD_01/materials
[1.096s] -- Up-to-date: /home/aarambh/my_robot_ws/install/bumperbot_description/share/bumperbot_description/models/aws_robomaker_residential_PortraitD_01/materials/textures
[1.096s] -- Up-to-date: /home/aarambh/my_robot_ws/install/bumperbot_description/share/bumperbot_description/models/aws_robomaker_residential_PortraitD_01/materials/textures/aws_PortraitD_01.png
[1.113s] -- Up-to-date: /home/aarambh/my_robot_ws/install/bumperbot_description/share/bumperbot_description/models/aws_robomaker_residential_PortraitD_01/materials/textures/aws_PortraitD_02.png
[1.114s] -- Up-to-date: /home/aarambh/my_robot_ws/install/bumperbot_description/share/bumperbot_description/models/aws_robomaker_residential_PortraitD_01/model.config
[1.115s] -- Up-to-date: /home/aarambh/my_robot_ws/install/bumperbot_description/share/bumperbot_description/models/aws_robomaker_residential_PortraitD_01/meshes
[1.115s] -- Up-to-date: /home/aarambh/my_robot_ws/install/bumperbot_description/share/bumperbot_description/models/aws_robomaker_residential_PortraitD_01/meshes/aws_PortraitD_01_visual.DAE
[1.116s] -- Up-to-date: /home/aarambh/my_robot_ws/install/bumperbot_description/share/bumperbot_description/models/aws_robomaker_residential_PortraitD_01/meshes/aws_PortraitD_01_collision.DAE
[1.117s] -- Up-to-date: /home/aarambh/my_robot_ws/install/bumperbot_description/share/bumperbot_description/models/aws_robomaker_residential_TVCabinet_01
[1.117s] -- Up-to-date: /home/aarambh/my_robot_ws/install/bumperbot_description/share/bumperbot_description/models/aws_robomaker_residential_TVCabinet_01/model.sdf
[1.118s] -- Up-to-date: /home/aarambh/my_robot_ws/install/bumperbot_description/share/bumperbot_description/models/aws_robomaker_residential_TVCabinet_01/materials
[1.118s] -- Up-to-date: /home/aarambh/my_robot_ws/install/bumperbot_description/share/bumperbot_description/models/aws_robomaker_residential_TVCabinet_01/materials/textures
[1.119s] -- Up-to-date: /home/aarambh/my_robot_ws/install/bumperbot_description/share/bumperbot_description/models/aws_robomaker_residential_TVCabinet_01/materials/textures/aws_TVCabinet_01.png
[1.120s] -- Up-to-date: /home/aarambh/my_robot_ws/install/bumperbot_description/share/bumperbot_description/models/aws_robomaker_residential_TVCabinet_01/model.config
[1.120s] -- Up-to-date: /home/aarambh/my_robot_ws/install/bumperbot_description/share/bumperbot_description/models/aws_robomaker_residential_TVCabinet_01/meshes
[1.132s] -- Up-to-date: /home/aarambh/my_robot_ws/install/bumperbot_description/share/bumperbot_description/models/aws_robomaker_residential_TVCabinet_01/meshes/aws_TVCabinet_01_visual.DAE
[1.133s] -- Up-to-date: /home/aarambh/my_robot_ws/install/bumperbot_description/share/bumperbot_description/models/aws_robomaker_residential_TVCabinet_01/meshes/aws_TVCabinet_01_collision.DAE
[1.133s] -- Up-to-date: /home/aarambh/my_robot_ws/install/bumperbot_description/share/bumperbot_description/models/aws_robomaker_residential_DeskPortraitA_01
[1.134s] -- Up-to-date: /home/aarambh/my_robot_ws/install/bumperbot_description/share/bumperbot_description/models/aws_robomaker_residential_DeskPortraitA_01/model.sdf
[1.134s] -- Up-to-date: /home/aarambh/my_robot_ws/install/bumperbot_description/share/bumperbot_description/models/aws_robomaker_residential_DeskPortraitA_01/materials
[1.135s] -- Up-to-date: /home/aarambh/my_robot_ws/install/bumperbot_description/share/bumperbot_description/models/aws_robomaker_residential_DeskPortraitA_01/materials/textures
[1.136s] -- Up-to-date: /home/aarambh/my_robot_ws/install/bumperbot_description/share/bumperbot_description/models/aws_robomaker_residential_DeskPortraitA_01/materials/textures/aws_DeskPortraitA_01.png
[1.136s] -- Up-to-date: /home/aarambh/my_robot_ws/install/bumperbot_description/share/bumperbot_description/models/aws_robomaker_residential_DeskPortraitA_01/materials/textures/aws_DeskPortraitA_02.png
[1.137s] -- Up-to-date: /home/aarambh/my_robot_ws/install/bumperbot_description/share/bumperbot_description/models/aws_robomaker_residential_DeskPortraitA_01/model.config
[1.137s] -- Up-to-date: /home/aarambh/my_robot_ws/install/bumperbot_description/share/bumperbot_description/models/aws_robomaker_residential_DeskPortraitA_01/meshes
[1.139s] -- Up-to-date: /home/aarambh/my_robot_ws/install/bumperbot_description/share/bumperbot_description/models/aws_robomaker_residential_DeskPortraitA_01/meshes/aws_DeskPortraitA_01_visual.DAE
[1.140s] -- Up-to-date: /home/aarambh/my_robot_ws/install/bumperbot_description/share/bumperbot_description/models/aws_robomaker_residential_DeskPortraitA_01/meshes/aws_DeskPortraitA_01_collision.DAE
[1.153s] -- Up-to-date: /home/aarambh/my_robot_ws/install/bumperbot_description/share/bumperbot_description/models/aws_robomaker_residential_PortraitB_03
[1.157s] -- Up-to-date: /home/aarambh/my_robot_ws/install/bumperbot_description/share/bumperbot_description/models/aws_robomaker_residential_PortraitB_03/model.sdf
[1.157s] -- Up-to-date: /home/aarambh/my_robot_ws/install/bumperbot_description/share/bumperbot_description/models/aws_robomaker_residential_PortraitB_03/materials
[1.158s] -- Up-to-date: /home/aarambh/my_robot_ws/install/bumperbot_description/share/bumperbot_description/models/aws_robomaker_residential_PortraitB_03/materials/textures
[1.159s] -- Up-to-date: /home/aarambh/my_robot_ws/install/bumperbot_description/share/bumperbot_description/models/aws_robomaker_residential_PortraitB_03/materials/textures/aws_PortraitB_01.png
[1.159s] -- Up-to-date: /home/aarambh/my_robot_ws/install/bumperbot_description/share/bumperbot_description/models/aws_robomaker_residential_PortraitB_03/materials/textures/aws_PortraitB_02.png
[1.159s] -- Up-to-date: /home/aarambh/my_robot_ws/install/bumperbot_description/share/bumperbot_description/models/aws_robomaker_residential_PortraitB_03/model.config
[1.160s] -- Up-to-date: /home/aarambh/my_robot_ws/install/bumperbot_description/share/bumperbot_description/models/aws_robomaker_residential_PortraitB_03/meshes
[1.160s] -- Up-to-date: /home/aarambh/my_robot_ws/install/bumperbot_description/share/bumperbot_description/models/aws_robomaker_residential_PortraitB_03/meshes/aws_PortraitB_01_collision.DAE
[1.161s] -- Up-to-date: /home/aarambh/my_robot_ws/install/bumperbot_description/share/bumperbot_description/models/aws_robomaker_residential_PortraitB_03/meshes/aws_PortraitB_01_visual.DAE
[1.162s] -- Up-to-date: /home/aarambh/my_robot_ws/install/bumperbot_description/share/bumperbot_description/models/aws_robomaker_warehouse_DeskC_01
[1.162s] -- Up-to-date: /home/aarambh/my_robot_ws/install/bumperbot_description/share/bumperbot_description/models/aws_robomaker_warehouse_DeskC_01/model.sdf
[1.163s] -- Up-to-date: /home/aarambh/my_robot_ws/install/bumperbot_description/share/bumperbot_description/models/aws_robomaker_warehouse_DeskC_01/materials
[1.164s] -- Up-to-date: /home/aarambh/my_robot_ws/install/bumperbot_description/share/bumperbot_description/models/aws_robomaker_warehouse_DeskC_01/materials/.DS_Store
[1.164s] -- Up-to-date: /home/aarambh/my_robot_ws/install/bumperbot_description/share/bumperbot_description/models/aws_robomaker_warehouse_DeskC_01/materials/textures
[1.165s] -- Up-to-date: /home/aarambh/my_robot_ws/install/bumperbot_description/share/bumperbot_description/models/aws_robomaker_warehouse_DeskC_01/materials/textures/aws_robomaker_warehouse_DeskC_03.psd
[1.165s] -- Up-to-date: /home/aarambh/my_robot_ws/install/bumperbot_description/share/bumperbot_description/models/aws_robomaker_warehouse_DeskC_01/materials/textures/aws_robomaker_warehouse_DeskC_03.png
[1.166s] -- Up-to-date: /home/aarambh/my_robot_ws/install/bumperbot_description/share/bumperbot_description/models/aws_robomaker_warehouse_DeskC_01/materials/textures/aws_robomaker_warehouse_DeskC_01.png
[1.166s] -- Up-to-date: /home/aarambh/my_robot_ws/install/bumperbot_description/share/bumperbot_description/models/aws_robomaker_warehouse_DeskC_01/materials/textures/aws_robomaker_warehouse_DeskC_02.png
[1.167s] -- Up-to-date: /home/aarambh/my_robot_ws/install/bumperbot_description/share/bumperbot_description/models/aws_robomaker_warehouse_DeskC_01/materials/textures/aws_robomaker_warehouse_DeskC_04.png
[1.169s] -- Up-to-date: /home/aarambh/my_robot_ws/install/bumperbot_description/share/bumperbot_description/models/aws_robomaker_warehouse_DeskC_01/model.config
[1.170s] -- Up-to-date: /home/aarambh/my_robot_ws/install/bumperbot_description/share/bumperbot_description/models/aws_robomaker_warehouse_DeskC_01/meshes
[1.171s] -- Up-to-date: /home/aarambh/my_robot_ws/install/bumperbot_description/share/bumperbot_description/models/aws_robomaker_warehouse_DeskC_01/meshes/aws_robomaker_warehouse_DeskC_01_visual.DAE
[1.172s] -- Up-to-date: /home/aarambh/my_robot_ws/install/bumperbot_description/share/bumperbot_description/models/aws_robomaker_warehouse_DeskC_01/meshes/aws_robomaker_warehouse_DeskC_01_collision.DAE
[1.173s] -- Up-to-date: /home/aarambh/my_robot_ws/install/bumperbot_description/share/bumperbot_description/models/aws_robomaker_residential_NightStand_01
[1.174s] -- Up-to-date: /home/aarambh/my_robot_ws/install/bumperbot_description/share/bumperbot_description/models/aws_robomaker_residential_NightStand_01/model.sdf
[1.175s] -- Up-to-date: /home/aarambh/my_robot_ws/install/bumperbot_description/share/bumperbot_description/models/aws_robomaker_residential_NightStand_01/materials
[1.175s] -- Up-to-date: /home/aarambh/my_robot_ws/install/bumperbot_description/share/bumperbot_description/models/aws_robomaker_residential_NightStand_01/materials/textures
[1.176s] -- Up-to-date: /home/aarambh/my_robot_ws/install/bumperbot_description/share/bumperbot_description/models/aws_robomaker_residential_NightStand_01/materials/textures/aws_NightStand_01.png
[1.177s] -- Up-to-date: /home/aarambh/my_robot_ws/install/bumperbot_description/share/bumperbot_description/models/aws_robomaker_residential_NightStand_01/model.config
[1.178s] -- Up-to-date: /home/aarambh/my_robot_ws/install/bumperbot_description/share/bumperbot_description/models/aws_robomaker_residential_NightStand_01/meshes
[1.179s] -- Up-to-date: /home/aarambh/my_robot_ws/install/bumperbot_description/share/bumperbot_description/models/aws_robomaker_residential_NightStand_01/meshes/aws_NightStand_01_collision.DAE
[1.180s] -- Up-to-date: /home/aarambh/my_robot_ws/install/bumperbot_description/share/bumperbot_description/models/aws_robomaker_residential_NightStand_01/meshes/aws_NightStand_01_visual.DAE
[1.180s] -- Up-to-date: /home/aarambh/my_robot_ws/install/bumperbot_description/share/bumperbot_description/models/aws_robomaker_residential_KitchenUtensils_01
[1.181s] -- Up-to-date: /home/aarambh/my_robot_ws/install/bumperbot_description/share/bumperbot_description/models/aws_robomaker_residential_KitchenUtensils_01/model.sdf
[1.184s] -- Up-to-date: /home/aarambh/my_robot_ws/install/bumperbot_description/share/bumperbot_description/models/aws_robomaker_residential_KitchenUtensils_01/materials
[1.188s] -- Up-to-date: /home/aarambh/my_robot_ws/install/bumperbot_description/share/bumperbot_description/models/aws_robomaker_residential_KitchenUtensils_01/materials/textures
[1.190s] -- Up-to-date: /home/aarambh/my_robot_ws/install/bumperbot_description/share/bumperbot_description/models/aws_robomaker_residential_KitchenUtensils_01/materials/textures/aws_KitchenUtensils_01.png
[1.192s] -- Up-to-date: /home/aarambh/my_robot_ws/install/bumperbot_description/share/bumperbot_description/models/aws_robomaker_residential_KitchenUtensils_01/model.config
[1.199s] -- Up-to-date: /home/aarambh/my_robot_ws/install/bumperbot_description/share/bumperbot_description/models/aws_robomaker_residential_KitchenUtensils_01/meshes
[1.199s] -- Up-to-date: /home/aarambh/my_robot_ws/install/bumperbot_description/share/bumperbot_description/models/aws_robomaker_residential_KitchenUtensils_01/meshes/aws_KitchenUtensils_01_collision.DAE
[1.200s] -- Up-to-date: /home/aarambh/my_robot_ws/install/bumperbot_description/share/bumperbot_description/models/aws_robomaker_residential_KitchenUtensils_01/meshes/aws_KitchenUtensils_01_visual.DAE
[1.200s] -- Up-to-date: /home/aarambh/my_robot_ws/install/bumperbot_description/share/bumperbot_description/models/aws_robomaker_residential_Bed_01
[1.201s] -- Up-to-date: /home/aarambh/my_robot_ws/install/bumperbot_description/share/bumperbot_description/models/aws_robomaker_residential_Bed_01/model.sdf
[1.202s] -- Up-to-date: /home/aarambh/my_robot_ws/install/bumperbot_description/share/bumperbot_description/models/aws_robomaker_residential_Bed_01/materials
[1.203s] -- Up-to-date: /home/aarambh/my_robot_ws/install/bumperbot_description/share/bumperbot_description/models/aws_robomaker_residential_Bed_01/materials/textures
[1.204s] -- Up-to-date: /home/aarambh/my_robot_ws/install/bumperbot_description/share/bumperbot_description/models/aws_robomaker_residential_Bed_01/materials/textures/aws_Bed_01.png
[1.207s] -- Up-to-date: /home/aarambh/my_robot_ws/install/bumperbot_description/share/bumperbot_description/models/aws_robomaker_residential_Bed_01/materials/textures/aws_BedB_01.png
[1.214s] -- Up-to-date: /home/aarambh/my_robot_ws/install/bumperbot_description/share/bumperbot_description/models/aws_robomaker_residential_Bed_01/materials/textures/aws_BedC_01.png
[1.215s] -- Up-to-date: /home/aarambh/my_robot_ws/install/bumperbot_description/share/bumperbot_description/models/aws_robomaker_residential_Bed_01/materials/textures/aws_BedA_01.png
[1.216s] -- Up-to-date: /home/aarambh/my_robot_ws/install/bumperbot_description/share/bumperbot_description/models/aws_robomaker_residential_Bed_01/model.config
[1.216s] -- Up-to-date: /home/aarambh/my_robot_ws/install/bumperbot_description/share/bumperbot_description/models/aws_robomaker_residential_Bed_01/meshes
[1.226s] -- Up-to-date: /home/aarambh/my_robot_ws/install/bumperbot_description/share/bumperbot_description/models/aws_robomaker_residential_Bed_01/meshes/aws_Bed_01_visual.DAE
[1.226s] -- Up-to-date: /home/aarambh/my_robot_ws/install/bumperbot_description/share/bumperbot_description/models/aws_robomaker_residential_Bed_01/meshes/aws_Bed_01_collision.DAE
[1.227s] -- Up-to-date: /home/aarambh/my_robot_ws/install/bumperbot_description/share/bumperbot_description/models/aws_robomaker_warehouse_Lamp_01
[1.228s] -- Up-to-date: /home/aarambh/my_robot_ws/install/bumperbot_description/share/bumperbot_description/models/aws_robomaker_warehouse_Lamp_01/model.sdf
[1.229s] -- Up-to-date: /home/aarambh/my_robot_ws/install/bumperbot_description/share/bumperbot_description/models/aws_robomaker_warehouse_Lamp_01/materials
[1.230s] -- Up-to-date: /home/aarambh/my_robot_ws/install/bumperbot_description/share/bumperbot_description/models/aws_robomaker_warehouse_Lamp_01/materials/textures
[1.232s] -- Up-to-date: /home/aarambh/my_robot_ws/install/bumperbot_description/share/bumperbot_description/models/aws_robomaker_warehouse_Lamp_01/materials/textures/aws_robomaker_warehouse_Lamp_01.png
[1.233s] -- Up-to-date: /home/aarambh/my_robot_ws/install/bumperbot_description/share/bumperbot_description/models/aws_robomaker_warehouse_Lamp_01/model.config
[1.234s] -- Up-to-date: /home/aarambh/my_robot_ws/install/bumperbot_description/share/bumperbot_description/models/aws_robomaker_warehouse_Lamp_01/meshes
[1.235s] -- Up-to-date: /home/aarambh/my_robot_ws/install/bumperbot_description/share/bumperbot_description/models/aws_robomaker_warehouse_Lamp_01/meshes/aws_robomaker_warehouse_Lamp_01_collision.DAE
[1.236s] -- Up-to-date: /home/aarambh/my_robot_ws/install/bumperbot_description/share/bumperbot_description/models/aws_robomaker_warehouse_Lamp_01/meshes/aws_robomaker_warehouse_Lamp_01_visual.DAE
[1.237s] -- Up-to-date: /home/aarambh/my_robot_ws/install/bumperbot_description/share/bumperbot_description/models/aws_robomaker_residential_Dumbbell_01
[1.244s] -- Up-to-date: /home/aarambh/my_robot_ws/install/bumperbot_description/share/bumperbot_description/models/aws_robomaker_residential_Dumbbell_01/model.sdf
[1.244s] -- Up-to-date: /home/aarambh/my_robot_ws/install/bumperbot_description/share/bumperbot_description/models/aws_robomaker_residential_Dumbbell_01/materials
[1.245s] -- Up-to-date: /home/aarambh/my_robot_ws/install/bumperbot_description/share/bumperbot_description/models/aws_robomaker_residential_Dumbbell_01/materials/textures
[1.246s] -- Up-to-date: /home/aarambh/my_robot_ws/install/bumperbot_description/share/bumperbot_description/models/aws_robomaker_residential_Dumbbell_01/materials/textures/aws_Dumbbell_01.png
[1.246s] -- Up-to-date: /home/aarambh/my_robot_ws/install/bumperbot_description/share/bumperbot_description/models/aws_robomaker_residential_Dumbbell_01/model.config
[1.247s] -- Up-to-date: /home/aarambh/my_robot_ws/install/bumperbot_description/share/bumperbot_description/models/aws_robomaker_residential_Dumbbell_01/meshes
[1.247s] -- Up-to-date: /home/aarambh/my_robot_ws/install/bumperbot_description/share/bumperbot_description/models/aws_robomaker_residential_Dumbbell_01/meshes/aws_Dumbbell_01_collision.DAE
[1.248s] -- Up-to-date: /home/aarambh/my_robot_ws/install/bumperbot_description/share/bumperbot_description/models/aws_robomaker_residential_Dumbbell_01/meshes/aws_Dumbbell_01_visual.DAE
[1.257s] -- Up-to-date: /home/aarambh/my_robot_ws/install/bumperbot_description/share/bumperbot_description/models/aws_robomaker_residential_DeskPortraitD_02
[1.258s] -- Up-to-date: /home/aarambh/my_robot_ws/install/bumperbot_description/share/bumperbot_description/models/aws_robomaker_residential_DeskPortraitD_02/model.sdf
[1.259s] -- Up-to-date: /home/aarambh/my_robot_ws/install/bumperbot_description/share/bumperbot_description/models/aws_robomaker_residential_DeskPortraitD_02/materials
[1.260s] -- Up-to-date: /home/aarambh/my_robot_ws/install/bumperbot_description/share/bumperbot_description/models/aws_robomaker_residential_DeskPortraitD_02/materials/textures
[1.261s] -- Up-to-date: /home/aarambh/my_robot_ws/install/bumperbot_description/share/bumperbot_description/models/aws_robomaker_residential_DeskPortraitD_02/materials/textures/aws_DeskPortraitD_01.png
[1.262s] -- Up-to-date: /home/aarambh/my_robot_ws/install/bumperbot_description/share/bumperbot_description/models/aws_robomaker_residential_DeskPortraitD_02/materials/textures/aws_DeskPortraitD_02.png
[1.264s] -- Up-to-date: /home/aarambh/my_robot_ws/install/bumperbot_description/share/bumperbot_description/models/aws_robomaker_residential_DeskPortraitD_02/model.config
[1.266s] -- Up-to-date: /home/aarambh/my_robot_ws/install/bumperbot_description/share/bumperbot_description/models/aws_robomaker_residential_DeskPortraitD_02/meshes
[1.269s] -- Up-to-date: /home/aarambh/my_robot_ws/install/bumperbot_description/share/bumperbot_description/models/aws_robomaker_residential_DeskPortraitD_02/meshes/aws_DeskPortraitD_01_collision.DAE
[1.271s] -- Up-to-date: /home/aarambh/my_robot_ws/install/bumperbot_description/share/bumperbot_description/models/aws_robomaker_residential_DeskPortraitD_02/meshes/aws_DeskPortraitD_01_visual.DAE
[1.277s] -- Up-to-date: /home/aarambh/my_robot_ws/install/bumperbot_description/share/bumperbot_description/models/aws_robomaker_residential_PortraitA_02
[1.279s] -- Up-to-date: /home/aarambh/my_robot_ws/install/bumperbot_description/share/bumperbot_description/models/aws_robomaker_residential_PortraitA_02/model.sdf
[1.283s] -- Up-to-date: /home/aarambh/my_robot_ws/install/bumperbot_description/share/bumperbot_description/models/aws_robomaker_residential_PortraitA_02/materials
[1.286s] -- Up-to-date: /home/aarambh/my_robot_ws/install/bumperbot_description/share/bumperbot_description/models/aws_robomaker_residential_PortraitA_02/materials/textures
[1.289s] -- Up-to-date: /home/aarambh/my_robot_ws/install/bumperbot_description/share/bumperbot_description/models/aws_robomaker_residential_PortraitA_02/materials/textures/aws_PortraitA_01.png
[1.289s] -- Up-to-date: /home/aarambh/my_robot_ws/install/bumperbot_description/share/bumperbot_description/models/aws_robomaker_residential_PortraitA_02/materials/textures/aws_PortraitA_02.png
[1.290s] -- Up-to-date: /home/aarambh/my_robot_ws/install/bumperbot_description/share/bumperbot_description/models/aws_robomaker_residential_PortraitA_02/model.config
[1.290s] -- Up-to-date: /home/aarambh/my_robot_ws/install/bumperbot_description/share/bumperbot_description/models/aws_robomaker_residential_PortraitA_02/meshes
[1.291s] -- Up-to-date: /home/aarambh/my_robot_ws/install/bumperbot_description/share/bumperbot_description/models/aws_robomaker_residential_PortraitA_02/meshes/aws_PortraitA_01_visual.DAE
[1.292s] -- Up-to-date: /home/aarambh/my_robot_ws/install/bumperbot_description/share/bumperbot_description/models/aws_robomaker_residential_PortraitA_02/meshes/aws_PortraitA_01_collision.DAE
[1.292s] -- Up-to-date: /home/aarambh/my_robot_ws/install/bumperbot_description/share/bumperbot_description/models/aws_robomaker_residential_PortraitE_02
[1.293s] -- Up-to-date: /home/aarambh/my_robot_ws/install/bumperbot_description/share/bumperbot_description/models/aws_robomaker_residential_PortraitE_02/model.sdf
[1.293s] -- Up-to-date: /home/aarambh/my_robot_ws/install/bumperbot_description/share/bumperbot_description/models/aws_robomaker_residential_PortraitE_02/materials
[1.294s] -- Up-to-date: /home/aarambh/my_robot_ws/install/bumperbot_description/share/bumperbot_description/models/aws_robomaker_residential_PortraitE_02/materials/textures
[1.294s] -- Up-to-date: /home/aarambh/my_robot_ws/install/bumperbot_description/share/bumperbot_description/models/aws_robomaker_residential_PortraitE_02/materials/textures/aws_PortraitE_02.png
[1.295s] -- Up-to-date: /home/aarambh/my_robot_ws/install/bumperbot_description/share/bumperbot_description/models/aws_robomaker_residential_PortraitE_02/materials/textures/aws_PortraitE_01.png
[1.296s] -- Up-to-date: /home/aarambh/my_robot_ws/install/bumperbot_description/share/bumperbot_description/models/aws_robomaker_residential_PortraitE_02/model.config
[1.296s] -- Up-to-date: /home/aarambh/my_robot_ws/install/bumperbot_description/share/bumperbot_description/models/aws_robomaker_residential_PortraitE_02/meshes
[1.297s] -- Up-to-date: /home/aarambh/my_robot_ws/install/bumperbot_description/share/bumperbot_description/models/aws_robomaker_residential_PortraitE_02/meshes/aws_PortraitE_01_collision.DAE
[1.298s] -- Up-to-date: /home/aarambh/my_robot_ws/install/bumperbot_description/share/bumperbot_description/models/aws_robomaker_residential_PortraitE_02/meshes/aws_PortraitE_01_visual.DAE
[1.298s] -- Up-to-date: /home/aarambh/my_robot_ws/install/bumperbot_description/share/bumperbot_description/models/aws_robomaker_residential_Ball_01
[1.299s] -- Up-to-date: /home/aarambh/my_robot_ws/install/bumperbot_description/share/bumperbot_description/models/aws_robomaker_residential_Ball_01/model.sdf
[1.299s] -- Up-to-date: /home/aarambh/my_robot_ws/install/bumperbot_description/share/bumperbot_description/models/aws_robomaker_residential_Ball_01/materials
[1.300s] -- Up-to-date: /home/aarambh/my_robot_ws/install/bumperbot_description/share/bumperbot_description/models/aws_robomaker_residential_Ball_01/materials/textures
[1.301s] -- Up-to-date: /home/aarambh/my_robot_ws/install/bumperbot_description/share/bumperbot_description/models/aws_robomaker_residential_Ball_01/materials/textures/aws_Ball_01.png
[1.319s] -- Up-to-date: /home/aarambh/my_robot_ws/install/bumperbot_description/share/bumperbot_description/models/aws_robomaker_residential_Ball_01/model.config
[1.320s] -- Up-to-date: /home/aarambh/my_robot_ws/install/bumperbot_description/share/bumperbot_description/models/aws_robomaker_residential_Ball_01/meshes
[1.321s] -- Up-to-date: /home/aarambh/my_robot_ws/install/bumperbot_description/share/bumperbot_description/models/aws_robomaker_residential_Ball_01/meshes/aws_Ball_01_collision.DAE
[1.327s] -- Up-to-date: /home/aarambh/my_robot_ws/install/bumperbot_description/share/bumperbot_description/models/aws_robomaker_residential_Ball_01/meshes/aws_Ball_01_visual.DAE
[1.338s] -- Up-to-date: /home/aarambh/my_robot_ws/install/bumperbot_description/share/bumperbot_description/models/aws_robomaker_residential_Tablet_01
[1.339s] -- Up-to-date: /home/aarambh/my_robot_ws/install/bumperbot_description/share/bumperbot_description/models/aws_robomaker_residential_Tablet_01/model.sdf
[1.339s] -- Up-to-date: /home/aarambh/my_robot_ws/install/bumperbot_description/share/bumperbot_description/models/aws_robomaker_residential_Tablet_01/materials
[1.341s] -- Up-to-date: /home/aarambh/my_robot_ws/install/bumperbot_description/share/bumperbot_description/models/aws_robomaker_residential_Tablet_01/materials/textures
[1.341s] -- Up-to-date: /home/aarambh/my_robot_ws/install/bumperbot_description/share/bumperbot_description/models/aws_robomaker_residential_Tablet_01/materials/textures/aws_Tablet_01_nologo.png
[1.343s] -- Up-to-date: /home/aarambh/my_robot_ws/install/bumperbot_description/share/bumperbot_description/models/aws_robomaker_residential_Tablet_01/model.config
[1.345s] -- Up-to-date: /home/aarambh/my_robot_ws/install/bumperbot_description/share/bumperbot_description/models/aws_robomaker_residential_Tablet_01/meshes
[1.345s] -- Up-to-date: /home/aarambh/my_robot_ws/install/bumperbot_description/share/bumperbot_description/models/aws_robomaker_residential_Tablet_01/meshes/aws_Tablet_01_collision.DAE
[1.347s] -- Up-to-date: /home/aarambh/my_robot_ws/install/bumperbot_description/share/bumperbot_description/models/aws_robomaker_residential_Tablet_01/meshes/aws_Tablet_01_visual.DAE
[1.348s] -- Up-to-date: /home/aarambh/my_robot_ws/install/bumperbot_description/share/bumperbot_description/models/aws_robomaker_residential_BalconyTable_01
[1.349s] -- Up-to-date: /home/aarambh/my_robot_ws/install/bumperbot_description/share/bumperbot_description/models/aws_robomaker_residential_BalconyTable_01/model.sdf
[1.350s] -- Up-to-date: /home/aarambh/my_robot_ws/install/bumperbot_description/share/bumperbot_description/models/aws_robomaker_residential_BalconyTable_01/materials
[1.355s] -- Up-to-date: /home/aarambh/my_robot_ws/install/bumperbot_description/share/bumperbot_description/models/aws_robomaker_residential_BalconyTable_01/materials/textures
[1.361s] -- Up-to-date: /home/aarambh/my_robot_ws/install/bumperbot_description/share/bumperbot_description/models/aws_robomaker_residential_BalconyTable_01/materials/textures/aws_BalconyTable_01.png
[1.372s] -- Up-to-date: /home/aarambh/my_robot_ws/install/bumperbot_description/share/bumperbot_description/models/aws_robomaker_residential_BalconyTable_01/model.config
[1.373s] -- Up-to-date: /home/aarambh/my_robot_ws/install/bumperbot_description/share/bumperbot_description/models/aws_robomaker_residential_BalconyTable_01/meshes
[1.375s] -- Up-to-date: /home/aarambh/my_robot_ws/install/bumperbot_description/share/bumperbot_description/models/aws_robomaker_residential_BalconyTable_01/meshes/aws_BalconyTable_01_visual.DAE
[1.376s] -- Up-to-date: /home/aarambh/my_robot_ws/install/bumperbot_description/share/bumperbot_description/models/aws_robomaker_residential_BalconyTable_01/meshes/aws_BalconyTable_01_collision.DAE
[1.377s] -- Up-to-date: /home/aarambh/my_robot_ws/install/bumperbot_description/share/bumperbot_description/models/aws_robomaker_residential_LightC_01
[1.378s] -- Up-to-date: /home/aarambh/my_robot_ws/install/bumperbot_description/share/bumperbot_description/models/aws_robomaker_residential_LightC_01/model.sdf
[1.379s] -- Up-to-date: /home/aarambh/my_robot_ws/install/bumperbot_description/share/bumperbot_description/models/aws_robomaker_residential_LightC_01/materials
[1.380s] -- Up-to-date: /home/aarambh/my_robot_ws/install/bumperbot_description/share/bumperbot_description/models/aws_robomaker_residential_LightC_01/materials/textures
[1.380s] -- Up-to-date: /home/aarambh/my_robot_ws/install/bumperbot_description/share/bumperbot_description/models/aws_robomaker_residential_LightC_01/materials/textures/aws_LightC_01.png
[1.390s] -- Up-to-date: /home/aarambh/my_robot_ws/install/bumperbot_description/share/bumperbot_description/models/aws_robomaker_residential_LightC_01/model.config
[1.391s] -- Up-to-date: /home/aarambh/my_robot_ws/install/bumperbot_description/share/bumperbot_description/models/aws_robomaker_residential_LightC_01/meshes
[1.392s] -- Up-to-date: /home/aarambh/my_robot_ws/install/bumperbot_description/share/bumperbot_description/models/aws_robomaker_residential_LightC_01/meshes/aws_LightC_01_collision.DAE
[1.394s] -- Up-to-date: /home/aarambh/my_robot_ws/install/bumperbot_description/share/bumperbot_description/models/aws_robomaker_residential_LightC_01/meshes/aws_LightC_01_visual.DAE
[1.395s] -- Up-to-date: /home/aarambh/my_robot_ws/install/bumperbot_description/share/bumperbot_description/models/aws_robomaker_residential_Quilt_01
[1.396s] -- Up-to-date: /home/aarambh/my_robot_ws/install/bumperbot_description/share/bumperbot_description/models/aws_robomaker_residential_Quilt_01/model.sdf
[1.396s] -- Up-to-date: /home/aarambh/my_robot_ws/install/bumperbot_description/share/bumperbot_description/models/aws_robomaker_residential_Quilt_01/materials
[1.397s] -- Up-to-date: /home/aarambh/my_robot_ws/install/bumperbot_description/share/bumperbot_description/models/aws_robomaker_residential_Quilt_01/materials/textures
[1.398s] -- Up-to-date: /home/aarambh/my_robot_ws/install/bumperbot_description/share/bumperbot_description/models/aws_robomaker_residential_Quilt_01/materials/textures/aws_Quilt_01.png
[1.399s] -- Up-to-date: /home/aarambh/my_robot_ws/install/bumperbot_description/share/bumperbot_description/models/aws_robomaker_residential_Quilt_01/model.config
[1.400s] -- Up-to-date: /home/aarambh/my_robot_ws/install/bumperbot_description/share/bumperbot_description/models/aws_robomaker_residential_Quilt_01/meshes
[1.400s] -- Up-to-date: /home/aarambh/my_robot_ws/install/bumperbot_description/share/bumperbot_description/models/aws_robomaker_residential_Quilt_01/meshes/aws_Quilt_01_visual.DAE
[1.402s] -- Up-to-date: /home/aarambh/my_robot_ws/install/bumperbot_description/share/bumperbot_description/models/aws_robomaker_residential_Quilt_01/meshes/aws_Quilt_01_collision.DAE
[1.402s] -- Up-to-date: /home/aarambh/my_robot_ws/install/bumperbot_description/share/bumperbot_description/models/aws_robomaker_residential_FoldingDoor_01
[1.404s] -- Up-to-date: /home/aarambh/my_robot_ws/install/bumperbot_description/share/bumperbot_description/models/aws_robomaker_residential_FoldingDoor_01/model.sdf
[1.404s] -- Up-to-date: /home/aarambh/my_robot_ws/install/bumperbot_description/share/bumperbot_description/models/aws_robomaker_residential_FoldingDoor_01/materials
[1.412s] -- Up-to-date: /home/aarambh/my_robot_ws/install/bumperbot_description/share/bumperbot_description/models/aws_robomaker_residential_FoldingDoor_01/materials/textures
[1.412s] -- Up-to-date: /home/aarambh/my_robot_ws/install/bumperbot_description/share/bumperbot_description/models/aws_robomaker_residential_FoldingDoor_01/materials/textures/aws_FoldingDoor_01.png
[1.413s] -- Up-to-date: /home/aarambh/my_robot_ws/install/bumperbot_description/share/bumperbot_description/models/aws_robomaker_residential_FoldingDoor_01/model.config
[1.421s] -- Up-to-date: /home/aarambh/my_robot_ws/install/bumperbot_description/share/bumperbot_description/models/aws_robomaker_residential_FoldingDoor_01/meshes
[1.422s] -- Up-to-date: /home/aarambh/my_robot_ws/install/bumperbot_description/share/bumperbot_description/models/aws_robomaker_residential_FoldingDoor_01/meshes/aws_FoldingDoor_01_visual.DAE
[1.423s] -- Up-to-date: /home/aarambh/my_robot_ws/install/bumperbot_description/share/bumperbot_description/models/aws_robomaker_residential_FoldingDoor_01/meshes/aws_FoldingDoor_01_collision.DAE
[1.424s] -- Up-to-date: /home/aarambh/my_robot_ws/install/bumperbot_description/share/bumperbot_description/models/aws_robomaker_residential_CookingBench_01
[1.425s] -- Up-to-date: /home/aarambh/my_robot_ws/install/bumperbot_description/share/bumperbot_description/models/aws_robomaker_residential_CookingBench_01/model.sdf
[1.426s] -- Up-to-date: /home/aarambh/my_robot_ws/install/bumperbot_description/share/bumperbot_description/models/aws_robomaker_residential_CookingBench_01/materials
[1.426s] -- Up-to-date: /home/aarambh/my_robot_ws/install/bumperbot_description/share/bumperbot_description/models/aws_robomaker_residential_CookingBench_01/materials/textures
[1.427s] -- Up-to-date: /home/aarambh/my_robot_ws/install/bumperbot_description/share/bumperbot_description/models/aws_robomaker_residential_CookingBench_01/materials/textures/aws_CookingBench_01.png
[1.428s] -- Up-to-date: /home/aarambh/my_robot_ws/install/bumperbot_description/share/bumperbot_description/models/aws_robomaker_residential_CookingBench_01/model.config
[1.429s] -- Up-to-date: /home/aarambh/my_robot_ws/install/bumperbot_description/share/bumperbot_description/models/aws_robomaker_residential_CookingBench_01/meshes
[1.437s] -- Up-to-date: /home/aarambh/my_robot_ws/install/bumperbot_description/share/bumperbot_description/models/aws_robomaker_residential_CookingBench_01/meshes/aws_CookingBench_01_visual.DAE
[1.438s] -- Up-to-date: /home/aarambh/my_robot_ws/install/bumperbot_description/share/bumperbot_description/models/aws_robomaker_residential_CookingBench_01/meshes/aws_CookingBench_01.DAE
[1.438s] -- Up-to-date: /home/aarambh/my_robot_ws/install/bumperbot_description/share/bumperbot_description/models/aws_robomaker_residential_CookingBench_01/meshes/aws_CookingBench_01_collision.DAE
[1.439s] -- Up-to-date: /home/aarambh/my_robot_ws/install/bumperbot_description/share/bumperbot_description/models/aws_robomaker_residential_Door_01
[1.440s] -- Up-to-date: /home/aarambh/my_robot_ws/install/bumperbot_description/share/bumperbot_description/models/aws_robomaker_residential_Door_01/model.sdf
[1.440s] -- Up-to-date: /home/aarambh/my_robot_ws/install/bumperbot_description/share/bumperbot_description/models/aws_robomaker_residential_Door_01/materials
[1.441s] -- Up-to-date: /home/aarambh/my_robot_ws/install/bumperbot_description/share/bumperbot_description/models/aws_robomaker_residential_Door_01/materials/textures
[1.441s] -- Up-to-date: /home/aarambh/my_robot_ws/install/bumperbot_description/share/bumperbot_description/models/aws_robomaker_residential_Door_01/materials/textures/aws_Door_01.png
[1.442s] -- Up-to-date: /home/aarambh/my_robot_ws/install/bumperbot_description/share/bumperbot_description/models/aws_robomaker_residential_Door_01/model.config
[1.443s] -- Up-to-date: /home/aarambh/my_robot_ws/install/bumperbot_description/share/bumperbot_description/models/aws_robomaker_residential_Door_01/meshes
[1.443s] -- Up-to-date: /home/aarambh/my_robot_ws/install/bumperbot_description/share/bumperbot_description/models/aws_robomaker_residential_Door_01/meshes/aws_Door_01_visual.DAE
[1.444s] -- Up-to-date: /home/aarambh/my_robot_ws/install/bumperbot_description/share/bumperbot_description/models/aws_robomaker_residential_Door_01/meshes/aws_Door_01_collision.DAE
[1.444s] -- Up-to-date: /home/aarambh/my_robot_ws/install/bumperbot_description/share/bumperbot_description/models/aws_robomaker_residential_Tableware_01
[1.445s] -- Up-to-date: /home/aarambh/my_robot_ws/install/bumperbot_description/share/bumperbot_description/models/aws_robomaker_residential_Tableware_01/model.sdf
[1.453s] -- Up-to-date: /home/aarambh/my_robot_ws/install/bumperbot_description/share/bumperbot_description/models/aws_robomaker_residential_Tableware_01/materials
[1.454s] -- Up-to-date: /home/aarambh/my_robot_ws/install/bumperbot_description/share/bumperbot_description/models/aws_robomaker_residential_Tableware_01/materials/textures
[1.456s] -- Up-to-date: /home/aarambh/my_robot_ws/install/bumperbot_description/share/bumperbot_description/models/aws_robomaker_residential_Tableware_01/materials/textures/aws_Tableware_01.png
[1.457s] -- Up-to-date: /home/aarambh/my_robot_ws/install/bumperbot_description/share/bumperbot_description/models/aws_robomaker_residential_Tableware_01/model.config
[1.458s] -- Up-to-date: /home/aarambh/my_robot_ws/install/bumperbot_description/share/bumperbot_description/models/aws_robomaker_residential_Tableware_01/meshes
[1.459s] -- Up-to-date: /home/aarambh/my_robot_ws/install/bumperbot_description/share/bumperbot_description/models/aws_robomaker_residential_Tableware_01/meshes/aws_Tableware_01_collision.DAE
[1.460s] -- Up-to-date: /home/aarambh/my_robot_ws/install/bumperbot_description/share/bumperbot_description/models/aws_robomaker_residential_Tableware_01/meshes/aws_Tableware_01_visual.DAE
[1.460s] -- Up-to-date: /home/aarambh/my_robot_ws/install/bumperbot_description/share/bumperbot_description/models/aws_robomaker_warehouse_RoofB_01
[1.469s] -- Up-to-date: /home/aarambh/my_robot_ws/install/bumperbot_description/share/bumperbot_description/models/aws_robomaker_warehouse_RoofB_01/model.sdf
[1.470s] -- Up-to-date: /home/aarambh/my_robot_ws/install/bumperbot_description/share/bumperbot_description/models/aws_robomaker_warehouse_RoofB_01/materials
[1.471s] -- Up-to-date: /home/aarambh/my_robot_ws/install/bumperbot_description/share/bumperbot_description/models/aws_robomaker_warehouse_RoofB_01/materials/textures
[1.472s] -- Up-to-date: /home/aarambh/my_robot_ws/install/bumperbot_description/share/bumperbot_description/models/aws_robomaker_warehouse_RoofB_01/materials/textures/aws_robomaker_warehouse_RoofB_01.png
[1.473s] -- Up-to-date: /home/aarambh/my_robot_ws/install/bumperbot_description/share/bumperbot_description/models/aws_robomaker_warehouse_RoofB_01/model.config
[1.473s] -- Up-to-date: /home/aarambh/my_robot_ws/install/bumperbot_description/share/bumperbot_description/models/aws_robomaker_warehouse_RoofB_01/meshes
[1.474s] -- Up-to-date: /home/aarambh/my_robot_ws/install/bumperbot_description/share/bumperbot_description/models/aws_robomaker_warehouse_RoofB_01/meshes/aws_robomaker_warehouse_RoofB_01_collision.DAE
[1.475s] -- Up-to-date: /home/aarambh/my_robot_ws/install/bumperbot_description/share/bumperbot_description/models/aws_robomaker_warehouse_RoofB_01/meshes/aws_robomaker_warehouse_RoofB_01_visual.DAE
[1.476s] -- Up-to-date: /home/aarambh/my_robot_ws/install/bumperbot_description/share/bumperbot_description/models/aws_robomaker_warehouse_GroundB_01
[1.477s] -- Up-to-date: /home/aarambh/my_robot_ws/install/bumperbot_description/share/bumperbot_description/models/aws_robomaker_warehouse_GroundB_01/model.sdf
[1.482s] -- Up-to-date: /home/aarambh/my_robot_ws/install/bumperbot_description/share/bumperbot_description/models/aws_robomaker_warehouse_GroundB_01/materials
[1.484s] -- Up-to-date: /home/aarambh/my_robot_ws/install/bumperbot_description/share/bumperbot_description/models/aws_robomaker_warehouse_GroundB_01/materials/textures
[1.486s] -- Up-to-date: /home/aarambh/my_robot_ws/install/bumperbot_description/share/bumperbot_description/models/aws_robomaker_warehouse_GroundB_01/materials/textures/aws_robomaker_warehouse_GroundB_01.png
[1.497s] -- Up-to-date: /home/aarambh/my_robot_ws/install/bumperbot_description/share/bumperbot_description/models/aws_robomaker_warehouse_GroundB_01/materials/textures/aws_robomaker_warehouse_GroundB_02.png
[1.499s] -- Up-to-date: /home/aarambh/my_robot_ws/install/bumperbot_description/share/bumperbot_description/models/aws_robomaker_warehouse_GroundB_01/model.config
[1.499s] -- Up-to-date: /home/aarambh/my_robot_ws/install/bumperbot_description/share/bumperbot_description/models/aws_robomaker_warehouse_GroundB_01/meshes
[1.500s] -- Up-to-date: /home/aarambh/my_robot_ws/install/bumperbot_description/share/bumperbot_description/models/aws_robomaker_warehouse_GroundB_01/meshes/aws_robomaker_warehouse_GroundB_01_visual.DAE
[1.501s] -- Up-to-date: /home/aarambh/my_robot_ws/install/bumperbot_description/share/bumperbot_description/models/aws_robomaker_warehouse_GroundB_01/meshes/aws_robomaker_warehouse_GroundB_01_collision.DAE
[1.502s] -- Up-to-date: /home/aarambh/my_robot_ws/install/bumperbot_description/share/bumperbot_description/models/aws_robomaker_residential_Curtain_01
[1.503s] -- Up-to-date: /home/aarambh/my_robot_ws/install/bumperbot_description/share/bumperbot_description/models/aws_robomaker_residential_Curtain_01/model.sdf
[1.503s] -- Up-to-date: /home/aarambh/my_robot_ws/install/bumperbot_description/share/bumperbot_description/models/aws_robomaker_residential_Curtain_01/materials
[1.522s] -- Up-to-date: /home/aarambh/my_robot_ws/install/bumperbot_description/share/bumperbot_description/models/aws_robomaker_residential_Curtain_01/materials/textures
[1.522s] -- Up-to-date: /home/aarambh/my_robot_ws/install/bumperbot_description/share/bumperbot_description/models/aws_robomaker_residential_Curtain_01/materials/textures/aws_Curtain_01.png
[1.523s] -- Up-to-date: /home/aarambh/my_robot_ws/install/bumperbot_description/share/bumperbot_description/models/aws_robomaker_residential_Curtain_01/model.config
[1.523s] -- Up-to-date: /home/aarambh/my_robot_ws/install/bumperbot_description/share/bumperbot_description/models/aws_robomaker_residential_Curtain_01/meshes
[1.524s] -- Up-to-date: /home/aarambh/my_robot_ws/install/bumperbot_description/share/bumperbot_description/models/aws_robomaker_residential_Curtain_01/meshes/aws_Curtain_01_visual.DAE
[1.525s] -- Up-to-date: /home/aarambh/my_robot_ws/install/bumperbot_description/share/bumperbot_description/models/aws_robomaker_residential_Curtain_01/meshes/aws_Curtain_01_collision.DAE
[1.525s] -- Up-to-date: /home/aarambh/my_robot_ws/install/bumperbot_description/share/bumperbot_description/models/aws_robomaker_warehouse_PalletJackB_01
[1.526s] -- Up-to-date: /home/aarambh/my_robot_ws/install/bumperbot_description/share/bumperbot_description/models/aws_robomaker_warehouse_PalletJackB_01/model.sdf
[1.526s] -- Up-to-date: /home/aarambh/my_robot_ws/install/bumperbot_description/share/bumperbot_description/models/aws_robomaker_warehouse_PalletJackB_01/materials
[1.527s] -- Up-to-date: /home/aarambh/my_robot_ws/install/bumperbot_description/share/bumperbot_description/models/aws_robomaker_warehouse_PalletJackB_01/materials/.DS_Store
[1.527s] -- Up-to-date: /home/aarambh/my_robot_ws/install/bumperbot_description/share/bumperbot_description/models/aws_robomaker_warehouse_PalletJackB_01/materials/textures
[1.528s] -- Up-to-date: /home/aarambh/my_robot_ws/install/bumperbot_description/share/bumperbot_description/models/aws_robomaker_warehouse_PalletJackB_01/materials/textures/aws_robomaker_warehouse_PalletJackB_01.png
[1.529s] -- Up-to-date: /home/aarambh/my_robot_ws/install/bumperbot_description/share/bumperbot_description/models/aws_robomaker_warehouse_PalletJackB_01/materials/textures/aws_robomaker_warehouse_PalletJackB_02.png
[1.530s] -- Up-to-date: /home/aarambh/my_robot_ws/install/bumperbot_description/share/bumperbot_description/models/aws_robomaker_warehouse_PalletJackB_01/.DS_Store
[1.530s] -- Up-to-date: /home/aarambh/my_robot_ws/install/bumperbot_description/share/bumperbot_description/models/aws_robomaker_warehouse_PalletJackB_01/model.config
[1.531s] -- Up-to-date: /home/aarambh/my_robot_ws/install/bumperbot_description/share/bumperbot_description/models/aws_robomaker_warehouse_PalletJackB_01/meshes
[1.531s] -- Up-to-date: /home/aarambh/my_robot_ws/install/bumperbot_description/share/bumperbot_description/models/aws_robomaker_warehouse_PalletJackB_01/meshes/aws_robomaker_warehouse_PalletJackB_01_visual.DAE
[1.532s] -- Up-to-date: /home/aarambh/my_robot_ws/install/bumperbot_description/share/bumperbot_description/models/aws_robomaker_warehouse_PalletJackB_01/meshes/aws_robomaker_warehouse_PalletJackB_01_collision.DAE
[1.532s] -- Up-to-date: /home/aarambh/my_robot_ws/install/bumperbot_description/share/bumperbot_description/models/aws_robomaker_residential_ChairD_01
[1.549s] -- Up-to-date: /home/aarambh/my_robot_ws/install/bumperbot_description/share/bumperbot_description/models/aws_robomaker_residential_ChairD_01/model.sdf
[1.550s] -- Up-to-date: /home/aarambh/my_robot_ws/install/bumperbot_description/share/bumperbot_description/models/aws_robomaker_residential_ChairD_01/materials
[1.550s] -- Up-to-date: /home/aarambh/my_robot_ws/install/bumperbot_description/share/bumperbot_description/models/aws_robomaker_residential_ChairD_01/materials/textures
[1.551s] -- Up-to-date: /home/aarambh/my_robot_ws/install/bumperbot_description/share/bumperbot_description/models/aws_robomaker_residential_ChairD_01/materials/textures/aws_ChairD_01.png
[1.551s] -- Up-to-date: /home/aarambh/my_robot_ws/install/bumperbot_description/share/bumperbot_description/models/aws_robomaker_residential_ChairD_01/model.config
[1.551s] -- Up-to-date: /home/aarambh/my_robot_ws/install/bumperbot_description/share/bumperbot_description/models/aws_robomaker_residential_ChairD_01/meshes
[1.552s] -- Up-to-date: /home/aarambh/my_robot_ws/install/bumperbot_description/share/bumperbot_description/models/aws_robomaker_residential_ChairD_01/meshes/aws_ChairD_01_collision.DAE
[1.552s] -- Up-to-date: /home/aarambh/my_robot_ws/install/bumperbot_description/share/bumperbot_description/models/aws_robomaker_residential_ChairD_01/meshes/aws_ChairD_01_visual.DAE
[1.553s] -- Up-to-date: /home/aarambh/my_robot_ws/install/bumperbot_description/share/bumperbot_description/models/aws_robomaker_warehouse_WallB_01
[1.553s] -- Up-to-date: /home/aarambh/my_robot_ws/install/bumperbot_description/share/bumperbot_description/models/aws_robomaker_warehouse_WallB_01/model.sdf
[1.554s] -- Up-to-date: /home/aarambh/my_robot_ws/install/bumperbot_description/share/bumperbot_description/models/aws_robomaker_warehouse_WallB_01/materials
[1.554s] -- Up-to-date: /home/aarambh/my_robot_ws/install/bumperbot_description/share/bumperbot_description/models/aws_robomaker_warehouse_WallB_01/materials/textures
[1.555s] -- Up-to-date: /home/aarambh/my_robot_ws/install/bumperbot_description/share/bumperbot_description/models/aws_robomaker_warehouse_WallB_01/materials/textures/aws_robomaker_warehouse_WallB_01.png
[1.556s] -- Up-to-date: /home/aarambh/my_robot_ws/install/bumperbot_description/share/bumperbot_description/models/aws_robomaker_warehouse_WallB_01/model.config
[1.567s] -- Up-to-date: /home/aarambh/my_robot_ws/install/bumperbot_description/share/bumperbot_description/models/aws_robomaker_warehouse_WallB_01/meshes
[1.567s] -- Up-to-date: /home/aarambh/my_robot_ws/install/bumperbot_description/share/bumperbot_description/models/aws_robomaker_warehouse_WallB_01/meshes/aws_robomaker_warehouse_WallB_01_collision.DAE
[1.568s] -- Up-to-date: /home/aarambh/my_robot_ws/install/bumperbot_description/share/bumperbot_description/models/aws_robomaker_warehouse_WallB_01/meshes/aws_robomaker_warehouse_WallB_01_visual.DAE
[1.569s] -- Up-to-date: /home/aarambh/my_robot_ws/install/bumperbot_description/share/bumperbot_description/models/aws_robomaker_residential_DeskPortraitD_04
[1.569s] -- Up-to-date: /home/aarambh/my_robot_ws/install/bumperbot_description/share/bumperbot_description/models/aws_robomaker_residential_DeskPortraitD_04/model.sdf
[1.570s] -- Up-to-date: /home/aarambh/my_robot_ws/install/bumperbot_description/share/bumperbot_description/models/aws_robomaker_residential_DeskPortraitD_04/materials
[1.571s] -- Up-to-date: /home/aarambh/my_robot_ws/install/bumperbot_description/share/bumperbot_description/models/aws_robomaker_residential_DeskPortraitD_04/materials/textures
[1.571s] -- Up-to-date: /home/aarambh/my_robot_ws/install/bumperbot_description/share/bumperbot_description/models/aws_robomaker_residential_DeskPortraitD_04/materials/textures/aws_DeskPortraitD_01.png
[1.572s] -- Up-to-date: /home/aarambh/my_robot_ws/install/bumperbot_description/share/bumperbot_description/models/aws_robomaker_residential_DeskPortraitD_04/materials/textures/aws_DeskPortraitD_02.png
[1.572s] -- Up-to-date: /home/aarambh/my_robot_ws/install/bumperbot_description/share/bumperbot_description/models/aws_robomaker_residential_DeskPortraitD_04/model.config
[1.573s] -- Up-to-date: /home/aarambh/my_robot_ws/install/bumperbot_description/share/bumperbot_description/models/aws_robomaker_residential_DeskPortraitD_04/meshes
[1.574s] -- Up-to-date: /home/aarambh/my_robot_ws/install/bumperbot_description/share/bumperbot_description/models/aws_robomaker_residential_DeskPortraitD_04/meshes/aws_DeskPortraitD_01_collision.DAE
[1.574s] -- Up-to-date: /home/aarambh/my_robot_ws/install/bumperbot_description/share/bumperbot_description/models/aws_robomaker_residential_DeskPortraitD_04/meshes/aws_DeskPortraitD_01_visual.DAE
[1.575s] -- Up-to-date: /home/aarambh/my_robot_ws/install/bumperbot_description/share/bumperbot_description/models/aws_robomaker_warehouse_ShelfD_01
[1.575s] -- Up-to-date: /home/aarambh/my_robot_ws/install/bumperbot_description/share/bumperbot_description/models/aws_robomaker_warehouse_ShelfD_01/model.sdf
[1.576s] -- Up-to-date: /home/aarambh/my_robot_ws/install/bumperbot_description/share/bumperbot_description/models/aws_robomaker_warehouse_ShelfD_01/materials
[1.576s] -- Up-to-date: /home/aarambh/my_robot_ws/install/bumperbot_description/share/bumperbot_description/models/aws_robomaker_warehouse_ShelfD_01/materials/textures
[1.577s] -- Up-to-date: /home/aarambh/my_robot_ws/install/bumperbot_description/share/bumperbot_description/models/aws_robomaker_warehouse_ShelfD_01/materials/textures/aws_robomaker_warehouse_ShelfD_01.png
[1.577s] -- Up-to-date: /home/aarambh/my_robot_ws/install/bumperbot_description/share/bumperbot_description/models/aws_robomaker_warehouse_ShelfD_01/materials/textures/aws_robomaker_warehouse_ShelfD_03.png
[1.578s] -- Up-to-date: /home/aarambh/my_robot_ws/install/bumperbot_description/share/bumperbot_description/models/aws_robomaker_warehouse_ShelfD_01/materials/textures/aws_robomaker_warehouse_ShelfD_02.png
[1.579s] -- Up-to-date: /home/aarambh/my_robot_ws/install/bumperbot_description/share/bumperbot_description/models/aws_robomaker_warehouse_ShelfD_01/materials/textures/aws_robomaker_warehouse_ShelfD_04.png
[1.579s] -- Up-to-date: /home/aarambh/my_robot_ws/install/bumperbot_description/share/bumperbot_description/models/aws_robomaker_warehouse_ShelfD_01/model.config
[1.580s] -- Up-to-date: /home/aarambh/my_robot_ws/install/bumperbot_description/share/bumperbot_description/models/aws_robomaker_warehouse_ShelfD_01/meshes
[1.581s] -- Up-to-date: /home/aarambh/my_robot_ws/install/bumperbot_description/share/bumperbot_description/models/aws_robomaker_warehouse_ShelfD_01/meshes/aws_robomaker_warehouse_ShelfD_01_collision.DAE
[1.589s] -- Up-to-date: /home/aarambh/my_robot_ws/install/bumperbot_description/share/bumperbot_description/models/aws_robomaker_warehouse_ShelfD_01/meshes/aws_robomaker_warehouse_ShelfD_01_visual.DAE
[1.590s] -- Up-to-date: /home/aarambh/my_robot_ws/install/bumperbot_description/share/bumperbot_description/models/aws_robomaker_warehouse_ClutteringA_01
[1.590s] -- Up-to-date: /home/aarambh/my_robot_ws/install/bumperbot_description/share/bumperbot_description/models/aws_robomaker_warehouse_ClutteringA_01/model.sdf
[1.591s] -- Up-to-date: /home/aarambh/my_robot_ws/install/bumperbot_description/share/bumperbot_description/models/aws_robomaker_warehouse_ClutteringA_01/materials
[1.591s] -- Up-to-date: /home/aarambh/my_robot_ws/install/bumperbot_description/share/bumperbot_description/models/aws_robomaker_warehouse_ClutteringA_01/materials/.DS_Store
[1.592s] -- Up-to-date: /home/aarambh/my_robot_ws/install/bumperbot_description/share/bumperbot_description/models/aws_robomaker_warehouse_ClutteringA_01/materials/textures
[1.592s] -- Up-to-date: /home/aarambh/my_robot_ws/install/bumperbot_description/share/bumperbot_description/models/aws_robomaker_warehouse_ClutteringA_01/materials/textures/.DS_Store
[1.592s] -- Up-to-date: /home/aarambh/my_robot_ws/install/bumperbot_description/share/bumperbot_description/models/aws_robomaker_warehouse_ClutteringA_01/materials/textures/aws_robomaker_warehouse_ClutteringA_01.png
[1.593s] -- Up-to-date: /home/aarambh/my_robot_ws/install/bumperbot_description/share/bumperbot_description/models/aws_robomaker_warehouse_ClutteringA_01/materials/textures/aws_robomaker_warehouse_ClutteringA_03.png
[1.593s] -- Up-to-date: /home/aarambh/my_robot_ws/install/bumperbot_description/share/bumperbot_description/models/aws_robomaker_warehouse_ClutteringA_01/materials/textures/aws_robomaker_warehouse_ClutteringA_02.png
[1.594s] -- Up-to-date: /home/aarambh/my_robot_ws/install/bumperbot_description/share/bumperbot_description/models/aws_robomaker_warehouse_ClutteringA_01/.DS_Store
[1.594s] -- Up-to-date: /home/aarambh/my_robot_ws/install/bumperbot_description/share/bumperbot_description/models/aws_robomaker_warehouse_ClutteringA_01/model.config
[1.595s] -- Up-to-date: /home/aarambh/my_robot_ws/install/bumperbot_description/share/bumperbot_description/models/aws_robomaker_warehouse_ClutteringA_01/meshes
[1.595s] -- Up-to-date: /home/aarambh/my_robot_ws/install/bumperbot_description/share/bumperbot_description/models/aws_robomaker_warehouse_ClutteringA_01/meshes/aws_robomaker_warehouse_ClutteringA_01_visual.DAE
[1.596s] -- Up-to-date: /home/aarambh/my_robot_ws/install/bumperbot_description/share/bumperbot_description/models/aws_robomaker_warehouse_ClutteringA_01/meshes/aws_robomaker_warehouse_ClutteringA_01_collision.DAE
[1.596s] -- Up-to-date: /home/aarambh/my_robot_ws/install/bumperbot_description/share/bumperbot_description/models/aws_robomaker_residential_Handle_01
[1.605s] -- Up-to-date: /home/aarambh/my_robot_ws/install/bumperbot_description/share/bumperbot_description/models/aws_robomaker_residential_Handle_01/model.sdf
[1.606s] -- Up-to-date: /home/aarambh/my_robot_ws/install/bumperbot_description/share/bumperbot_description/models/aws_robomaker_residential_Handle_01/materials
[1.606s] -- Up-to-date: /home/aarambh/my_robot_ws/install/bumperbot_description/share/bumperbot_description/models/aws_robomaker_residential_Handle_01/materials/textures
[1.607s] -- Up-to-date: /home/aarambh/my_robot_ws/install/bumperbot_description/share/bumperbot_description/models/aws_robomaker_residential_Handle_01/materials/textures/aws_Handle_01.png
[1.607s] -- Up-to-date: /home/aarambh/my_robot_ws/install/bumperbot_description/share/bumperbot_description/models/aws_robomaker_residential_Handle_01/model.config
[1.608s] -- Up-to-date: /home/aarambh/my_robot_ws/install/bumperbot_description/share/bumperbot_description/models/aws_robomaker_residential_Handle_01/meshes
[1.609s] -- Up-to-date: /home/aarambh/my_robot_ws/install/bumperbot_description/share/bumperbot_description/models/aws_robomaker_residential_Handle_01/meshes/aws_ handle_01_collision.DAE
[1.622s] -- Up-to-date: /home/aarambh/my_robot_ws/install/bumperbot_description/share/bumperbot_description/models/aws_robomaker_residential_Handle_01/meshes/aws_Handle_01_collision.DAE
[1.622s] -- Up-to-date: /home/aarambh/my_robot_ws/install/bumperbot_description/share/bumperbot_description/models/aws_robomaker_residential_Handle_01/meshes/aws_Handle_01_visual.DAE
[1.623s] -- Up-to-date: /home/aarambh/my_robot_ws/install/bumperbot_description/share/bumperbot_description/models/aws_robomaker_residential_DeskPortraitB_02
[1.624s] -- Up-to-date: /home/aarambh/my_robot_ws/install/bumperbot_description/share/bumperbot_description/models/aws_robomaker_residential_DeskPortraitB_02/model.sdf
[1.624s] -- Up-to-date: /home/aarambh/my_robot_ws/install/bumperbot_description/share/bumperbot_description/models/aws_robomaker_residential_DeskPortraitB_02/materials
[1.625s] -- Up-to-date: /home/aarambh/my_robot_ws/install/bumperbot_description/share/bumperbot_description/models/aws_robomaker_residential_DeskPortraitB_02/materials/textures
[1.626s] -- Up-to-date: /home/aarambh/my_robot_ws/install/bumperbot_description/share/bumperbot_description/models/aws_robomaker_residential_DeskPortraitB_02/materials/textures/aws_DeskPortraitB_02.png
[1.626s] -- Up-to-date: /home/aarambh/my_robot_ws/install/bumperbot_description/share/bumperbot_description/models/aws_robomaker_residential_DeskPortraitB_02/materials/textures/aws_DeskPortraitB_01.png
[1.627s] -- Up-to-date: /home/aarambh/my_robot_ws/install/bumperbot_description/share/bumperbot_description/models/aws_robomaker_residential_DeskPortraitB_02/model.config
[1.627s] -- Up-to-date: /home/aarambh/my_robot_ws/install/bumperbot_description/share/bumperbot_description/models/aws_robomaker_residential_DeskPortraitB_02/meshes
[1.628s] -- Up-to-date: /home/aarambh/my_robot_ws/install/bumperbot_description/share/bumperbot_description/models/aws_robomaker_residential_DeskPortraitB_02/meshes/aws_DeskPortraitB_01_visual.DAE
[1.628s] -- Up-to-date: /home/aarambh/my_robot_ws/install/bumperbot_description/share/bumperbot_description/models/aws_robomaker_residential_DeskPortraitB_02/meshes/aws_DeskPortraitB_01_collision.DAE
[1.629s] -- Up-to-date: /home/aarambh/my_robot_ws/install/bumperbot_description/share/bumperbot_description/models/aws_robomaker_residential_DeskPortraitC_02
[1.630s] -- Up-to-date: /home/aarambh/my_robot_ws/install/bumperbot_description/share/bumperbot_description/models/aws_robomaker_residential_DeskPortraitC_02/model.sdf
[1.631s] -- Up-to-date: /home/aarambh/my_robot_ws/install/bumperbot_description/share/bumperbot_description/models/aws_robomaker_residential_DeskPortraitC_02/materials
[1.632s] -- Up-to-date: /home/aarambh/my_robot_ws/install/bumperbot_description/share/bumperbot_description/models/aws_robomaker_residential_DeskPortraitC_02/materials/textures
[1.632s] -- Up-to-date: /home/aarambh/my_robot_ws/install/bumperbot_description/share/bumperbot_description/models/aws_robomaker_residential_DeskPortraitC_02/materials/textures/aws_DeskPortraitC_02.png
[1.645s] -- Up-to-date: /home/aarambh/my_robot_ws/install/bumperbot_description/share/bumperbot_description/models/aws_robomaker_residential_DeskPortraitC_02/materials/textures/aws_DeskPortraitC_01.png
[1.646s] -- Up-to-date: /home/aarambh/my_robot_ws/install/bumperbot_description/share/bumperbot_description/models/aws_robomaker_residential_DeskPortraitC_02/model.config
[1.646s] -- Up-to-date: /home/aarambh/my_robot_ws/install/bumperbot_description/share/bumperbot_description/models/aws_robomaker_residential_DeskPortraitC_02/meshes
[1.647s] -- Up-to-date: /home/aarambh/my_robot_ws/install/bumperbot_description/share/bumperbot_description/models/aws_robomaker_residential_DeskPortraitC_02/meshes/aws_DeskPortraitC_01_collision.DAE
[1.647s] -- Up-to-date: /home/aarambh/my_robot_ws/install/bumperbot_description/share/bumperbot_description/models/aws_robomaker_residential_DeskPortraitC_02/meshes/aws_DeskPortraitC_01_visual.DAE
[1.648s] -- Up-to-date: /home/aarambh/my_robot_ws/install/bumperbot_description/share/bumperbot_description/models/aws_robomaker_residential_KitchenTable_01
[1.648s] -- Up-to-date: /home/aarambh/my_robot_ws/install/bumperbot_description/share/bumperbot_description/models/aws_robomaker_residential_KitchenTable_01/model.sdf
[1.649s] -- Up-to-date: /home/aarambh/my_robot_ws/install/bumperbot_description/share/bumperbot_description/models/aws_robomaker_residential_KitchenTable_01/materials
[1.649s] -- Up-to-date: /home/aarambh/my_robot_ws/install/bumperbot_description/share/bumperbot_description/models/aws_robomaker_residential_KitchenTable_01/materials/textures
[1.650s] -- Up-to-date: /home/aarambh/my_robot_ws/install/bumperbot_description/share/bumperbot_description/models/aws_robomaker_residential_KitchenTable_01/materials/textures/aws_KitchenTable_01.png
[1.650s] -- Up-to-date: /home/aarambh/my_robot_ws/install/bumperbot_description/share/bumperbot_description/models/aws_robomaker_residential_KitchenTable_01/model.config
[1.651s] -- Up-to-date: /home/aarambh/my_robot_ws/install/bumperbot_description/share/bumperbot_description/models/aws_robomaker_residential_KitchenTable_01/meshes
[1.651s] -- Up-to-date: /home/aarambh/my_robot_ws/install/bumperbot_description/share/bumperbot_description/models/aws_robomaker_residential_KitchenTable_01/meshes/aws_KitchenTable_01_visual.DAE
[1.652s] -- Up-to-date: /home/aarambh/my_robot_ws/install/bumperbot_description/share/bumperbot_description/models/aws_robomaker_residential_KitchenTable_01/meshes/aws_KitchenTable_01_collision.DAE
[1.653s] -- Up-to-date: /home/aarambh/my_robot_ws/install/bumperbot_description/share/bumperbot_description/models/aws_robomaker_residential_Board_01
[1.653s] -- Up-to-date: /home/aarambh/my_robot_ws/install/bumperbot_description/share/bumperbot_description/models/aws_robomaker_residential_Board_01/model.sdf
[1.654s] -- Up-to-date: /home/aarambh/my_robot_ws/install/bumperbot_description/share/bumperbot_description/models/aws_robomaker_residential_Board_01/materials
[1.654s] -- Up-to-date: /home/aarambh/my_robot_ws/install/bumperbot_description/share/bumperbot_description/models/aws_robomaker_residential_Board_01/materials/textures
[1.655s] -- Up-to-date: /home/aarambh/my_robot_ws/install/bumperbot_description/share/bumperbot_description/models/aws_robomaker_residential_Board_01/materials/textures/aws_Board_01.png
[1.655s] -- Up-to-date: /home/aarambh/my_robot_ws/install/bumperbot_description/share/bumperbot_description/models/aws_robomaker_residential_Board_01/model.config
[1.656s] -- Up-to-date: /home/aarambh/my_robot_ws/install/bumperbot_description/share/bumperbot_description/models/aws_robomaker_residential_Board_01/meshes
[1.666s] -- Up-to-date: /home/aarambh/my_robot_ws/install/bumperbot_description/share/bumperbot_description/models/aws_robomaker_residential_Board_01/meshes/aws_Board_01_visual.DAE
[1.667s] -- Up-to-date: /home/aarambh/my_robot_ws/install/bumperbot_description/share/bumperbot_description/models/aws_robomaker_residential_Board_01/meshes/aws_Board_01_collision.DAE
[1.667s] -- Up-to-date: /home/aarambh/my_robot_ws/install/bumperbot_description/share/bumperbot_description/models/aws_robomaker_residential_KitchenCabinet_01
[1.668s] -- Up-to-date: /home/aarambh/my_robot_ws/install/bumperbot_description/share/bumperbot_description/models/aws_robomaker_residential_KitchenCabinet_01/model.sdf
[1.668s] -- Up-to-date: /home/aarambh/my_robot_ws/install/bumperbot_description/share/bumperbot_description/models/aws_robomaker_residential_KitchenCabinet_01/materials
[1.669s] -- Up-to-date: /home/aarambh/my_robot_ws/install/bumperbot_description/share/bumperbot_description/models/aws_robomaker_residential_KitchenCabinet_01/materials/textures
[1.670s] -- Up-to-date: /home/aarambh/my_robot_ws/install/bumperbot_description/share/bumperbot_description/models/aws_robomaker_residential_KitchenCabinet_01/materials/textures/aws_KitchenCabinet_01.png
[1.670s] -- Up-to-date: /home/aarambh/my_robot_ws/install/bumperbot_description/share/bumperbot_description/models/aws_robomaker_residential_KitchenCabinet_01/model.config
[1.671s] -- Up-to-date: /home/aarambh/my_robot_ws/install/bumperbot_description/share/bumperbot_description/models/aws_robomaker_residential_KitchenCabinet_01/meshes
[1.671s] -- Up-to-date: /home/aarambh/my_robot_ws/install/bumperbot_description/share/bumperbot_description/models/aws_robomaker_residential_KitchenCabinet_01/meshes/aws_KitchenCabinet_01_collision.DAE
[1.672s] -- Up-to-date: /home/aarambh/my_robot_ws/install/bumperbot_description/share/bumperbot_description/models/aws_robomaker_residential_KitchenCabinet_01/meshes/aws_KitchenCabinet_01_visual.DAE
[1.673s] -- Up-to-date: /home/aarambh/my_robot_ws/install/bumperbot_description/share/bumperbot_description/models/aws_robomaker_residential_DeskPortraitD_03
[1.673s] -- Up-to-date: /home/aarambh/my_robot_ws/install/bumperbot_description/share/bumperbot_description/models/aws_robomaker_residential_DeskPortraitD_03/model.sdf
[1.674s] -- Up-to-date: /home/aarambh/my_robot_ws/install/bumperbot_description/share/bumperbot_description/models/aws_robomaker_residential_DeskPortraitD_03/materials
[1.674s] -- Up-to-date: /home/aarambh/my_robot_ws/install/bumperbot_description/share/bumperbot_description/models/aws_robomaker_residential_DeskPortraitD_03/materials/textures
[1.675s] -- Up-to-date: /home/aarambh/my_robot_ws/install/bumperbot_description/share/bumperbot_description/models/aws_robomaker_residential_DeskPortraitD_03/materials/textures/aws_DeskPortraitD_01.png
[1.675s] -- Up-to-date: /home/aarambh/my_robot_ws/install/bumperbot_description/share/bumperbot_description/models/aws_robomaker_residential_DeskPortraitD_03/materials/textures/aws_DeskPortraitD_02.png
[1.676s] -- Up-to-date: /home/aarambh/my_robot_ws/install/bumperbot_description/share/bumperbot_description/models/aws_robomaker_residential_DeskPortraitD_03/model.config
[1.677s] -- Up-to-date: /home/aarambh/my_robot_ws/install/bumperbot_description/share/bumperbot_description/models/aws_robomaker_residential_DeskPortraitD_03/meshes
[1.688s] -- Up-to-date: /home/aarambh/my_robot_ws/install/bumperbot_description/share/bumperbot_description/models/aws_robomaker_residential_DeskPortraitD_03/meshes/aws_DeskPortraitD_01_collision.DAE
[1.689s] -- Up-to-date: /home/aarambh/my_robot_ws/install/bumperbot_description/share/bumperbot_description/models/aws_robomaker_residential_DeskPortraitD_03/meshes/aws_DeskPortraitD_01_visual.DAE
[1.689s] -- Up-to-date: /home/aarambh/my_robot_ws/install/bumperbot_description/share/bumperbot_description/models/aws_robomaker_residential_FitnessEquipment_01
[1.690s] -- Up-to-date: /home/aarambh/my_robot_ws/install/bumperbot_description/share/bumperbot_description/models/aws_robomaker_residential_FitnessEquipment_01/model.sdf
[1.690s] -- Up-to-date: /home/aarambh/my_robot_ws/install/bumperbot_description/share/bumperbot_description/models/aws_robomaker_residential_FitnessEquipment_01/materials
[1.691s] -- Up-to-date: /home/aarambh/my_robot_ws/install/bumperbot_description/share/bumperbot_description/models/aws_robomaker_residential_FitnessEquipment_01/materials/textures
[1.691s] -- Up-to-date: /home/aarambh/my_robot_ws/install/bumperbot_description/share/bumperbot_description/models/aws_robomaker_residential_FitnessEquipment_01/materials/textures/aws_FitnessEquipment_01.png
[1.691s] -- Up-to-date: /home/aarambh/my_robot_ws/install/bumperbot_description/share/bumperbot_description/models/aws_robomaker_residential_FitnessEquipment_01/model.config
[1.692s] -- Up-to-date: /home/aarambh/my_robot_ws/install/bumperbot_description/share/bumperbot_description/models/aws_robomaker_residential_FitnessEquipment_01/meshes
[1.693s] -- Up-to-date: /home/aarambh/my_robot_ws/install/bumperbot_description/share/bumperbot_description/models/aws_robomaker_residential_FitnessEquipment_01/meshes/aws_FitnessEquipment_01_visual.DAE
[1.693s] -- Up-to-date: /home/aarambh/my_robot_ws/install/bumperbot_description/share/bumperbot_description/models/aws_robomaker_residential_FitnessEquipment_01/meshes/aws_FitnessEquipment_01_collision.DAE
[1.694s] -- Up-to-date: /home/aarambh/my_robot_ws/install/bumperbot_description/share/bumperbot_description/models/aws_robomaker_warehouse_ShelfE_01
[1.694s] -- Up-to-date: /home/aarambh/my_robot_ws/install/bumperbot_description/share/bumperbot_description/models/aws_robomaker_warehouse_ShelfE_01/model.sdf
[1.695s] -- Up-to-date: /home/aarambh/my_robot_ws/install/bumperbot_description/share/bumperbot_description/models/aws_robomaker_warehouse_ShelfE_01/materials
[1.696s] -- Up-to-date: /home/aarambh/my_robot_ws/install/bumperbot_description/share/bumperbot_description/models/aws_robomaker_warehouse_ShelfE_01/materials/.DS_Store
[1.697s] -- Up-to-date: /home/aarambh/my_robot_ws/install/bumperbot_description/share/bumperbot_description/models/aws_robomaker_warehouse_ShelfE_01/materials/textures
[1.718s] -- Up-to-date: /home/aarambh/my_robot_ws/install/bumperbot_description/share/bumperbot_description/models/aws_robomaker_warehouse_ShelfE_01/materials/textures/aws_robomaker_warehouse_ShelfE_02.png
[1.718s] -- Up-to-date: /home/aarambh/my_robot_ws/install/bumperbot_description/share/bumperbot_description/models/aws_robomaker_warehouse_ShelfE_01/materials/textures/aws_robomaker_warehouse_ShelfE_04.png
[1.719s] -- Up-to-date: /home/aarambh/my_robot_ws/install/bumperbot_description/share/bumperbot_description/models/aws_robomaker_warehouse_ShelfE_01/materials/textures/aws_robomaker_warehouse_ShelfE_03.png
[1.719s] -- Up-to-date: /home/aarambh/my_robot_ws/install/bumperbot_description/share/bumperbot_description/models/aws_robomaker_warehouse_ShelfE_01/materials/textures/aws_robomaker_warehouse_ShelfE_01.png
[1.720s] -- Up-to-date: /home/aarambh/my_robot_ws/install/bumperbot_description/share/bumperbot_description/models/aws_robomaker_warehouse_ShelfE_01/.DS_Store
[1.721s] -- Up-to-date: /home/aarambh/my_robot_ws/install/bumperbot_description/share/bumperbot_description/models/aws_robomaker_warehouse_ShelfE_01/model.config
[1.721s] -- Up-to-date: /home/aarambh/my_robot_ws/install/bumperbot_description/share/bumperbot_description/models/aws_robomaker_warehouse_ShelfE_01/meshes
[1.722s] -- Up-to-date: /home/aarambh/my_robot_ws/install/bumperbot_description/share/bumperbot_description/models/aws_robomaker_warehouse_ShelfE_01/meshes/aws_robomaker_warehouse_ShelfE_01_collision.DAE
[1.722s] -- Up-to-date: /home/aarambh/my_robot_ws/install/bumperbot_description/share/bumperbot_description/models/aws_robomaker_warehouse_ShelfE_01/meshes/aws_robomaker_warehouse_ShelfE_01_visual.DAE
[1.723s] -- Up-to-date: /home/aarambh/my_robot_ws/install/bumperbot_description/share/bumperbot_description/models/aws_robomaker_residential_ReadingDesk_01
[1.723s] -- Up-to-date: /home/aarambh/my_robot_ws/install/bumperbot_description/share/bumperbot_description/models/aws_robomaker_residential_ReadingDesk_01/model.sdf
[1.724s] -- Up-to-date: /home/aarambh/my_robot_ws/install/bumperbot_description/share/bumperbot_description/models/aws_robomaker_residential_ReadingDesk_01/materials
[1.724s] -- Up-to-date: /home/aarambh/my_robot_ws/install/bumperbot_description/share/bumperbot_description/models/aws_robomaker_residential_ReadingDesk_01/materials/textures
[1.725s] -- Up-to-date: /home/aarambh/my_robot_ws/install/bumperbot_description/share/bumperbot_description/models/aws_robomaker_residential_ReadingDesk_01/materials/textures/aws_ReadingDesk_01.png
[1.726s] -- Up-to-date: /home/aarambh/my_robot_ws/install/bumperbot_description/share/bumperbot_description/models/aws_robomaker_residential_ReadingDesk_01/model.config
[1.726s] -- Up-to-date: /home/aarambh/my_robot_ws/install/bumperbot_description/share/bumperbot_description/models/aws_robomaker_residential_ReadingDesk_01/meshes
[1.727s] -- Up-to-date: /home/aarambh/my_robot_ws/install/bumperbot_description/share/bumperbot_description/models/aws_robomaker_residential_ReadingDesk_01/meshes/aws_ReadingDesk_01_visual.DAE
[1.727s] -- Up-to-date: /home/aarambh/my_robot_ws/install/bumperbot_description/share/bumperbot_description/models/aws_robomaker_residential_ReadingDesk_01/meshes/aws_ReadingDesk_01_collision.DAE
[1.728s] -- Up-to-date: /home/aarambh/my_robot_ws/install/bumperbot_description/share/bumperbot_description/models/aws_robomaker_residential_CoffeeTable_01
[1.728s] -- Up-to-date: /home/aarambh/my_robot_ws/install/bumperbot_description/share/bumperbot_description/models/aws_robomaker_residential_CoffeeTable_01/model.sdf
[1.729s] -- Up-to-date: /home/aarambh/my_robot_ws/install/bumperbot_description/share/bumperbot_description/models/aws_robomaker_residential_CoffeeTable_01/materials
[1.730s] -- Up-to-date: /home/aarambh/my_robot_ws/install/bumperbot_description/share/bumperbot_description/models/aws_robomaker_residential_CoffeeTable_01/materials/textures
[1.730s] -- Up-to-date: /home/aarambh/my_robot_ws/install/bumperbot_description/share/bumperbot_description/models/aws_robomaker_residential_CoffeeTable_01/materials/textures/aws_CoffeeTable_01.png
[1.731s] -- Up-to-date: /home/aarambh/my_robot_ws/install/bumperbot_description/share/bumperbot_description/models/aws_robomaker_residential_CoffeeTable_01/model.config
[1.731s] -- Up-to-date: /home/aarambh/my_robot_ws/install/bumperbot_description/share/bumperbot_description/models/aws_robomaker_residential_CoffeeTable_01/meshes
[1.732s] -- Up-to-date: /home/aarambh/my_robot_ws/install/bumperbot_description/share/bumperbot_description/models/aws_robomaker_residential_CoffeeTable_01/meshes/aws_CoffeeTable_01_visual.DAE
[1.732s] -- Up-to-date: /home/aarambh/my_robot_ws/install/bumperbot_description/share/bumperbot_description/models/aws_robomaker_residential_CoffeeTable_01/meshes/aws_CoffeeTable_01_collision.DAE
[1.733s] -- Up-to-date: /home/aarambh/my_robot_ws/install/bumperbot_description/share/bumperbot_description/models/aws_robomaker_residential_Rangehood_01
[1.733s] -- Up-to-date: /home/aarambh/my_robot_ws/install/bumperbot_description/share/bumperbot_description/models/aws_robomaker_residential_Rangehood_01/model.sdf
[1.734s] -- Up-to-date: /home/aarambh/my_robot_ws/install/bumperbot_description/share/bumperbot_description/models/aws_robomaker_residential_Rangehood_01/materials
[1.735s] -- Up-to-date: /home/aarambh/my_robot_ws/install/bumperbot_description/share/bumperbot_description/models/aws_robomaker_residential_Rangehood_01/materials/textures
[1.735s] -- Up-to-date: /home/aarambh/my_robot_ws/install/bumperbot_description/share/bumperbot_description/models/aws_robomaker_residential_Rangehood_01/materials/textures/aws_Rangehood_01.png
[1.736s] -- Up-to-date: /home/aarambh/my_robot_ws/install/bumperbot_description/share/bumperbot_description/models/aws_robomaker_residential_Rangehood_01/model.config
[1.736s] -- Up-to-date: /home/aarambh/my_robot_ws/install/bumperbot_description/share/bumperbot_description/models/aws_robomaker_residential_Rangehood_01/meshes
[1.748s] -- Up-to-date: /home/aarambh/my_robot_ws/install/bumperbot_description/share/bumperbot_description/models/aws_robomaker_residential_Rangehood_01/meshes/aws_Rangehood_01_collision.DAE
[1.749s] -- Up-to-date: /home/aarambh/my_robot_ws/install/bumperbot_description/share/bumperbot_description/models/aws_robomaker_residential_Rangehood_01/meshes/aws_Rangehood_01_visual.DAE
[1.749s] -- Up-to-date: /home/aarambh/my_robot_ws/install/bumperbot_description/share/bumperbot_description/models/aws_robomaker_residential_HouseWallB_01
[1.750s] -- Up-to-date: /home/aarambh/my_robot_ws/install/bumperbot_description/share/bumperbot_description/models/aws_robomaker_residential_HouseWallB_01/model.sdf
[1.751s] -- Up-to-date: /home/aarambh/my_robot_ws/install/bumperbot_description/share/bumperbot_description/models/aws_robomaker_residential_HouseWallB_01/materials
[1.751s] -- Up-to-date: /home/aarambh/my_robot_ws/install/bumperbot_description/share/bumperbot_description/models/aws_robomaker_residential_HouseWallB_01/materials/textures
[1.752s] -- Up-to-date: /home/aarambh/my_robot_ws/install/bumperbot_description/share/bumperbot_description/models/aws_robomaker_residential_HouseWallB_01/materials/textures/aws_HouseWallB_01.png
[1.753s] -- Up-to-date: /home/aarambh/my_robot_ws/install/bumperbot_description/share/bumperbot_description/models/aws_robomaker_residential_HouseWallB_01/model.config
[1.753s] -- Up-to-date: /home/aarambh/my_robot_ws/install/bumperbot_description/share/bumperbot_description/models/aws_robomaker_residential_HouseWallB_01/meshes
[1.766s] -- Up-to-date: /home/aarambh/my_robot_ws/install/bumperbot_description/share/bumperbot_description/models/aws_robomaker_residential_HouseWallB_01/meshes/aws_HouseWallB_01_visual.DAE
[1.767s] -- Up-to-date: /home/aarambh/my_robot_ws/install/bumperbot_description/share/bumperbot_description/models/aws_robomaker_residential_HouseWallB_01/meshes/aws_HouseWallB_01_collision.DAE
[1.768s] -- Up-to-date: /home/aarambh/my_robot_ws/install/bumperbot_description/share/bumperbot_description/models/aws_robomaker_residential_PortraitB_01
[1.768s] -- Up-to-date: /home/aarambh/my_robot_ws/install/bumperbot_description/share/bumperbot_description/models/aws_robomaker_residential_PortraitB_01/model.sdf
[1.769s] -- Up-to-date: /home/aarambh/my_robot_ws/install/bumperbot_description/share/bumperbot_description/models/aws_robomaker_residential_PortraitB_01/materials
[1.770s] -- Up-to-date: /home/aarambh/my_robot_ws/install/bumperbot_description/share/bumperbot_description/models/aws_robomaker_residential_PortraitB_01/materials/textures
[1.771s] -- Up-to-date: /home/aarambh/my_robot_ws/install/bumperbot_description/share/bumperbot_description/models/aws_robomaker_residential_PortraitB_01/materials/textures/aws_PortraitB_01.png
[1.771s] -- Up-to-date: /home/aarambh/my_robot_ws/install/bumperbot_description/share/bumperbot_description/models/aws_robomaker_residential_PortraitB_01/materials/textures/aws_PortraitB_02.png
[1.772s] -- Up-to-date: /home/aarambh/my_robot_ws/install/bumperbot_description/share/bumperbot_description/models/aws_robomaker_residential_PortraitB_01/model.config
[1.772s] -- Up-to-date: /home/aarambh/my_robot_ws/install/bumperbot_description/share/bumperbot_description/models/aws_robomaker_residential_PortraitB_01/meshes
[1.773s] -- Up-to-date: /home/aarambh/my_robot_ws/install/bumperbot_description/share/bumperbot_description/models/aws_robomaker_residential_PortraitB_01/meshes/aws_PortraitB_01_collision.DAE
[1.774s] -- Up-to-date: /home/aarambh/my_robot_ws/install/bumperbot_description/share/bumperbot_description/models/aws_robomaker_residential_PortraitB_01/meshes/aws_PortraitB_01_visual.DAE
[1.774s] -- Up-to-date: /home/aarambh/my_robot_ws/install/bumperbot_description/share/bumperbot_description/models/aws_robomaker_residential_PortraitB_02
[1.775s] -- Up-to-date: /home/aarambh/my_robot_ws/install/bumperbot_description/share/bumperbot_description/models/aws_robomaker_residential_PortraitB_02/model.sdf
[1.776s] -- Up-to-date: /home/aarambh/my_robot_ws/install/bumperbot_description/share/bumperbot_description/models/aws_robomaker_residential_PortraitB_02/materials
[1.776s] -- Up-to-date: /home/aarambh/my_robot_ws/install/bumperbot_description/share/bumperbot_description/models/aws_robomaker_residential_PortraitB_02/materials/textures
[1.777s] -- Up-to-date: /home/aarambh/my_robot_ws/install/bumperbot_description/share/bumperbot_description/models/aws_robomaker_residential_PortraitB_02/materials/textures/aws_PortraitB_01.png
[1.778s] -- Up-to-date: /home/aarambh/my_robot_ws/install/bumperbot_description/share/bumperbot_description/models/aws_robomaker_residential_PortraitB_02/materials/textures/aws_PortraitB_02.png
[1.779s] -- Up-to-date: /home/aarambh/my_robot_ws/install/bumperbot_description/share/bumperbot_description/models/aws_robomaker_residential_PortraitB_02/model.config
[1.780s] -- Up-to-date: /home/aarambh/my_robot_ws/install/bumperbot_description/share/bumperbot_description/models/aws_robomaker_residential_PortraitB_02/meshes
[1.781s] -- Up-to-date: /home/aarambh/my_robot_ws/install/bumperbot_description/share/bumperbot_description/models/aws_robomaker_residential_PortraitB_02/meshes/aws_PortraitB_01_collision.DAE
[1.784s] -- Up-to-date: /home/aarambh/my_robot_ws/install/bumperbot_description/share/bumperbot_description/models/aws_robomaker_residential_PortraitB_02/meshes/aws_PortraitB_01_visual.DAE
[1.784s] -- Up-to-date: /home/aarambh/my_robot_ws/install/bumperbot_description/share/bumperbot_description/models/aws_robomaker_residential_DeskPortraitA_02
[1.786s] -- Up-to-date: /home/aarambh/my_robot_ws/install/bumperbot_description/share/bumperbot_description/models/aws_robomaker_residential_DeskPortraitA_02/model.sdf
[1.787s] -- Up-to-date: /home/aarambh/my_robot_ws/install/bumperbot_description/share/bumperbot_description/models/aws_robomaker_residential_DeskPortraitA_02/materials
[1.788s] -- Up-to-date: /home/aarambh/my_robot_ws/install/bumperbot_description/share/bumperbot_description/models/aws_robomaker_residential_DeskPortraitA_02/materials/textures
[1.790s] -- Up-to-date: /home/aarambh/my_robot_ws/install/bumperbot_description/share/bumperbot_description/models/aws_robomaker_residential_DeskPortraitA_02/materials/textures/aws_DeskPortraitA_01.png
[1.791s] -- Up-to-date: /home/aarambh/my_robot_ws/install/bumperbot_description/share/bumperbot_description/models/aws_robomaker_residential_DeskPortraitA_02/materials/textures/aws_DeskPortraitA_02.png
[1.792s] -- Up-to-date: /home/aarambh/my_robot_ws/install/bumperbot_description/share/bumperbot_description/models/aws_robomaker_residential_DeskPortraitA_02/model.config
[1.806s] -- Up-to-date: /home/aarambh/my_robot_ws/install/bumperbot_description/share/bumperbot_description/models/aws_robomaker_residential_DeskPortraitA_02/meshes
[1.807s] -- Up-to-date: /home/aarambh/my_robot_ws/install/bumperbot_description/share/bumperbot_description/models/aws_robomaker_residential_DeskPortraitA_02/meshes/aws_DeskPortraitA_01_visual.DAE
[1.807s] -- Up-to-date: /home/aarambh/my_robot_ws/install/bumperbot_description/share/bumperbot_description/models/aws_robomaker_residential_DeskPortraitA_02/meshes/aws_DeskPortraitA_01_collision.DAE
[1.808s] -- Up-to-date: /home/aarambh/my_robot_ws/install/bumperbot_description/share/bumperbot_description/models/aws_robomaker_residential_Sofa_01
[1.809s] -- Up-to-date: /home/aarambh/my_robot_ws/install/bumperbot_description/share/bumperbot_description/models/aws_robomaker_residential_Sofa_01/model.sdf
[1.810s] -- Up-to-date: /home/aarambh/my_robot_ws/install/bumperbot_description/share/bumperbot_description/models/aws_robomaker_residential_Sofa_01/materials
[1.811s] -- Up-to-date: /home/aarambh/my_robot_ws/install/bumperbot_description/share/bumperbot_description/models/aws_robomaker_residential_Sofa_01/materials/textures
[1.812s] -- Up-to-date: /home/aarambh/my_robot_ws/install/bumperbot_description/share/bumperbot_description/models/aws_robomaker_residential_Sofa_01/materials/textures/aws_Sofa_01.png
[1.812s] -- Up-to-date: /home/aarambh/my_robot_ws/install/bumperbot_description/share/bumperbot_description/models/aws_robomaker_residential_Sofa_01/model.config
[1.813s] -- Up-to-date: /home/aarambh/my_robot_ws/install/bumperbot_description/share/bumperbot_description/models/aws_robomaker_residential_Sofa_01/meshes
[1.813s] -- Up-to-date: /home/aarambh/my_robot_ws/install/bumperbot_description/share/bumperbot_description/models/aws_robomaker_residential_Sofa_01/meshes/aws_Sofa_01_visual.DAE
[1.814s] -- Up-to-date: /home/aarambh/my_robot_ws/install/bumperbot_description/share/bumperbot_description/models/aws_robomaker_residential_Sofa_01/meshes/aws_Sofa_01_collision.DAE
[1.815s] -- Up-to-date: /home/aarambh/my_robot_ws/install/bumperbot_description/share/bumperbot_description/models/aws_robomaker_residential_Sofa_01/meshes/aws_Sofa_01.DAE
[1.815s] -- Up-to-date: /home/aarambh/my_robot_ws/install/bumperbot_description/share/bumperbot_description/models/aws_robomaker_residential_Trash_01
[1.816s] -- Up-to-date: /home/aarambh/my_robot_ws/install/bumperbot_description/share/bumperbot_description/models/aws_robomaker_residential_Trash_01/model.sdf
[1.816s] -- Up-to-date: /home/aarambh/my_robot_ws/install/bumperbot_description/share/bumperbot_description/models/aws_robomaker_residential_Trash_01/materials
[1.817s] -- Up-to-date: /home/aarambh/my_robot_ws/install/bumperbot_description/share/bumperbot_description/models/aws_robomaker_residential_Trash_01/materials/textures
[1.818s] -- Up-to-date: /home/aarambh/my_robot_ws/install/bumperbot_description/share/bumperbot_description/models/aws_robomaker_residential_Trash_01/materials/textures/aws_Trash_01.png
[1.818s] -- Up-to-date: /home/aarambh/my_robot_ws/install/bumperbot_description/share/bumperbot_description/models/aws_robomaker_residential_Trash_01/model.config
[1.818s] -- Up-to-date: /home/aarambh/my_robot_ws/install/bumperbot_description/share/bumperbot_description/models/aws_robomaker_residential_Trash_01/meshes
[1.819s] -- Up-to-date: /home/aarambh/my_robot_ws/install/bumperbot_description/share/bumperbot_description/models/aws_robomaker_residential_Trash_01/meshes/aws_Trash_01_collision.DAE
[1.819s] -- Up-to-date: /home/aarambh/my_robot_ws/install/bumperbot_description/share/bumperbot_description/models/aws_robomaker_residential_Trash_01/meshes/aws_Trash_01_visual.DAE
[1.820s] -- Up-to-date: /home/aarambh/my_robot_ws/install/bumperbot_description/share/bumperbot_description/models/aws_robomaker_residential_Chandelier_01
[1.833s] -- Up-to-date: /home/aarambh/my_robot_ws/install/bumperbot_description/share/bumperbot_description/models/aws_robomaker_residential_Chandelier_01/model.sdf
[1.834s] -- Up-to-date: /home/aarambh/my_robot_ws/install/bumperbot_description/share/bumperbot_description/models/aws_robomaker_residential_Chandelier_01/materials
[1.834s] -- Up-to-date: /home/aarambh/my_robot_ws/install/bumperbot_description/share/bumperbot_description/models/aws_robomaker_residential_Chandelier_01/materials/textures
[1.835s] -- Up-to-date: /home/aarambh/my_robot_ws/install/bumperbot_description/share/bumperbot_description/models/aws_robomaker_residential_Chandelier_01/materials/textures/aws_Chandelier_01.png
[1.835s] -- Up-to-date: /home/aarambh/my_robot_ws/install/bumperbot_description/share/bumperbot_description/models/aws_robomaker_residential_Chandelier_01/model.config
[1.836s] -- Up-to-date: /home/aarambh/my_robot_ws/install/bumperbot_description/share/bumperbot_description/models/aws_robomaker_residential_Chandelier_01/meshes
[1.836s] -- Up-to-date: /home/aarambh/my_robot_ws/install/bumperbot_description/share/bumperbot_description/models/aws_robomaker_residential_Chandelier_01/meshes/aws_Chandelier_01_visual.DAE
[1.836s] -- Up-to-date: /home/aarambh/my_robot_ws/install/bumperbot_description/share/bumperbot_description/models/aws_robomaker_residential_Chandelier_01/meshes/aws_Chandelier_01.DAE
[1.837s] -- Up-to-date: /home/aarambh/my_robot_ws/install/bumperbot_description/share/bumperbot_description/models/aws_robomaker_residential_Chandelier_01/meshes/aws_Chandelier_01_collision.DAE
[1.837s] -- Up-to-date: /home/aarambh/my_robot_ws/install/bumperbot_description/share/bumperbot_description/models/aws_robomaker_residential_RoomWall_01
[1.838s] -- Up-to-date: /home/aarambh/my_robot_ws/install/bumperbot_description/share/bumperbot_description/models/aws_robomaker_residential_RoomWall_01/model.sdf
[1.838s] -- Up-to-date: /home/aarambh/my_robot_ws/install/bumperbot_description/share/bumperbot_description/models/aws_robomaker_residential_RoomWall_01/materials
[1.838s] -- Up-to-date: /home/aarambh/my_robot_ws/install/bumperbot_description/share/bumperbot_description/models/aws_robomaker_residential_RoomWall_01/materials/textures
[1.839s] -- Up-to-date: /home/aarambh/my_robot_ws/install/bumperbot_description/share/bumperbot_description/models/aws_robomaker_residential_RoomWall_01/materials/textures/aws_RoomWall_01.png
[1.839s] -- Up-to-date: /home/aarambh/my_robot_ws/install/bumperbot_description/share/bumperbot_description/models/aws_robomaker_residential_RoomWall_01/model.config
[1.844s] -- Up-to-date: /home/aarambh/my_robot_ws/install/bumperbot_description/share/bumperbot_description/models/aws_robomaker_residential_RoomWall_01/meshes
[1.845s] -- Up-to-date: /home/aarambh/my_robot_ws/install/bumperbot_description/share/bumperbot_description/models/aws_robomaker_residential_RoomWall_01/meshes/aws_RoomWall_01_visual.DAE
[1.847s] -- Up-to-date: /home/aarambh/my_robot_ws/install/bumperbot_description/share/bumperbot_description/models/aws_robomaker_residential_RoomWall_01/meshes/aws_RoomWall_01_collision.DAE
[1.848s] -- Up-to-date: /home/aarambh/my_robot_ws/install/bumperbot_description/share/bumperbot_description/models/aws_robomaker_residential_TV_02
[1.848s] -- Up-to-date: /home/aarambh/my_robot_ws/install/bumperbot_description/share/bumperbot_description/models/aws_robomaker_residential_TV_02/model.sdf
[1.849s] -- Up-to-date: /home/aarambh/my_robot_ws/install/bumperbot_description/share/bumperbot_description/models/aws_robomaker_residential_TV_02/materials
[1.850s] -- Up-to-date: /home/aarambh/my_robot_ws/install/bumperbot_description/share/bumperbot_description/models/aws_robomaker_residential_TV_02/materials/textures
[1.850s] -- Up-to-date: /home/aarambh/my_robot_ws/install/bumperbot_description/share/bumperbot_description/models/aws_robomaker_residential_TV_02/materials/textures/aws_TV_01.png
[1.851s] -- Up-to-date: /home/aarambh/my_robot_ws/install/bumperbot_description/share/bumperbot_description/models/aws_robomaker_residential_TV_02/model.config
[1.851s] -- Up-to-date: /home/aarambh/my_robot_ws/install/bumperbot_description/share/bumperbot_description/models/aws_robomaker_residential_TV_02/meshes
[1.852s] -- Up-to-date: /home/aarambh/my_robot_ws/install/bumperbot_description/share/bumperbot_description/models/aws_robomaker_residential_TV_02/meshes/aws_TV_01_collision.DAE
[1.852s] -- Up-to-date: /home/aarambh/my_robot_ws/install/bumperbot_description/share/bumperbot_description/models/aws_robomaker_residential_TV_02/meshes/aws_TV_01_visual.DAE
[1.853s] -- Up-to-date: /home/aarambh/my_robot_ws/install/bumperbot_description/share/bumperbot_description/models/aws_robomaker_warehouse_ClutteringD_01
[1.854s] -- Up-to-date: /home/aarambh/my_robot_ws/install/bumperbot_description/share/bumperbot_description/models/aws_robomaker_warehouse_ClutteringD_01/model.sdf
[1.854s] -- Up-to-date: /home/aarambh/my_robot_ws/install/bumperbot_description/share/bumperbot_description/models/aws_robomaker_warehouse_ClutteringD_01/materials
[1.855s] -- Up-to-date: /home/aarambh/my_robot_ws/install/bumperbot_description/share/bumperbot_description/models/aws_robomaker_warehouse_ClutteringD_01/materials/textures
[1.855s] -- Up-to-date: /home/aarambh/my_robot_ws/install/bumperbot_description/share/bumperbot_description/models/aws_robomaker_warehouse_ClutteringD_01/materials/textures/aws_robomaker_warehouse_ClutteringD_01.png
[1.856s] -- Up-to-date: /home/aarambh/my_robot_ws/install/bumperbot_description/share/bumperbot_description/models/aws_robomaker_warehouse_ClutteringD_01/materials/textures/aws_robomaker_warehouse_ClutteringD_02.png
[1.856s] -- Up-to-date: /home/aarambh/my_robot_ws/install/bumperbot_description/share/bumperbot_description/models/aws_robomaker_warehouse_ClutteringD_01/model.config
[1.857s] -- Up-to-date: /home/aarambh/my_robot_ws/install/bumperbot_description/share/bumperbot_description/models/aws_robomaker_warehouse_ClutteringD_01/meshes
[1.858s] -- Up-to-date: /home/aarambh/my_robot_ws/install/bumperbot_description/share/bumperbot_description/models/aws_robomaker_warehouse_ClutteringD_01/meshes/aws_robomaker_warehouse_ClutteringD_01_collision.DAE
[1.858s] -- Up-to-date: /home/aarambh/my_robot_ws/install/bumperbot_description/share/bumperbot_description/models/aws_robomaker_warehouse_ClutteringD_01/meshes/aws_robomaker_warehouse_ClutteringD_01_visual.DAE
[1.859s] -- Up-to-date: /home/aarambh/my_robot_ws/install/bumperbot_description/share/bumperbot_description/models/aws_robomaker_residential_PortraitD_02
[1.860s] -- Up-to-date: /home/aarambh/my_robot_ws/install/bumperbot_description/share/bumperbot_description/models/aws_robomaker_residential_PortraitD_02/model.sdf
[1.861s] -- Up-to-date: /home/aarambh/my_robot_ws/install/bumperbot_description/share/bumperbot_description/models/aws_robomaker_residential_PortraitD_02/materials
[1.861s] -- Up-to-date: /home/aarambh/my_robot_ws/install/bumperbot_description/share/bumperbot_description/models/aws_robomaker_residential_PortraitD_02/materials/textures
[1.862s] -- Up-to-date: /home/aarambh/my_robot_ws/install/bumperbot_description/share/bumperbot_description/models/aws_robomaker_residential_PortraitD_02/materials/textures/aws_PortraitD_01.png
[1.863s] -- Up-to-date: /home/aarambh/my_robot_ws/install/bumperbot_description/share/bumperbot_description/models/aws_robomaker_residential_PortraitD_02/materials/textures/aws_PortraitD_02.png
[1.871s] -- Up-to-date: /home/aarambh/my_robot_ws/install/bumperbot_description/share/bumperbot_description/models/aws_robomaker_residential_PortraitD_02/model.config
[1.872s] -- Up-to-date: /home/aarambh/my_robot_ws/install/bumperbot_description/share/bumperbot_description/models/aws_robomaker_residential_PortraitD_02/meshes
[1.872s] -- Up-to-date: /home/aarambh/my_robot_ws/install/bumperbot_description/share/bumperbot_description/models/aws_robomaker_residential_PortraitD_02/meshes/aws_PortraitD_01_visual.DAE
[1.873s] -- Up-to-date: /home/aarambh/my_robot_ws/install/bumperbot_description/share/bumperbot_description/models/aws_robomaker_residential_PortraitD_02/meshes/aws_PortraitD_01_collision.DAE
[1.881s] -- Up-to-date: /home/aarambh/my_robot_ws/install/bumperbot_description/share/bumperbot_description/models/aws_robomaker_residential_SecurityCamera_01
[1.882s] -- Up-to-date: /home/aarambh/my_robot_ws/install/bumperbot_description/share/bumperbot_description/models/aws_robomaker_residential_SecurityCamera_01/model.sdf
[1.883s] -- Up-to-date: /home/aarambh/my_robot_ws/install/bumperbot_description/share/bumperbot_description/models/aws_robomaker_residential_SecurityCamera_01/materials
[1.883s] -- Up-to-date: /home/aarambh/my_robot_ws/install/bumperbot_description/share/bumperbot_description/models/aws_robomaker_residential_SecurityCamera_01/materials/textures
[1.884s] -- Up-to-date: /home/aarambh/my_robot_ws/install/bumperbot_description/share/bumperbot_description/models/aws_robomaker_residential_SecurityCamera_01/materials/textures/aws_SecurityCamera_01.png
[1.885s] -- Up-to-date: /home/aarambh/my_robot_ws/install/bumperbot_description/share/bumperbot_description/models/aws_robomaker_residential_SecurityCamera_01/model.config
[1.886s] -- Up-to-date: /home/aarambh/my_robot_ws/install/bumperbot_description/share/bumperbot_description/models/aws_robomaker_residential_SecurityCamera_01/meshes
[1.886s] -- Up-to-date: /home/aarambh/my_robot_ws/install/bumperbot_description/share/bumperbot_description/models/aws_robomaker_residential_SecurityCamera_01/meshes/aws_SecurityCamera_01_collision.DAE
[1.887s] -- Up-to-date: /home/aarambh/my_robot_ws/install/bumperbot_description/share/bumperbot_description/models/aws_robomaker_residential_SecurityCamera_01/meshes/aws_SecurityCamera_01_visual.DAE
[1.887s] -- Up-to-date: /home/aarambh/my_robot_ws/install/bumperbot_description/share/bumperbot_description/models/aws_robomaker_residential_PortraitC_01
[1.888s] -- Up-to-date: /home/aarambh/my_robot_ws/install/bumperbot_description/share/bumperbot_description/models/aws_robomaker_residential_PortraitC_01/model.sdf
[1.889s] -- Up-to-date: /home/aarambh/my_robot_ws/install/bumperbot_description/share/bumperbot_description/models/aws_robomaker_residential_PortraitC_01/materials
[1.889s] -- Up-to-date: /home/aarambh/my_robot_ws/install/bumperbot_description/share/bumperbot_description/models/aws_robomaker_residential_PortraitC_01/materials/textures
[1.890s] -- Up-to-date: /home/aarambh/my_robot_ws/install/bumperbot_description/share/bumperbot_description/models/aws_robomaker_residential_PortraitC_01/materials/textures/aws_PortraitC_02.png
[1.898s] -- Up-to-date: /home/aarambh/my_robot_ws/install/bumperbot_description/share/bumperbot_description/models/aws_robomaker_residential_PortraitC_01/materials/textures/aws_PortraitC_01.png
[1.899s] -- Up-to-date: /home/aarambh/my_robot_ws/install/bumperbot_description/share/bumperbot_description/models/aws_robomaker_residential_PortraitC_01/model.config
[1.899s] -- Up-to-date: /home/aarambh/my_robot_ws/install/bumperbot_description/share/bumperbot_description/models/aws_robomaker_residential_PortraitC_01/meshes
[1.900s] -- Up-to-date: /home/aarambh/my_robot_ws/install/bumperbot_description/share/bumperbot_description/models/aws_robomaker_residential_PortraitC_01/meshes/aws_PortraitC_01_visual.DAE
[1.901s] -- Up-to-date: /home/aarambh/my_robot_ws/install/bumperbot_description/share/bumperbot_description/models/aws_robomaker_residential_PortraitC_01/meshes/aws_PortraitC_01_collision.DAE
[1.901s] -- Up-to-date: /home/aarambh/my_robot_ws/install/bumperbot_description/share/bumperbot_description/photos
[1.902s] -- Up-to-date: /home/aarambh/my_robot_ws/install/bumperbot_description/share/bumperbot_description/photos/DeskPortraitC_01.jpg
[1.903s] -- Up-to-date: /home/aarambh/my_robot_ws/install/bumperbot_description/share/bumperbot_description/photos/DeskPortraitA_02.jpg
[1.903s] -- Up-to-date: /home/aarambh/my_robot_ws/install/bumperbot_description/share/bumperbot_description/photos/PortraitC_01.jpg
[1.904s] -- Up-to-date: /home/aarambh/my_robot_ws/install/bumperbot_description/share/bumperbot_description/photos/DeskPortraitD_04.jpg
[1.917s] -- Up-to-date: /home/aarambh/my_robot_ws/install/bumperbot_description/share/bumperbot_description/photos/PortraitD_01.jpg
[1.918s] -- Up-to-date: /home/aarambh/my_robot_ws/install/bumperbot_description/share/bumperbot_description/photos/PortraitB_01.jpg
[1.919s] -- Up-to-date: /home/aarambh/my_robot_ws/install/bumperbot_description/share/bumperbot_description/photos/DeskPortraitD_02.jpg
[1.920s] -- Up-to-date: /home/aarambh/my_robot_ws/install/bumperbot_description/share/bumperbot_description/photos/DeskPortraitC_02.jpg
[1.920s] -- Up-to-date: /home/aarambh/my_robot_ws/install/bumperbot_description/share/bumperbot_description/photos/PortraitA_01.jpg
[1.921s] -- Up-to-date: /home/aarambh/my_robot_ws/install/bumperbot_description/share/bumperbot_description/photos/PortraitE_01.jpg
[1.922s] -- Up-to-date: /home/aarambh/my_robot_ws/install/bumperbot_description/share/bumperbot_description/photos/PortraitA_02.jpg
[1.922s] -- Up-to-date: /home/aarambh/my_robot_ws/install/bumperbot_description/share/bumperbot_description/photos/DeskPortraitB_02.jpg
[1.923s] -- Up-to-date: /home/aarambh/my_robot_ws/install/bumperbot_description/share/bumperbot_description/photos/DeskPortraitA_01.jpg
[1.923s] -- Up-to-date: /home/aarambh/my_robot_ws/install/bumperbot_description/share/bumperbot_description/photos/PortraitB_03.jpg
[1.923s] -- Up-to-date: /home/aarambh/my_robot_ws/install/bumperbot_description/share/bumperbot_description/photos/PortraitE_02.jpg
[1.924s] -- Up-to-date: /home/aarambh/my_robot_ws/install/bumperbot_description/share/bumperbot_description/photos/DeskPortraitD_03.jpg
[1.924s] -- Up-to-date: /home/aarambh/my_robot_ws/install/bumperbot_description/share/bumperbot_description/photos/DeskPortraitB_01.jpg
[1.925s] -- Up-to-date: /home/aarambh/my_robot_ws/install/bumperbot_description/share/bumperbot_description/photos/PortraitB_02.jpg
[1.925s] -- Up-to-date: /home/aarambh/my_robot_ws/install/bumperbot_description/share/bumperbot_description/photos/PortraitD_02.jpg
[1.925s] -- Up-to-date: /home/aarambh/my_robot_ws/install/bumperbot_description/share/bumperbot_description/photos/DeskPortraitD_01.jpg
[1.926s] -- Up-to-date: /home/aarambh/my_robot_ws/install/bumperbot_description/share/bumperbot_description/urdf
[1.926s] -- Up-to-date: /home/aarambh/my_robot_ws/install/bumperbot_description/share/bumperbot_description/urdf/bumperbot_gazebo.xacro
[1.927s] -- Up-to-date: /home/aarambh/my_robot_ws/install/bumperbot_description/share/bumperbot_description/urdf/bumperbot_ros2_control.xacro
[1.927s] -- Up-to-date: /home/aarambh/my_robot_ws/install/bumperbot_description/share/bumperbot_description/urdf/bumperbot.urdf.xacro
[1.928s] -- Up-to-date: /home/aarambh/my_robot_ws/install/bumperbot_description/share/bumperbot_description/rviz
[1.928s] -- Up-to-date: /home/aarambh/my_robot_ws/install/bumperbot_description/share/bumperbot_description/rviz/display.rviz
[1.929s] -- Up-to-date: /home/aarambh/my_robot_ws/install/bumperbot_description/share/bumperbot_description/worlds
[1.929s] -- Up-to-date: /home/aarambh/my_robot_ws/install/bumperbot_description/share/bumperbot_description/worlds/empty.world
[1.942s] -- Up-to-date: /home/aarambh/my_robot_ws/install/bumperbot_description/share/bumperbot_description/worlds/small_warehouse.world
[1.942s] -- Up-to-date: /home/aarambh/my_robot_ws/install/bumperbot_description/share/bumperbot_description/worlds/small_house.world
[1.943s] -- Up-to-date: /home/aarambh/my_robot_ws/install/bumperbot_description/share/ament_index/resource_index/package_run_dependencies/bumperbot_description
[1.943s] -- Up-to-date: /home/aarambh/my_robot_ws/install/bumperbot_description/share/ament_index/resource_index/parent_prefix_path/bumperbot_description
[1.943s] -- Up-to-date: /home/aarambh/my_robot_ws/install/bumperbot_description/share/bumperbot_description/environment/ament_prefix_path.sh
[1.944s] -- Up-to-date: /home/aarambh/my_robot_ws/install/bumperbot_description/share/bumperbot_description/environment/ament_prefix_path.dsv
[1.944s] -- Up-to-date: /home/aarambh/my_robot_ws/install/bumperbot_description/share/bumperbot_description/environment/path.sh
[1.945s] -- Up-to-date: /home/aarambh/my_robot_ws/install/bumperbot_description/share/bumperbot_description/environment/path.dsv
[1.946s] -- Up-to-date: /home/aarambh/my_robot_ws/install/bumperbot_description/share/bumperbot_description/local_setup.bash
[1.946s] -- Up-to-date: /home/aarambh/my_robot_ws/install/bumperbot_description/share/bumperbot_description/local_setup.sh
[1.947s] -- Up-to-date: /home/aarambh/my_robot_ws/install/bumperbot_description/share/bumperbot_description/local_setup.zsh
[1.947s] -- Up-to-date: /home/aarambh/my_robot_ws/install/bumperbot_description/share/bumperbot_description/local_setup.dsv
[1.948s] -- Installing: /home/aarambh/my_robot_ws/install/bumperbot_description/share/bumperbot_description/package.dsv
[1.948s] -- Up-to-date: /home/aarambh/my_robot_ws/install/bumperbot_description/share/ament_index/resource_index/packages/bumperbot_description
[1.949s] -- Up-to-date: /home/aarambh/my_robot_ws/install/bumperbot_description/share/bumperbot_description/cmake/bumperbot_descriptionConfig.cmake
[1.949s] -- Up-to-date: /home/aarambh/my_robot_ws/install/bumperbot_description/share/bumperbot_description/cmake/bumperbot_descriptionConfig-version.cmake
[1.950s] -- Up-to-date: /home/aarambh/my_robot_ws/install/bumperbot_description/share/bumperbot_description/package.xml
[1.950s] Invoked command in '/home/aarambh/my_robot_ws/build/bumperbot_description' returned '0': CMAKE_PREFIX_PATH=${CMAKE_PREFIX_PATH}:/home/aarambh/my_robot_ws/install/bumperbot_py_examples:/opt/ros/humble /usr/bin/cmake --install /home/aarambh/my_robot_ws/build/bumperbot_description
