[0.118s] Invoking command in '/home/aarambh/my_robot_ws/build/bumperbot_description': CMAKE_PREFIX_PATH=${CMAKE_PREFIX_PATH}:/home/aarambh/my_robot_ws/install/bumperbot_py_examples:/opt/ros/humble /usr/bin/cmake --build /home/aarambh/my_robot_ws/build/bumperbot_description -- -j4 -l4
[0.380s] Invoked command in '/home/aarambh/my_robot_ws/build/bumperbot_description' returned '0': CMAKE_PREFIX_PATH=${CMAKE_PREFIX_PATH}:/home/aarambh/my_robot_ws/install/bumperbot_py_examples:/opt/ros/humble /usr/bin/cmake --build /home/aarambh/my_robot_ws/build/bumperbot_description -- -j4 -l4
[0.526s] Invoking command in '/home/aarambh/my_robot_ws/build/bumperbot_description': CMAKE_PREFIX_PATH=${CMAKE_PREFIX_PATH}:/home/aarambh/my_robot_ws/install/bumperbot_py_examples:/opt/ros/humble /usr/bin/cmake --install /home/aarambh/my_robot_ws/build/bumperbot_description
[0.646s] -- Install configuration: ""
[0.647s] -- Up-to-date: /home/aarambh/my_robot_ws/install/bumperbot_description/share/bumperbot_description/launch
[0.648s] -- Up-to-date: /home/aarambh/my_robot_ws/install/bumperbot_description/share/bumperbot_description/launch/display.launch.py
[0.649s] -- Up-to-date: /home/aarambh/my_robot_ws/install/bumperbot_description/share/bumperbot_description/launch/gazebo.launch.py
[0.650s] -- Up-to-date: /home/aarambh/my_robot_ws/install/bumperbot_description/share/bumperbot_description/meshes
[0.651s] -- Up-to-date: /home/aarambh/my_robot_ws/install/bumperbot_description/share/bumperbot_description/meshes/caster_front_link.STL
[0.651s] -- Up-to-date: /home/aarambh/my_robot_ws/install/bumperbot_description/share/bumperbot_description/meshes/caster_rear_link.STL
[0.652s] -- Up-to-date: /home/aarambh/my_robot_ws/install/bumperbot_description/share/bumperbot_description/meshes/wheel_left_link.STL
[0.653s] -- Up-to-date: /home/aarambh/my_robot_ws/install/bumperbot_description/share/bumperbot_description/meshes/base_link.STL
[0.653s] -- Up-to-date: /home/aarambh/my_robot_ws/install/bumperbot_description/share/bumperbot_description/meshes/wheel_right_link.STL
[0.654s] -- Up-to-date: /home/aarambh/my_robot_ws/install/bumperbot_description/share/bumperbot_description/meshes/imu_link.STL
[0.654s] -- Up-to-date: /home/aarambh/my_robot_ws/install/bumperbot_description/share/bumperbot_description/meshes/laser_link.STL
[0.654s] -- Up-to-date: /home/aarambh/my_robot_ws/install/bumperbot_description/share/bumperbot_description/models
[0.659s] -- Up-to-date: /home/aarambh/my_robot_ws/install/bumperbot_description/share/bumperbot_description/models/aws_robomaker_warehouse_ShelfF_01
[0.662s] -- Up-to-date: /home/aarambh/my_robot_ws/install/bumperbot_description/share/bumperbot_description/models/aws_robomaker_warehouse_ShelfF_01/model.sdf
[0.662s] -- Up-to-date: /home/aarambh/my_robot_ws/install/bumperbot_description/share/bumperbot_description/models/aws_robomaker_warehouse_ShelfF_01/materials
[0.668s] -- Up-to-date: /home/aarambh/my_robot_ws/install/bumperbot_description/share/bumperbot_description/models/aws_robomaker_warehouse_ShelfF_01/materials/textures
[0.669s] -- Up-to-date: /home/aarambh/my_robot_ws/install/bumperbot_description/share/bumperbot_description/models/aws_robomaker_warehouse_ShelfF_01/materials/textures/aws_robomaker_warehouse_ShelfF_02.png
[0.670s] -- Up-to-date: /home/aarambh/my_robot_ws/install/bumperbot_description/share/bumperbot_description/models/aws_robomaker_warehouse_ShelfF_01/materials/textures/aws_robomaker_warehouse_ShelfF_01.png
[0.674s] -- Up-to-date: /home/aarambh/my_robot_ws/install/bumperbot_description/share/bumperbot_description/models/aws_robomaker_warehouse_ShelfF_01/materials/textures/aws_robomaker_warehouse_ShelfF_03.png
[0.677s] -- Up-to-date: /home/aarambh/my_robot_ws/install/bumperbot_description/share/bumperbot_description/models/aws_robomaker_warehouse_ShelfF_01/model.config
[0.684s] -- Up-to-date: /home/aarambh/my_robot_ws/install/bumperbot_description/share/bumperbot_description/models/aws_robomaker_warehouse_ShelfF_01/meshes
[0.684s] -- Up-to-date: /home/aarambh/my_robot_ws/install/bumperbot_description/share/bumperbot_description/models/aws_robomaker_warehouse_ShelfF_01/meshes/aws_robomaker_warehouse_ShelfF_01_collision.DAE
[0.685s] -- Up-to-date: /home/aarambh/my_robot_ws/install/bumperbot_description/share/bumperbot_description/models/aws_robomaker_warehouse_ShelfF_01/meshes/aws_robomaker_warehouse_ShelfF_01_visual.DAE
[0.685s] -- Up-to-date: /home/aarambh/my_robot_ws/install/bumperbot_description/share/bumperbot_description/models/aws_robomaker_residential_Vase_01
[0.686s] -- Up-to-date: /home/aarambh/my_robot_ws/install/bumperbot_description/share/bumperbot_description/models/aws_robomaker_residential_Vase_01/model.sdf
[0.686s] -- Up-to-date: /home/aarambh/my_robot_ws/install/bumperbot_description/share/bumperbot_description/models/aws_robomaker_residential_Vase_01/materials
[0.687s] -- Up-to-date: /home/aarambh/my_robot_ws/install/bumperbot_description/share/bumperbot_description/models/aws_robomaker_residential_Vase_01/materials/textures
[0.687s] -- Up-to-date: /home/aarambh/my_robot_ws/install/bumperbot_description/share/bumperbot_description/models/aws_robomaker_residential_Vase_01/materials/textures/aws_Vase_01.png
[0.702s] -- Up-to-date: /home/aarambh/my_robot_ws/install/bumperbot_description/share/bumperbot_description/models/aws_robomaker_residential_Vase_01/model.config
[0.702s] -- Up-to-date: /home/aarambh/my_robot_ws/install/bumperbot_description/share/bumperbot_description/models/aws_robomaker_residential_Vase_01/meshes
[0.703s] -- Up-to-date: /home/aarambh/my_robot_ws/install/bumperbot_description/share/bumperbot_description/models/aws_robomaker_residential_Vase_01/meshes/aws_Vase_01_visual.DAE
[0.703s] -- Up-to-date: /home/aarambh/my_robot_ws/install/bumperbot_description/share/bumperbot_description/models/aws_robomaker_residential_Vase_01/meshes/aws_Vase_01_collision.DAE
[0.704s] -- Up-to-date: /home/aarambh/my_robot_ws/install/bumperbot_description/share/bumperbot_description/models/aws_robomaker_residential_PortraitA_01
[0.710s] -- Up-to-date: /home/aarambh/my_robot_ws/install/bumperbot_description/share/bumperbot_description/models/aws_robomaker_residential_PortraitA_01/model.sdf
[0.711s] -- Up-to-date: /home/aarambh/my_robot_ws/install/bumperbot_description/share/bumperbot_description/models/aws_robomaker_residential_PortraitA_01/materials
[0.713s] -- Up-to-date: /home/aarambh/my_robot_ws/install/bumperbot_description/share/bumperbot_description/models/aws_robomaker_residential_PortraitA_01/materials/textures
[0.736s] -- Up-to-date: /home/aarambh/my_robot_ws/install/bumperbot_description/share/bumperbot_description/models/aws_robomaker_residential_PortraitA_01/materials/textures/aws_PortraitA_01.png
[0.736s] -- Up-to-date: /home/aarambh/my_robot_ws/install/bumperbot_description/share/bumperbot_description/models/aws_robomaker_residential_PortraitA_01/materials/textures/aws_PortraitA_02.png
[0.738s] -- Up-to-date: /home/aarambh/my_robot_ws/install/bumperbot_description/share/bumperbot_description/models/aws_robomaker_residential_PortraitA_01/model.config
[0.738s] -- Up-to-date: /home/aarambh/my_robot_ws/install/bumperbot_description/share/bumperbot_description/models/aws_robomaker_residential_PortraitA_01/meshes
[0.745s] -- Up-to-date: /home/aarambh/my_robot_ws/install/bumperbot_description/share/bumperbot_description/models/aws_robomaker_residential_PortraitA_01/meshes/aws_PortraitA_01_visual.DAE
[0.746s] -- Up-to-date: /home/aarambh/my_robot_ws/install/bumperbot_description/share/bumperbot_description/models/aws_robomaker_residential_PortraitA_01/meshes/aws_PortraitA_01_collision.DAE
[0.747s] -- Up-to-date: /home/aarambh/my_robot_ws/install/bumperbot_description/share/bumperbot_description/models/aws_robomaker_residential_FoldingDoor_02
[0.757s] -- Up-to-date: /home/aarambh/my_robot_ws/install/bumperbot_description/share/bumperbot_description/models/aws_robomaker_residential_FoldingDoor_02/model.sdf
[0.759s] -- Up-to-date: /home/aarambh/my_robot_ws/install/bumperbot_description/share/bumperbot_description/models/aws_robomaker_residential_FoldingDoor_02/materials
[0.766s] -- Up-to-date: /home/aarambh/my_robot_ws/install/bumperbot_description/share/bumperbot_description/models/aws_robomaker_residential_FoldingDoor_02/materials/textures
[0.767s] -- Up-to-date: /home/aarambh/my_robot_ws/install/bumperbot_description/share/bumperbot_description/models/aws_robomaker_residential_FoldingDoor_02/materials/textures/aws_FoldingDoor_02.png
[0.767s] -- Up-to-date: /home/aarambh/my_robot_ws/install/bumperbot_description/share/bumperbot_description/models/aws_robomaker_residential_FoldingDoor_02/model.config
[0.768s] -- Up-to-date: /home/aarambh/my_robot_ws/install/bumperbot_description/share/bumperbot_description/models/aws_robomaker_residential_FoldingDoor_02/meshes
[0.768s] -- Up-to-date: /home/aarambh/my_robot_ws/install/bumperbot_description/share/bumperbot_description/models/aws_robomaker_residential_FoldingDoor_02/meshes/aws_FoldingDoor_02_visual.DAE
[0.769s] -- Up-to-date: /home/aarambh/my_robot_ws/install/bumperbot_description/share/bumperbot_description/models/aws_robomaker_residential_FoldingDoor_02/meshes/aws_FoldingDoor_02_collision.DAE
[0.769s] -- Up-to-date: /home/aarambh/my_robot_ws/install/bumperbot_description/share/bumperbot_description/models/aws_robomaker_residential_PortraitE_01
[0.773s] -- Up-to-date: /home/aarambh/my_robot_ws/install/bumperbot_description/share/bumperbot_description/models/aws_robomaker_residential_PortraitE_01/model.sdf
[0.782s] -- Up-to-date: /home/aarambh/my_robot_ws/install/bumperbot_description/share/bumperbot_description/models/aws_robomaker_residential_PortraitE_01/materials
[0.782s] -- Up-to-date: /home/aarambh/my_robot_ws/install/bumperbot_description/share/bumperbot_description/models/aws_robomaker_residential_PortraitE_01/materials/textures
[0.783s] -- Up-to-date: /home/aarambh/my_robot_ws/install/bumperbot_description/share/bumperbot_description/models/aws_robomaker_residential_PortraitE_01/materials/textures/aws_PortraitE_02.png
[0.783s] -- Up-to-date: /home/aarambh/my_robot_ws/install/bumperbot_description/share/bumperbot_description/models/aws_robomaker_residential_PortraitE_01/materials/textures/aws_PortraitE_01.png
[0.783s] -- Up-to-date: /home/aarambh/my_robot_ws/install/bumperbot_description/share/bumperbot_description/models/aws_robomaker_residential_PortraitE_01/model.config
[0.784s] -- Up-to-date: /home/aarambh/my_robot_ws/install/bumperbot_description/share/bumperbot_description/models/aws_robomaker_residential_PortraitE_01/meshes
[0.784s] -- Up-to-date: /home/aarambh/my_robot_ws/install/bumperbot_description/share/bumperbot_description/models/aws_robomaker_residential_PortraitE_01/meshes/aws_PortraitE_01_collision.DAE
[0.785s] -- Up-to-date: /home/aarambh/my_robot_ws/install/bumperbot_description/share/bumperbot_description/models/aws_robomaker_residential_PortraitE_01/meshes/aws_PortraitE_01_visual.DAE
[0.785s] -- Up-to-date: /home/aarambh/my_robot_ws/install/bumperbot_description/share/bumperbot_description/models/aws_robomaker_residential_TV_01
[0.786s] -- Up-to-date: /home/aarambh/my_robot_ws/install/bumperbot_description/share/bumperbot_description/models/aws_robomaker_residential_TV_01/model.sdf
[0.786s] -- Up-to-date: /home/aarambh/my_robot_ws/install/bumperbot_description/share/bumperbot_description/models/aws_robomaker_residential_TV_01/materials
[0.787s] -- Up-to-date: /home/aarambh/my_robot_ws/install/bumperbot_description/share/bumperbot_description/models/aws_robomaker_residential_TV_01/materials/textures
[0.795s] -- Up-to-date: /home/aarambh/my_robot_ws/install/bumperbot_description/share/bumperbot_description/models/aws_robomaker_residential_TV_01/materials/textures/aws_TV_01.png
[0.797s] -- Up-to-date: /home/aarambh/my_robot_ws/install/bumperbot_description/share/bumperbot_description/models/aws_robomaker_residential_TV_01/model.config
[0.797s] -- Up-to-date: /home/aarambh/my_robot_ws/install/bumperbot_description/share/bumperbot_description/models/aws_robomaker_residential_TV_01/meshes
[0.797s] -- Up-to-date: /home/aarambh/my_robot_ws/install/bumperbot_description/share/bumperbot_description/models/aws_robomaker_residential_TV_01/meshes/aws_TV_01_collision.DAE
[0.798s] -- Up-to-date: /home/aarambh/my_robot_ws/install/bumperbot_description/share/bumperbot_description/models/aws_robomaker_residential_TV_01/meshes/aws_TV_01_visual.DAE
[0.798s] -- Up-to-date: /home/aarambh/my_robot_ws/install/bumperbot_description/share/bumperbot_description/models/aws_robomaker_warehouse_TrashCanC_01
[0.799s] -- Up-to-date: /home/aarambh/my_robot_ws/install/bumperbot_description/share/bumperbot_description/models/aws_robomaker_warehouse_TrashCanC_01/model.sdf
[0.799s] -- Up-to-date: /home/aarambh/my_robot_ws/install/bumperbot_description/share/bumperbot_description/models/aws_robomaker_warehouse_TrashCanC_01/materials
[0.799s] -- Up-to-date: /home/aarambh/my_robot_ws/install/bumperbot_description/share/bumperbot_description/models/aws_robomaker_warehouse_TrashCanC_01/materials/textures
[0.800s] -- Up-to-date: /home/aarambh/my_robot_ws/install/bumperbot_description/share/bumperbot_description/models/aws_robomaker_warehouse_TrashCanC_01/materials/textures/aws_robomaker_warehouse_TrashCanC_01.png
[0.800s] -- Up-to-date: /home/aarambh/my_robot_ws/install/bumperbot_description/share/bumperbot_description/models/aws_robomaker_warehouse_TrashCanC_01/model.config
[0.801s] -- Up-to-date: /home/aarambh/my_robot_ws/install/bumperbot_description/share/bumperbot_description/models/aws_robomaker_warehouse_TrashCanC_01/meshes
[0.814s] -- Up-to-date: /home/aarambh/my_robot_ws/install/bumperbot_description/share/bumperbot_description/models/aws_robomaker_warehouse_TrashCanC_01/meshes/aws_robomaker_warehouse_TrashCanC_01_visual.DAE
[0.825s] -- Up-to-date: /home/aarambh/my_robot_ws/install/bumperbot_description/share/bumperbot_description/models/aws_robomaker_warehouse_TrashCanC_01/meshes/aws_robomaker_warehouse_TrashCanC_01_collision.DAE
[0.826s] -- Up-to-date: /home/aarambh/my_robot_ws/install/bumperbot_description/share/bumperbot_description/models/aws_robomaker_residential_Wardrobe_01
[0.827s] -- Up-to-date: /home/aarambh/my_robot_ws/install/bumperbot_description/share/bumperbot_description/models/aws_robomaker_residential_Wardrobe_01/model.sdf
[0.827s] -- Up-to-date: /home/aarambh/my_robot_ws/install/bumperbot_description/share/bumperbot_description/models/aws_robomaker_residential_Wardrobe_01/materials
[0.828s] -- Up-to-date: /home/aarambh/my_robot_ws/install/bumperbot_description/share/bumperbot_description/models/aws_robomaker_residential_Wardrobe_01/materials/textures
[0.828s] -- Up-to-date: /home/aarambh/my_robot_ws/install/bumperbot_description/share/bumperbot_description/models/aws_robomaker_residential_Wardrobe_01/materials/textures/aws_Wardrobe_01.png
[0.829s] -- Up-to-date: /home/aarambh/my_robot_ws/install/bumperbot_description/share/bumperbot_description/models/aws_robomaker_residential_Wardrobe_01/model.config
[0.829s] -- Up-to-date: /home/aarambh/my_robot_ws/install/bumperbot_description/share/bumperbot_description/models/aws_robomaker_residential_Wardrobe_01/meshes
[0.829s] -- Up-to-date: /home/aarambh/my_robot_ws/install/bumperbot_description/share/bumperbot_description/models/aws_robomaker_residential_Wardrobe_01/meshes/aws_Wardrobe_01_collision.DAE
[0.830s] -- Up-to-date: /home/aarambh/my_robot_ws/install/bumperbot_description/share/bumperbot_description/models/aws_robomaker_residential_Wardrobe_01/meshes/aws_Wardrobe_01_visual.DAE
[0.830s] -- Up-to-date: /home/aarambh/my_robot_ws/install/bumperbot_description/share/bumperbot_description/models/aws_robomaker_residential_SofaB_01
[0.830s] -- Up-to-date: /home/aarambh/my_robot_ws/install/bumperbot_description/share/bumperbot_description/models/aws_robomaker_residential_SofaB_01/model.sdf
[0.831s] -- Up-to-date: /home/aarambh/my_robot_ws/install/bumperbot_description/share/bumperbot_description/models/aws_robomaker_residential_SofaB_01/materials
[0.831s] -- Up-to-date: /home/aarambh/my_robot_ws/install/bumperbot_description/share/bumperbot_description/models/aws_robomaker_residential_SofaB_01/materials/textures
[0.831s] -- Up-to-date: /home/aarambh/my_robot_ws/install/bumperbot_description/share/bumperbot_description/models/aws_robomaker_residential_SofaB_01/materials/textures/aws_SofaB_01.png
[0.832s] -- Up-to-date: /home/aarambh/my_robot_ws/install/bumperbot_description/share/bumperbot_description/models/aws_robomaker_residential_SofaB_01/model.config
[0.832s] -- Up-to-date: /home/aarambh/my_robot_ws/install/bumperbot_description/share/bumperbot_description/models/aws_robomaker_residential_SofaB_01/meshes
[0.833s] -- Up-to-date: /home/aarambh/my_robot_ws/install/bumperbot_description/share/bumperbot_description/models/aws_robomaker_residential_SofaB_01/meshes/aws_SofaB_01_collision.DAE
[0.846s] -- Up-to-date: /home/aarambh/my_robot_ws/install/bumperbot_description/share/bumperbot_description/models/aws_robomaker_residential_SofaB_01/meshes/aws_SofaB_01_visual.DAE
[0.846s] -- Up-to-date: /home/aarambh/my_robot_ws/install/bumperbot_description/share/bumperbot_description/models/aws_robomaker_residential_AirconditionerB_01
[0.846s] -- Up-to-date: /home/aarambh/my_robot_ws/install/bumperbot_description/share/bumperbot_description/models/aws_robomaker_residential_AirconditionerB_01/model.sdf
[0.847s] -- Up-to-date: /home/aarambh/my_robot_ws/install/bumperbot_description/share/bumperbot_description/models/aws_robomaker_residential_AirconditionerB_01/materials
[0.847s] -- Up-to-date: /home/aarambh/my_robot_ws/install/bumperbot_description/share/bumperbot_description/models/aws_robomaker_residential_AirconditionerB_01/materials/textures
[0.854s] -- Up-to-date: /home/aarambh/my_robot_ws/install/bumperbot_description/share/bumperbot_description/models/aws_robomaker_residential_AirconditionerB_01/materials/textures/aws_AirconditionerB_01.png
[0.855s] -- Up-to-date: /home/aarambh/my_robot_ws/install/bumperbot_description/share/bumperbot_description/models/aws_robomaker_residential_AirconditionerB_01/model.config
[0.861s] -- Up-to-date: /home/aarambh/my_robot_ws/install/bumperbot_description/share/bumperbot_description/models/aws_robomaker_residential_AirconditionerB_01/meshes
[0.862s] -- Up-to-date: /home/aarambh/my_robot_ws/install/bumperbot_description/share/bumperbot_description/models/aws_robomaker_residential_AirconditionerB_01/meshes/aws_AirconditionerB_01_visual.DAE
[0.863s] -- Up-to-date: /home/aarambh/my_robot_ws/install/bumperbot_description/share/bumperbot_description/models/aws_robomaker_residential_AirconditionerB_01/meshes/aws_AirconditionerB_01_collision.DAE
[0.863s] -- Up-to-date: /home/aarambh/my_robot_ws/install/bumperbot_description/share/bumperbot_description/models/aws_robomaker_residential_DeskPortraitD_01
[0.864s] -- Up-to-date: /home/aarambh/my_robot_ws/install/bumperbot_description/share/bumperbot_description/models/aws_robomaker_residential_DeskPortraitD_01/model.sdf
[0.864s] -- Up-to-date: /home/aarambh/my_robot_ws/install/bumperbot_description/share/bumperbot_description/models/aws_robomaker_residential_DeskPortraitD_01/materials
[0.876s] -- Up-to-date: /home/aarambh/my_robot_ws/install/bumperbot_description/share/bumperbot_description/models/aws_robomaker_residential_DeskPortraitD_01/materials/textures
[0.877s] -- Up-to-date: /home/aarambh/my_robot_ws/install/bumperbot_description/share/bumperbot_description/models/aws_robomaker_residential_DeskPortraitD_01/materials/textures/aws_DeskPortraitD_01.png
[0.877s] -- Up-to-date: /home/aarambh/my_robot_ws/install/bumperbot_description/share/bumperbot_description/models/aws_robomaker_residential_DeskPortraitD_01/materials/textures/aws_DeskPortraitD_02.png
[0.878s] -- Up-to-date: /home/aarambh/my_robot_ws/install/bumperbot_description/share/bumperbot_description/models/aws_robomaker_residential_DeskPortraitD_01/model.config
[0.878s] -- Up-to-date: /home/aarambh/my_robot_ws/install/bumperbot_description/share/bumperbot_description/models/aws_robomaker_residential_DeskPortraitD_01/meshes
[0.883s] -- Up-to-date: /home/aarambh/my_robot_ws/install/bumperbot_description/share/bumperbot_description/models/aws_robomaker_residential_DeskPortraitD_01/meshes/aws_DeskPortraitD_01_collision.DAE
[0.884s] -- Up-to-date: /home/aarambh/my_robot_ws/install/bumperbot_description/share/bumperbot_description/models/aws_robomaker_residential_DeskPortraitD_01/meshes/aws_DeskPortraitD_01_visual.DAE
[0.885s] -- Up-to-date: /home/aarambh/my_robot_ws/install/bumperbot_description/share/bumperbot_description/models/aws_robomaker_residential_ShoeRack_01
[0.885s] -- Up-to-date: /home/aarambh/my_robot_ws/install/bumperbot_description/share/bumperbot_description/models/aws_robomaker_residential_ShoeRack_01/model.sdf
[0.886s] -- Up-to-date: /home/aarambh/my_robot_ws/install/bumperbot_description/share/bumperbot_description/models/aws_robomaker_residential_ShoeRack_01/materials
[0.887s] -- Up-to-date: /home/aarambh/my_robot_ws/install/bumperbot_description/share/bumperbot_description/models/aws_robomaker_residential_ShoeRack_01/materials/textures
[0.887s] -- Up-to-date: /home/aarambh/my_robot_ws/install/bumperbot_description/share/bumperbot_description/models/aws_robomaker_residential_ShoeRack_01/materials/textures/aws_ShoeRack_01.png
[0.888s] -- Up-to-date: /home/aarambh/my_robot_ws/install/bumperbot_description/share/bumperbot_description/models/aws_robomaker_residential_ShoeRack_01/model.config
[0.888s] -- Up-to-date: /home/aarambh/my_robot_ws/install/bumperbot_description/share/bumperbot_description/models/aws_robomaker_residential_ShoeRack_01/meshes
[0.889s] -- Up-to-date: /home/aarambh/my_robot_ws/install/bumperbot_description/share/bumperbot_description/models/aws_robomaker_residential_ShoeRack_01/meshes/aws_ShoeRack_01_visual.DAE
[0.890s] -- Up-to-date: /home/aarambh/my_robot_ws/install/bumperbot_description/share/bumperbot_description/models/aws_robomaker_residential_ShoeRack_01/meshes/aws_ShoeRack_01_collision.DAE
[0.890s] -- Up-to-date: /home/aarambh/my_robot_ws/install/bumperbot_description/share/bumperbot_description/models/aws_robomaker_residential_RoomWindow_01
[0.891s] -- Up-to-date: /home/aarambh/my_robot_ws/install/bumperbot_description/share/bumperbot_description/models/aws_robomaker_residential_RoomWindow_01/model.sdf
[0.891s] -- Up-to-date: /home/aarambh/my_robot_ws/install/bumperbot_description/share/bumperbot_description/models/aws_robomaker_residential_RoomWindow_01/materials
[0.892s] -- Up-to-date: /home/aarambh/my_robot_ws/install/bumperbot_description/share/bumperbot_description/models/aws_robomaker_residential_RoomWindow_01/materials/textures
[0.917s] -- Up-to-date: /home/aarambh/my_robot_ws/install/bumperbot_description/share/bumperbot_description/models/aws_robomaker_residential_RoomWindow_01/materials/textures/aws_RoomWindow_01.png
[0.922s] -- Up-to-date: /home/aarambh/my_robot_ws/install/bumperbot_description/share/bumperbot_description/models/aws_robomaker_residential_RoomWindow_01/model.config
[0.922s] -- Up-to-date: /home/aarambh/my_robot_ws/install/bumperbot_description/share/bumperbot_description/models/aws_robomaker_residential_RoomWindow_01/meshes
[0.923s] -- Up-to-date: /home/aarambh/my_robot_ws/install/bumperbot_description/share/bumperbot_description/models/aws_robomaker_residential_RoomWindow_01/meshes/aws_RoomWindow_01_collision.DAE
[0.927s] -- Up-to-date: /home/aarambh/my_robot_ws/install/bumperbot_description/share/bumperbot_description/models/aws_robomaker_residential_RoomWindow_01/meshes/aws_RoomWindow_01_visual.DAE
[0.927s] -- Up-to-date: /home/aarambh/my_robot_ws/install/bumperbot_description/share/bumperbot_description/models/aws_robomaker_residential_Pillow_01
[0.928s] -- Up-to-date: /home/aarambh/my_robot_ws/install/bumperbot_description/share/bumperbot_description/models/aws_robomaker_residential_Pillow_01/model.sdf
[0.929s] -- Up-to-date: /home/aarambh/my_robot_ws/install/bumperbot_description/share/bumperbot_description/models/aws_robomaker_residential_Pillow_01/materials
[0.930s] -- Up-to-date: /home/aarambh/my_robot_ws/install/bumperbot_description/share/bumperbot_description/models/aws_robomaker_residential_Pillow_01/materials/textures
[0.936s] -- Up-to-date: /home/aarambh/my_robot_ws/install/bumperbot_description/share/bumperbot_description/models/aws_robomaker_residential_Pillow_01/materials/textures/aws_Pillow_01.png
[0.942s] -- Up-to-date: /home/aarambh/my_robot_ws/install/bumperbot_description/share/bumperbot_description/models/aws_robomaker_residential_Pillow_01/model.config
[0.945s] -- Up-to-date: /home/aarambh/my_robot_ws/install/bumperbot_description/share/bumperbot_description/models/aws_robomaker_residential_Pillow_01/meshes
[0.948s] -- Up-to-date: /home/aarambh/my_robot_ws/install/bumperbot_description/share/bumperbot_description/models/aws_robomaker_residential_Pillow_01/meshes/aws_Pillow_01_visual.DAE
[0.953s] -- Up-to-date: /home/aarambh/my_robot_ws/install/bumperbot_description/share/bumperbot_description/models/aws_robomaker_residential_Pillow_01/meshes/aws_Pillow_01_collision.DAE
[0.955s] -- Up-to-date: /home/aarambh/my_robot_ws/install/bumperbot_description/share/bumperbot_description/models/aws_robomaker_warehouse_ClutteringC_01
[0.957s] -- Up-to-date: /home/aarambh/my_robot_ws/install/bumperbot_description/share/bumperbot_description/models/aws_robomaker_warehouse_ClutteringC_01/model.sdf
[0.958s] -- Up-to-date: /home/aarambh/my_robot_ws/install/bumperbot_description/share/bumperbot_description/models/aws_robomaker_warehouse_ClutteringC_01/materials
[0.958s] -- Up-to-date: /home/aarambh/my_robot_ws/install/bumperbot_description/share/bumperbot_description/models/aws_robomaker_warehouse_ClutteringC_01/materials/textures
[0.959s] -- Up-to-date: /home/aarambh/my_robot_ws/install/bumperbot_description/share/bumperbot_description/models/aws_robomaker_warehouse_ClutteringC_01/materials/textures/aws_robomaker_warehouse_ClutteringC_02.png
[0.959s] -- Up-to-date: /home/aarambh/my_robot_ws/install/bumperbot_description/share/bumperbot_description/models/aws_robomaker_warehouse_ClutteringC_01/materials/textures/aws_robomaker_warehouse_ClutteringC_01.png
[0.960s] -- Up-to-date: /home/aarambh/my_robot_ws/install/bumperbot_description/share/bumperbot_description/models/aws_robomaker_warehouse_ClutteringC_01/model.config
[0.960s] -- Up-to-date: /home/aarambh/my_robot_ws/install/bumperbot_description/share/bumperbot_description/models/aws_robomaker_warehouse_ClutteringC_01/meshes
[0.960s] -- Up-to-date: /home/aarambh/my_robot_ws/install/bumperbot_description/share/bumperbot_description/models/aws_robomaker_warehouse_ClutteringC_01/meshes/aws_robomaker_warehouse_ClutteringC_01_visual.DAE
[0.967s] -- Up-to-date: /home/aarambh/my_robot_ws/install/bumperbot_description/share/bumperbot_description/models/aws_robomaker_warehouse_ClutteringC_01/meshes/aws_robomaker_warehouse_ClutteringC_01_collision.DAE
[0.968s] -- Up-to-date: /home/aarambh/my_robot_ws/install/bumperbot_description/share/bumperbot_description/models/aws_robomaker_residential_Carpet_01
[0.969s] -- Up-to-date: /home/aarambh/my_robot_ws/install/bumperbot_description/share/bumperbot_description/models/aws_robomaker_residential_Carpet_01/model.sdf
[0.969s] -- Up-to-date: /home/aarambh/my_robot_ws/install/bumperbot_description/share/bumperbot_description/models/aws_robomaker_residential_Carpet_01/materials
[0.970s] -- Up-to-date: /home/aarambh/my_robot_ws/install/bumperbot_description/share/bumperbot_description/models/aws_robomaker_residential_Carpet_01/materials/textures
[0.970s] -- Up-to-date: /home/aarambh/my_robot_ws/install/bumperbot_description/share/bumperbot_description/models/aws_robomaker_residential_Carpet_01/materials/textures/aws_Carpet_01.png
[0.971s] -- Up-to-date: /home/aarambh/my_robot_ws/install/bumperbot_description/share/bumperbot_description/models/aws_robomaker_residential_Carpet_01/model.config
[0.972s] -- Up-to-date: /home/aarambh/my_robot_ws/install/bumperbot_description/share/bumperbot_description/models/aws_robomaker_residential_Carpet_01/meshes
[0.972s] -- Up-to-date: /home/aarambh/my_robot_ws/install/bumperbot_description/share/bumperbot_description/models/aws_robomaker_residential_Carpet_01/meshes/aws_Carpet_01_collision.DAE
[0.973s] -- Up-to-date: /home/aarambh/my_robot_ws/install/bumperbot_description/share/bumperbot_description/models/aws_robomaker_residential_Carpet_01/meshes/aws_Carpet_01_visual.DAE
[0.973s] -- Up-to-date: /home/aarambh/my_robot_ws/install/bumperbot_description/share/bumperbot_description/models/aws_robomaker_residential_DeskPortraitC_01
[0.974s] -- Up-to-date: /home/aarambh/my_robot_ws/install/bumperbot_description/share/bumperbot_description/models/aws_robomaker_residential_DeskPortraitC_01/model.sdf
[0.974s] -- Up-to-date: /home/aarambh/my_robot_ws/install/bumperbot_description/share/bumperbot_description/models/aws_robomaker_residential_DeskPortraitC_01/materials
[0.974s] -- Up-to-date: /home/aarambh/my_robot_ws/install/bumperbot_description/share/bumperbot_description/models/aws_robomaker_residential_DeskPortraitC_01/materials/textures
[0.975s] -- Up-to-date: /home/aarambh/my_robot_ws/install/bumperbot_description/share/bumperbot_description/models/aws_robomaker_residential_DeskPortraitC_01/materials/textures/aws_DeskPortraitC_02.png
[0.975s] -- Up-to-date: /home/aarambh/my_robot_ws/install/bumperbot_description/share/bumperbot_description/models/aws_robomaker_residential_DeskPortraitC_01/materials/textures/aws_DeskPortraitC_01.png
[0.975s] -- Up-to-date: /home/aarambh/my_robot_ws/install/bumperbot_description/share/bumperbot_description/models/aws_robomaker_residential_DeskPortraitC_01/model.config
[0.976s] -- Up-to-date: /home/aarambh/my_robot_ws/install/bumperbot_description/share/bumperbot_description/models/aws_robomaker_residential_DeskPortraitC_01/meshes
[0.976s] -- Up-to-date: /home/aarambh/my_robot_ws/install/bumperbot_description/share/bumperbot_description/models/aws_robomaker_residential_DeskPortraitC_01/meshes/aws_DeskPortraitC_01_collision.DAE
[0.976s] -- Up-to-date: /home/aarambh/my_robot_ws/install/bumperbot_description/share/bumperbot_description/models/aws_robomaker_residential_DeskPortraitC_01/meshes/aws_DeskPortraitC_01_visual.DAE
[0.977s] -- Up-to-date: /home/aarambh/my_robot_ws/install/bumperbot_description/share/bumperbot_description/models/aws_robomaker_residential_SeasoningBox_01
[0.977s] -- Up-to-date: /home/aarambh/my_robot_ws/install/bumperbot_description/share/bumperbot_description/models/aws_robomaker_residential_SeasoningBox_01/model.sdf
[0.978s] -- Up-to-date: /home/aarambh/my_robot_ws/install/bumperbot_description/share/bumperbot_description/models/aws_robomaker_residential_SeasoningBox_01/materials
[0.979s] -- Up-to-date: /home/aarambh/my_robot_ws/install/bumperbot_description/share/bumperbot_description/models/aws_robomaker_residential_SeasoningBox_01/materials/textures
[0.980s] -- Up-to-date: /home/aarambh/my_robot_ws/install/bumperbot_description/share/bumperbot_description/models/aws_robomaker_residential_SeasoningBox_01/materials/textures/aws_SeasoningBox_01.png
[0.981s] -- Up-to-date: /home/aarambh/my_robot_ws/install/bumperbot_description/share/bumperbot_description/models/aws_robomaker_residential_SeasoningBox_01/model.config
[0.981s] -- Up-to-date: /home/aarambh/my_robot_ws/install/bumperbot_description/share/bumperbot_description/models/aws_robomaker_residential_SeasoningBox_01/meshes
[0.986s] -- Up-to-date: /home/aarambh/my_robot_ws/install/bumperbot_description/share/bumperbot_description/models/aws_robomaker_residential_SeasoningBox_01/meshes/aws_SeasoningBox_01_visual.DAE
[0.987s] -- Up-to-date: /home/aarambh/my_robot_ws/install/bumperbot_description/share/bumperbot_description/models/aws_robomaker_residential_SeasoningBox_01/meshes/aws_SeasoningBox_01_collision.DAE
[0.990s] -- Up-to-date: /home/aarambh/my_robot_ws/install/bumperbot_description/share/bumperbot_description/models/aws_robomaker_residential_Refrigerator_01
[0.991s] -- Up-to-date: /home/aarambh/my_robot_ws/install/bumperbot_description/share/bumperbot_description/models/aws_robomaker_residential_Refrigerator_01/model.sdf
[0.992s] -- Up-to-date: /home/aarambh/my_robot_ws/install/bumperbot_description/share/bumperbot_description/models/aws_robomaker_residential_Refrigerator_01/materials
[0.992s] -- Up-to-date: /home/aarambh/my_robot_ws/install/bumperbot_description/share/bumperbot_description/models/aws_robomaker_residential_Refrigerator_01/materials/textures
[0.993s] -- Up-to-date: /home/aarambh/my_robot_ws/install/bumperbot_description/share/bumperbot_description/models/aws_robomaker_residential_Refrigerator_01/materials/textures/aws_Refrigerator_01.png
[0.993s] -- Up-to-date: /home/aarambh/my_robot_ws/install/bumperbot_description/share/bumperbot_description/models/aws_robomaker_residential_Refrigerator_01/materials/textures/aws_Refrigerator_02.png
[0.994s] -- Up-to-date: /home/aarambh/my_robot_ws/install/bumperbot_description/share/bumperbot_description/models/aws_robomaker_residential_Refrigerator_01/model.config
[0.995s] -- Up-to-date: /home/aarambh/my_robot_ws/install/bumperbot_description/share/bumperbot_description/models/aws_robomaker_residential_Refrigerator_01/meshes
[0.996s] -- Up-to-date: /home/aarambh/my_robot_ws/install/bumperbot_description/share/bumperbot_description/models/aws_robomaker_residential_Refrigerator_01/meshes/aws_Refrigerator_01_visual.DAE
[0.997s] -- Up-to-date: /home/aarambh/my_robot_ws/install/bumperbot_description/share/bumperbot_description/models/aws_robomaker_residential_Refrigerator_01/meshes/aws_Refrigerator_01.DAE
[0.998s] -- Up-to-date: /home/aarambh/my_robot_ws/install/bumperbot_description/share/bumperbot_description/models/aws_robomaker_residential_Refrigerator_01/meshes/aws_Refrigerator_01_collision.DAE
[0.998s] -- Up-to-date: /home/aarambh/my_robot_ws/install/bumperbot_description/share/bumperbot_description/models/aws_robomaker_residential_SofaC_01
[0.999s] -- Up-to-date: /home/aarambh/my_robot_ws/install/bumperbot_description/share/bumperbot_description/models/aws_robomaker_residential_SofaC_01/model.sdf
[0.999s] -- Up-to-date: /home/aarambh/my_robot_ws/install/bumperbot_description/share/bumperbot_description/models/aws_robomaker_residential_SofaC_01/materials
[1.000s] -- Up-to-date: /home/aarambh/my_robot_ws/install/bumperbot_description/share/bumperbot_description/models/aws_robomaker_residential_SofaC_01/materials/textures
[1.000s] -- Up-to-date: /home/aarambh/my_robot_ws/install/bumperbot_description/share/bumperbot_description/models/aws_robomaker_residential_SofaC_01/materials/textures/aws_SofaC_01.png
[1.001s] -- Up-to-date: /home/aarambh/my_robot_ws/install/bumperbot_description/share/bumperbot_description/models/aws_robomaker_residential_SofaC_01/model.config
[1.001s] -- Up-to-date: /home/aarambh/my_robot_ws/install/bumperbot_description/share/bumperbot_description/models/aws_robomaker_residential_SofaC_01/meshes
[1.002s] -- Up-to-date: /home/aarambh/my_robot_ws/install/bumperbot_description/share/bumperbot_description/models/aws_robomaker_residential_SofaC_01/meshes/aws_SofaC_01_collision.DAE
[1.003s] -- Up-to-date: /home/aarambh/my_robot_ws/install/bumperbot_description/share/bumperbot_description/models/aws_robomaker_residential_SofaC_01/meshes/aws_SofaC_01_visual.DAE
[1.003s] -- Up-to-date: /home/aarambh/my_robot_ws/install/bumperbot_description/share/bumperbot_description/models/aws_robomaker_residential_AirconditionerA_01
[1.004s] -- Up-to-date: /home/aarambh/my_robot_ws/install/bumperbot_description/share/bumperbot_description/models/aws_robomaker_residential_AirconditionerA_01/model.sdf
[1.004s] -- Up-to-date: /home/aarambh/my_robot_ws/install/bumperbot_description/share/bumperbot_description/models/aws_robomaker_residential_AirconditionerA_01/materials
[1.004s] -- Up-to-date: /home/aarambh/my_robot_ws/install/bumperbot_description/share/bumperbot_description/models/aws_robomaker_residential_AirconditionerA_01/materials/textures
[1.005s] -- Up-to-date: /home/aarambh/my_robot_ws/install/bumperbot_description/share/bumperbot_description/models/aws_robomaker_residential_AirconditionerA_01/materials/textures/aws_AirconditionerA_01.png
[1.017s] -- Up-to-date: /home/aarambh/my_robot_ws/install/bumperbot_description/share/bumperbot_description/models/aws_robomaker_residential_AirconditionerA_01/model.config
[1.020s] -- Up-to-date: /home/aarambh/my_robot_ws/install/bumperbot_description/share/bumperbot_description/models/aws_robomaker_residential_AirconditionerA_01/meshes
[1.022s] -- Up-to-date: /home/aarambh/my_robot_ws/install/bumperbot_description/share/bumperbot_description/models/aws_robomaker_residential_AirconditionerA_01/meshes/aws_AirconditionerA_01_collision.DAE
[1.023s] -- Up-to-date: /home/aarambh/my_robot_ws/install/bumperbot_description/share/bumperbot_description/models/aws_robomaker_residential_AirconditionerA_01/meshes/aws_AirconditionerA_01_visual.DAE
[1.024s] -- Up-to-date: /home/aarambh/my_robot_ws/install/bumperbot_description/share/bumperbot_description/models/aws_robomaker_residential_AirconditionerA_01/meshes/aws__Air conditioner_01.DAE
[1.025s] -- Up-to-date: /home/aarambh/my_robot_ws/install/bumperbot_description/share/bumperbot_description/models/aws_robomaker_residential_ChairA_01
[1.026s] -- Up-to-date: /home/aarambh/my_robot_ws/install/bumperbot_description/share/bumperbot_description/models/aws_robomaker_residential_ChairA_01/model.sdf
[1.027s] -- Up-to-date: /home/aarambh/my_robot_ws/install/bumperbot_description/share/bumperbot_description/models/aws_robomaker_residential_ChairA_01/materials
[1.037s] -- Up-to-date: /home/aarambh/my_robot_ws/install/bumperbot_description/share/bumperbot_description/models/aws_robomaker_residential_ChairA_01/materials/textures
[1.039s] -- Up-to-date: /home/aarambh/my_robot_ws/install/bumperbot_description/share/bumperbot_description/models/aws_robomaker_residential_ChairA_01/materials/textures/aws_ChairA_01.png
[1.040s] -- Up-to-date: /home/aarambh/my_robot_ws/install/bumperbot_description/share/bumperbot_description/models/aws_robomaker_residential_ChairA_01/model.config
[1.042s] -- Up-to-date: /home/aarambh/my_robot_ws/install/bumperbot_description/share/bumperbot_description/models/aws_robomaker_residential_ChairA_01/meshes
[1.049s] -- Up-to-date: /home/aarambh/my_robot_ws/install/bumperbot_description/share/bumperbot_description/models/aws_robomaker_residential_ChairA_01/meshes/aws_ChairA_01_visual.DAE
[1.050s] -- Up-to-date: /home/aarambh/my_robot_ws/install/bumperbot_description/share/bumperbot_description/models/aws_robomaker_residential_ChairA_01/meshes/aws_ChairA_01_collision.DAE
[1.051s] -- Up-to-date: /home/aarambh/my_robot_ws/install/bumperbot_description/share/bumperbot_description/models/aws_robomaker_residential_DeskPortraitB_01
[1.054s] -- Up-to-date: /home/aarambh/my_robot_ws/install/bumperbot_description/share/bumperbot_description/models/aws_robomaker_residential_DeskPortraitB_01/model.sdf
[1.055s] -- Up-to-date: /home/aarambh/my_robot_ws/install/bumperbot_description/share/bumperbot_description/models/aws_robomaker_residential_DeskPortraitB_01/materials
[1.055s] -- Up-to-date: /home/aarambh/my_robot_ws/install/bumperbot_description/share/bumperbot_description/models/aws_robomaker_residential_DeskPortraitB_01/materials/textures
[1.058s] -- Up-to-date: /home/aarambh/my_robot_ws/install/bumperbot_description/share/bumperbot_description/models/aws_robomaker_residential_DeskPortraitB_01/materials/textures/aws_DeskPortraitB_02.png
[1.060s] -- Up-to-date: /home/aarambh/my_robot_ws/install/bumperbot_description/share/bumperbot_description/models/aws_robomaker_residential_DeskPortraitB_01/materials/textures/aws_DeskPortraitB_01.png
[1.060s] -- Up-to-date: /home/aarambh/my_robot_ws/install/bumperbot_description/share/bumperbot_description/models/aws_robomaker_residential_DeskPortraitB_01/model.config
[1.060s] -- Up-to-date: /home/aarambh/my_robot_ws/install/bumperbot_description/share/bumperbot_description/models/aws_robomaker_residential_DeskPortraitB_01/meshes
[1.061s] -- Up-to-date: /home/aarambh/my_robot_ws/install/bumperbot_description/share/bumperbot_description/models/aws_robomaker_residential_DeskPortraitB_01/meshes/aws_DeskPortraitB_01_visual.DAE
[1.068s] -- Up-to-date: /home/aarambh/my_robot_ws/install/bumperbot_description/share/bumperbot_description/models/aws_robomaker_residential_DeskPortraitB_01/meshes/aws_DeskPortraitB_01_collision.DAE
[1.069s] -- Up-to-date: /home/aarambh/my_robot_ws/install/bumperbot_description/share/bumperbot_description/models/aws_robomaker_residential_FloorB_01
[1.070s] -- Up-to-date: /home/aarambh/my_robot_ws/install/bumperbot_description/share/bumperbot_description/models/aws_robomaker_residential_FloorB_01/model.sdf
[1.070s] -- Up-to-date: /home/aarambh/my_robot_ws/install/bumperbot_description/share/bumperbot_description/models/aws_robomaker_residential_FloorB_01/materials
[1.071s] -- Up-to-date: /home/aarambh/my_robot_ws/install/bumperbot_description/share/bumperbot_description/models/aws_robomaker_residential_FloorB_01/materials/textures
[1.071s] -- Up-to-date: /home/aarambh/my_robot_ws/install/bumperbot_description/share/bumperbot_description/models/aws_robomaker_residential_FloorB_01/materials/textures/aws_FloorB_01.png
[1.072s] -- Up-to-date: /home/aarambh/my_robot_ws/install/bumperbot_description/share/bumperbot_description/models/aws_robomaker_residential_FloorB_01/model.config
[1.072s] -- Up-to-date: /home/aarambh/my_robot_ws/install/bumperbot_description/share/bumperbot_description/models/aws_robomaker_residential_FloorB_01/meshes
[1.073s] -- Up-to-date: /home/aarambh/my_robot_ws/install/bumperbot_description/share/bumperbot_description/models/aws_robomaker_residential_FloorB_01/meshes/aws_FloorB_01_collision.DAE
[1.073s] -- Up-to-date: /home/aarambh/my_robot_ws/install/bumperbot_description/share/bumperbot_description/models/aws_robomaker_residential_FloorB_01/meshes/aws_FloorB_01_visual.DAE
[1.078s] -- Up-to-date: /home/aarambh/my_robot_ws/install/bumperbot_description/share/bumperbot_description/models/aws_robomaker_residential_RoomCeiling_01
[1.079s] -- Up-to-date: /home/aarambh/my_robot_ws/install/bumperbot_description/share/bumperbot_description/models/aws_robomaker_residential_RoomCeiling_01/model.sdf
[1.079s] -- Up-to-date: /home/aarambh/my_robot_ws/install/bumperbot_description/share/bumperbot_description/models/aws_robomaker_residential_RoomCeiling_01/materials
[1.080s] -- Up-to-date: /home/aarambh/my_robot_ws/install/bumperbot_description/share/bumperbot_description/models/aws_robomaker_residential_RoomCeiling_01/materials/textures
[1.081s] -- Up-to-date: /home/aarambh/my_robot_ws/install/bumperbot_description/share/bumperbot_description/models/aws_robomaker_residential_RoomCeiling_01/materials/textures/aws_RoomCeiling_01.png
[1.081s] -- Up-to-date: /home/aarambh/my_robot_ws/install/bumperbot_description/share/bumperbot_description/models/aws_robomaker_residential_RoomCeiling_01/model.config
[1.082s] -- Up-to-date: /home/aarambh/my_robot_ws/install/bumperbot_description/share/bumperbot_description/models/aws_robomaker_residential_RoomCeiling_01/meshes
[1.082s] -- Up-to-date: /home/aarambh/my_robot_ws/install/bumperbot_description/share/bumperbot_description/models/aws_robomaker_residential_RoomCeiling_01/meshes/aws_RoomCeiling_01_collision.DAE
[1.083s] -- Up-to-date: /home/aarambh/my_robot_ws/install/bumperbot_description/share/bumperbot_description/models/aws_robomaker_residential_RoomCeiling_01/meshes/aws_RoomCeiling_01_visual.DAE
[1.084s] -- Up-to-date: /home/aarambh/my_robot_ws/install/bumperbot_description/share/bumperbot_description/models/aws_robomaker_warehouse_Bucket_01
[1.084s] -- Up-to-date: /home/aarambh/my_robot_ws/install/bumperbot_description/share/bumperbot_description/models/aws_robomaker_warehouse_Bucket_01/model.sdf
[1.085s] -- Up-to-date: /home/aarambh/my_robot_ws/install/bumperbot_description/share/bumperbot_description/models/aws_robomaker_warehouse_Bucket_01/materials
[1.085s] -- Up-to-date: /home/aarambh/my_robot_ws/install/bumperbot_description/share/bumperbot_description/models/aws_robomaker_warehouse_Bucket_01/materials/.DS_Store
[1.087s] -- Up-to-date: /home/aarambh/my_robot_ws/install/bumperbot_description/share/bumperbot_description/models/aws_robomaker_warehouse_Bucket_01/materials/textures
[1.088s] -- Up-to-date: /home/aarambh/my_robot_ws/install/bumperbot_description/share/bumperbot_description/models/aws_robomaker_warehouse_Bucket_01/materials/textures/aws_robomaker_warehouse_Bucket_01.png
[1.089s] -- Up-to-date: /home/aarambh/my_robot_ws/install/bumperbot_description/share/bumperbot_description/models/aws_robomaker_warehouse_Bucket_01/.DS_Store
[1.089s] -- Up-to-date: /home/aarambh/my_robot_ws/install/bumperbot_description/share/bumperbot_description/models/aws_robomaker_warehouse_Bucket_01/model.config
[1.090s] -- Up-to-date: /home/aarambh/my_robot_ws/install/bumperbot_description/share/bumperbot_description/models/aws_robomaker_warehouse_Bucket_01/meshes
[1.091s] -- Up-to-date: /home/aarambh/my_robot_ws/install/bumperbot_description/share/bumperbot_description/models/aws_robomaker_warehouse_Bucket_01/meshes/aws_robomaker_warehouse_Bucket_01_visual.DAE
[1.091s] -- Up-to-date: /home/aarambh/my_robot_ws/install/bumperbot_description/share/bumperbot_description/models/aws_robomaker_warehouse_Bucket_01/meshes/aws_robomaker_warehouse_Bucket_01_collision.DAE
[1.099s] -- Up-to-date: /home/aarambh/my_robot_ws/install/bumperbot_description/share/bumperbot_description/models/aws_robomaker_residential_PortraitD_01
[1.100s] -- Up-to-date: /home/aarambh/my_robot_ws/install/bumperbot_description/share/bumperbot_description/models/aws_robomaker_residential_PortraitD_01/model.sdf
[1.102s] -- Up-to-date: /home/aarambh/my_robot_ws/install/bumperbot_description/share/bumperbot_description/models/aws_robomaker_residential_PortraitD_01/materials
[1.103s] -- Up-to-date: /home/aarambh/my_robot_ws/install/bumperbot_description/share/bumperbot_description/models/aws_robomaker_residential_PortraitD_01/materials/textures
[1.104s] -- Up-to-date: /home/aarambh/my_robot_ws/install/bumperbot_description/share/bumperbot_description/models/aws_robomaker_residential_PortraitD_01/materials/textures/aws_PortraitD_01.png
[1.104s] -- Up-to-date: /home/aarambh/my_robot_ws/install/bumperbot_description/share/bumperbot_description/models/aws_robomaker_residential_PortraitD_01/materials/textures/aws_PortraitD_02.png
[1.105s] -- Up-to-date: /home/aarambh/my_robot_ws/install/bumperbot_description/share/bumperbot_description/models/aws_robomaker_residential_PortraitD_01/model.config
[1.106s] -- Up-to-date: /home/aarambh/my_robot_ws/install/bumperbot_description/share/bumperbot_description/models/aws_robomaker_residential_PortraitD_01/meshes
[1.109s] -- Up-to-date: /home/aarambh/my_robot_ws/install/bumperbot_description/share/bumperbot_description/models/aws_robomaker_residential_PortraitD_01/meshes/aws_PortraitD_01_visual.DAE
[1.109s] -- Up-to-date: /home/aarambh/my_robot_ws/install/bumperbot_description/share/bumperbot_description/models/aws_robomaker_residential_PortraitD_01/meshes/aws_PortraitD_01_collision.DAE
[1.110s] -- Up-to-date: /home/aarambh/my_robot_ws/install/bumperbot_description/share/bumperbot_description/models/aws_robomaker_residential_TVCabinet_01
[1.111s] -- Up-to-date: /home/aarambh/my_robot_ws/install/bumperbot_description/share/bumperbot_description/models/aws_robomaker_residential_TVCabinet_01/model.sdf
[1.112s] -- Up-to-date: /home/aarambh/my_robot_ws/install/bumperbot_description/share/bumperbot_description/models/aws_robomaker_residential_TVCabinet_01/materials
[1.113s] -- Up-to-date: /home/aarambh/my_robot_ws/install/bumperbot_description/share/bumperbot_description/models/aws_robomaker_residential_TVCabinet_01/materials/textures
[1.114s] -- Up-to-date: /home/aarambh/my_robot_ws/install/bumperbot_description/share/bumperbot_description/models/aws_robomaker_residential_TVCabinet_01/materials/textures/aws_TVCabinet_01.png
[1.114s] -- Up-to-date: /home/aarambh/my_robot_ws/install/bumperbot_description/share/bumperbot_description/models/aws_robomaker_residential_TVCabinet_01/model.config
[1.115s] -- Up-to-date: /home/aarambh/my_robot_ws/install/bumperbot_description/share/bumperbot_description/models/aws_robomaker_residential_TVCabinet_01/meshes
[1.115s] -- Up-to-date: /home/aarambh/my_robot_ws/install/bumperbot_description/share/bumperbot_description/models/aws_robomaker_residential_TVCabinet_01/meshes/aws_TVCabinet_01_visual.DAE
[1.116s] -- Up-to-date: /home/aarambh/my_robot_ws/install/bumperbot_description/share/bumperbot_description/models/aws_robomaker_residential_TVCabinet_01/meshes/aws_TVCabinet_01_collision.DAE
[1.116s] -- Up-to-date: /home/aarambh/my_robot_ws/install/bumperbot_description/share/bumperbot_description/models/aws_robomaker_residential_DeskPortraitA_01
[1.116s] -- Up-to-date: /home/aarambh/my_robot_ws/install/bumperbot_description/share/bumperbot_description/models/aws_robomaker_residential_DeskPortraitA_01/model.sdf
[1.117s] -- Up-to-date: /home/aarambh/my_robot_ws/install/bumperbot_description/share/bumperbot_description/models/aws_robomaker_residential_DeskPortraitA_01/materials
[1.122s] -- Up-to-date: /home/aarambh/my_robot_ws/install/bumperbot_description/share/bumperbot_description/models/aws_robomaker_residential_DeskPortraitA_01/materials/textures
[1.126s] -- Up-to-date: /home/aarambh/my_robot_ws/install/bumperbot_description/share/bumperbot_description/models/aws_robomaker_residential_DeskPortraitA_01/materials/textures/aws_DeskPortraitA_01.png
[1.127s] -- Up-to-date: /home/aarambh/my_robot_ws/install/bumperbot_description/share/bumperbot_description/models/aws_robomaker_residential_DeskPortraitA_01/materials/textures/aws_DeskPortraitA_02.png
[1.129s] -- Up-to-date: /home/aarambh/my_robot_ws/install/bumperbot_description/share/bumperbot_description/models/aws_robomaker_residential_DeskPortraitA_01/model.config
[1.130s] -- Up-to-date: /home/aarambh/my_robot_ws/install/bumperbot_description/share/bumperbot_description/models/aws_robomaker_residential_DeskPortraitA_01/meshes
[1.137s] -- Up-to-date: /home/aarambh/my_robot_ws/install/bumperbot_description/share/bumperbot_description/models/aws_robomaker_residential_DeskPortraitA_01/meshes/aws_DeskPortraitA_01_visual.DAE
[1.138s] -- Up-to-date: /home/aarambh/my_robot_ws/install/bumperbot_description/share/bumperbot_description/models/aws_robomaker_residential_DeskPortraitA_01/meshes/aws_DeskPortraitA_01_collision.DAE
[1.140s] -- Up-to-date: /home/aarambh/my_robot_ws/install/bumperbot_description/share/bumperbot_description/models/aws_robomaker_residential_PortraitB_03
[1.141s] -- Up-to-date: /home/aarambh/my_robot_ws/install/bumperbot_description/share/bumperbot_description/models/aws_robomaker_residential_PortraitB_03/model.sdf
[1.143s] -- Up-to-date: /home/aarambh/my_robot_ws/install/bumperbot_description/share/bumperbot_description/models/aws_robomaker_residential_PortraitB_03/materials
[1.144s] -- Up-to-date: /home/aarambh/my_robot_ws/install/bumperbot_description/share/bumperbot_description/models/aws_robomaker_residential_PortraitB_03/materials/textures
[1.147s] -- Up-to-date: /home/aarambh/my_robot_ws/install/bumperbot_description/share/bumperbot_description/models/aws_robomaker_residential_PortraitB_03/materials/textures/aws_PortraitB_01.png
[1.149s] -- Up-to-date: /home/aarambh/my_robot_ws/install/bumperbot_description/share/bumperbot_description/models/aws_robomaker_residential_PortraitB_03/materials/textures/aws_PortraitB_02.png
[1.150s] -- Up-to-date: /home/aarambh/my_robot_ws/install/bumperbot_description/share/bumperbot_description/models/aws_robomaker_residential_PortraitB_03/model.config
[1.150s] -- Up-to-date: /home/aarambh/my_robot_ws/install/bumperbot_description/share/bumperbot_description/models/aws_robomaker_residential_PortraitB_03/meshes
[1.151s] -- Up-to-date: /home/aarambh/my_robot_ws/install/bumperbot_description/share/bumperbot_description/models/aws_robomaker_residential_PortraitB_03/meshes/aws_PortraitB_01_collision.DAE
[1.151s] -- Up-to-date: /home/aarambh/my_robot_ws/install/bumperbot_description/share/bumperbot_description/models/aws_robomaker_residential_PortraitB_03/meshes/aws_PortraitB_01_visual.DAE
[1.166s] -- Up-to-date: /home/aarambh/my_robot_ws/install/bumperbot_description/share/bumperbot_description/models/aws_robomaker_warehouse_DeskC_01
[1.167s] -- Up-to-date: /home/aarambh/my_robot_ws/install/bumperbot_description/share/bumperbot_description/models/aws_robomaker_warehouse_DeskC_01/model.sdf
[1.168s] -- Up-to-date: /home/aarambh/my_robot_ws/install/bumperbot_description/share/bumperbot_description/models/aws_robomaker_warehouse_DeskC_01/materials
[1.168s] -- Up-to-date: /home/aarambh/my_robot_ws/install/bumperbot_description/share/bumperbot_description/models/aws_robomaker_warehouse_DeskC_01/materials/.DS_Store
[1.169s] -- Up-to-date: /home/aarambh/my_robot_ws/install/bumperbot_description/share/bumperbot_description/models/aws_robomaker_warehouse_DeskC_01/materials/textures
[1.170s] -- Up-to-date: /home/aarambh/my_robot_ws/install/bumperbot_description/share/bumperbot_description/models/aws_robomaker_warehouse_DeskC_01/materials/textures/aws_robomaker_warehouse_DeskC_03.psd
[1.171s] -- Up-to-date: /home/aarambh/my_robot_ws/install/bumperbot_description/share/bumperbot_description/models/aws_robomaker_warehouse_DeskC_01/materials/textures/aws_robomaker_warehouse_DeskC_03.png
[1.171s] -- Up-to-date: /home/aarambh/my_robot_ws/install/bumperbot_description/share/bumperbot_description/models/aws_robomaker_warehouse_DeskC_01/materials/textures/aws_robomaker_warehouse_DeskC_01.png
[1.172s] -- Up-to-date: /home/aarambh/my_robot_ws/install/bumperbot_description/share/bumperbot_description/models/aws_robomaker_warehouse_DeskC_01/materials/textures/aws_robomaker_warehouse_DeskC_02.png
[1.177s] -- Up-to-date: /home/aarambh/my_robot_ws/install/bumperbot_description/share/bumperbot_description/models/aws_robomaker_warehouse_DeskC_01/materials/textures/aws_robomaker_warehouse_DeskC_04.png
[1.178s] -- Up-to-date: /home/aarambh/my_robot_ws/install/bumperbot_description/share/bumperbot_description/models/aws_robomaker_warehouse_DeskC_01/model.config
[1.179s] -- Up-to-date: /home/aarambh/my_robot_ws/install/bumperbot_description/share/bumperbot_description/models/aws_robomaker_warehouse_DeskC_01/meshes
[1.180s] -- Up-to-date: /home/aarambh/my_robot_ws/install/bumperbot_description/share/bumperbot_description/models/aws_robomaker_warehouse_DeskC_01/meshes/aws_robomaker_warehouse_DeskC_01_visual.DAE
[1.181s] -- Up-to-date: /home/aarambh/my_robot_ws/install/bumperbot_description/share/bumperbot_description/models/aws_robomaker_warehouse_DeskC_01/meshes/aws_robomaker_warehouse_DeskC_01_collision.DAE
[1.189s] -- Up-to-date: /home/aarambh/my_robot_ws/install/bumperbot_description/share/bumperbot_description/models/aws_robomaker_residential_NightStand_01
[1.190s] -- Up-to-date: /home/aarambh/my_robot_ws/install/bumperbot_description/share/bumperbot_description/models/aws_robomaker_residential_NightStand_01/model.sdf
[1.190s] -- Up-to-date: /home/aarambh/my_robot_ws/install/bumperbot_description/share/bumperbot_description/models/aws_robomaker_residential_NightStand_01/materials
[1.191s] -- Up-to-date: /home/aarambh/my_robot_ws/install/bumperbot_description/share/bumperbot_description/models/aws_robomaker_residential_NightStand_01/materials/textures
[1.192s] -- Up-to-date: /home/aarambh/my_robot_ws/install/bumperbot_description/share/bumperbot_description/models/aws_robomaker_residential_NightStand_01/materials/textures/aws_NightStand_01.png
[1.192s] -- Up-to-date: /home/aarambh/my_robot_ws/install/bumperbot_description/share/bumperbot_description/models/aws_robomaker_residential_NightStand_01/model.config
[1.193s] -- Up-to-date: /home/aarambh/my_robot_ws/install/bumperbot_description/share/bumperbot_description/models/aws_robomaker_residential_NightStand_01/meshes
[1.194s] -- Up-to-date: /home/aarambh/my_robot_ws/install/bumperbot_description/share/bumperbot_description/models/aws_robomaker_residential_NightStand_01/meshes/aws_NightStand_01_collision.DAE
[1.194s] -- Up-to-date: /home/aarambh/my_robot_ws/install/bumperbot_description/share/bumperbot_description/models/aws_robomaker_residential_NightStand_01/meshes/aws_NightStand_01_visual.DAE
[1.195s] -- Up-to-date: /home/aarambh/my_robot_ws/install/bumperbot_description/share/bumperbot_description/models/aws_robomaker_residential_KitchenUtensils_01
[1.195s] -- Up-to-date: /home/aarambh/my_robot_ws/install/bumperbot_description/share/bumperbot_description/models/aws_robomaker_residential_KitchenUtensils_01/model.sdf
[1.196s] -- Up-to-date: /home/aarambh/my_robot_ws/install/bumperbot_description/share/bumperbot_description/models/aws_robomaker_residential_KitchenUtensils_01/materials
[1.197s] -- Up-to-date: /home/aarambh/my_robot_ws/install/bumperbot_description/share/bumperbot_description/models/aws_robomaker_residential_KitchenUtensils_01/materials/textures
[1.200s] -- Up-to-date: /home/aarambh/my_robot_ws/install/bumperbot_description/share/bumperbot_description/models/aws_robomaker_residential_KitchenUtensils_01/materials/textures/aws_KitchenUtensils_01.png
[1.201s] -- Up-to-date: /home/aarambh/my_robot_ws/install/bumperbot_description/share/bumperbot_description/models/aws_robomaker_residential_KitchenUtensils_01/model.config
[1.202s] -- Up-to-date: /home/aarambh/my_robot_ws/install/bumperbot_description/share/bumperbot_description/models/aws_robomaker_residential_KitchenUtensils_01/meshes
[1.202s] -- Up-to-date: /home/aarambh/my_robot_ws/install/bumperbot_description/share/bumperbot_description/models/aws_robomaker_residential_KitchenUtensils_01/meshes/aws_KitchenUtensils_01_collision.DAE
[1.211s] -- Up-to-date: /home/aarambh/my_robot_ws/install/bumperbot_description/share/bumperbot_description/models/aws_robomaker_residential_KitchenUtensils_01/meshes/aws_KitchenUtensils_01_visual.DAE
[1.212s] -- Up-to-date: /home/aarambh/my_robot_ws/install/bumperbot_description/share/bumperbot_description/models/aws_robomaker_residential_Bed_01
[1.212s] -- Up-to-date: /home/aarambh/my_robot_ws/install/bumperbot_description/share/bumperbot_description/models/aws_robomaker_residential_Bed_01/model.sdf
[1.213s] -- Up-to-date: /home/aarambh/my_robot_ws/install/bumperbot_description/share/bumperbot_description/models/aws_robomaker_residential_Bed_01/materials
[1.214s] -- Up-to-date: /home/aarambh/my_robot_ws/install/bumperbot_description/share/bumperbot_description/models/aws_robomaker_residential_Bed_01/materials/textures
[1.215s] -- Up-to-date: /home/aarambh/my_robot_ws/install/bumperbot_description/share/bumperbot_description/models/aws_robomaker_residential_Bed_01/materials/textures/aws_Bed_01.png
[1.216s] -- Up-to-date: /home/aarambh/my_robot_ws/install/bumperbot_description/share/bumperbot_description/models/aws_robomaker_residential_Bed_01/materials/textures/aws_BedB_01.png
[1.216s] -- Up-to-date: /home/aarambh/my_robot_ws/install/bumperbot_description/share/bumperbot_description/models/aws_robomaker_residential_Bed_01/materials/textures/aws_BedC_01.png
[1.217s] -- Up-to-date: /home/aarambh/my_robot_ws/install/bumperbot_description/share/bumperbot_description/models/aws_robomaker_residential_Bed_01/materials/textures/aws_BedA_01.png
[1.220s] -- Up-to-date: /home/aarambh/my_robot_ws/install/bumperbot_description/share/bumperbot_description/models/aws_robomaker_residential_Bed_01/model.config
[1.221s] -- Up-to-date: /home/aarambh/my_robot_ws/install/bumperbot_description/share/bumperbot_description/models/aws_robomaker_residential_Bed_01/meshes
[1.222s] -- Up-to-date: /home/aarambh/my_robot_ws/install/bumperbot_description/share/bumperbot_description/models/aws_robomaker_residential_Bed_01/meshes/aws_Bed_01_visual.DAE
[1.222s] -- Up-to-date: /home/aarambh/my_robot_ws/install/bumperbot_description/share/bumperbot_description/models/aws_robomaker_residential_Bed_01/meshes/aws_Bed_01_collision.DAE
[1.229s] -- Up-to-date: /home/aarambh/my_robot_ws/install/bumperbot_description/share/bumperbot_description/models/aws_robomaker_warehouse_Lamp_01
[1.230s] -- Up-to-date: /home/aarambh/my_robot_ws/install/bumperbot_description/share/bumperbot_description/models/aws_robomaker_warehouse_Lamp_01/model.sdf
[1.231s] -- Up-to-date: /home/aarambh/my_robot_ws/install/bumperbot_description/share/bumperbot_description/models/aws_robomaker_warehouse_Lamp_01/materials
[1.231s] -- Up-to-date: /home/aarambh/my_robot_ws/install/bumperbot_description/share/bumperbot_description/models/aws_robomaker_warehouse_Lamp_01/materials/textures
[1.232s] -- Up-to-date: /home/aarambh/my_robot_ws/install/bumperbot_description/share/bumperbot_description/models/aws_robomaker_warehouse_Lamp_01/materials/textures/aws_robomaker_warehouse_Lamp_01.png
[1.233s] -- Up-to-date: /home/aarambh/my_robot_ws/install/bumperbot_description/share/bumperbot_description/models/aws_robomaker_warehouse_Lamp_01/model.config
[1.233s] -- Up-to-date: /home/aarambh/my_robot_ws/install/bumperbot_description/share/bumperbot_description/models/aws_robomaker_warehouse_Lamp_01/meshes
[1.234s] -- Up-to-date: /home/aarambh/my_robot_ws/install/bumperbot_description/share/bumperbot_description/models/aws_robomaker_warehouse_Lamp_01/meshes/aws_robomaker_warehouse_Lamp_01_collision.DAE
[1.235s] -- Up-to-date: /home/aarambh/my_robot_ws/install/bumperbot_description/share/bumperbot_description/models/aws_robomaker_warehouse_Lamp_01/meshes/aws_robomaker_warehouse_Lamp_01_visual.DAE
[1.235s] -- Up-to-date: /home/aarambh/my_robot_ws/install/bumperbot_description/share/bumperbot_description/models/aws_robomaker_residential_Dumbbell_01
[1.236s] -- Up-to-date: /home/aarambh/my_robot_ws/install/bumperbot_description/share/bumperbot_description/models/aws_robomaker_residential_Dumbbell_01/model.sdf
[1.237s] -- Up-to-date: /home/aarambh/my_robot_ws/install/bumperbot_description/share/bumperbot_description/models/aws_robomaker_residential_Dumbbell_01/materials
[1.240s] -- Up-to-date: /home/aarambh/my_robot_ws/install/bumperbot_description/share/bumperbot_description/models/aws_robomaker_residential_Dumbbell_01/materials/textures
[1.242s] -- Up-to-date: /home/aarambh/my_robot_ws/install/bumperbot_description/share/bumperbot_description/models/aws_robomaker_residential_Dumbbell_01/materials/textures/aws_Dumbbell_01.png
[1.249s] -- Up-to-date: /home/aarambh/my_robot_ws/install/bumperbot_description/share/bumperbot_description/models/aws_robomaker_residential_Dumbbell_01/model.config
[1.250s] -- Up-to-date: /home/aarambh/my_robot_ws/install/bumperbot_description/share/bumperbot_description/models/aws_robomaker_residential_Dumbbell_01/meshes
[1.252s] -- Up-to-date: /home/aarambh/my_robot_ws/install/bumperbot_description/share/bumperbot_description/models/aws_robomaker_residential_Dumbbell_01/meshes/aws_Dumbbell_01_collision.DAE
[1.254s] -- Up-to-date: /home/aarambh/my_robot_ws/install/bumperbot_description/share/bumperbot_description/models/aws_robomaker_residential_Dumbbell_01/meshes/aws_Dumbbell_01_visual.DAE
[1.255s] -- Up-to-date: /home/aarambh/my_robot_ws/install/bumperbot_description/share/bumperbot_description/models/aws_robomaker_residential_DeskPortraitD_02
[1.256s] -- Up-to-date: /home/aarambh/my_robot_ws/install/bumperbot_description/share/bumperbot_description/models/aws_robomaker_residential_DeskPortraitD_02/model.sdf
[1.256s] -- Up-to-date: /home/aarambh/my_robot_ws/install/bumperbot_description/share/bumperbot_description/models/aws_robomaker_residential_DeskPortraitD_02/materials
[1.257s] -- Up-to-date: /home/aarambh/my_robot_ws/install/bumperbot_description/share/bumperbot_description/models/aws_robomaker_residential_DeskPortraitD_02/materials/textures
[1.260s] -- Up-to-date: /home/aarambh/my_robot_ws/install/bumperbot_description/share/bumperbot_description/models/aws_robomaker_residential_DeskPortraitD_02/materials/textures/aws_DeskPortraitD_01.png
[1.261s] -- Up-to-date: /home/aarambh/my_robot_ws/install/bumperbot_description/share/bumperbot_description/models/aws_robomaker_residential_DeskPortraitD_02/materials/textures/aws_DeskPortraitD_02.png
[1.262s] -- Up-to-date: /home/aarambh/my_robot_ws/install/bumperbot_description/share/bumperbot_description/models/aws_robomaker_residential_DeskPortraitD_02/model.config
[1.270s] -- Up-to-date: /home/aarambh/my_robot_ws/install/bumperbot_description/share/bumperbot_description/models/aws_robomaker_residential_DeskPortraitD_02/meshes
[1.271s] -- Up-to-date: /home/aarambh/my_robot_ws/install/bumperbot_description/share/bumperbot_description/models/aws_robomaker_residential_DeskPortraitD_02/meshes/aws_DeskPortraitD_01_collision.DAE
[1.272s] -- Up-to-date: /home/aarambh/my_robot_ws/install/bumperbot_description/share/bumperbot_description/models/aws_robomaker_residential_DeskPortraitD_02/meshes/aws_DeskPortraitD_01_visual.DAE
[1.273s] -- Up-to-date: /home/aarambh/my_robot_ws/install/bumperbot_description/share/bumperbot_description/models/aws_robomaker_residential_PortraitA_02
[1.273s] -- Up-to-date: /home/aarambh/my_robot_ws/install/bumperbot_description/share/bumperbot_description/models/aws_robomaker_residential_PortraitA_02/model.sdf
[1.274s] -- Up-to-date: /home/aarambh/my_robot_ws/install/bumperbot_description/share/bumperbot_description/models/aws_robomaker_residential_PortraitA_02/materials
[1.275s] -- Up-to-date: /home/aarambh/my_robot_ws/install/bumperbot_description/share/bumperbot_description/models/aws_robomaker_residential_PortraitA_02/materials/textures
[1.276s] -- Up-to-date: /home/aarambh/my_robot_ws/install/bumperbot_description/share/bumperbot_description/models/aws_robomaker_residential_PortraitA_02/materials/textures/aws_PortraitA_01.png
[1.277s] -- Up-to-date: /home/aarambh/my_robot_ws/install/bumperbot_description/share/bumperbot_description/models/aws_robomaker_residential_PortraitA_02/materials/textures/aws_PortraitA_02.png
[1.277s] -- Up-to-date: /home/aarambh/my_robot_ws/install/bumperbot_description/share/bumperbot_description/models/aws_robomaker_residential_PortraitA_02/model.config
[1.278s] -- Up-to-date: /home/aarambh/my_robot_ws/install/bumperbot_description/share/bumperbot_description/models/aws_robomaker_residential_PortraitA_02/meshes
[1.281s] -- Up-to-date: /home/aarambh/my_robot_ws/install/bumperbot_description/share/bumperbot_description/models/aws_robomaker_residential_PortraitA_02/meshes/aws_PortraitA_01_visual.DAE
[1.282s] -- Up-to-date: /home/aarambh/my_robot_ws/install/bumperbot_description/share/bumperbot_description/models/aws_robomaker_residential_PortraitA_02/meshes/aws_PortraitA_01_collision.DAE
[1.283s] -- Up-to-date: /home/aarambh/my_robot_ws/install/bumperbot_description/share/bumperbot_description/models/aws_robomaker_residential_PortraitE_02
[1.283s] -- Up-to-date: /home/aarambh/my_robot_ws/install/bumperbot_description/share/bumperbot_description/models/aws_robomaker_residential_PortraitE_02/model.sdf
[1.292s] -- Up-to-date: /home/aarambh/my_robot_ws/install/bumperbot_description/share/bumperbot_description/models/aws_robomaker_residential_PortraitE_02/materials
[1.292s] -- Up-to-date: /home/aarambh/my_robot_ws/install/bumperbot_description/share/bumperbot_description/models/aws_robomaker_residential_PortraitE_02/materials/textures
[1.293s] -- Up-to-date: /home/aarambh/my_robot_ws/install/bumperbot_description/share/bumperbot_description/models/aws_robomaker_residential_PortraitE_02/materials/textures/aws_PortraitE_02.png
[1.293s] -- Up-to-date: /home/aarambh/my_robot_ws/install/bumperbot_description/share/bumperbot_description/models/aws_robomaker_residential_PortraitE_02/materials/textures/aws_PortraitE_01.png
[1.294s] -- Up-to-date: /home/aarambh/my_robot_ws/install/bumperbot_description/share/bumperbot_description/models/aws_robomaker_residential_PortraitE_02/model.config
[1.295s] -- Up-to-date: /home/aarambh/my_robot_ws/install/bumperbot_description/share/bumperbot_description/models/aws_robomaker_residential_PortraitE_02/meshes
[1.296s] -- Up-to-date: /home/aarambh/my_robot_ws/install/bumperbot_description/share/bumperbot_description/models/aws_robomaker_residential_PortraitE_02/meshes/aws_PortraitE_01_collision.DAE
[1.297s] -- Up-to-date: /home/aarambh/my_robot_ws/install/bumperbot_description/share/bumperbot_description/models/aws_robomaker_residential_PortraitE_02/meshes/aws_PortraitE_01_visual.DAE
[1.298s] -- Up-to-date: /home/aarambh/my_robot_ws/install/bumperbot_description/share/bumperbot_description/models/aws_robomaker_residential_Ball_01
[1.298s] -- Up-to-date: /home/aarambh/my_robot_ws/install/bumperbot_description/share/bumperbot_description/models/aws_robomaker_residential_Ball_01/model.sdf
[1.301s] -- Up-to-date: /home/aarambh/my_robot_ws/install/bumperbot_description/share/bumperbot_description/models/aws_robomaker_residential_Ball_01/materials
[1.302s] -- Up-to-date: /home/aarambh/my_robot_ws/install/bumperbot_description/share/bumperbot_description/models/aws_robomaker_residential_Ball_01/materials/textures
[1.302s] -- Up-to-date: /home/aarambh/my_robot_ws/install/bumperbot_description/share/bumperbot_description/models/aws_robomaker_residential_Ball_01/materials/textures/aws_Ball_01.png
[1.311s] -- Up-to-date: /home/aarambh/my_robot_ws/install/bumperbot_description/share/bumperbot_description/models/aws_robomaker_residential_Ball_01/model.config
[1.312s] -- Up-to-date: /home/aarambh/my_robot_ws/install/bumperbot_description/share/bumperbot_description/models/aws_robomaker_residential_Ball_01/meshes
[1.313s] -- Up-to-date: /home/aarambh/my_robot_ws/install/bumperbot_description/share/bumperbot_description/models/aws_robomaker_residential_Ball_01/meshes/aws_Ball_01_collision.DAE
[1.314s] -- Up-to-date: /home/aarambh/my_robot_ws/install/bumperbot_description/share/bumperbot_description/models/aws_robomaker_residential_Ball_01/meshes/aws_Ball_01_visual.DAE
[1.314s] -- Up-to-date: /home/aarambh/my_robot_ws/install/bumperbot_description/share/bumperbot_description/models/aws_robomaker_residential_Tablet_01
[1.315s] -- Up-to-date: /home/aarambh/my_robot_ws/install/bumperbot_description/share/bumperbot_description/models/aws_robomaker_residential_Tablet_01/model.sdf
[1.316s] -- Up-to-date: /home/aarambh/my_robot_ws/install/bumperbot_description/share/bumperbot_description/models/aws_robomaker_residential_Tablet_01/materials
[1.317s] -- Up-to-date: /home/aarambh/my_robot_ws/install/bumperbot_description/share/bumperbot_description/models/aws_robomaker_residential_Tablet_01/materials/textures
[1.318s] -- Up-to-date: /home/aarambh/my_robot_ws/install/bumperbot_description/share/bumperbot_description/models/aws_robomaker_residential_Tablet_01/materials/textures/aws_Tablet_01_nologo.png
[1.318s] -- Up-to-date: /home/aarambh/my_robot_ws/install/bumperbot_description/share/bumperbot_description/models/aws_robomaker_residential_Tablet_01/model.config
[1.322s] -- Up-to-date: /home/aarambh/my_robot_ws/install/bumperbot_description/share/bumperbot_description/models/aws_robomaker_residential_Tablet_01/meshes
[1.322s] -- Up-to-date: /home/aarambh/my_robot_ws/install/bumperbot_description/share/bumperbot_description/models/aws_robomaker_residential_Tablet_01/meshes/aws_Tablet_01_collision.DAE
[1.323s] -- Up-to-date: /home/aarambh/my_robot_ws/install/bumperbot_description/share/bumperbot_description/models/aws_robomaker_residential_Tablet_01/meshes/aws_Tablet_01_visual.DAE
[1.323s] -- Up-to-date: /home/aarambh/my_robot_ws/install/bumperbot_description/share/bumperbot_description/models/aws_robomaker_residential_BalconyTable_01
[1.324s] -- Up-to-date: /home/aarambh/my_robot_ws/install/bumperbot_description/share/bumperbot_description/models/aws_robomaker_residential_BalconyTable_01/model.sdf
[1.332s] -- Up-to-date: /home/aarambh/my_robot_ws/install/bumperbot_description/share/bumperbot_description/models/aws_robomaker_residential_BalconyTable_01/materials
[1.333s] -- Up-to-date: /home/aarambh/my_robot_ws/install/bumperbot_description/share/bumperbot_description/models/aws_robomaker_residential_BalconyTable_01/materials/textures
[1.334s] -- Up-to-date: /home/aarambh/my_robot_ws/install/bumperbot_description/share/bumperbot_description/models/aws_robomaker_residential_BalconyTable_01/materials/textures/aws_BalconyTable_01.png
[1.334s] -- Up-to-date: /home/aarambh/my_robot_ws/install/bumperbot_description/share/bumperbot_description/models/aws_robomaker_residential_BalconyTable_01/model.config
[1.335s] -- Up-to-date: /home/aarambh/my_robot_ws/install/bumperbot_description/share/bumperbot_description/models/aws_robomaker_residential_BalconyTable_01/meshes
[1.335s] -- Up-to-date: /home/aarambh/my_robot_ws/install/bumperbot_description/share/bumperbot_description/models/aws_robomaker_residential_BalconyTable_01/meshes/aws_BalconyTable_01_visual.DAE
[1.336s] -- Up-to-date: /home/aarambh/my_robot_ws/install/bumperbot_description/share/bumperbot_description/models/aws_robomaker_residential_BalconyTable_01/meshes/aws_BalconyTable_01_collision.DAE
[1.336s] -- Up-to-date: /home/aarambh/my_robot_ws/install/bumperbot_description/share/bumperbot_description/models/aws_robomaker_residential_LightC_01
[1.337s] -- Up-to-date: /home/aarambh/my_robot_ws/install/bumperbot_description/share/bumperbot_description/models/aws_robomaker_residential_LightC_01/model.sdf
[1.338s] -- Up-to-date: /home/aarambh/my_robot_ws/install/bumperbot_description/share/bumperbot_description/models/aws_robomaker_residential_LightC_01/materials
[1.339s] -- Up-to-date: /home/aarambh/my_robot_ws/install/bumperbot_description/share/bumperbot_description/models/aws_robomaker_residential_LightC_01/materials/textures
[1.341s] -- Up-to-date: /home/aarambh/my_robot_ws/install/bumperbot_description/share/bumperbot_description/models/aws_robomaker_residential_LightC_01/materials/textures/aws_LightC_01.png
[1.344s] -- Up-to-date: /home/aarambh/my_robot_ws/install/bumperbot_description/share/bumperbot_description/models/aws_robomaker_residential_LightC_01/model.config
[1.352s] -- Up-to-date: /home/aarambh/my_robot_ws/install/bumperbot_description/share/bumperbot_description/models/aws_robomaker_residential_LightC_01/meshes
[1.353s] -- Up-to-date: /home/aarambh/my_robot_ws/install/bumperbot_description/share/bumperbot_description/models/aws_robomaker_residential_LightC_01/meshes/aws_LightC_01_collision.DAE
[1.354s] -- Up-to-date: /home/aarambh/my_robot_ws/install/bumperbot_description/share/bumperbot_description/models/aws_robomaker_residential_LightC_01/meshes/aws_LightC_01_visual.DAE
[1.355s] -- Up-to-date: /home/aarambh/my_robot_ws/install/bumperbot_description/share/bumperbot_description/models/aws_robomaker_residential_Quilt_01
[1.362s] -- Up-to-date: /home/aarambh/my_robot_ws/install/bumperbot_description/share/bumperbot_description/models/aws_robomaker_residential_Quilt_01/model.sdf
[1.363s] -- Up-to-date: /home/aarambh/my_robot_ws/install/bumperbot_description/share/bumperbot_description/models/aws_robomaker_residential_Quilt_01/materials
[1.364s] -- Up-to-date: /home/aarambh/my_robot_ws/install/bumperbot_description/share/bumperbot_description/models/aws_robomaker_residential_Quilt_01/materials/textures
[1.364s] -- Up-to-date: /home/aarambh/my_robot_ws/install/bumperbot_description/share/bumperbot_description/models/aws_robomaker_residential_Quilt_01/materials/textures/aws_Quilt_01.png
[1.365s] -- Up-to-date: /home/aarambh/my_robot_ws/install/bumperbot_description/share/bumperbot_description/models/aws_robomaker_residential_Quilt_01/model.config
[1.366s] -- Up-to-date: /home/aarambh/my_robot_ws/install/bumperbot_description/share/bumperbot_description/models/aws_robomaker_residential_Quilt_01/meshes
[1.367s] -- Up-to-date: /home/aarambh/my_robot_ws/install/bumperbot_description/share/bumperbot_description/models/aws_robomaker_residential_Quilt_01/meshes/aws_Quilt_01_visual.DAE
[1.368s] -- Up-to-date: /home/aarambh/my_robot_ws/install/bumperbot_description/share/bumperbot_description/models/aws_robomaker_residential_Quilt_01/meshes/aws_Quilt_01_collision.DAE
[1.369s] -- Up-to-date: /home/aarambh/my_robot_ws/install/bumperbot_description/share/bumperbot_description/models/aws_robomaker_residential_FoldingDoor_01
[1.372s] -- Up-to-date: /home/aarambh/my_robot_ws/install/bumperbot_description/share/bumperbot_description/models/aws_robomaker_residential_FoldingDoor_01/model.sdf
[1.373s] -- Up-to-date: /home/aarambh/my_robot_ws/install/bumperbot_description/share/bumperbot_description/models/aws_robomaker_residential_FoldingDoor_01/materials
[1.374s] -- Up-to-date: /home/aarambh/my_robot_ws/install/bumperbot_description/share/bumperbot_description/models/aws_robomaker_residential_FoldingDoor_01/materials/textures
[1.381s] -- Up-to-date: /home/aarambh/my_robot_ws/install/bumperbot_description/share/bumperbot_description/models/aws_robomaker_residential_FoldingDoor_01/materials/textures/aws_FoldingDoor_01.png
[1.382s] -- Up-to-date: /home/aarambh/my_robot_ws/install/bumperbot_description/share/bumperbot_description/models/aws_robomaker_residential_FoldingDoor_01/model.config
[1.383s] -- Up-to-date: /home/aarambh/my_robot_ws/install/bumperbot_description/share/bumperbot_description/models/aws_robomaker_residential_FoldingDoor_01/meshes
[1.383s] -- Up-to-date: /home/aarambh/my_robot_ws/install/bumperbot_description/share/bumperbot_description/models/aws_robomaker_residential_FoldingDoor_01/meshes/aws_FoldingDoor_01_visual.DAE
[1.384s] -- Up-to-date: /home/aarambh/my_robot_ws/install/bumperbot_description/share/bumperbot_description/models/aws_robomaker_residential_FoldingDoor_01/meshes/aws_FoldingDoor_01_collision.DAE
[1.385s] -- Up-to-date: /home/aarambh/my_robot_ws/install/bumperbot_description/share/bumperbot_description/models/aws_robomaker_residential_CookingBench_01
[1.386s] -- Up-to-date: /home/aarambh/my_robot_ws/install/bumperbot_description/share/bumperbot_description/models/aws_robomaker_residential_CookingBench_01/model.sdf
[1.386s] -- Up-to-date: /home/aarambh/my_robot_ws/install/bumperbot_description/share/bumperbot_description/models/aws_robomaker_residential_CookingBench_01/materials
[1.387s] -- Up-to-date: /home/aarambh/my_robot_ws/install/bumperbot_description/share/bumperbot_description/models/aws_robomaker_residential_CookingBench_01/materials/textures
[1.388s] -- Up-to-date: /home/aarambh/my_robot_ws/install/bumperbot_description/share/bumperbot_description/models/aws_robomaker_residential_CookingBench_01/materials/textures/aws_CookingBench_01.png
[1.392s] -- Up-to-date: /home/aarambh/my_robot_ws/install/bumperbot_description/share/bumperbot_description/models/aws_robomaker_residential_CookingBench_01/model.config
[1.393s] -- Up-to-date: /home/aarambh/my_robot_ws/install/bumperbot_description/share/bumperbot_description/models/aws_robomaker_residential_CookingBench_01/meshes
[1.393s] -- Up-to-date: /home/aarambh/my_robot_ws/install/bumperbot_description/share/bumperbot_description/models/aws_robomaker_residential_CookingBench_01/meshes/aws_CookingBench_01_visual.DAE
[1.394s] -- Up-to-date: /home/aarambh/my_robot_ws/install/bumperbot_description/share/bumperbot_description/models/aws_robomaker_residential_CookingBench_01/meshes/aws_CookingBench_01.DAE
[1.394s] -- Up-to-date: /home/aarambh/my_robot_ws/install/bumperbot_description/share/bumperbot_description/models/aws_robomaker_residential_CookingBench_01/meshes/aws_CookingBench_01_collision.DAE
[1.395s] -- Up-to-date: /home/aarambh/my_robot_ws/install/bumperbot_description/share/bumperbot_description/models/aws_robomaker_residential_Door_01
[1.395s] -- Up-to-date: /home/aarambh/my_robot_ws/install/bumperbot_description/share/bumperbot_description/models/aws_robomaker_residential_Door_01/model.sdf
[1.396s] -- Up-to-date: /home/aarambh/my_robot_ws/install/bumperbot_description/share/bumperbot_description/models/aws_robomaker_residential_Door_01/materials
[1.396s] -- Up-to-date: /home/aarambh/my_robot_ws/install/bumperbot_description/share/bumperbot_description/models/aws_robomaker_residential_Door_01/materials/textures
[1.397s] -- Up-to-date: /home/aarambh/my_robot_ws/install/bumperbot_description/share/bumperbot_description/models/aws_robomaker_residential_Door_01/materials/textures/aws_Door_01.png
[1.397s] -- Up-to-date: /home/aarambh/my_robot_ws/install/bumperbot_description/share/bumperbot_description/models/aws_robomaker_residential_Door_01/model.config
[1.398s] -- Up-to-date: /home/aarambh/my_robot_ws/install/bumperbot_description/share/bumperbot_description/models/aws_robomaker_residential_Door_01/meshes
[1.398s] -- Up-to-date: /home/aarambh/my_robot_ws/install/bumperbot_description/share/bumperbot_description/models/aws_robomaker_residential_Door_01/meshes/aws_Door_01_visual.DAE
[1.399s] -- Up-to-date: /home/aarambh/my_robot_ws/install/bumperbot_description/share/bumperbot_description/models/aws_robomaker_residential_Door_01/meshes/aws_Door_01_collision.DAE
[1.399s] -- Up-to-date: /home/aarambh/my_robot_ws/install/bumperbot_description/share/bumperbot_description/models/aws_robomaker_residential_Tableware_01
[1.400s] -- Up-to-date: /home/aarambh/my_robot_ws/install/bumperbot_description/share/bumperbot_description/models/aws_robomaker_residential_Tableware_01/model.sdf
[1.400s] -- Up-to-date: /home/aarambh/my_robot_ws/install/bumperbot_description/share/bumperbot_description/models/aws_robomaker_residential_Tableware_01/materials
[1.401s] -- Up-to-date: /home/aarambh/my_robot_ws/install/bumperbot_description/share/bumperbot_description/models/aws_robomaker_residential_Tableware_01/materials/textures
[1.414s] -- Up-to-date: /home/aarambh/my_robot_ws/install/bumperbot_description/share/bumperbot_description/models/aws_robomaker_residential_Tableware_01/materials/textures/aws_Tableware_01.png
[1.415s] -- Up-to-date: /home/aarambh/my_robot_ws/install/bumperbot_description/share/bumperbot_description/models/aws_robomaker_residential_Tableware_01/model.config
[1.416s] -- Up-to-date: /home/aarambh/my_robot_ws/install/bumperbot_description/share/bumperbot_description/models/aws_robomaker_residential_Tableware_01/meshes
[1.417s] -- Up-to-date: /home/aarambh/my_robot_ws/install/bumperbot_description/share/bumperbot_description/models/aws_robomaker_residential_Tableware_01/meshes/aws_Tableware_01_collision.DAE
[1.417s] -- Up-to-date: /home/aarambh/my_robot_ws/install/bumperbot_description/share/bumperbot_description/models/aws_robomaker_residential_Tableware_01/meshes/aws_Tableware_01_visual.DAE
[1.418s] -- Up-to-date: /home/aarambh/my_robot_ws/install/bumperbot_description/share/bumperbot_description/models/aws_robomaker_warehouse_RoofB_01
[1.419s] -- Up-to-date: /home/aarambh/my_robot_ws/install/bumperbot_description/share/bumperbot_description/models/aws_robomaker_warehouse_RoofB_01/model.sdf
[1.420s] -- Up-to-date: /home/aarambh/my_robot_ws/install/bumperbot_description/share/bumperbot_description/models/aws_robomaker_warehouse_RoofB_01/materials
[1.420s] -- Up-to-date: /home/aarambh/my_robot_ws/install/bumperbot_description/share/bumperbot_description/models/aws_robomaker_warehouse_RoofB_01/materials/textures
[1.421s] -- Up-to-date: /home/aarambh/my_robot_ws/install/bumperbot_description/share/bumperbot_description/models/aws_robomaker_warehouse_RoofB_01/materials/textures/aws_robomaker_warehouse_RoofB_01.png
[1.422s] -- Up-to-date: /home/aarambh/my_robot_ws/install/bumperbot_description/share/bumperbot_description/models/aws_robomaker_warehouse_RoofB_01/model.config
[1.433s] -- Up-to-date: /home/aarambh/my_robot_ws/install/bumperbot_description/share/bumperbot_description/models/aws_robomaker_warehouse_RoofB_01/meshes
[1.434s] -- Up-to-date: /home/aarambh/my_robot_ws/install/bumperbot_description/share/bumperbot_description/models/aws_robomaker_warehouse_RoofB_01/meshes/aws_robomaker_warehouse_RoofB_01_collision.DAE
[1.436s] -- Up-to-date: /home/aarambh/my_robot_ws/install/bumperbot_description/share/bumperbot_description/models/aws_robomaker_warehouse_RoofB_01/meshes/aws_robomaker_warehouse_RoofB_01_visual.DAE
[1.439s] -- Up-to-date: /home/aarambh/my_robot_ws/install/bumperbot_description/share/bumperbot_description/models/aws_robomaker_warehouse_GroundB_01
[1.440s] -- Up-to-date: /home/aarambh/my_robot_ws/install/bumperbot_description/share/bumperbot_description/models/aws_robomaker_warehouse_GroundB_01/model.sdf
[1.442s] -- Up-to-date: /home/aarambh/my_robot_ws/install/bumperbot_description/share/bumperbot_description/models/aws_robomaker_warehouse_GroundB_01/materials
[1.444s] -- Up-to-date: /home/aarambh/my_robot_ws/install/bumperbot_description/share/bumperbot_description/models/aws_robomaker_warehouse_GroundB_01/materials/textures
[1.445s] -- Up-to-date: /home/aarambh/my_robot_ws/install/bumperbot_description/share/bumperbot_description/models/aws_robomaker_warehouse_GroundB_01/materials/textures/aws_robomaker_warehouse_GroundB_01.png
[1.447s] -- Up-to-date: /home/aarambh/my_robot_ws/install/bumperbot_description/share/bumperbot_description/models/aws_robomaker_warehouse_GroundB_01/materials/textures/aws_robomaker_warehouse_GroundB_02.png
[1.448s] -- Up-to-date: /home/aarambh/my_robot_ws/install/bumperbot_description/share/bumperbot_description/models/aws_robomaker_warehouse_GroundB_01/model.config
[1.454s] -- Up-to-date: /home/aarambh/my_robot_ws/install/bumperbot_description/share/bumperbot_description/models/aws_robomaker_warehouse_GroundB_01/meshes
[1.454s] -- Up-to-date: /home/aarambh/my_robot_ws/install/bumperbot_description/share/bumperbot_description/models/aws_robomaker_warehouse_GroundB_01/meshes/aws_robomaker_warehouse_GroundB_01_visual.DAE
[1.455s] -- Up-to-date: /home/aarambh/my_robot_ws/install/bumperbot_description/share/bumperbot_description/models/aws_robomaker_warehouse_GroundB_01/meshes/aws_robomaker_warehouse_GroundB_01_collision.DAE
[1.455s] -- Up-to-date: /home/aarambh/my_robot_ws/install/bumperbot_description/share/bumperbot_description/models/aws_robomaker_residential_Curtain_01
[1.456s] -- Up-to-date: /home/aarambh/my_robot_ws/install/bumperbot_description/share/bumperbot_description/models/aws_robomaker_residential_Curtain_01/model.sdf
[1.457s] -- Up-to-date: /home/aarambh/my_robot_ws/install/bumperbot_description/share/bumperbot_description/models/aws_robomaker_residential_Curtain_01/materials
[1.457s] -- Up-to-date: /home/aarambh/my_robot_ws/install/bumperbot_description/share/bumperbot_description/models/aws_robomaker_residential_Curtain_01/materials/textures
[1.458s] -- Up-to-date: /home/aarambh/my_robot_ws/install/bumperbot_description/share/bumperbot_description/models/aws_robomaker_residential_Curtain_01/materials/textures/aws_Curtain_01.png
[1.458s] -- Up-to-date: /home/aarambh/my_robot_ws/install/bumperbot_description/share/bumperbot_description/models/aws_robomaker_residential_Curtain_01/model.config
[1.459s] -- Up-to-date: /home/aarambh/my_robot_ws/install/bumperbot_description/share/bumperbot_description/models/aws_robomaker_residential_Curtain_01/meshes
[1.459s] -- Up-to-date: /home/aarambh/my_robot_ws/install/bumperbot_description/share/bumperbot_description/models/aws_robomaker_residential_Curtain_01/meshes/aws_Curtain_01_visual.DAE
[1.460s] -- Up-to-date: /home/aarambh/my_robot_ws/install/bumperbot_description/share/bumperbot_description/models/aws_robomaker_residential_Curtain_01/meshes/aws_Curtain_01_collision.DAE
[1.460s] -- Up-to-date: /home/aarambh/my_robot_ws/install/bumperbot_description/share/bumperbot_description/models/aws_robomaker_warehouse_PalletJackB_01
[1.461s] -- Up-to-date: /home/aarambh/my_robot_ws/install/bumperbot_description/share/bumperbot_description/models/aws_robomaker_warehouse_PalletJackB_01/model.sdf
[1.481s] -- Up-to-date: /home/aarambh/my_robot_ws/install/bumperbot_description/share/bumperbot_description/models/aws_robomaker_warehouse_PalletJackB_01/materials
[1.482s] -- Up-to-date: /home/aarambh/my_robot_ws/install/bumperbot_description/share/bumperbot_description/models/aws_robomaker_warehouse_PalletJackB_01/materials/.DS_Store
[1.482s] -- Up-to-date: /home/aarambh/my_robot_ws/install/bumperbot_description/share/bumperbot_description/models/aws_robomaker_warehouse_PalletJackB_01/materials/textures
[1.483s] -- Up-to-date: /home/aarambh/my_robot_ws/install/bumperbot_description/share/bumperbot_description/models/aws_robomaker_warehouse_PalletJackB_01/materials/textures/aws_robomaker_warehouse_PalletJackB_01.png
[1.484s] -- Up-to-date: /home/aarambh/my_robot_ws/install/bumperbot_description/share/bumperbot_description/models/aws_robomaker_warehouse_PalletJackB_01/materials/textures/aws_robomaker_warehouse_PalletJackB_02.png
[1.484s] -- Up-to-date: /home/aarambh/my_robot_ws/install/bumperbot_description/share/bumperbot_description/models/aws_robomaker_warehouse_PalletJackB_01/.DS_Store
[1.485s] -- Up-to-date: /home/aarambh/my_robot_ws/install/bumperbot_description/share/bumperbot_description/models/aws_robomaker_warehouse_PalletJackB_01/model.config
[1.485s] -- Up-to-date: /home/aarambh/my_robot_ws/install/bumperbot_description/share/bumperbot_description/models/aws_robomaker_warehouse_PalletJackB_01/meshes
[1.486s] -- Up-to-date: /home/aarambh/my_robot_ws/install/bumperbot_description/share/bumperbot_description/models/aws_robomaker_warehouse_PalletJackB_01/meshes/aws_robomaker_warehouse_PalletJackB_01_visual.DAE
[1.487s] -- Up-to-date: /home/aarambh/my_robot_ws/install/bumperbot_description/share/bumperbot_description/models/aws_robomaker_warehouse_PalletJackB_01/meshes/aws_robomaker_warehouse_PalletJackB_01_collision.DAE
[1.487s] -- Up-to-date: /home/aarambh/my_robot_ws/install/bumperbot_description/share/bumperbot_description/models/aws_robomaker_residential_ChairD_01
[1.488s] -- Up-to-date: /home/aarambh/my_robot_ws/install/bumperbot_description/share/bumperbot_description/models/aws_robomaker_residential_ChairD_01/model.sdf
[1.489s] -- Up-to-date: /home/aarambh/my_robot_ws/install/bumperbot_description/share/bumperbot_description/models/aws_robomaker_residential_ChairD_01/materials
[1.490s] -- Up-to-date: /home/aarambh/my_robot_ws/install/bumperbot_description/share/bumperbot_description/models/aws_robomaker_residential_ChairD_01/materials/textures
[1.491s] -- Up-to-date: /home/aarambh/my_robot_ws/install/bumperbot_description/share/bumperbot_description/models/aws_robomaker_residential_ChairD_01/materials/textures/aws_ChairD_01.png
[1.491s] -- Up-to-date: /home/aarambh/my_robot_ws/install/bumperbot_description/share/bumperbot_description/models/aws_robomaker_residential_ChairD_01/model.config
[1.492s] -- Up-to-date: /home/aarambh/my_robot_ws/install/bumperbot_description/share/bumperbot_description/models/aws_robomaker_residential_ChairD_01/meshes
[1.493s] -- Up-to-date: /home/aarambh/my_robot_ws/install/bumperbot_description/share/bumperbot_description/models/aws_robomaker_residential_ChairD_01/meshes/aws_ChairD_01_collision.DAE
[1.524s] -- Up-to-date: /home/aarambh/my_robot_ws/install/bumperbot_description/share/bumperbot_description/models/aws_robomaker_residential_ChairD_01/meshes/aws_ChairD_01_visual.DAE
[1.524s] -- Up-to-date: /home/aarambh/my_robot_ws/install/bumperbot_description/share/bumperbot_description/models/aws_robomaker_warehouse_WallB_01
[1.525s] -- Up-to-date: /home/aarambh/my_robot_ws/install/bumperbot_description/share/bumperbot_description/models/aws_robomaker_warehouse_WallB_01/model.sdf
[1.526s] -- Up-to-date: /home/aarambh/my_robot_ws/install/bumperbot_description/share/bumperbot_description/models/aws_robomaker_warehouse_WallB_01/materials
[1.527s] -- Up-to-date: /home/aarambh/my_robot_ws/install/bumperbot_description/share/bumperbot_description/models/aws_robomaker_warehouse_WallB_01/materials/textures
[1.527s] -- Up-to-date: /home/aarambh/my_robot_ws/install/bumperbot_description/share/bumperbot_description/models/aws_robomaker_warehouse_WallB_01/materials/textures/aws_robomaker_warehouse_WallB_01.png
[1.528s] -- Up-to-date: /home/aarambh/my_robot_ws/install/bumperbot_description/share/bumperbot_description/models/aws_robomaker_warehouse_WallB_01/model.config
[1.528s] -- Up-to-date: /home/aarambh/my_robot_ws/install/bumperbot_description/share/bumperbot_description/models/aws_robomaker_warehouse_WallB_01/meshes
[1.529s] -- Up-to-date: /home/aarambh/my_robot_ws/install/bumperbot_description/share/bumperbot_description/models/aws_robomaker_warehouse_WallB_01/meshes/aws_robomaker_warehouse_WallB_01_collision.DAE
[1.530s] -- Up-to-date: /home/aarambh/my_robot_ws/install/bumperbot_description/share/bumperbot_description/models/aws_robomaker_warehouse_WallB_01/meshes/aws_robomaker_warehouse_WallB_01_visual.DAE
[1.531s] -- Up-to-date: /home/aarambh/my_robot_ws/install/bumperbot_description/share/bumperbot_description/models/aws_robomaker_residential_DeskPortraitD_04
[1.531s] -- Up-to-date: /home/aarambh/my_robot_ws/install/bumperbot_description/share/bumperbot_description/models/aws_robomaker_residential_DeskPortraitD_04/model.sdf
[1.532s] -- Up-to-date: /home/aarambh/my_robot_ws/install/bumperbot_description/share/bumperbot_description/models/aws_robomaker_residential_DeskPortraitD_04/materials
[1.532s] -- Up-to-date: /home/aarambh/my_robot_ws/install/bumperbot_description/share/bumperbot_description/models/aws_robomaker_residential_DeskPortraitD_04/materials/textures
[1.544s] -- Up-to-date: /home/aarambh/my_robot_ws/install/bumperbot_description/share/bumperbot_description/models/aws_robomaker_residential_DeskPortraitD_04/materials/textures/aws_DeskPortraitD_01.png
[1.547s] -- Up-to-date: /home/aarambh/my_robot_ws/install/bumperbot_description/share/bumperbot_description/models/aws_robomaker_residential_DeskPortraitD_04/materials/textures/aws_DeskPortraitD_02.png
[1.547s] -- Up-to-date: /home/aarambh/my_robot_ws/install/bumperbot_description/share/bumperbot_description/models/aws_robomaker_residential_DeskPortraitD_04/model.config
[1.548s] -- Up-to-date: /home/aarambh/my_robot_ws/install/bumperbot_description/share/bumperbot_description/models/aws_robomaker_residential_DeskPortraitD_04/meshes
[1.549s] -- Up-to-date: /home/aarambh/my_robot_ws/install/bumperbot_description/share/bumperbot_description/models/aws_robomaker_residential_DeskPortraitD_04/meshes/aws_DeskPortraitD_01_collision.DAE
[1.549s] -- Up-to-date: /home/aarambh/my_robot_ws/install/bumperbot_description/share/bumperbot_description/models/aws_robomaker_residential_DeskPortraitD_04/meshes/aws_DeskPortraitD_01_visual.DAE
[1.550s] -- Up-to-date: /home/aarambh/my_robot_ws/install/bumperbot_description/share/bumperbot_description/models/aws_robomaker_warehouse_ShelfD_01
[1.551s] -- Up-to-date: /home/aarambh/my_robot_ws/install/bumperbot_description/share/bumperbot_description/models/aws_robomaker_warehouse_ShelfD_01/model.sdf
[1.551s] -- Up-to-date: /home/aarambh/my_robot_ws/install/bumperbot_description/share/bumperbot_description/models/aws_robomaker_warehouse_ShelfD_01/materials
[1.552s] -- Up-to-date: /home/aarambh/my_robot_ws/install/bumperbot_description/share/bumperbot_description/models/aws_robomaker_warehouse_ShelfD_01/materials/textures
[1.552s] -- Up-to-date: /home/aarambh/my_robot_ws/install/bumperbot_description/share/bumperbot_description/models/aws_robomaker_warehouse_ShelfD_01/materials/textures/aws_robomaker_warehouse_ShelfD_01.png
[1.553s] -- Up-to-date: /home/aarambh/my_robot_ws/install/bumperbot_description/share/bumperbot_description/models/aws_robomaker_warehouse_ShelfD_01/materials/textures/aws_robomaker_warehouse_ShelfD_03.png
[1.554s] -- Up-to-date: /home/aarambh/my_robot_ws/install/bumperbot_description/share/bumperbot_description/models/aws_robomaker_warehouse_ShelfD_01/materials/textures/aws_robomaker_warehouse_ShelfD_02.png
[1.554s] -- Up-to-date: /home/aarambh/my_robot_ws/install/bumperbot_description/share/bumperbot_description/models/aws_robomaker_warehouse_ShelfD_01/materials/textures/aws_robomaker_warehouse_ShelfD_04.png
[1.555s] -- Up-to-date: /home/aarambh/my_robot_ws/install/bumperbot_description/share/bumperbot_description/models/aws_robomaker_warehouse_ShelfD_01/model.config
[1.556s] -- Up-to-date: /home/aarambh/my_robot_ws/install/bumperbot_description/share/bumperbot_description/models/aws_robomaker_warehouse_ShelfD_01/meshes
[1.556s] -- Up-to-date: /home/aarambh/my_robot_ws/install/bumperbot_description/share/bumperbot_description/models/aws_robomaker_warehouse_ShelfD_01/meshes/aws_robomaker_warehouse_ShelfD_01_collision.DAE
[1.557s] -- Up-to-date: /home/aarambh/my_robot_ws/install/bumperbot_description/share/bumperbot_description/models/aws_robomaker_warehouse_ShelfD_01/meshes/aws_robomaker_warehouse_ShelfD_01_visual.DAE
[1.558s] -- Up-to-date: /home/aarambh/my_robot_ws/install/bumperbot_description/share/bumperbot_description/models/aws_robomaker_warehouse_ClutteringA_01
[1.558s] -- Up-to-date: /home/aarambh/my_robot_ws/install/bumperbot_description/share/bumperbot_description/models/aws_robomaker_warehouse_ClutteringA_01/model.sdf
[1.558s] -- Up-to-date: /home/aarambh/my_robot_ws/install/bumperbot_description/share/bumperbot_description/models/aws_robomaker_warehouse_ClutteringA_01/materials
[1.559s] -- Up-to-date: /home/aarambh/my_robot_ws/install/bumperbot_description/share/bumperbot_description/models/aws_robomaker_warehouse_ClutteringA_01/materials/.DS_Store
[1.559s] -- Up-to-date: /home/aarambh/my_robot_ws/install/bumperbot_description/share/bumperbot_description/models/aws_robomaker_warehouse_ClutteringA_01/materials/textures
[1.560s] -- Up-to-date: /home/aarambh/my_robot_ws/install/bumperbot_description/share/bumperbot_description/models/aws_robomaker_warehouse_ClutteringA_01/materials/textures/.DS_Store
[1.560s] -- Up-to-date: /home/aarambh/my_robot_ws/install/bumperbot_description/share/bumperbot_description/models/aws_robomaker_warehouse_ClutteringA_01/materials/textures/aws_robomaker_warehouse_ClutteringA_01.png
[1.561s] -- Up-to-date: /home/aarambh/my_robot_ws/install/bumperbot_description/share/bumperbot_description/models/aws_robomaker_warehouse_ClutteringA_01/materials/textures/aws_robomaker_warehouse_ClutteringA_03.png
[1.561s] -- Up-to-date: /home/aarambh/my_robot_ws/install/bumperbot_description/share/bumperbot_description/models/aws_robomaker_warehouse_ClutteringA_01/materials/textures/aws_robomaker_warehouse_ClutteringA_02.png
[1.562s] -- Up-to-date: /home/aarambh/my_robot_ws/install/bumperbot_description/share/bumperbot_description/models/aws_robomaker_warehouse_ClutteringA_01/.DS_Store
[1.563s] -- Up-to-date: /home/aarambh/my_robot_ws/install/bumperbot_description/share/bumperbot_description/models/aws_robomaker_warehouse_ClutteringA_01/model.config
[1.563s] -- Up-to-date: /home/aarambh/my_robot_ws/install/bumperbot_description/share/bumperbot_description/models/aws_robomaker_warehouse_ClutteringA_01/meshes
[1.564s] -- Up-to-date: /home/aarambh/my_robot_ws/install/bumperbot_description/share/bumperbot_description/models/aws_robomaker_warehouse_ClutteringA_01/meshes/aws_robomaker_warehouse_ClutteringA_01_visual.DAE
[1.575s] -- Up-to-date: /home/aarambh/my_robot_ws/install/bumperbot_description/share/bumperbot_description/models/aws_robomaker_warehouse_ClutteringA_01/meshes/aws_robomaker_warehouse_ClutteringA_01_collision.DAE
[1.576s] -- Up-to-date: /home/aarambh/my_robot_ws/install/bumperbot_description/share/bumperbot_description/models/aws_robomaker_residential_Handle_01
[1.578s] -- Up-to-date: /home/aarambh/my_robot_ws/install/bumperbot_description/share/bumperbot_description/models/aws_robomaker_residential_Handle_01/model.sdf
[1.578s] -- Up-to-date: /home/aarambh/my_robot_ws/install/bumperbot_description/share/bumperbot_description/models/aws_robomaker_residential_Handle_01/materials
[1.579s] -- Up-to-date: /home/aarambh/my_robot_ws/install/bumperbot_description/share/bumperbot_description/models/aws_robomaker_residential_Handle_01/materials/textures
[1.580s] -- Up-to-date: /home/aarambh/my_robot_ws/install/bumperbot_description/share/bumperbot_description/models/aws_robomaker_residential_Handle_01/materials/textures/aws_Handle_01.png
[1.580s] -- Up-to-date: /home/aarambh/my_robot_ws/install/bumperbot_description/share/bumperbot_description/models/aws_robomaker_residential_Handle_01/model.config
[1.581s] -- Up-to-date: /home/aarambh/my_robot_ws/install/bumperbot_description/share/bumperbot_description/models/aws_robomaker_residential_Handle_01/meshes
[1.582s] -- Up-to-date: /home/aarambh/my_robot_ws/install/bumperbot_description/share/bumperbot_description/models/aws_robomaker_residential_Handle_01/meshes/aws_ handle_01_collision.DAE
[1.582s] -- Up-to-date: /home/aarambh/my_robot_ws/install/bumperbot_description/share/bumperbot_description/models/aws_robomaker_residential_Handle_01/meshes/aws_Handle_01_collision.DAE
[1.583s] -- Up-to-date: /home/aarambh/my_robot_ws/install/bumperbot_description/share/bumperbot_description/models/aws_robomaker_residential_Handle_01/meshes/aws_Handle_01_visual.DAE
[1.583s] -- Up-to-date: /home/aarambh/my_robot_ws/install/bumperbot_description/share/bumperbot_description/models/aws_robomaker_residential_DeskPortraitB_02
[1.584s] -- Up-to-date: /home/aarambh/my_robot_ws/install/bumperbot_description/share/bumperbot_description/models/aws_robomaker_residential_DeskPortraitB_02/model.sdf
[1.584s] -- Up-to-date: /home/aarambh/my_robot_ws/install/bumperbot_description/share/bumperbot_description/models/aws_robomaker_residential_DeskPortraitB_02/materials
[1.595s] -- Up-to-date: /home/aarambh/my_robot_ws/install/bumperbot_description/share/bumperbot_description/models/aws_robomaker_residential_DeskPortraitB_02/materials/textures
[1.596s] -- Up-to-date: /home/aarambh/my_robot_ws/install/bumperbot_description/share/bumperbot_description/models/aws_robomaker_residential_DeskPortraitB_02/materials/textures/aws_DeskPortraitB_02.png
[1.597s] -- Up-to-date: /home/aarambh/my_robot_ws/install/bumperbot_description/share/bumperbot_description/models/aws_robomaker_residential_DeskPortraitB_02/materials/textures/aws_DeskPortraitB_01.png
[1.597s] -- Up-to-date: /home/aarambh/my_robot_ws/install/bumperbot_description/share/bumperbot_description/models/aws_robomaker_residential_DeskPortraitB_02/model.config
[1.598s] -- Up-to-date: /home/aarambh/my_robot_ws/install/bumperbot_description/share/bumperbot_description/models/aws_robomaker_residential_DeskPortraitB_02/meshes
[1.598s] -- Up-to-date: /home/aarambh/my_robot_ws/install/bumperbot_description/share/bumperbot_description/models/aws_robomaker_residential_DeskPortraitB_02/meshes/aws_DeskPortraitB_01_visual.DAE
[1.599s] -- Up-to-date: /home/aarambh/my_robot_ws/install/bumperbot_description/share/bumperbot_description/models/aws_robomaker_residential_DeskPortraitB_02/meshes/aws_DeskPortraitB_01_collision.DAE
[1.600s] -- Up-to-date: /home/aarambh/my_robot_ws/install/bumperbot_description/share/bumperbot_description/models/aws_robomaker_residential_DeskPortraitC_02
[1.601s] -- Up-to-date: /home/aarambh/my_robot_ws/install/bumperbot_description/share/bumperbot_description/models/aws_robomaker_residential_DeskPortraitC_02/model.sdf
[1.601s] -- Up-to-date: /home/aarambh/my_robot_ws/install/bumperbot_description/share/bumperbot_description/models/aws_robomaker_residential_DeskPortraitC_02/materials
[1.602s] -- Up-to-date: /home/aarambh/my_robot_ws/install/bumperbot_description/share/bumperbot_description/models/aws_robomaker_residential_DeskPortraitC_02/materials/textures
[1.603s] -- Up-to-date: /home/aarambh/my_robot_ws/install/bumperbot_description/share/bumperbot_description/models/aws_robomaker_residential_DeskPortraitC_02/materials/textures/aws_DeskPortraitC_02.png
[1.603s] -- Up-to-date: /home/aarambh/my_robot_ws/install/bumperbot_description/share/bumperbot_description/models/aws_robomaker_residential_DeskPortraitC_02/materials/textures/aws_DeskPortraitC_01.png
[1.604s] -- Up-to-date: /home/aarambh/my_robot_ws/install/bumperbot_description/share/bumperbot_description/models/aws_robomaker_residential_DeskPortraitC_02/model.config
[1.605s] -- Up-to-date: /home/aarambh/my_robot_ws/install/bumperbot_description/share/bumperbot_description/models/aws_robomaker_residential_DeskPortraitC_02/meshes
[1.625s] -- Up-to-date: /home/aarambh/my_robot_ws/install/bumperbot_description/share/bumperbot_description/models/aws_robomaker_residential_DeskPortraitC_02/meshes/aws_DeskPortraitC_01_collision.DAE
[1.626s] -- Up-to-date: /home/aarambh/my_robot_ws/install/bumperbot_description/share/bumperbot_description/models/aws_robomaker_residential_DeskPortraitC_02/meshes/aws_DeskPortraitC_01_visual.DAE
[1.626s] -- Up-to-date: /home/aarambh/my_robot_ws/install/bumperbot_description/share/bumperbot_description/models/aws_robomaker_residential_KitchenTable_01
[1.627s] -- Up-to-date: /home/aarambh/my_robot_ws/install/bumperbot_description/share/bumperbot_description/models/aws_robomaker_residential_KitchenTable_01/model.sdf
[1.627s] -- Up-to-date: /home/aarambh/my_robot_ws/install/bumperbot_description/share/bumperbot_description/models/aws_robomaker_residential_KitchenTable_01/materials
[1.628s] -- Up-to-date: /home/aarambh/my_robot_ws/install/bumperbot_description/share/bumperbot_description/models/aws_robomaker_residential_KitchenTable_01/materials/textures
[1.628s] -- Up-to-date: /home/aarambh/my_robot_ws/install/bumperbot_description/share/bumperbot_description/models/aws_robomaker_residential_KitchenTable_01/materials/textures/aws_KitchenTable_01.png
[1.628s] -- Up-to-date: /home/aarambh/my_robot_ws/install/bumperbot_description/share/bumperbot_description/models/aws_robomaker_residential_KitchenTable_01/model.config
[1.629s] -- Up-to-date: /home/aarambh/my_robot_ws/install/bumperbot_description/share/bumperbot_description/models/aws_robomaker_residential_KitchenTable_01/meshes
[1.629s] -- Up-to-date: /home/aarambh/my_robot_ws/install/bumperbot_description/share/bumperbot_description/models/aws_robomaker_residential_KitchenTable_01/meshes/aws_KitchenTable_01_visual.DAE
[1.630s] -- Up-to-date: /home/aarambh/my_robot_ws/install/bumperbot_description/share/bumperbot_description/models/aws_robomaker_residential_KitchenTable_01/meshes/aws_KitchenTable_01_collision.DAE
[1.630s] -- Up-to-date: /home/aarambh/my_robot_ws/install/bumperbot_description/share/bumperbot_description/models/aws_robomaker_residential_Board_01
[1.631s] -- Up-to-date: /home/aarambh/my_robot_ws/install/bumperbot_description/share/bumperbot_description/models/aws_robomaker_residential_Board_01/model.sdf
[1.631s] -- Up-to-date: /home/aarambh/my_robot_ws/install/bumperbot_description/share/bumperbot_description/models/aws_robomaker_residential_Board_01/materials
[1.632s] -- Up-to-date: /home/aarambh/my_robot_ws/install/bumperbot_description/share/bumperbot_description/models/aws_robomaker_residential_Board_01/materials/textures
[1.632s] -- Up-to-date: /home/aarambh/my_robot_ws/install/bumperbot_description/share/bumperbot_description/models/aws_robomaker_residential_Board_01/materials/textures/aws_Board_01.png
[1.632s] -- Up-to-date: /home/aarambh/my_robot_ws/install/bumperbot_description/share/bumperbot_description/models/aws_robomaker_residential_Board_01/model.config
[1.633s] -- Up-to-date: /home/aarambh/my_robot_ws/install/bumperbot_description/share/bumperbot_description/models/aws_robomaker_residential_Board_01/meshes
[1.633s] -- Up-to-date: /home/aarambh/my_robot_ws/install/bumperbot_description/share/bumperbot_description/models/aws_robomaker_residential_Board_01/meshes/aws_Board_01_visual.DAE
[1.634s] -- Up-to-date: /home/aarambh/my_robot_ws/install/bumperbot_description/share/bumperbot_description/models/aws_robomaker_residential_Board_01/meshes/aws_Board_01_collision.DAE
[1.634s] -- Up-to-date: /home/aarambh/my_robot_ws/install/bumperbot_description/share/bumperbot_description/models/aws_robomaker_residential_KitchenCabinet_01
[1.635s] -- Up-to-date: /home/aarambh/my_robot_ws/install/bumperbot_description/share/bumperbot_description/models/aws_robomaker_residential_KitchenCabinet_01/model.sdf
[1.636s] -- Up-to-date: /home/aarambh/my_robot_ws/install/bumperbot_description/share/bumperbot_description/models/aws_robomaker_residential_KitchenCabinet_01/materials
[1.637s] -- Up-to-date: /home/aarambh/my_robot_ws/install/bumperbot_description/share/bumperbot_description/models/aws_robomaker_residential_KitchenCabinet_01/materials/textures
[1.637s] -- Up-to-date: /home/aarambh/my_robot_ws/install/bumperbot_description/share/bumperbot_description/models/aws_robomaker_residential_KitchenCabinet_01/materials/textures/aws_KitchenCabinet_01.png
[1.638s] -- Up-to-date: /home/aarambh/my_robot_ws/install/bumperbot_description/share/bumperbot_description/models/aws_robomaker_residential_KitchenCabinet_01/model.config
[1.639s] -- Up-to-date: /home/aarambh/my_robot_ws/install/bumperbot_description/share/bumperbot_description/models/aws_robomaker_residential_KitchenCabinet_01/meshes
[1.639s] -- Up-to-date: /home/aarambh/my_robot_ws/install/bumperbot_description/share/bumperbot_description/models/aws_robomaker_residential_KitchenCabinet_01/meshes/aws_KitchenCabinet_01_collision.DAE
[1.647s] -- Up-to-date: /home/aarambh/my_robot_ws/install/bumperbot_description/share/bumperbot_description/models/aws_robomaker_residential_KitchenCabinet_01/meshes/aws_KitchenCabinet_01_visual.DAE
[1.648s] -- Up-to-date: /home/aarambh/my_robot_ws/install/bumperbot_description/share/bumperbot_description/models/aws_robomaker_residential_DeskPortraitD_03
[1.648s] -- Up-to-date: /home/aarambh/my_robot_ws/install/bumperbot_description/share/bumperbot_description/models/aws_robomaker_residential_DeskPortraitD_03/model.sdf
[1.649s] -- Up-to-date: /home/aarambh/my_robot_ws/install/bumperbot_description/share/bumperbot_description/models/aws_robomaker_residential_DeskPortraitD_03/materials
[1.650s] -- Up-to-date: /home/aarambh/my_robot_ws/install/bumperbot_description/share/bumperbot_description/models/aws_robomaker_residential_DeskPortraitD_03/materials/textures
[1.650s] -- Up-to-date: /home/aarambh/my_robot_ws/install/bumperbot_description/share/bumperbot_description/models/aws_robomaker_residential_DeskPortraitD_03/materials/textures/aws_DeskPortraitD_01.png
[1.651s] -- Up-to-date: /home/aarambh/my_robot_ws/install/bumperbot_description/share/bumperbot_description/models/aws_robomaker_residential_DeskPortraitD_03/materials/textures/aws_DeskPortraitD_02.png
[1.651s] -- Up-to-date: /home/aarambh/my_robot_ws/install/bumperbot_description/share/bumperbot_description/models/aws_robomaker_residential_DeskPortraitD_03/model.config
[1.652s] -- Up-to-date: /home/aarambh/my_robot_ws/install/bumperbot_description/share/bumperbot_description/models/aws_robomaker_residential_DeskPortraitD_03/meshes
[1.652s] -- Up-to-date: /home/aarambh/my_robot_ws/install/bumperbot_description/share/bumperbot_description/models/aws_robomaker_residential_DeskPortraitD_03/meshes/aws_DeskPortraitD_01_collision.DAE
[1.653s] -- Up-to-date: /home/aarambh/my_robot_ws/install/bumperbot_description/share/bumperbot_description/models/aws_robomaker_residential_DeskPortraitD_03/meshes/aws_DeskPortraitD_01_visual.DAE
[1.654s] -- Up-to-date: /home/aarambh/my_robot_ws/install/bumperbot_description/share/bumperbot_description/models/aws_robomaker_residential_FitnessEquipment_01
[1.655s] -- Up-to-date: /home/aarambh/my_robot_ws/install/bumperbot_description/share/bumperbot_description/models/aws_robomaker_residential_FitnessEquipment_01/model.sdf
[1.655s] -- Up-to-date: /home/aarambh/my_robot_ws/install/bumperbot_description/share/bumperbot_description/models/aws_robomaker_residential_FitnessEquipment_01/materials
[1.666s] -- Up-to-date: /home/aarambh/my_robot_ws/install/bumperbot_description/share/bumperbot_description/models/aws_robomaker_residential_FitnessEquipment_01/materials/textures
[1.666s] -- Up-to-date: /home/aarambh/my_robot_ws/install/bumperbot_description/share/bumperbot_description/models/aws_robomaker_residential_FitnessEquipment_01/materials/textures/aws_FitnessEquipment_01.png
[1.667s] -- Up-to-date: /home/aarambh/my_robot_ws/install/bumperbot_description/share/bumperbot_description/models/aws_robomaker_residential_FitnessEquipment_01/model.config
[1.667s] -- Up-to-date: /home/aarambh/my_robot_ws/install/bumperbot_description/share/bumperbot_description/models/aws_robomaker_residential_FitnessEquipment_01/meshes
[1.668s] -- Up-to-date: /home/aarambh/my_robot_ws/install/bumperbot_description/share/bumperbot_description/models/aws_robomaker_residential_FitnessEquipment_01/meshes/aws_FitnessEquipment_01_visual.DAE
[1.669s] -- Up-to-date: /home/aarambh/my_robot_ws/install/bumperbot_description/share/bumperbot_description/models/aws_robomaker_residential_FitnessEquipment_01/meshes/aws_FitnessEquipment_01_collision.DAE
[1.669s] -- Up-to-date: /home/aarambh/my_robot_ws/install/bumperbot_description/share/bumperbot_description/models/aws_robomaker_warehouse_ShelfE_01
[1.670s] -- Up-to-date: /home/aarambh/my_robot_ws/install/bumperbot_description/share/bumperbot_description/models/aws_robomaker_warehouse_ShelfE_01/model.sdf
[1.671s] -- Up-to-date: /home/aarambh/my_robot_ws/install/bumperbot_description/share/bumperbot_description/models/aws_robomaker_warehouse_ShelfE_01/materials
[1.671s] -- Up-to-date: /home/aarambh/my_robot_ws/install/bumperbot_description/share/bumperbot_description/models/aws_robomaker_warehouse_ShelfE_01/materials/.DS_Store
[1.672s] -- Up-to-date: /home/aarambh/my_robot_ws/install/bumperbot_description/share/bumperbot_description/models/aws_robomaker_warehouse_ShelfE_01/materials/textures
[1.672s] -- Up-to-date: /home/aarambh/my_robot_ws/install/bumperbot_description/share/bumperbot_description/models/aws_robomaker_warehouse_ShelfE_01/materials/textures/aws_robomaker_warehouse_ShelfE_02.png
[1.673s] -- Up-to-date: /home/aarambh/my_robot_ws/install/bumperbot_description/share/bumperbot_description/models/aws_robomaker_warehouse_ShelfE_01/materials/textures/aws_robomaker_warehouse_ShelfE_04.png
[1.673s] -- Up-to-date: /home/aarambh/my_robot_ws/install/bumperbot_description/share/bumperbot_description/models/aws_robomaker_warehouse_ShelfE_01/materials/textures/aws_robomaker_warehouse_ShelfE_03.png
[1.674s] -- Up-to-date: /home/aarambh/my_robot_ws/install/bumperbot_description/share/bumperbot_description/models/aws_robomaker_warehouse_ShelfE_01/materials/textures/aws_robomaker_warehouse_ShelfE_01.png
[1.674s] -- Up-to-date: /home/aarambh/my_robot_ws/install/bumperbot_description/share/bumperbot_description/models/aws_robomaker_warehouse_ShelfE_01/.DS_Store
[1.675s] -- Up-to-date: /home/aarambh/my_robot_ws/install/bumperbot_description/share/bumperbot_description/models/aws_robomaker_warehouse_ShelfE_01/model.config
[1.675s] -- Up-to-date: /home/aarambh/my_robot_ws/install/bumperbot_description/share/bumperbot_description/models/aws_robomaker_warehouse_ShelfE_01/meshes
[1.676s] -- Up-to-date: /home/aarambh/my_robot_ws/install/bumperbot_description/share/bumperbot_description/models/aws_robomaker_warehouse_ShelfE_01/meshes/aws_robomaker_warehouse_ShelfE_01_collision.DAE
[1.687s] -- Up-to-date: /home/aarambh/my_robot_ws/install/bumperbot_description/share/bumperbot_description/models/aws_robomaker_warehouse_ShelfE_01/meshes/aws_robomaker_warehouse_ShelfE_01_visual.DAE
[1.688s] -- Up-to-date: /home/aarambh/my_robot_ws/install/bumperbot_description/share/bumperbot_description/models/aws_robomaker_residential_ReadingDesk_01
[1.688s] -- Up-to-date: /home/aarambh/my_robot_ws/install/bumperbot_description/share/bumperbot_description/models/aws_robomaker_residential_ReadingDesk_01/model.sdf
[1.689s] -- Up-to-date: /home/aarambh/my_robot_ws/install/bumperbot_description/share/bumperbot_description/models/aws_robomaker_residential_ReadingDesk_01/materials
[1.689s] -- Up-to-date: /home/aarambh/my_robot_ws/install/bumperbot_description/share/bumperbot_description/models/aws_robomaker_residential_ReadingDesk_01/materials/textures
[1.690s] -- Up-to-date: /home/aarambh/my_robot_ws/install/bumperbot_description/share/bumperbot_description/models/aws_robomaker_residential_ReadingDesk_01/materials/textures/aws_ReadingDesk_01.png
[1.690s] -- Up-to-date: /home/aarambh/my_robot_ws/install/bumperbot_description/share/bumperbot_description/models/aws_robomaker_residential_ReadingDesk_01/model.config
[1.691s] -- Up-to-date: /home/aarambh/my_robot_ws/install/bumperbot_description/share/bumperbot_description/models/aws_robomaker_residential_ReadingDesk_01/meshes
[1.691s] -- Up-to-date: /home/aarambh/my_robot_ws/install/bumperbot_description/share/bumperbot_description/models/aws_robomaker_residential_ReadingDesk_01/meshes/aws_ReadingDesk_01_visual.DAE
[1.692s] -- Up-to-date: /home/aarambh/my_robot_ws/install/bumperbot_description/share/bumperbot_description/models/aws_robomaker_residential_ReadingDesk_01/meshes/aws_ReadingDesk_01_collision.DAE
[1.692s] -- Up-to-date: /home/aarambh/my_robot_ws/install/bumperbot_description/share/bumperbot_description/models/aws_robomaker_residential_CoffeeTable_01
[1.692s] -- Up-to-date: /home/aarambh/my_robot_ws/install/bumperbot_description/share/bumperbot_description/models/aws_robomaker_residential_CoffeeTable_01/model.sdf
[1.693s] -- Up-to-date: /home/aarambh/my_robot_ws/install/bumperbot_description/share/bumperbot_description/models/aws_robomaker_residential_CoffeeTable_01/materials
[1.694s] -- Up-to-date: /home/aarambh/my_robot_ws/install/bumperbot_description/share/bumperbot_description/models/aws_robomaker_residential_CoffeeTable_01/materials/textures
[1.696s] -- Up-to-date: /home/aarambh/my_robot_ws/install/bumperbot_description/share/bumperbot_description/models/aws_robomaker_residential_CoffeeTable_01/materials/textures/aws_CoffeeTable_01.png
[1.712s] -- Up-to-date: /home/aarambh/my_robot_ws/install/bumperbot_description/share/bumperbot_description/models/aws_robomaker_residential_CoffeeTable_01/model.config
[1.714s] -- Up-to-date: /home/aarambh/my_robot_ws/install/bumperbot_description/share/bumperbot_description/models/aws_robomaker_residential_CoffeeTable_01/meshes
[1.715s] -- Up-to-date: /home/aarambh/my_robot_ws/install/bumperbot_description/share/bumperbot_description/models/aws_robomaker_residential_CoffeeTable_01/meshes/aws_CoffeeTable_01_visual.DAE
[1.716s] -- Up-to-date: /home/aarambh/my_robot_ws/install/bumperbot_description/share/bumperbot_description/models/aws_robomaker_residential_CoffeeTable_01/meshes/aws_CoffeeTable_01_collision.DAE
[1.716s] -- Up-to-date: /home/aarambh/my_robot_ws/install/bumperbot_description/share/bumperbot_description/models/aws_robomaker_residential_Rangehood_01
[1.717s] -- Up-to-date: /home/aarambh/my_robot_ws/install/bumperbot_description/share/bumperbot_description/models/aws_robomaker_residential_Rangehood_01/model.sdf
[1.718s] -- Up-to-date: /home/aarambh/my_robot_ws/install/bumperbot_description/share/bumperbot_description/models/aws_robomaker_residential_Rangehood_01/materials
[1.718s] -- Up-to-date: /home/aarambh/my_robot_ws/install/bumperbot_description/share/bumperbot_description/models/aws_robomaker_residential_Rangehood_01/materials/textures
[1.719s] -- Up-to-date: /home/aarambh/my_robot_ws/install/bumperbot_description/share/bumperbot_description/models/aws_robomaker_residential_Rangehood_01/materials/textures/aws_Rangehood_01.png
[1.719s] -- Up-to-date: /home/aarambh/my_robot_ws/install/bumperbot_description/share/bumperbot_description/models/aws_robomaker_residential_Rangehood_01/model.config
[1.720s] -- Up-to-date: /home/aarambh/my_robot_ws/install/bumperbot_description/share/bumperbot_description/models/aws_robomaker_residential_Rangehood_01/meshes
[1.721s] -- Up-to-date: /home/aarambh/my_robot_ws/install/bumperbot_description/share/bumperbot_description/models/aws_robomaker_residential_Rangehood_01/meshes/aws_Rangehood_01_collision.DAE
[1.721s] -- Up-to-date: /home/aarambh/my_robot_ws/install/bumperbot_description/share/bumperbot_description/models/aws_robomaker_residential_Rangehood_01/meshes/aws_Rangehood_01_visual.DAE
[1.722s] -- Up-to-date: /home/aarambh/my_robot_ws/install/bumperbot_description/share/bumperbot_description/models/aws_robomaker_residential_HouseWallB_01
[1.722s] -- Up-to-date: /home/aarambh/my_robot_ws/install/bumperbot_description/share/bumperbot_description/models/aws_robomaker_residential_HouseWallB_01/model.sdf
[1.723s] -- Up-to-date: /home/aarambh/my_robot_ws/install/bumperbot_description/share/bumperbot_description/models/aws_robomaker_residential_HouseWallB_01/materials
[1.724s] -- Up-to-date: /home/aarambh/my_robot_ws/install/bumperbot_description/share/bumperbot_description/models/aws_robomaker_residential_HouseWallB_01/materials/textures
[1.724s] -- Up-to-date: /home/aarambh/my_robot_ws/install/bumperbot_description/share/bumperbot_description/models/aws_robomaker_residential_HouseWallB_01/materials/textures/aws_HouseWallB_01.png
[1.725s] -- Up-to-date: /home/aarambh/my_robot_ws/install/bumperbot_description/share/bumperbot_description/models/aws_robomaker_residential_HouseWallB_01/model.config
[1.725s] -- Up-to-date: /home/aarambh/my_robot_ws/install/bumperbot_description/share/bumperbot_description/models/aws_robomaker_residential_HouseWallB_01/meshes
[1.726s] -- Up-to-date: /home/aarambh/my_robot_ws/install/bumperbot_description/share/bumperbot_description/models/aws_robomaker_residential_HouseWallB_01/meshes/aws_HouseWallB_01_visual.DAE
[1.727s] -- Up-to-date: /home/aarambh/my_robot_ws/install/bumperbot_description/share/bumperbot_description/models/aws_robomaker_residential_HouseWallB_01/meshes/aws_HouseWallB_01_collision.DAE
[1.746s] -- Up-to-date: /home/aarambh/my_robot_ws/install/bumperbot_description/share/bumperbot_description/models/aws_robomaker_residential_PortraitB_01
[1.747s] -- Up-to-date: /home/aarambh/my_robot_ws/install/bumperbot_description/share/bumperbot_description/models/aws_robomaker_residential_PortraitB_01/model.sdf
[1.748s] -- Up-to-date: /home/aarambh/my_robot_ws/install/bumperbot_description/share/bumperbot_description/models/aws_robomaker_residential_PortraitB_01/materials
[1.748s] -- Up-to-date: /home/aarambh/my_robot_ws/install/bumperbot_description/share/bumperbot_description/models/aws_robomaker_residential_PortraitB_01/materials/textures
[1.749s] -- Up-to-date: /home/aarambh/my_robot_ws/install/bumperbot_description/share/bumperbot_description/models/aws_robomaker_residential_PortraitB_01/materials/textures/aws_PortraitB_01.png
[1.750s] -- Up-to-date: /home/aarambh/my_robot_ws/install/bumperbot_description/share/bumperbot_description/models/aws_robomaker_residential_PortraitB_01/materials/textures/aws_PortraitB_02.png
[1.750s] -- Up-to-date: /home/aarambh/my_robot_ws/install/bumperbot_description/share/bumperbot_description/models/aws_robomaker_residential_PortraitB_01/model.config
[1.751s] -- Up-to-date: /home/aarambh/my_robot_ws/install/bumperbot_description/share/bumperbot_description/models/aws_robomaker_residential_PortraitB_01/meshes
[1.751s] -- Up-to-date: /home/aarambh/my_robot_ws/install/bumperbot_description/share/bumperbot_description/models/aws_robomaker_residential_PortraitB_01/meshes/aws_PortraitB_01_collision.DAE
[1.752s] -- Up-to-date: /home/aarambh/my_robot_ws/install/bumperbot_description/share/bumperbot_description/models/aws_robomaker_residential_PortraitB_01/meshes/aws_PortraitB_01_visual.DAE
[1.753s] -- Up-to-date: /home/aarambh/my_robot_ws/install/bumperbot_description/share/bumperbot_description/models/aws_robomaker_residential_PortraitB_02
[1.753s] -- Up-to-date: /home/aarambh/my_robot_ws/install/bumperbot_description/share/bumperbot_description/models/aws_robomaker_residential_PortraitB_02/model.sdf
[1.754s] -- Up-to-date: /home/aarambh/my_robot_ws/install/bumperbot_description/share/bumperbot_description/models/aws_robomaker_residential_PortraitB_02/materials
[1.755s] -- Up-to-date: /home/aarambh/my_robot_ws/install/bumperbot_description/share/bumperbot_description/models/aws_robomaker_residential_PortraitB_02/materials/textures
[1.755s] -- Up-to-date: /home/aarambh/my_robot_ws/install/bumperbot_description/share/bumperbot_description/models/aws_robomaker_residential_PortraitB_02/materials/textures/aws_PortraitB_01.png
[1.756s] -- Up-to-date: /home/aarambh/my_robot_ws/install/bumperbot_description/share/bumperbot_description/models/aws_robomaker_residential_PortraitB_02/materials/textures/aws_PortraitB_02.png
[1.756s] -- Up-to-date: /home/aarambh/my_robot_ws/install/bumperbot_description/share/bumperbot_description/models/aws_robomaker_residential_PortraitB_02/model.config
[1.758s] -- Up-to-date: /home/aarambh/my_robot_ws/install/bumperbot_description/share/bumperbot_description/models/aws_robomaker_residential_PortraitB_02/meshes
[1.758s] -- Up-to-date: /home/aarambh/my_robot_ws/install/bumperbot_description/share/bumperbot_description/models/aws_robomaker_residential_PortraitB_02/meshes/aws_PortraitB_01_collision.DAE
[1.759s] -- Up-to-date: /home/aarambh/my_robot_ws/install/bumperbot_description/share/bumperbot_description/models/aws_robomaker_residential_PortraitB_02/meshes/aws_PortraitB_01_visual.DAE
[1.760s] -- Up-to-date: /home/aarambh/my_robot_ws/install/bumperbot_description/share/bumperbot_description/models/aws_robomaker_residential_DeskPortraitA_02
[1.760s] -- Up-to-date: /home/aarambh/my_robot_ws/install/bumperbot_description/share/bumperbot_description/models/aws_robomaker_residential_DeskPortraitA_02/model.sdf
[1.761s] -- Up-to-date: /home/aarambh/my_robot_ws/install/bumperbot_description/share/bumperbot_description/models/aws_robomaker_residential_DeskPortraitA_02/materials
[1.761s] -- Up-to-date: /home/aarambh/my_robot_ws/install/bumperbot_description/share/bumperbot_description/models/aws_robomaker_residential_DeskPortraitA_02/materials/textures
[1.762s] -- Up-to-date: /home/aarambh/my_robot_ws/install/bumperbot_description/share/bumperbot_description/models/aws_robomaker_residential_DeskPortraitA_02/materials/textures/aws_DeskPortraitA_01.png
[1.763s] -- Up-to-date: /home/aarambh/my_robot_ws/install/bumperbot_description/share/bumperbot_description/models/aws_robomaker_residential_DeskPortraitA_02/materials/textures/aws_DeskPortraitA_02.png
[1.764s] -- Up-to-date: /home/aarambh/my_robot_ws/install/bumperbot_description/share/bumperbot_description/models/aws_robomaker_residential_DeskPortraitA_02/model.config
[1.765s] -- Up-to-date: /home/aarambh/my_robot_ws/install/bumperbot_description/share/bumperbot_description/models/aws_robomaker_residential_DeskPortraitA_02/meshes
[1.766s] -- Up-to-date: /home/aarambh/my_robot_ws/install/bumperbot_description/share/bumperbot_description/models/aws_robomaker_residential_DeskPortraitA_02/meshes/aws_DeskPortraitA_01_visual.DAE
[1.766s] -- Up-to-date: /home/aarambh/my_robot_ws/install/bumperbot_description/share/bumperbot_description/models/aws_robomaker_residential_DeskPortraitA_02/meshes/aws_DeskPortraitA_01_collision.DAE
[1.767s] -- Up-to-date: /home/aarambh/my_robot_ws/install/bumperbot_description/share/bumperbot_description/models/aws_robomaker_residential_Sofa_01
[1.768s] -- Up-to-date: /home/aarambh/my_robot_ws/install/bumperbot_description/share/bumperbot_description/models/aws_robomaker_residential_Sofa_01/model.sdf
[1.769s] -- Up-to-date: /home/aarambh/my_robot_ws/install/bumperbot_description/share/bumperbot_description/models/aws_robomaker_residential_Sofa_01/materials
[1.769s] -- Up-to-date: /home/aarambh/my_robot_ws/install/bumperbot_description/share/bumperbot_description/models/aws_robomaker_residential_Sofa_01/materials/textures
[1.770s] -- Up-to-date: /home/aarambh/my_robot_ws/install/bumperbot_description/share/bumperbot_description/models/aws_robomaker_residential_Sofa_01/materials/textures/aws_Sofa_01.png
[1.771s] -- Up-to-date: /home/aarambh/my_robot_ws/install/bumperbot_description/share/bumperbot_description/models/aws_robomaker_residential_Sofa_01/model.config
[1.771s] -- Up-to-date: /home/aarambh/my_robot_ws/install/bumperbot_description/share/bumperbot_description/models/aws_robomaker_residential_Sofa_01/meshes
[1.772s] -- Up-to-date: /home/aarambh/my_robot_ws/install/bumperbot_description/share/bumperbot_description/models/aws_robomaker_residential_Sofa_01/meshes/aws_Sofa_01_visual.DAE
[1.772s] -- Up-to-date: /home/aarambh/my_robot_ws/install/bumperbot_description/share/bumperbot_description/models/aws_robomaker_residential_Sofa_01/meshes/aws_Sofa_01_collision.DAE
[1.773s] -- Up-to-date: /home/aarambh/my_robot_ws/install/bumperbot_description/share/bumperbot_description/models/aws_robomaker_residential_Sofa_01/meshes/aws_Sofa_01.DAE
[1.774s] -- Up-to-date: /home/aarambh/my_robot_ws/install/bumperbot_description/share/bumperbot_description/models/aws_robomaker_residential_Trash_01
[1.774s] -- Up-to-date: /home/aarambh/my_robot_ws/install/bumperbot_description/share/bumperbot_description/models/aws_robomaker_residential_Trash_01/model.sdf
[1.775s] -- Up-to-date: /home/aarambh/my_robot_ws/install/bumperbot_description/share/bumperbot_description/models/aws_robomaker_residential_Trash_01/materials
[1.775s] -- Up-to-date: /home/aarambh/my_robot_ws/install/bumperbot_description/share/bumperbot_description/models/aws_robomaker_residential_Trash_01/materials/textures
[1.776s] -- Up-to-date: /home/aarambh/my_robot_ws/install/bumperbot_description/share/bumperbot_description/models/aws_robomaker_residential_Trash_01/materials/textures/aws_Trash_01.png
[1.776s] -- Up-to-date: /home/aarambh/my_robot_ws/install/bumperbot_description/share/bumperbot_description/models/aws_robomaker_residential_Trash_01/model.config
[1.790s] -- Up-to-date: /home/aarambh/my_robot_ws/install/bumperbot_description/share/bumperbot_description/models/aws_robomaker_residential_Trash_01/meshes
[1.790s] -- Up-to-date: /home/aarambh/my_robot_ws/install/bumperbot_description/share/bumperbot_description/models/aws_robomaker_residential_Trash_01/meshes/aws_Trash_01_collision.DAE
[1.791s] -- Up-to-date: /home/aarambh/my_robot_ws/install/bumperbot_description/share/bumperbot_description/models/aws_robomaker_residential_Trash_01/meshes/aws_Trash_01_visual.DAE
[1.792s] -- Up-to-date: /home/aarambh/my_robot_ws/install/bumperbot_description/share/bumperbot_description/models/aws_robomaker_residential_Chandelier_01
[1.792s] -- Up-to-date: /home/aarambh/my_robot_ws/install/bumperbot_description/share/bumperbot_description/models/aws_robomaker_residential_Chandelier_01/model.sdf
[1.793s] -- Up-to-date: /home/aarambh/my_robot_ws/install/bumperbot_description/share/bumperbot_description/models/aws_robomaker_residential_Chandelier_01/materials
[1.794s] -- Up-to-date: /home/aarambh/my_robot_ws/install/bumperbot_description/share/bumperbot_description/models/aws_robomaker_residential_Chandelier_01/materials/textures
[1.794s] -- Up-to-date: /home/aarambh/my_robot_ws/install/bumperbot_description/share/bumperbot_description/models/aws_robomaker_residential_Chandelier_01/materials/textures/aws_Chandelier_01.png
[1.795s] -- Up-to-date: /home/aarambh/my_robot_ws/install/bumperbot_description/share/bumperbot_description/models/aws_robomaker_residential_Chandelier_01/model.config
[1.795s] -- Up-to-date: /home/aarambh/my_robot_ws/install/bumperbot_description/share/bumperbot_description/models/aws_robomaker_residential_Chandelier_01/meshes
[1.796s] -- Up-to-date: /home/aarambh/my_robot_ws/install/bumperbot_description/share/bumperbot_description/models/aws_robomaker_residential_Chandelier_01/meshes/aws_Chandelier_01_visual.DAE
[1.796s] -- Up-to-date: /home/aarambh/my_robot_ws/install/bumperbot_description/share/bumperbot_description/models/aws_robomaker_residential_Chandelier_01/meshes/aws_Chandelier_01.DAE
[1.796s] -- Up-to-date: /home/aarambh/my_robot_ws/install/bumperbot_description/share/bumperbot_description/models/aws_robomaker_residential_Chandelier_01/meshes/aws_Chandelier_01_collision.DAE
[1.797s] -- Up-to-date: /home/aarambh/my_robot_ws/install/bumperbot_description/share/bumperbot_description/models/aws_robomaker_residential_RoomWall_01
[1.809s] -- Up-to-date: /home/aarambh/my_robot_ws/install/bumperbot_description/share/bumperbot_description/models/aws_robomaker_residential_RoomWall_01/model.sdf
[1.809s] -- Up-to-date: /home/aarambh/my_robot_ws/install/bumperbot_description/share/bumperbot_description/models/aws_robomaker_residential_RoomWall_01/materials
[1.810s] -- Up-to-date: /home/aarambh/my_robot_ws/install/bumperbot_description/share/bumperbot_description/models/aws_robomaker_residential_RoomWall_01/materials/textures
[1.810s] -- Up-to-date: /home/aarambh/my_robot_ws/install/bumperbot_description/share/bumperbot_description/models/aws_robomaker_residential_RoomWall_01/materials/textures/aws_RoomWall_01.png
[1.811s] -- Up-to-date: /home/aarambh/my_robot_ws/install/bumperbot_description/share/bumperbot_description/models/aws_robomaker_residential_RoomWall_01/model.config
[1.812s] -- Up-to-date: /home/aarambh/my_robot_ws/install/bumperbot_description/share/bumperbot_description/models/aws_robomaker_residential_RoomWall_01/meshes
[1.812s] -- Up-to-date: /home/aarambh/my_robot_ws/install/bumperbot_description/share/bumperbot_description/models/aws_robomaker_residential_RoomWall_01/meshes/aws_RoomWall_01_visual.DAE
[1.813s] -- Up-to-date: /home/aarambh/my_robot_ws/install/bumperbot_description/share/bumperbot_description/models/aws_robomaker_residential_RoomWall_01/meshes/aws_RoomWall_01_collision.DAE
[1.813s] -- Up-to-date: /home/aarambh/my_robot_ws/install/bumperbot_description/share/bumperbot_description/models/aws_robomaker_residential_TV_02
[1.814s] -- Up-to-date: /home/aarambh/my_robot_ws/install/bumperbot_description/share/bumperbot_description/models/aws_robomaker_residential_TV_02/model.sdf
[1.814s] -- Up-to-date: /home/aarambh/my_robot_ws/install/bumperbot_description/share/bumperbot_description/models/aws_robomaker_residential_TV_02/materials
[1.815s] -- Up-to-date: /home/aarambh/my_robot_ws/install/bumperbot_description/share/bumperbot_description/models/aws_robomaker_residential_TV_02/materials/textures
[1.816s] -- Up-to-date: /home/aarambh/my_robot_ws/install/bumperbot_description/share/bumperbot_description/models/aws_robomaker_residential_TV_02/materials/textures/aws_TV_01.png
[1.816s] -- Up-to-date: /home/aarambh/my_robot_ws/install/bumperbot_description/share/bumperbot_description/models/aws_robomaker_residential_TV_02/model.config
[1.817s] -- Up-to-date: /home/aarambh/my_robot_ws/install/bumperbot_description/share/bumperbot_description/models/aws_robomaker_residential_TV_02/meshes
[1.818s] -- Up-to-date: /home/aarambh/my_robot_ws/install/bumperbot_description/share/bumperbot_description/models/aws_robomaker_residential_TV_02/meshes/aws_TV_01_collision.DAE
[1.818s] -- Up-to-date: /home/aarambh/my_robot_ws/install/bumperbot_description/share/bumperbot_description/models/aws_robomaker_residential_TV_02/meshes/aws_TV_01_visual.DAE
[1.834s] -- Up-to-date: /home/aarambh/my_robot_ws/install/bumperbot_description/share/bumperbot_description/models/aws_robomaker_warehouse_ClutteringD_01
[1.834s] -- Up-to-date: /home/aarambh/my_robot_ws/install/bumperbot_description/share/bumperbot_description/models/aws_robomaker_warehouse_ClutteringD_01/model.sdf
[1.835s] -- Up-to-date: /home/aarambh/my_robot_ws/install/bumperbot_description/share/bumperbot_description/models/aws_robomaker_warehouse_ClutteringD_01/materials
[1.836s] -- Up-to-date: /home/aarambh/my_robot_ws/install/bumperbot_description/share/bumperbot_description/models/aws_robomaker_warehouse_ClutteringD_01/materials/textures
[1.836s] -- Up-to-date: /home/aarambh/my_robot_ws/install/bumperbot_description/share/bumperbot_description/models/aws_robomaker_warehouse_ClutteringD_01/materials/textures/aws_robomaker_warehouse_ClutteringD_01.png
[1.837s] -- Up-to-date: /home/aarambh/my_robot_ws/install/bumperbot_description/share/bumperbot_description/models/aws_robomaker_warehouse_ClutteringD_01/materials/textures/aws_robomaker_warehouse_ClutteringD_02.png
[1.838s] -- Up-to-date: /home/aarambh/my_robot_ws/install/bumperbot_description/share/bumperbot_description/models/aws_robomaker_warehouse_ClutteringD_01/model.config
[1.838s] -- Up-to-date: /home/aarambh/my_robot_ws/install/bumperbot_description/share/bumperbot_description/models/aws_robomaker_warehouse_ClutteringD_01/meshes
[1.839s] -- Up-to-date: /home/aarambh/my_robot_ws/install/bumperbot_description/share/bumperbot_description/models/aws_robomaker_warehouse_ClutteringD_01/meshes/aws_robomaker_warehouse_ClutteringD_01_collision.DAE
[1.851s] -- Up-to-date: /home/aarambh/my_robot_ws/install/bumperbot_description/share/bumperbot_description/models/aws_robomaker_warehouse_ClutteringD_01/meshes/aws_robomaker_warehouse_ClutteringD_01_visual.DAE
[1.854s] -- Up-to-date: /home/aarambh/my_robot_ws/install/bumperbot_description/share/bumperbot_description/models/aws_robomaker_residential_PortraitD_02
[1.854s] -- Up-to-date: /home/aarambh/my_robot_ws/install/bumperbot_description/share/bumperbot_description/models/aws_robomaker_residential_PortraitD_02/model.sdf
[1.855s] -- Up-to-date: /home/aarambh/my_robot_ws/install/bumperbot_description/share/bumperbot_description/models/aws_robomaker_residential_PortraitD_02/materials
[1.856s] -- Up-to-date: /home/aarambh/my_robot_ws/install/bumperbot_description/share/bumperbot_description/models/aws_robomaker_residential_PortraitD_02/materials/textures
[1.856s] -- Up-to-date: /home/aarambh/my_robot_ws/install/bumperbot_description/share/bumperbot_description/models/aws_robomaker_residential_PortraitD_02/materials/textures/aws_PortraitD_01.png
[1.857s] -- Up-to-date: /home/aarambh/my_robot_ws/install/bumperbot_description/share/bumperbot_description/models/aws_robomaker_residential_PortraitD_02/materials/textures/aws_PortraitD_02.png
[1.857s] -- Up-to-date: /home/aarambh/my_robot_ws/install/bumperbot_description/share/bumperbot_description/models/aws_robomaker_residential_PortraitD_02/model.config
[1.858s] -- Up-to-date: /home/aarambh/my_robot_ws/install/bumperbot_description/share/bumperbot_description/models/aws_robomaker_residential_PortraitD_02/meshes
[1.859s] -- Up-to-date: /home/aarambh/my_robot_ws/install/bumperbot_description/share/bumperbot_description/models/aws_robomaker_residential_PortraitD_02/meshes/aws_PortraitD_01_visual.DAE
[1.859s] -- Up-to-date: /home/aarambh/my_robot_ws/install/bumperbot_description/share/bumperbot_description/models/aws_robomaker_residential_PortraitD_02/meshes/aws_PortraitD_01_collision.DAE
[1.860s] -- Up-to-date: /home/aarambh/my_robot_ws/install/bumperbot_description/share/bumperbot_description/models/aws_robomaker_residential_SecurityCamera_01
[1.870s] -- Up-to-date: /home/aarambh/my_robot_ws/install/bumperbot_description/share/bumperbot_description/models/aws_robomaker_residential_SecurityCamera_01/model.sdf
[1.870s] -- Up-to-date: /home/aarambh/my_robot_ws/install/bumperbot_description/share/bumperbot_description/models/aws_robomaker_residential_SecurityCamera_01/materials
[1.871s] -- Up-to-date: /home/aarambh/my_robot_ws/install/bumperbot_description/share/bumperbot_description/models/aws_robomaker_residential_SecurityCamera_01/materials/textures
[1.871s] -- Up-to-date: /home/aarambh/my_robot_ws/install/bumperbot_description/share/bumperbot_description/models/aws_robomaker_residential_SecurityCamera_01/materials/textures/aws_SecurityCamera_01.png
[1.872s] -- Up-to-date: /home/aarambh/my_robot_ws/install/bumperbot_description/share/bumperbot_description/models/aws_robomaker_residential_SecurityCamera_01/model.config
[1.872s] -- Up-to-date: /home/aarambh/my_robot_ws/install/bumperbot_description/share/bumperbot_description/models/aws_robomaker_residential_SecurityCamera_01/meshes
[1.873s] -- Up-to-date: /home/aarambh/my_robot_ws/install/bumperbot_description/share/bumperbot_description/models/aws_robomaker_residential_SecurityCamera_01/meshes/aws_SecurityCamera_01_collision.DAE
[1.874s] -- Up-to-date: /home/aarambh/my_robot_ws/install/bumperbot_description/share/bumperbot_description/models/aws_robomaker_residential_SecurityCamera_01/meshes/aws_SecurityCamera_01_visual.DAE
[1.874s] -- Up-to-date: /home/aarambh/my_robot_ws/install/bumperbot_description/share/bumperbot_description/models/aws_robomaker_residential_PortraitC_01
[1.875s] -- Up-to-date: /home/aarambh/my_robot_ws/install/bumperbot_description/share/bumperbot_description/models/aws_robomaker_residential_PortraitC_01/model.sdf
[1.875s] -- Up-to-date: /home/aarambh/my_robot_ws/install/bumperbot_description/share/bumperbot_description/models/aws_robomaker_residential_PortraitC_01/materials
[1.876s] -- Up-to-date: /home/aarambh/my_robot_ws/install/bumperbot_description/share/bumperbot_description/models/aws_robomaker_residential_PortraitC_01/materials/textures
[1.877s] -- Up-to-date: /home/aarambh/my_robot_ws/install/bumperbot_description/share/bumperbot_description/models/aws_robomaker_residential_PortraitC_01/materials/textures/aws_PortraitC_02.png
[1.877s] -- Up-to-date: /home/aarambh/my_robot_ws/install/bumperbot_description/share/bumperbot_description/models/aws_robomaker_residential_PortraitC_01/materials/textures/aws_PortraitC_01.png
[1.878s] -- Up-to-date: /home/aarambh/my_robot_ws/install/bumperbot_description/share/bumperbot_description/models/aws_robomaker_residential_PortraitC_01/model.config
[1.878s] -- Up-to-date: /home/aarambh/my_robot_ws/install/bumperbot_description/share/bumperbot_description/models/aws_robomaker_residential_PortraitC_01/meshes
[1.879s] -- Up-to-date: /home/aarambh/my_robot_ws/install/bumperbot_description/share/bumperbot_description/models/aws_robomaker_residential_PortraitC_01/meshes/aws_PortraitC_01_visual.DAE
[1.879s] -- Up-to-date: /home/aarambh/my_robot_ws/install/bumperbot_description/share/bumperbot_description/models/aws_robomaker_residential_PortraitC_01/meshes/aws_PortraitC_01_collision.DAE
[1.880s] -- Up-to-date: /home/aarambh/my_robot_ws/install/bumperbot_description/share/bumperbot_description/photos
[1.880s] -- Up-to-date: /home/aarambh/my_robot_ws/install/bumperbot_description/share/bumperbot_description/photos/DeskPortraitC_01.jpg
[1.881s] -- Up-to-date: /home/aarambh/my_robot_ws/install/bumperbot_description/share/bumperbot_description/photos/DeskPortraitA_02.jpg
[1.882s] -- Up-to-date: /home/aarambh/my_robot_ws/install/bumperbot_description/share/bumperbot_description/photos/PortraitC_01.jpg
[1.882s] -- Up-to-date: /home/aarambh/my_robot_ws/install/bumperbot_description/share/bumperbot_description/photos/DeskPortraitD_04.jpg
[1.883s] -- Up-to-date: /home/aarambh/my_robot_ws/install/bumperbot_description/share/bumperbot_description/photos/PortraitD_01.jpg
[1.883s] -- Up-to-date: /home/aarambh/my_robot_ws/install/bumperbot_description/share/bumperbot_description/photos/PortraitB_01.jpg
[1.883s] -- Up-to-date: /home/aarambh/my_robot_ws/install/bumperbot_description/share/bumperbot_description/photos/DeskPortraitD_02.jpg
[1.884s] -- Up-to-date: /home/aarambh/my_robot_ws/install/bumperbot_description/share/bumperbot_description/photos/DeskPortraitC_02.jpg
[1.884s] -- Up-to-date: /home/aarambh/my_robot_ws/install/bumperbot_description/share/bumperbot_description/photos/PortraitA_01.jpg
[1.885s] -- Up-to-date: /home/aarambh/my_robot_ws/install/bumperbot_description/share/bumperbot_description/photos/PortraitE_01.jpg
[1.886s] -- Up-to-date: /home/aarambh/my_robot_ws/install/bumperbot_description/share/bumperbot_description/photos/PortraitA_02.jpg
[1.886s] -- Up-to-date: /home/aarambh/my_robot_ws/install/bumperbot_description/share/bumperbot_description/photos/DeskPortraitB_02.jpg
[1.887s] -- Up-to-date: /home/aarambh/my_robot_ws/install/bumperbot_description/share/bumperbot_description/photos/DeskPortraitA_01.jpg
[1.887s] -- Up-to-date: /home/aarambh/my_robot_ws/install/bumperbot_description/share/bumperbot_description/photos/PortraitB_03.jpg
[1.887s] -- Up-to-date: /home/aarambh/my_robot_ws/install/bumperbot_description/share/bumperbot_description/photos/PortraitE_02.jpg
[1.888s] -- Up-to-date: /home/aarambh/my_robot_ws/install/bumperbot_description/share/bumperbot_description/photos/DeskPortraitD_03.jpg
[1.888s] -- Up-to-date: /home/aarambh/my_robot_ws/install/bumperbot_description/share/bumperbot_description/photos/DeskPortraitB_01.jpg
[1.889s] -- Up-to-date: /home/aarambh/my_robot_ws/install/bumperbot_description/share/bumperbot_description/photos/PortraitB_02.jpg
[1.901s] -- Up-to-date: /home/aarambh/my_robot_ws/install/bumperbot_description/share/bumperbot_description/photos/PortraitD_02.jpg
[1.902s] -- Up-to-date: /home/aarambh/my_robot_ws/install/bumperbot_description/share/bumperbot_description/photos/DeskPortraitD_01.jpg
[1.902s] -- Up-to-date: /home/aarambh/my_robot_ws/install/bumperbot_description/share/bumperbot_description/urdf
[1.903s] -- Up-to-date: /home/aarambh/my_robot_ws/install/bumperbot_description/share/bumperbot_description/urdf/bumperbot_gazebo.xacro
[1.903s] -- Up-to-date: /home/aarambh/my_robot_ws/install/bumperbot_description/share/bumperbot_description/urdf/bumperbot_ros2_control.xacro
[1.904s] -- Up-to-date: /home/aarambh/my_robot_ws/install/bumperbot_description/share/bumperbot_description/urdf/bumperbot.urdf.xacro
[1.904s] -- Up-to-date: /home/aarambh/my_robot_ws/install/bumperbot_description/share/bumperbot_description/rviz
[1.905s] -- Up-to-date: /home/aarambh/my_robot_ws/install/bumperbot_description/share/bumperbot_description/rviz/display.rviz
[1.906s] -- Up-to-date: /home/aarambh/my_robot_ws/install/bumperbot_description/share/bumperbot_description/worlds
[1.906s] -- Up-to-date: /home/aarambh/my_robot_ws/install/bumperbot_description/share/bumperbot_description/worlds/empty.world
[1.907s] -- Up-to-date: /home/aarambh/my_robot_ws/install/bumperbot_description/share/bumperbot_description/worlds/small_warehouse.world
[1.907s] -- Up-to-date: /home/aarambh/my_robot_ws/install/bumperbot_description/share/bumperbot_description/worlds/small_house.world
[1.908s] -- Up-to-date: /home/aarambh/my_robot_ws/install/bumperbot_description/share/ament_index/resource_index/package_run_dependencies/bumperbot_description
[1.908s] -- Up-to-date: /home/aarambh/my_robot_ws/install/bumperbot_description/share/ament_index/resource_index/parent_prefix_path/bumperbot_description
[1.909s] -- Up-to-date: /home/aarambh/my_robot_ws/install/bumperbot_description/share/bumperbot_description/environment/ament_prefix_path.sh
[1.910s] -- Up-to-date: /home/aarambh/my_robot_ws/install/bumperbot_description/share/bumperbot_description/environment/ament_prefix_path.dsv
[1.910s] -- Up-to-date: /home/aarambh/my_robot_ws/install/bumperbot_description/share/bumperbot_description/environment/path.sh
[1.911s] -- Up-to-date: /home/aarambh/my_robot_ws/install/bumperbot_description/share/bumperbot_description/environment/path.dsv
[1.911s] -- Up-to-date: /home/aarambh/my_robot_ws/install/bumperbot_description/share/bumperbot_description/local_setup.bash
[1.912s] -- Up-to-date: /home/aarambh/my_robot_ws/install/bumperbot_description/share/bumperbot_description/local_setup.sh
[1.912s] -- Up-to-date: /home/aarambh/my_robot_ws/install/bumperbot_description/share/bumperbot_description/local_setup.zsh
[1.913s] -- Up-to-date: /home/aarambh/my_robot_ws/install/bumperbot_description/share/bumperbot_description/local_setup.dsv
[1.926s] -- Installing: /home/aarambh/my_robot_ws/install/bumperbot_description/share/bumperbot_description/package.dsv
[1.926s] -- Up-to-date: /home/aarambh/my_robot_ws/install/bumperbot_description/share/ament_index/resource_index/packages/bumperbot_description
[1.927s] -- Up-to-date: /home/aarambh/my_robot_ws/install/bumperbot_description/share/bumperbot_description/cmake/bumperbot_descriptionConfig.cmake
[1.927s] -- Up-to-date: /home/aarambh/my_robot_ws/install/bumperbot_description/share/bumperbot_description/cmake/bumperbot_descriptionConfig-version.cmake
[1.928s] -- Up-to-date: /home/aarambh/my_robot_ws/install/bumperbot_description/share/bumperbot_description/package.xml
[1.929s] Invoked command in '/home/aarambh/my_robot_ws/build/bumperbot_description' returned '0': CMAKE_PREFIX_PATH=${CMAKE_PREFIX_PATH}:/home/aarambh/my_robot_ws/install/bumperbot_py_examples:/opt/ros/humble /usr/bin/cmake --install /home/aarambh/my_robot_ws/build/bumperbot_description
