[0.498s] DEBUG:colcon:Command line arguments: ['/usr/bin/colcon', 'build']
[0.499s] DEBUG:colcon:Parsed command line arguments: Namespace(log_base=None, log_level=None, verb_name='build', build_base='build', install_base='install', merge_install=False, symlink_install=False, test_result_base=None, continue_on_error=False, executor='parallel', parallel_workers=4, event_handlers=None, ignore_user_meta=False, metas=['./colcon.meta'], base_paths=['.'], packages_ignore=None, packages_ignore_regex=None, paths=None, packages_up_to=None, packages_up_to_regex=None, packages_above=None, packages_above_and_dependencies=None, packages_above_depth=None, packages_select_by_dep=None, packages_skip_by_dep=None, packages_skip_up_to=None, packages_select_build_failed=False, packages_skip_build_finished=False, packages_select_test_failures=False, packages_skip_test_passed=False, packages_select=None, packages_skip=None, packages_select_regex=None, packages_skip_regex=None, packages_start=None, packages_end=None, allow_overriding=[], cmake_args=None, cmake_target=None, cmake_target_skip_unavailable=False, cmake_clean_cache=False, cmake_clean_first=False, cmake_force_configure=False, ament_cmake_args=None, catkin_cmake_args=None, catkin_skip_building_tests=False, mixin_files=None, mixin=None, verb_parser=<colcon_mixin.mixin.mixin_argument.MixinArgumentDecorator object at 0xffff9c2e7ee0>, verb_extension=<colcon_core.verb.build.BuildVerb object at 0xffff9c4c4e80>, main=<bound method BuildVerb.main of <colcon_core.verb.build.BuildVerb object at 0xffff9c4c4e80>>, mixin_verb=('build',))
[1.378s] Level 1:colcon.colcon_core.package_discovery:discover_packages(colcon_meta) check parameters
[1.378s] Level 1:colcon.colcon_core.package_discovery:discover_packages(recursive) check parameters
[1.378s] Level 1:colcon.colcon_core.package_discovery:discover_packages(ignore) check parameters
[1.378s] Level 1:colcon.colcon_core.package_discovery:discover_packages(path) check parameters
[1.378s] Level 1:colcon.colcon_core.package_discovery:discover_packages(colcon_meta) discover
[1.379s] Level 1:colcon.colcon_core.package_discovery:discover_packages(recursive) discover
[1.379s] INFO:colcon.colcon_core.package_discovery:Crawling recursively for packages in '/home/aarambh/my_robot_ws'
[1.379s] Level 1:colcon.colcon_core.package_identification:_identify(.) by extensions ['ignore', 'ignore_ament_install']
[1.380s] Level 1:colcon.colcon_core.package_identification:_identify(.) by extension 'ignore'
[1.380s] Level 1:colcon.colcon_core.package_identification:_identify(.) by extension 'ignore_ament_install'
[1.380s] Level 1:colcon.colcon_core.package_identification:_identify(.) by extensions ['colcon_pkg']
[1.380s] Level 1:colcon.colcon_core.package_identification:_identify(.) by extension 'colcon_pkg'
[1.380s] Level 1:colcon.colcon_core.package_identification:_identify(.) by extensions ['colcon_meta']
[1.380s] Level 1:colcon.colcon_core.package_identification:_identify(.) by extension 'colcon_meta'
[1.381s] Level 1:colcon.colcon_core.package_identification:_identify(.) by extensions ['ros']
[1.381s] Level 1:colcon.colcon_core.package_identification:_identify(.) by extension 'ros'
[1.425s] Level 1:colcon.colcon_core.package_identification:_identify(.) by extensions ['cmake', 'python']
[1.425s] Level 1:colcon.colcon_core.package_identification:_identify(.) by extension 'cmake'
[1.426s] Level 1:colcon.colcon_core.package_identification:_identify(.) by extension 'python'
[1.426s] Level 1:colcon.colcon_core.package_identification:_identify(.) by extensions ['python_setup_py']
[1.426s] Level 1:colcon.colcon_core.package_identification:_identify(.) by extension 'python_setup_py'
[1.426s] Level 1:colcon.colcon_core.package_identification:_identify(build) by extensions ['ignore', 'ignore_ament_install']
[1.427s] Level 1:colcon.colcon_core.package_identification:_identify(build) by extension 'ignore'
[1.428s] Level 1:colcon.colcon_core.package_identification:_identify(build) ignored
[1.428s] Level 1:colcon.colcon_core.package_identification:_identify(install) by extensions ['ignore', 'ignore_ament_install']
[1.429s] Level 1:colcon.colcon_core.package_identification:_identify(install) by extension 'ignore'
[1.429s] Level 1:colcon.colcon_core.package_identification:_identify(install) ignored
[1.429s] Level 1:colcon.colcon_core.package_identification:_identify(log) by extensions ['ignore', 'ignore_ament_install']
[1.430s] Level 1:colcon.colcon_core.package_identification:_identify(log) by extension 'ignore'
[1.430s] Level 1:colcon.colcon_core.package_identification:_identify(log) ignored
[1.430s] Level 1:colcon.colcon_core.package_identification:_identify(src) by extensions ['ignore', 'ignore_ament_install']
[1.431s] Level 1:colcon.colcon_core.package_identification:_identify(src) by extension 'ignore'
[1.431s] Level 1:colcon.colcon_core.package_identification:_identify(src) by extension 'ignore_ament_install'
[1.431s] Level 1:colcon.colcon_core.package_identification:_identify(src) by extensions ['colcon_pkg']
[1.431s] Level 1:colcon.colcon_core.package_identification:_identify(src) by extension 'colcon_pkg'
[1.431s] Level 1:colcon.colcon_core.package_identification:_identify(src) by extensions ['colcon_meta']
[1.431s] Level 1:colcon.colcon_core.package_identification:_identify(src) by extension 'colcon_meta'
[1.432s] Level 1:colcon.colcon_core.package_identification:_identify(src) by extensions ['ros']
[1.432s] Level 1:colcon.colcon_core.package_identification:_identify(src) by extension 'ros'
[1.432s] Level 1:colcon.colcon_core.package_identification:_identify(src) by extensions ['cmake', 'python']
[1.432s] Level 1:colcon.colcon_core.package_identification:_identify(src) by extension 'cmake'
[1.432s] Level 1:colcon.colcon_core.package_identification:_identify(src) by extension 'python'
[1.432s] Level 1:colcon.colcon_core.package_identification:_identify(src) by extensions ['python_setup_py']
[1.433s] Level 1:colcon.colcon_core.package_identification:_identify(src) by extension 'python_setup_py'
[1.433s] Level 1:colcon.colcon_core.package_identification:_identify(src/bumperbot_bringup) by extensions ['ignore', 'ignore_ament_install']
[1.433s] Level 1:colcon.colcon_core.package_identification:_identify(src/bumperbot_bringup) by extension 'ignore'
[1.434s] Level 1:colcon.colcon_core.package_identification:_identify(src/bumperbot_bringup) by extension 'ignore_ament_install'
[1.434s] Level 1:colcon.colcon_core.package_identification:_identify(src/bumperbot_bringup) by extensions ['colcon_pkg']
[1.434s] Level 1:colcon.colcon_core.package_identification:_identify(src/bumperbot_bringup) by extension 'colcon_pkg'
[1.434s] Level 1:colcon.colcon_core.package_identification:_identify(src/bumperbot_bringup) by extensions ['colcon_meta']
[1.434s] Level 1:colcon.colcon_core.package_identification:_identify(src/bumperbot_bringup) by extension 'colcon_meta'
[1.434s] Level 1:colcon.colcon_core.package_identification:_identify(src/bumperbot_bringup) by extensions ['ros']
[1.434s] Level 1:colcon.colcon_core.package_identification:_identify(src/bumperbot_bringup) by extension 'ros'
[1.443s] DEBUG:colcon.colcon_core.package_identification:Package 'src/bumperbot_bringup' with type 'ros.ament_cmake' and name 'bumperbot_bringup'
[1.444s] Level 1:colcon.colcon_core.package_identification:_identify(src/bumperbot_controller) by extensions ['ignore', 'ignore_ament_install']
[1.444s] Level 1:colcon.colcon_core.package_identification:_identify(src/bumperbot_controller) by extension 'ignore'
[1.444s] Level 1:colcon.colcon_core.package_identification:_identify(src/bumperbot_controller) by extension 'ignore_ament_install'
[1.444s] Level 1:colcon.colcon_core.package_identification:_identify(src/bumperbot_controller) by extensions ['colcon_pkg']
[1.444s] Level 1:colcon.colcon_core.package_identification:_identify(src/bumperbot_controller) by extension 'colcon_pkg'
[1.445s] Level 1:colcon.colcon_core.package_identification:_identify(src/bumperbot_controller) by extensions ['colcon_meta']
[1.445s] Level 1:colcon.colcon_core.package_identification:_identify(src/bumperbot_controller) by extension 'colcon_meta'
[1.445s] Level 1:colcon.colcon_core.package_identification:_identify(src/bumperbot_controller) by extensions ['ros']
[1.445s] Level 1:colcon.colcon_core.package_identification:_identify(src/bumperbot_controller) by extension 'ros'
[1.451s] DEBUG:colcon.colcon_core.package_identification:Package 'src/bumperbot_controller' with type 'ros.ament_cmake' and name 'bumperbot_controller'
[1.451s] Level 1:colcon.colcon_core.package_identification:_identify(src/bumperbot_cpp_examples) by extensions ['ignore', 'ignore_ament_install']
[1.452s] Level 1:colcon.colcon_core.package_identification:_identify(src/bumperbot_cpp_examples) by extension 'ignore'
[1.452s] Level 1:colcon.colcon_core.package_identification:_identify(src/bumperbot_cpp_examples) by extension 'ignore_ament_install'
[1.452s] Level 1:colcon.colcon_core.package_identification:_identify(src/bumperbot_cpp_examples) by extensions ['colcon_pkg']
[1.452s] Level 1:colcon.colcon_core.package_identification:_identify(src/bumperbot_cpp_examples) by extension 'colcon_pkg'
[1.452s] Level 1:colcon.colcon_core.package_identification:_identify(src/bumperbot_cpp_examples) by extensions ['colcon_meta']
[1.452s] Level 1:colcon.colcon_core.package_identification:_identify(src/bumperbot_cpp_examples) by extension 'colcon_meta'
[1.453s] Level 1:colcon.colcon_core.package_identification:_identify(src/bumperbot_cpp_examples) by extensions ['ros']
[1.453s] Level 1:colcon.colcon_core.package_identification:_identify(src/bumperbot_cpp_examples) by extension 'ros'
[1.458s] DEBUG:colcon.colcon_core.package_identification:Package 'src/bumperbot_cpp_examples' with type 'ros.ament_cmake' and name 'bumperbot_cpp_examples'
[1.458s] Level 1:colcon.colcon_core.package_identification:_identify(src/bumperbot_description) by extensions ['ignore', 'ignore_ament_install']
[1.459s] Level 1:colcon.colcon_core.package_identification:_identify(src/bumperbot_description) by extension 'ignore'
[1.459s] Level 1:colcon.colcon_core.package_identification:_identify(src/bumperbot_description) by extension 'ignore_ament_install'
[1.459s] Level 1:colcon.colcon_core.package_identification:_identify(src/bumperbot_description) by extensions ['colcon_pkg']
[1.459s] Level 1:colcon.colcon_core.package_identification:_identify(src/bumperbot_description) by extension 'colcon_pkg'
[1.459s] Level 1:colcon.colcon_core.package_identification:_identify(src/bumperbot_description) by extensions ['colcon_meta']
[1.460s] Level 1:colcon.colcon_core.package_identification:_identify(src/bumperbot_description) by extension 'colcon_meta'
[1.460s] Level 1:colcon.colcon_core.package_identification:_identify(src/bumperbot_description) by extensions ['ros']
[1.460s] Level 1:colcon.colcon_core.package_identification:_identify(src/bumperbot_description) by extension 'ros'
[1.474s] DEBUG:colcon.colcon_core.package_identification:Package 'src/bumperbot_description' with type 'ros.ament_cmake' and name 'bumperbot_description'
[1.475s] Level 1:colcon.colcon_core.package_identification:_identify(src/bumperbot_firmware) by extensions ['ignore', 'ignore_ament_install']
[1.475s] Level 1:colcon.colcon_core.package_identification:_identify(src/bumperbot_firmware) by extension 'ignore'
[1.475s] Level 1:colcon.colcon_core.package_identification:_identify(src/bumperbot_firmware) by extension 'ignore_ament_install'
[1.475s] Level 1:colcon.colcon_core.package_identification:_identify(src/bumperbot_firmware) by extensions ['colcon_pkg']
[1.476s] Level 1:colcon.colcon_core.package_identification:_identify(src/bumperbot_firmware) by extension 'colcon_pkg'
[1.476s] Level 1:colcon.colcon_core.package_identification:_identify(src/bumperbot_firmware) by extensions ['colcon_meta']
[1.476s] Level 1:colcon.colcon_core.package_identification:_identify(src/bumperbot_firmware) by extension 'colcon_meta'
[1.476s] Level 1:colcon.colcon_core.package_identification:_identify(src/bumperbot_firmware) by extensions ['ros']
[1.476s] Level 1:colcon.colcon_core.package_identification:_identify(src/bumperbot_firmware) by extension 'ros'
[1.480s] DEBUG:colcon.colcon_core.package_identification:Package 'src/bumperbot_firmware' with type 'ros.ament_cmake' and name 'bumperbot_firmware'
[1.481s] Level 1:colcon.colcon_core.package_identification:_identify(src/bumperbot_localization) by extensions ['ignore', 'ignore_ament_install']
[1.481s] Level 1:colcon.colcon_core.package_identification:_identify(src/bumperbot_localization) by extension 'ignore'
[1.481s] Level 1:colcon.colcon_core.package_identification:_identify(src/bumperbot_localization) by extension 'ignore_ament_install'
[1.482s] Level 1:colcon.colcon_core.package_identification:_identify(src/bumperbot_localization) by extensions ['colcon_pkg']
[1.482s] Level 1:colcon.colcon_core.package_identification:_identify(src/bumperbot_localization) by extension 'colcon_pkg'
[1.482s] Level 1:colcon.colcon_core.package_identification:_identify(src/bumperbot_localization) by extensions ['colcon_meta']
[1.482s] Level 1:colcon.colcon_core.package_identification:_identify(src/bumperbot_localization) by extension 'colcon_meta'
[1.482s] Level 1:colcon.colcon_core.package_identification:_identify(src/bumperbot_localization) by extensions ['ros']
[1.482s] Level 1:colcon.colcon_core.package_identification:_identify(src/bumperbot_localization) by extension 'ros'
[1.522s] DEBUG:colcon.colcon_core.package_identification:Package 'src/bumperbot_localization' with type 'ros.ament_cmake' and name 'bumperbot_localization'
[1.523s] Level 1:colcon.colcon_core.package_identification:_identify(src/bumperbot_mapping) by extensions ['ignore', 'ignore_ament_install']
[1.523s] Level 1:colcon.colcon_core.package_identification:_identify(src/bumperbot_mapping) by extension 'ignore'
[1.524s] Level 1:colcon.colcon_core.package_identification:_identify(src/bumperbot_mapping) by extension 'ignore_ament_install'
[1.524s] Level 1:colcon.colcon_core.package_identification:_identify(src/bumperbot_mapping) by extensions ['colcon_pkg']
[1.524s] Level 1:colcon.colcon_core.package_identification:_identify(src/bumperbot_mapping) by extension 'colcon_pkg'
[1.524s] Level 1:colcon.colcon_core.package_identification:_identify(src/bumperbot_mapping) by extensions ['colcon_meta']
[1.524s] Level 1:colcon.colcon_core.package_identification:_identify(src/bumperbot_mapping) by extension 'colcon_meta'
[1.524s] Level 1:colcon.colcon_core.package_identification:_identify(src/bumperbot_mapping) by extensions ['ros']
[1.525s] Level 1:colcon.colcon_core.package_identification:_identify(src/bumperbot_mapping) by extension 'ros'
[1.529s] DEBUG:colcon.colcon_core.package_identification:Package 'src/bumperbot_mapping' with type 'ros.ament_cmake' and name 'bumperbot_mapping'
[1.529s] Level 1:colcon.colcon_core.package_identification:_identify(src/bumperbot_motion) by extensions ['ignore', 'ignore_ament_install']
[1.529s] Level 1:colcon.colcon_core.package_identification:_identify(src/bumperbot_motion) by extension 'ignore'
[1.530s] Level 1:colcon.colcon_core.package_identification:_identify(src/bumperbot_motion) by extension 'ignore_ament_install'
[1.530s] Level 1:colcon.colcon_core.package_identification:_identify(src/bumperbot_motion) by extensions ['colcon_pkg']
[1.530s] Level 1:colcon.colcon_core.package_identification:_identify(src/bumperbot_motion) by extension 'colcon_pkg'
[1.530s] Level 1:colcon.colcon_core.package_identification:_identify(src/bumperbot_motion) by extensions ['colcon_meta']
[1.530s] Level 1:colcon.colcon_core.package_identification:_identify(src/bumperbot_motion) by extension 'colcon_meta'
[1.530s] Level 1:colcon.colcon_core.package_identification:_identify(src/bumperbot_motion) by extensions ['ros']
[1.531s] Level 1:colcon.colcon_core.package_identification:_identify(src/bumperbot_motion) by extension 'ros'
[1.536s] DEBUG:colcon.colcon_core.package_identification:Package 'src/bumperbot_motion' with type 'ros.ament_cmake' and name 'bumperbot_motion'
[1.536s] Level 1:colcon.colcon_core.package_identification:_identify(src/bumperbot_msgs) by extensions ['ignore', 'ignore_ament_install']
[1.537s] Level 1:colcon.colcon_core.package_identification:_identify(src/bumperbot_msgs) by extension 'ignore'
[1.537s] Level 1:colcon.colcon_core.package_identification:_identify(src/bumperbot_msgs) by extension 'ignore_ament_install'
[1.537s] Level 1:colcon.colcon_core.package_identification:_identify(src/bumperbot_msgs) by extensions ['colcon_pkg']
[1.537s] Level 1:colcon.colcon_core.package_identification:_identify(src/bumperbot_msgs) by extension 'colcon_pkg'
[1.537s] Level 1:colcon.colcon_core.package_identification:_identify(src/bumperbot_msgs) by extensions ['colcon_meta']
[1.537s] Level 1:colcon.colcon_core.package_identification:_identify(src/bumperbot_msgs) by extension 'colcon_meta'
[1.538s] Level 1:colcon.colcon_core.package_identification:_identify(src/bumperbot_msgs) by extensions ['ros']
[1.538s] Level 1:colcon.colcon_core.package_identification:_identify(src/bumperbot_msgs) by extension 'ros'
[1.540s] DEBUG:colcon.colcon_core.package_identification:Package 'src/bumperbot_msgs' with type 'ros.ament_cmake' and name 'bumperbot_msgs'
[1.541s] Level 1:colcon.colcon_core.package_identification:_identify(src/bumperbot_navigation) by extensions ['ignore', 'ignore_ament_install']
[1.541s] Level 1:colcon.colcon_core.package_identification:_identify(src/bumperbot_navigation) by extension 'ignore'
[1.541s] Level 1:colcon.colcon_core.package_identification:_identify(src/bumperbot_navigation) by extension 'ignore_ament_install'
[1.541s] Level 1:colcon.colcon_core.package_identification:_identify(src/bumperbot_navigation) by extensions ['colcon_pkg']
[1.542s] Level 1:colcon.colcon_core.package_identification:_identify(src/bumperbot_navigation) by extension 'colcon_pkg'
[1.542s] Level 1:colcon.colcon_core.package_identification:_identify(src/bumperbot_navigation) by extensions ['colcon_meta']
[1.542s] Level 1:colcon.colcon_core.package_identification:_identify(src/bumperbot_navigation) by extension 'colcon_meta'
[1.542s] Level 1:colcon.colcon_core.package_identification:_identify(src/bumperbot_navigation) by extensions ['ros']
[1.542s] Level 1:colcon.colcon_core.package_identification:_identify(src/bumperbot_navigation) by extension 'ros'
[1.545s] DEBUG:colcon.colcon_core.package_identification:Package 'src/bumperbot_navigation' with type 'ros.ament_cmake' and name 'bumperbot_navigation'
[1.545s] Level 1:colcon.colcon_core.package_identification:_identify(src/bumperbot_planning) by extensions ['ignore', 'ignore_ament_install']
[1.546s] Level 1:colcon.colcon_core.package_identification:_identify(src/bumperbot_planning) by extension 'ignore'
[1.546s] Level 1:colcon.colcon_core.package_identification:_identify(src/bumperbot_planning) by extension 'ignore_ament_install'
[1.546s] Level 1:colcon.colcon_core.package_identification:_identify(src/bumperbot_planning) by extensions ['colcon_pkg']
[1.546s] Level 1:colcon.colcon_core.package_identification:_identify(src/bumperbot_planning) by extension 'colcon_pkg'
[1.546s] Level 1:colcon.colcon_core.package_identification:_identify(src/bumperbot_planning) by extensions ['colcon_meta']
[1.547s] Level 1:colcon.colcon_core.package_identification:_identify(src/bumperbot_planning) by extension 'colcon_meta'
[1.547s] Level 1:colcon.colcon_core.package_identification:_identify(src/bumperbot_planning) by extensions ['ros']
[1.547s] Level 1:colcon.colcon_core.package_identification:_identify(src/bumperbot_planning) by extension 'ros'
[1.551s] DEBUG:colcon.colcon_core.package_identification:Package 'src/bumperbot_planning' with type 'ros.ament_cmake' and name 'bumperbot_planning'
[1.552s] Level 1:colcon.colcon_core.package_identification:_identify(src/bumperbot_py_examples) by extensions ['ignore', 'ignore_ament_install']
[1.552s] Level 1:colcon.colcon_core.package_identification:_identify(src/bumperbot_py_examples) by extension 'ignore'
[1.552s] Level 1:colcon.colcon_core.package_identification:_identify(src/bumperbot_py_examples) by extension 'ignore_ament_install'
[1.553s] Level 1:colcon.colcon_core.package_identification:_identify(src/bumperbot_py_examples) by extensions ['colcon_pkg']
[1.553s] Level 1:colcon.colcon_core.package_identification:_identify(src/bumperbot_py_examples) by extension 'colcon_pkg'
[1.553s] Level 1:colcon.colcon_core.package_identification:_identify(src/bumperbot_py_examples) by extensions ['colcon_meta']
[1.553s] Level 1:colcon.colcon_core.package_identification:_identify(src/bumperbot_py_examples) by extension 'colcon_meta'
[1.553s] Level 1:colcon.colcon_core.package_identification:_identify(src/bumperbot_py_examples) by extensions ['ros']
[1.553s] Level 1:colcon.colcon_core.package_identification:_identify(src/bumperbot_py_examples) by extension 'ros'
[1.557s] DEBUG:colcon.colcon_core.package_identification:Package 'src/bumperbot_py_examples' with type 'ros.ament_python' and name 'bumperbot_py_examples'
[1.558s] Level 1:colcon.colcon_core.package_identification:_identify(src/bumperbot_utils) by extensions ['ignore', 'ignore_ament_install']
[1.558s] Level 1:colcon.colcon_core.package_identification:_identify(src/bumperbot_utils) by extension 'ignore'
[1.558s] Level 1:colcon.colcon_core.package_identification:_identify(src/bumperbot_utils) by extension 'ignore_ament_install'
[1.559s] Level 1:colcon.colcon_core.package_identification:_identify(src/bumperbot_utils) by extensions ['colcon_pkg']
[1.559s] Level 1:colcon.colcon_core.package_identification:_identify(src/bumperbot_utils) by extension 'colcon_pkg'
[1.559s] Level 1:colcon.colcon_core.package_identification:_identify(src/bumperbot_utils) by extensions ['colcon_meta']
[1.559s] Level 1:colcon.colcon_core.package_identification:_identify(src/bumperbot_utils) by extension 'colcon_meta'
[1.559s] Level 1:colcon.colcon_core.package_identification:_identify(src/bumperbot_utils) by extensions ['ros']
[1.559s] Level 1:colcon.colcon_core.package_identification:_identify(src/bumperbot_utils) by extension 'ros'
[1.563s] DEBUG:colcon.colcon_core.package_identification:Package 'src/bumperbot_utils' with type 'ros.ament_cmake' and name 'bumperbot_utils'
[1.564s] Level 1:colcon.colcon_core.package_discovery:discover_packages(recursive) using defaults
[1.564s] Level 1:colcon.colcon_core.package_discovery:discover_packages(ignore) discover
[1.564s] Level 1:colcon.colcon_core.package_discovery:discover_packages(ignore) using defaults
[1.564s] Level 1:colcon.colcon_core.package_discovery:discover_packages(path) discover
[1.564s] Level 1:colcon.colcon_core.package_discovery:discover_packages(path) using defaults
[1.659s] Level 1:colcon.colcon_core.package_discovery:discover_packages(prefix_path) check parameters
[1.660s] Level 1:colcon.colcon_core.package_discovery:discover_packages(prefix_path) discover
[1.673s] DEBUG:colcon.colcon_installed_package_information.package_discovery:Found 13 installed packages in /home/aarambh/my_robot_ws/install
[1.685s] DEBUG:colcon.colcon_installed_package_information.package_discovery:Found 391 installed packages in /opt/ros/humble
[1.697s] Level 1:colcon.colcon_core.package_discovery:discover_packages(prefix_path) using defaults
[1.916s] Level 5:colcon.colcon_core.verb:set package 'bumperbot_controller' build argument 'cmake_args' from command line to 'None'
[1.917s] Level 5:colcon.colcon_core.verb:set package 'bumperbot_controller' build argument 'cmake_target' from command line to 'None'
[1.917s] Level 5:colcon.colcon_core.verb:set package 'bumperbot_controller' build argument 'cmake_target_skip_unavailable' from command line to 'False'
[1.917s] Level 5:colcon.colcon_core.verb:set package 'bumperbot_controller' build argument 'cmake_clean_cache' from command line to 'False'
[1.917s] Level 5:colcon.colcon_core.verb:set package 'bumperbot_controller' build argument 'cmake_clean_first' from command line to 'False'
[1.917s] Level 5:colcon.colcon_core.verb:set package 'bumperbot_controller' build argument 'cmake_force_configure' from command line to 'False'
[1.917s] Level 5:colcon.colcon_core.verb:set package 'bumperbot_controller' build argument 'ament_cmake_args' from command line to 'None'
[1.917s] Level 5:colcon.colcon_core.verb:set package 'bumperbot_controller' build argument 'catkin_cmake_args' from command line to 'None'
[1.917s] Level 5:colcon.colcon_core.verb:set package 'bumperbot_controller' build argument 'catkin_skip_building_tests' from command line to 'False'
[1.917s] DEBUG:colcon.colcon_core.verb:Building package 'bumperbot_controller' with the following arguments: {'ament_cmake_args': None, 'build_base': '/home/aarambh/my_robot_ws/build/bumperbot_controller', 'catkin_cmake_args': None, 'catkin_skip_building_tests': False, 'cmake_args': None, 'cmake_clean_cache': False, 'cmake_clean_first': False, 'cmake_force_configure': False, 'cmake_target': None, 'cmake_target_skip_unavailable': False, 'install_base': '/home/aarambh/my_robot_ws/install/bumperbot_controller', 'merge_install': False, 'path': '/home/aarambh/my_robot_ws/src/bumperbot_controller', 'symlink_install': False, 'test_result_base': None}
[1.919s] Level 5:colcon.colcon_core.verb:set package 'bumperbot_description' build argument 'cmake_args' from command line to 'None'
[1.919s] Level 5:colcon.colcon_core.verb:set package 'bumperbot_description' build argument 'cmake_target' from command line to 'None'
[1.919s] Level 5:colcon.colcon_core.verb:set package 'bumperbot_description' build argument 'cmake_target_skip_unavailable' from command line to 'False'
[1.919s] Level 5:colcon.colcon_core.verb:set package 'bumperbot_description' build argument 'cmake_clean_cache' from command line to 'False'
[1.919s] Level 5:colcon.colcon_core.verb:set package 'bumperbot_description' build argument 'cmake_clean_first' from command line to 'False'
[1.920s] Level 5:colcon.colcon_core.verb:set package 'bumperbot_description' build argument 'cmake_force_configure' from command line to 'False'
[1.920s] Level 5:colcon.colcon_core.verb:set package 'bumperbot_description' build argument 'ament_cmake_args' from command line to 'None'
[1.920s] Level 5:colcon.colcon_core.verb:set package 'bumperbot_description' build argument 'catkin_cmake_args' from command line to 'None'
[1.920s] Level 5:colcon.colcon_core.verb:set package 'bumperbot_description' build argument 'catkin_skip_building_tests' from command line to 'False'
[1.920s] DEBUG:colcon.colcon_core.verb:Building package 'bumperbot_description' with the following arguments: {'ament_cmake_args': None, 'build_base': '/home/aarambh/my_robot_ws/build/bumperbot_description', 'catkin_cmake_args': None, 'catkin_skip_building_tests': False, 'cmake_args': None, 'cmake_clean_cache': False, 'cmake_clean_first': False, 'cmake_force_configure': False, 'cmake_target': None, 'cmake_target_skip_unavailable': False, 'install_base': '/home/aarambh/my_robot_ws/install/bumperbot_description', 'merge_install': False, 'path': '/home/aarambh/my_robot_ws/src/bumperbot_description', 'symlink_install': False, 'test_result_base': None}
[1.921s] Level 5:colcon.colcon_core.verb:set package 'bumperbot_firmware' build argument 'cmake_args' from command line to 'None'
[1.922s] Level 5:colcon.colcon_core.verb:set package 'bumperbot_firmware' build argument 'cmake_target' from command line to 'None'
[1.922s] Level 5:colcon.colcon_core.verb:set package 'bumperbot_firmware' build argument 'cmake_target_skip_unavailable' from command line to 'False'
[1.922s] Level 5:colcon.colcon_core.verb:set package 'bumperbot_firmware' build argument 'cmake_clean_cache' from command line to 'False'
[1.922s] Level 5:colcon.colcon_core.verb:set package 'bumperbot_firmware' build argument 'cmake_clean_first' from command line to 'False'
[1.922s] Level 5:colcon.colcon_core.verb:set package 'bumperbot_firmware' build argument 'cmake_force_configure' from command line to 'False'
[1.922s] Level 5:colcon.colcon_core.verb:set package 'bumperbot_firmware' build argument 'ament_cmake_args' from command line to 'None'
[1.922s] Level 5:colcon.colcon_core.verb:set package 'bumperbot_firmware' build argument 'catkin_cmake_args' from command line to 'None'
[1.922s] Level 5:colcon.colcon_core.verb:set package 'bumperbot_firmware' build argument 'catkin_skip_building_tests' from command line to 'False'
[1.922s] DEBUG:colcon.colcon_core.verb:Building package 'bumperbot_firmware' with the following arguments: {'ament_cmake_args': None, 'build_base': '/home/aarambh/my_robot_ws/build/bumperbot_firmware', 'catkin_cmake_args': None, 'catkin_skip_building_tests': False, 'cmake_args': None, 'cmake_clean_cache': False, 'cmake_clean_first': False, 'cmake_force_configure': False, 'cmake_target': None, 'cmake_target_skip_unavailable': False, 'install_base': '/home/aarambh/my_robot_ws/install/bumperbot_firmware', 'merge_install': False, 'path': '/home/aarambh/my_robot_ws/src/bumperbot_firmware', 'symlink_install': False, 'test_result_base': None}
[1.924s] Level 5:colcon.colcon_core.verb:set package 'bumperbot_localization' build argument 'cmake_args' from command line to 'None'
[1.924s] Level 5:colcon.colcon_core.verb:set package 'bumperbot_localization' build argument 'cmake_target' from command line to 'None'
[1.924s] Level 5:colcon.colcon_core.verb:set package 'bumperbot_localization' build argument 'cmake_target_skip_unavailable' from command line to 'False'
[1.924s] Level 5:colcon.colcon_core.verb:set package 'bumperbot_localization' build argument 'cmake_clean_cache' from command line to 'False'
[1.924s] Level 5:colcon.colcon_core.verb:set package 'bumperbot_localization' build argument 'cmake_clean_first' from command line to 'False'
[1.924s] Level 5:colcon.colcon_core.verb:set package 'bumperbot_localization' build argument 'cmake_force_configure' from command line to 'False'
[1.924s] Level 5:colcon.colcon_core.verb:set package 'bumperbot_localization' build argument 'ament_cmake_args' from command line to 'None'
[1.925s] Level 5:colcon.colcon_core.verb:set package 'bumperbot_localization' build argument 'catkin_cmake_args' from command line to 'None'
[1.925s] Level 5:colcon.colcon_core.verb:set package 'bumperbot_localization' build argument 'catkin_skip_building_tests' from command line to 'False'
[1.925s] DEBUG:colcon.colcon_core.verb:Building package 'bumperbot_localization' with the following arguments: {'ament_cmake_args': None, 'build_base': '/home/aarambh/my_robot_ws/build/bumperbot_localization', 'catkin_cmake_args': None, 'catkin_skip_building_tests': False, 'cmake_args': None, 'cmake_clean_cache': False, 'cmake_clean_first': False, 'cmake_force_configure': False, 'cmake_target': None, 'cmake_target_skip_unavailable': False, 'install_base': '/home/aarambh/my_robot_ws/install/bumperbot_localization', 'merge_install': False, 'path': '/home/aarambh/my_robot_ws/src/bumperbot_localization', 'symlink_install': False, 'test_result_base': None}
[1.926s] Level 5:colcon.colcon_core.verb:set package 'bumperbot_mapping' build argument 'cmake_args' from command line to 'None'
[1.926s] Level 5:colcon.colcon_core.verb:set package 'bumperbot_mapping' build argument 'cmake_target' from command line to 'None'
[1.926s] Level 5:colcon.colcon_core.verb:set package 'bumperbot_mapping' build argument 'cmake_target_skip_unavailable' from command line to 'False'
[1.926s] Level 5:colcon.colcon_core.verb:set package 'bumperbot_mapping' build argument 'cmake_clean_cache' from command line to 'False'
[1.927s] Level 5:colcon.colcon_core.verb:set package 'bumperbot_mapping' build argument 'cmake_clean_first' from command line to 'False'
[1.927s] Level 5:colcon.colcon_core.verb:set package 'bumperbot_mapping' build argument 'cmake_force_configure' from command line to 'False'
[1.927s] Level 5:colcon.colcon_core.verb:set package 'bumperbot_mapping' build argument 'ament_cmake_args' from command line to 'None'
[1.927s] Level 5:colcon.colcon_core.verb:set package 'bumperbot_mapping' build argument 'catkin_cmake_args' from command line to 'None'
[1.927s] Level 5:colcon.colcon_core.verb:set package 'bumperbot_mapping' build argument 'catkin_skip_building_tests' from command line to 'False'
[1.927s] DEBUG:colcon.colcon_core.verb:Building package 'bumperbot_mapping' with the following arguments: {'ament_cmake_args': None, 'build_base': '/home/aarambh/my_robot_ws/build/bumperbot_mapping', 'catkin_cmake_args': None, 'catkin_skip_building_tests': False, 'cmake_args': None, 'cmake_clean_cache': False, 'cmake_clean_first': False, 'cmake_force_configure': False, 'cmake_target': None, 'cmake_target_skip_unavailable': False, 'install_base': '/home/aarambh/my_robot_ws/install/bumperbot_mapping', 'merge_install': False, 'path': '/home/aarambh/my_robot_ws/src/bumperbot_mapping', 'symlink_install': False, 'test_result_base': None}
[1.929s] Level 5:colcon.colcon_core.verb:set package 'bumperbot_motion' build argument 'cmake_args' from command line to 'None'
[1.929s] Level 5:colcon.colcon_core.verb:set package 'bumperbot_motion' build argument 'cmake_target' from command line to 'None'
[1.929s] Level 5:colcon.colcon_core.verb:set package 'bumperbot_motion' build argument 'cmake_target_skip_unavailable' from command line to 'False'
[1.929s] Level 5:colcon.colcon_core.verb:set package 'bumperbot_motion' build argument 'cmake_clean_cache' from command line to 'False'
[1.929s] Level 5:colcon.colcon_core.verb:set package 'bumperbot_motion' build argument 'cmake_clean_first' from command line to 'False'
[1.929s] Level 5:colcon.colcon_core.verb:set package 'bumperbot_motion' build argument 'cmake_force_configure' from command line to 'False'
[1.929s] Level 5:colcon.colcon_core.verb:set package 'bumperbot_motion' build argument 'ament_cmake_args' from command line to 'None'
[1.929s] Level 5:colcon.colcon_core.verb:set package 'bumperbot_motion' build argument 'catkin_cmake_args' from command line to 'None'
[1.929s] Level 5:colcon.colcon_core.verb:set package 'bumperbot_motion' build argument 'catkin_skip_building_tests' from command line to 'False'
[1.930s] DEBUG:colcon.colcon_core.verb:Building package 'bumperbot_motion' with the following arguments: {'ament_cmake_args': None, 'build_base': '/home/aarambh/my_robot_ws/build/bumperbot_motion', 'catkin_cmake_args': None, 'catkin_skip_building_tests': False, 'cmake_args': None, 'cmake_clean_cache': False, 'cmake_clean_first': False, 'cmake_force_configure': False, 'cmake_target': None, 'cmake_target_skip_unavailable': False, 'install_base': '/home/aarambh/my_robot_ws/install/bumperbot_motion', 'merge_install': False, 'path': '/home/aarambh/my_robot_ws/src/bumperbot_motion', 'symlink_install': False, 'test_result_base': None}
[1.931s] Level 5:colcon.colcon_core.verb:set package 'bumperbot_msgs' build argument 'cmake_args' from command line to 'None'
[1.931s] Level 5:colcon.colcon_core.verb:set package 'bumperbot_msgs' build argument 'cmake_target' from command line to 'None'
[1.931s] Level 5:colcon.colcon_core.verb:set package 'bumperbot_msgs' build argument 'cmake_target_skip_unavailable' from command line to 'False'
[1.931s] Level 5:colcon.colcon_core.verb:set package 'bumperbot_msgs' build argument 'cmake_clean_cache' from command line to 'False'
[1.931s] Level 5:colcon.colcon_core.verb:set package 'bumperbot_msgs' build argument 'cmake_clean_first' from command line to 'False'
[1.931s] Level 5:colcon.colcon_core.verb:set package 'bumperbot_msgs' build argument 'cmake_force_configure' from command line to 'False'
[1.932s] Level 5:colcon.colcon_core.verb:set package 'bumperbot_msgs' build argument 'ament_cmake_args' from command line to 'None'
[1.932s] Level 5:colcon.colcon_core.verb:set package 'bumperbot_msgs' build argument 'catkin_cmake_args' from command line to 'None'
[1.932s] Level 5:colcon.colcon_core.verb:set package 'bumperbot_msgs' build argument 'catkin_skip_building_tests' from command line to 'False'
[1.932s] DEBUG:colcon.colcon_core.verb:Building package 'bumperbot_msgs' with the following arguments: {'ament_cmake_args': None, 'build_base': '/home/aarambh/my_robot_ws/build/bumperbot_msgs', 'catkin_cmake_args': None, 'catkin_skip_building_tests': False, 'cmake_args': None, 'cmake_clean_cache': False, 'cmake_clean_first': False, 'cmake_force_configure': False, 'cmake_target': None, 'cmake_target_skip_unavailable': False, 'install_base': '/home/aarambh/my_robot_ws/install/bumperbot_msgs', 'merge_install': False, 'path': '/home/aarambh/my_robot_ws/src/bumperbot_msgs', 'symlink_install': False, 'test_result_base': None}
[1.933s] Level 5:colcon.colcon_core.verb:set package 'bumperbot_planning' build argument 'cmake_args' from command line to 'None'
[1.933s] Level 5:colcon.colcon_core.verb:set package 'bumperbot_planning' build argument 'cmake_target' from command line to 'None'
[1.934s] Level 5:colcon.colcon_core.verb:set package 'bumperbot_planning' build argument 'cmake_target_skip_unavailable' from command line to 'False'
[1.934s] Level 5:colcon.colcon_core.verb:set package 'bumperbot_planning' build argument 'cmake_clean_cache' from command line to 'False'
[1.934s] Level 5:colcon.colcon_core.verb:set package 'bumperbot_planning' build argument 'cmake_clean_first' from command line to 'False'
[1.934s] Level 5:colcon.colcon_core.verb:set package 'bumperbot_planning' build argument 'cmake_force_configure' from command line to 'False'
[1.934s] Level 5:colcon.colcon_core.verb:set package 'bumperbot_planning' build argument 'ament_cmake_args' from command line to 'None'
[1.934s] Level 5:colcon.colcon_core.verb:set package 'bumperbot_planning' build argument 'catkin_cmake_args' from command line to 'None'
[1.934s] Level 5:colcon.colcon_core.verb:set package 'bumperbot_planning' build argument 'catkin_skip_building_tests' from command line to 'False'
[1.934s] DEBUG:colcon.colcon_core.verb:Building package 'bumperbot_planning' with the following arguments: {'ament_cmake_args': None, 'build_base': '/home/aarambh/my_robot_ws/build/bumperbot_planning', 'catkin_cmake_args': None, 'catkin_skip_building_tests': False, 'cmake_args': None, 'cmake_clean_cache': False, 'cmake_clean_first': False, 'cmake_force_configure': False, 'cmake_target': None, 'cmake_target_skip_unavailable': False, 'install_base': '/home/aarambh/my_robot_ws/install/bumperbot_planning', 'merge_install': False, 'path': '/home/aarambh/my_robot_ws/src/bumperbot_planning', 'symlink_install': False, 'test_result_base': None}
[1.936s] Level 5:colcon.colcon_core.verb:set package 'bumperbot_utils' build argument 'cmake_args' from command line to 'None'
[1.936s] Level 5:colcon.colcon_core.verb:set package 'bumperbot_utils' build argument 'cmake_target' from command line to 'None'
[1.936s] Level 5:colcon.colcon_core.verb:set package 'bumperbot_utils' build argument 'cmake_target_skip_unavailable' from command line to 'False'
[1.936s] Level 5:colcon.colcon_core.verb:set package 'bumperbot_utils' build argument 'cmake_clean_cache' from command line to 'False'
[1.936s] Level 5:colcon.colcon_core.verb:set package 'bumperbot_utils' build argument 'cmake_clean_first' from command line to 'False'
[1.936s] Level 5:colcon.colcon_core.verb:set package 'bumperbot_utils' build argument 'cmake_force_configure' from command line to 'False'
[1.936s] Level 5:colcon.colcon_core.verb:set package 'bumperbot_utils' build argument 'ament_cmake_args' from command line to 'None'
[1.936s] Level 5:colcon.colcon_core.verb:set package 'bumperbot_utils' build argument 'catkin_cmake_args' from command line to 'None'
[1.936s] Level 5:colcon.colcon_core.verb:set package 'bumperbot_utils' build argument 'catkin_skip_building_tests' from command line to 'False'
[1.936s] DEBUG:colcon.colcon_core.verb:Building package 'bumperbot_utils' with the following arguments: {'ament_cmake_args': None, 'build_base': '/home/aarambh/my_robot_ws/build/bumperbot_utils', 'catkin_cmake_args': None, 'catkin_skip_building_tests': False, 'cmake_args': None, 'cmake_clean_cache': False, 'cmake_clean_first': False, 'cmake_force_configure': False, 'cmake_target': None, 'cmake_target_skip_unavailable': False, 'install_base': '/home/aarambh/my_robot_ws/install/bumperbot_utils', 'merge_install': False, 'path': '/home/aarambh/my_robot_ws/src/bumperbot_utils', 'symlink_install': False, 'test_result_base': None}
[1.938s] Level 5:colcon.colcon_core.verb:set package 'bumperbot_bringup' build argument 'cmake_args' from command line to 'None'
[1.938s] Level 5:colcon.colcon_core.verb:set package 'bumperbot_bringup' build argument 'cmake_target' from command line to 'None'
[1.938s] Level 5:colcon.colcon_core.verb:set package 'bumperbot_bringup' build argument 'cmake_target_skip_unavailable' from command line to 'False'
[1.938s] Level 5:colcon.colcon_core.verb:set package 'bumperbot_bringup' build argument 'cmake_clean_cache' from command line to 'False'
[1.938s] Level 5:colcon.colcon_core.verb:set package 'bumperbot_bringup' build argument 'cmake_clean_first' from command line to 'False'
[1.938s] Level 5:colcon.colcon_core.verb:set package 'bumperbot_bringup' build argument 'cmake_force_configure' from command line to 'False'
[1.938s] Level 5:colcon.colcon_core.verb:set package 'bumperbot_bringup' build argument 'ament_cmake_args' from command line to 'None'
[1.939s] Level 5:colcon.colcon_core.verb:set package 'bumperbot_bringup' build argument 'catkin_cmake_args' from command line to 'None'
[1.939s] Level 5:colcon.colcon_core.verb:set package 'bumperbot_bringup' build argument 'catkin_skip_building_tests' from command line to 'False'
[1.939s] DEBUG:colcon.colcon_core.verb:Building package 'bumperbot_bringup' with the following arguments: {'ament_cmake_args': None, 'build_base': '/home/aarambh/my_robot_ws/build/bumperbot_bringup', 'catkin_cmake_args': None, 'catkin_skip_building_tests': False, 'cmake_args': None, 'cmake_clean_cache': False, 'cmake_clean_first': False, 'cmake_force_configure': False, 'cmake_target': None, 'cmake_target_skip_unavailable': False, 'install_base': '/home/aarambh/my_robot_ws/install/bumperbot_bringup', 'merge_install': False, 'path': '/home/aarambh/my_robot_ws/src/bumperbot_bringup', 'symlink_install': False, 'test_result_base': None}
[1.940s] Level 5:colcon.colcon_core.verb:set package 'bumperbot_cpp_examples' build argument 'cmake_args' from command line to 'None'
[1.940s] Level 5:colcon.colcon_core.verb:set package 'bumperbot_cpp_examples' build argument 'cmake_target' from command line to 'None'
[1.941s] Level 5:colcon.colcon_core.verb:set package 'bumperbot_cpp_examples' build argument 'cmake_target_skip_unavailable' from command line to 'False'
[1.941s] Level 5:colcon.colcon_core.verb:set package 'bumperbot_cpp_examples' build argument 'cmake_clean_cache' from command line to 'False'
[1.941s] Level 5:colcon.colcon_core.verb:set package 'bumperbot_cpp_examples' build argument 'cmake_clean_first' from command line to 'False'
[1.941s] Level 5:colcon.colcon_core.verb:set package 'bumperbot_cpp_examples' build argument 'cmake_force_configure' from command line to 'False'
[1.941s] Level 5:colcon.colcon_core.verb:set package 'bumperbot_cpp_examples' build argument 'ament_cmake_args' from command line to 'None'
[1.941s] Level 5:colcon.colcon_core.verb:set package 'bumperbot_cpp_examples' build argument 'catkin_cmake_args' from command line to 'None'
[1.941s] Level 5:colcon.colcon_core.verb:set package 'bumperbot_cpp_examples' build argument 'catkin_skip_building_tests' from command line to 'False'
[1.941s] DEBUG:colcon.colcon_core.verb:Building package 'bumperbot_cpp_examples' with the following arguments: {'ament_cmake_args': None, 'build_base': '/home/aarambh/my_robot_ws/build/bumperbot_cpp_examples', 'catkin_cmake_args': None, 'catkin_skip_building_tests': False, 'cmake_args': None, 'cmake_clean_cache': False, 'cmake_clean_first': False, 'cmake_force_configure': False, 'cmake_target': None, 'cmake_target_skip_unavailable': False, 'install_base': '/home/aarambh/my_robot_ws/install/bumperbot_cpp_examples', 'merge_install': False, 'path': '/home/aarambh/my_robot_ws/src/bumperbot_cpp_examples', 'symlink_install': False, 'test_result_base': None}
[1.943s] Level 5:colcon.colcon_core.verb:set package 'bumperbot_navigation' build argument 'cmake_args' from command line to 'None'
[1.943s] Level 5:colcon.colcon_core.verb:set package 'bumperbot_navigation' build argument 'cmake_target' from command line to 'None'
[1.943s] Level 5:colcon.colcon_core.verb:set package 'bumperbot_navigation' build argument 'cmake_target_skip_unavailable' from command line to 'False'
[1.943s] Level 5:colcon.colcon_core.verb:set package 'bumperbot_navigation' build argument 'cmake_clean_cache' from command line to 'False'
[1.943s] Level 5:colcon.colcon_core.verb:set package 'bumperbot_navigation' build argument 'cmake_clean_first' from command line to 'False'
[1.943s] Level 5:colcon.colcon_core.verb:set package 'bumperbot_navigation' build argument 'cmake_force_configure' from command line to 'False'
[1.943s] Level 5:colcon.colcon_core.verb:set package 'bumperbot_navigation' build argument 'ament_cmake_args' from command line to 'None'
[1.943s] Level 5:colcon.colcon_core.verb:set package 'bumperbot_navigation' build argument 'catkin_cmake_args' from command line to 'None'
[1.943s] Level 5:colcon.colcon_core.verb:set package 'bumperbot_navigation' build argument 'catkin_skip_building_tests' from command line to 'False'
[1.944s] DEBUG:colcon.colcon_core.verb:Building package 'bumperbot_navigation' with the following arguments: {'ament_cmake_args': None, 'build_base': '/home/aarambh/my_robot_ws/build/bumperbot_navigation', 'catkin_cmake_args': None, 'catkin_skip_building_tests': False, 'cmake_args': None, 'cmake_clean_cache': False, 'cmake_clean_first': False, 'cmake_force_configure': False, 'cmake_target': None, 'cmake_target_skip_unavailable': False, 'install_base': '/home/aarambh/my_robot_ws/install/bumperbot_navigation', 'merge_install': False, 'path': '/home/aarambh/my_robot_ws/src/bumperbot_navigation', 'symlink_install': False, 'test_result_base': None}
[1.945s] Level 5:colcon.colcon_core.verb:set package 'bumperbot_py_examples' build argument 'cmake_args' from command line to 'None'
[1.945s] Level 5:colcon.colcon_core.verb:set package 'bumperbot_py_examples' build argument 'cmake_target' from command line to 'None'
[1.945s] Level 5:colcon.colcon_core.verb:set package 'bumperbot_py_examples' build argument 'cmake_target_skip_unavailable' from command line to 'False'
[1.945s] Level 5:colcon.colcon_core.verb:set package 'bumperbot_py_examples' build argument 'cmake_clean_cache' from command line to 'False'
[1.945s] Level 5:colcon.colcon_core.verb:set package 'bumperbot_py_examples' build argument 'cmake_clean_first' from command line to 'False'
[1.945s] Level 5:colcon.colcon_core.verb:set package 'bumperbot_py_examples' build argument 'cmake_force_configure' from command line to 'False'
[1.946s] Level 5:colcon.colcon_core.verb:set package 'bumperbot_py_examples' build argument 'ament_cmake_args' from command line to 'None'
[1.946s] Level 5:colcon.colcon_core.verb:set package 'bumperbot_py_examples' build argument 'catkin_cmake_args' from command line to 'None'
[1.946s] Level 5:colcon.colcon_core.verb:set package 'bumperbot_py_examples' build argument 'catkin_skip_building_tests' from command line to 'False'
[1.946s] DEBUG:colcon.colcon_core.verb:Building package 'bumperbot_py_examples' with the following arguments: {'ament_cmake_args': None, 'build_base': '/home/aarambh/my_robot_ws/build/bumperbot_py_examples', 'catkin_cmake_args': None, 'catkin_skip_building_tests': False, 'cmake_args': None, 'cmake_clean_cache': False, 'cmake_clean_first': False, 'cmake_force_configure': False, 'cmake_target': None, 'cmake_target_skip_unavailable': False, 'install_base': '/home/aarambh/my_robot_ws/install/bumperbot_py_examples', 'merge_install': False, 'path': '/home/aarambh/my_robot_ws/src/bumperbot_py_examples', 'symlink_install': False, 'test_result_base': None}
[1.946s] INFO:colcon.colcon_core.executor:Executing jobs using 'parallel' executor
[1.950s] DEBUG:colcon.colcon_parallel_executor.executor.parallel:run_until_complete
[1.951s] INFO:colcon.colcon_ros.task.ament_cmake.build:Building ROS package in '/home/aarambh/my_robot_ws/src/bumperbot_msgs' with build type 'ament_cmake'
[1.952s] INFO:colcon.colcon_cmake.task.cmake.build:Building CMake package in '/home/aarambh/my_robot_ws/src/bumperbot_msgs'
[1.962s] INFO:colcon.colcon_core.plugin_system:Skipping extension 'colcon_core.shell.bat': Not used on non-Windows systems
[1.963s] INFO:colcon.colcon_core.shell:Skip shell extension 'powershell' for command environment: Not usable outside of PowerShell
[1.963s] DEBUG:colcon.colcon_core.shell:Skip shell extension 'dsv' for command environment
[1.991s] INFO:colcon.colcon_ros.task.ament_cmake.build:Building ROS package in '/home/aarambh/my_robot_ws/src/bumperbot_controller' with build type 'ament_cmake'
[1.991s] INFO:colcon.colcon_cmake.task.cmake.build:Building CMake package in '/home/aarambh/my_robot_ws/src/bumperbot_controller'
[1.992s] INFO:colcon.colcon_core.shell:Skip shell extension 'powershell' for command environment: Not usable outside of PowerShell
[1.993s] DEBUG:colcon.colcon_core.shell:Skip shell extension 'dsv' for command environment
[2.021s] INFO:colcon.colcon_ros.task.ament_cmake.build:Building ROS package in '/home/aarambh/my_robot_ws/src/bumperbot_description' with build type 'ament_cmake'
[2.022s] INFO:colcon.colcon_cmake.task.cmake.build:Building CMake package in '/home/aarambh/my_robot_ws/src/bumperbot_description'
[2.023s] INFO:colcon.colcon_core.shell:Skip shell extension 'powershell' for command environment: Not usable outside of PowerShell
[2.024s] DEBUG:colcon.colcon_core.shell:Skip shell extension 'dsv' for command environment
[2.051s] INFO:colcon.colcon_ros.task.ament_cmake.build:Building ROS package in '/home/aarambh/my_robot_ws/src/bumperbot_firmware' with build type 'ament_cmake'
[2.052s] INFO:colcon.colcon_cmake.task.cmake.build:Building CMake package in '/home/aarambh/my_robot_ws/src/bumperbot_firmware'
[2.053s] INFO:colcon.colcon_core.shell:Skip shell extension 'powershell' for command environment: Not usable outside of PowerShell
[2.053s] DEBUG:colcon.colcon_core.shell:Skip shell extension 'dsv' for command environment
[2.098s] DEBUG:colcon.colcon_core.event_handler.log_command:Invoking command in '/home/aarambh/my_robot_ws/build/bumperbot_msgs': CMAKE_PREFIX_PATH=${CMAKE_PREFIX_PATH}:/home/aarambh/my_robot_ws/install/bumperbot_py_examples:/opt/ros/humble /usr/bin/cmake --build /home/aarambh/my_robot_ws/build/bumperbot_msgs -- -j4 -l4
[2.124s] DEBUG:colcon.colcon_core.event_handler.log_command:Invoking command in '/home/aarambh/my_robot_ws/build/bumperbot_controller': CMAKE_PREFIX_PATH=${CMAKE_PREFIX_PATH}:/home/aarambh/my_robot_ws/install/bumperbot_py_examples:/opt/ros/humble /usr/bin/cmake --build /home/aarambh/my_robot_ws/build/bumperbot_controller -- -j4 -l4
[2.135s] DEBUG:colcon.colcon_core.event_handler.log_command:Invoking command in '/home/aarambh/my_robot_ws/build/bumperbot_description': CMAKE_PREFIX_PATH=${CMAKE_PREFIX_PATH}:/home/aarambh/my_robot_ws/install/bumperbot_py_examples:/opt/ros/humble /usr/bin/cmake --build /home/aarambh/my_robot_ws/build/bumperbot_description -- -j4 -l4
[2.166s] DEBUG:colcon.colcon_core.event_handler.log_command:Invoking command in '/home/aarambh/my_robot_ws/build/bumperbot_firmware': CMAKE_PREFIX_PATH=${CMAKE_PREFIX_PATH}:/home/aarambh/my_robot_ws/install/bumperbot_py_examples:/opt/ros/humble /usr/bin/cmake --build /home/aarambh/my_robot_ws/build/bumperbot_firmware -- -j4 -l4
[2.439s] DEBUG:colcon.colcon_core.event_handler.log_command:Invoked command in '/home/aarambh/my_robot_ws/build/bumperbot_description' returned '0': CMAKE_PREFIX_PATH=${CMAKE_PREFIX_PATH}:/home/aarambh/my_robot_ws/install/bumperbot_py_examples:/opt/ros/humble /usr/bin/cmake --build /home/aarambh/my_robot_ws/build/bumperbot_description -- -j4 -l4
[2.509s] DEBUG:colcon.colcon_core.event_handler.log_command:Invoking command in '/home/aarambh/my_robot_ws/build/bumperbot_description': CMAKE_PREFIX_PATH=${CMAKE_PREFIX_PATH}:/home/aarambh/my_robot_ws/install/bumperbot_py_examples:/opt/ros/humble /usr/bin/cmake --install /home/aarambh/my_robot_ws/build/bumperbot_description
[3.532s] Level 1:colcon.colcon_core.environment:create_environment_scripts_only(bumperbot_description)
[3.561s] Level 1:colcon.colcon_core.environment:checking '/home/aarambh/my_robot_ws/install/bumperbot_description' for CMake module files
[3.565s] Level 1:colcon.colcon_core.environment:checking '/home/aarambh/my_robot_ws/install/bumperbot_description' for CMake config files
[3.737s] Level 1:colcon.colcon_core.shell:create_environment_hook('bumperbot_description', 'cmake_prefix_path')
[3.739s] INFO:colcon.colcon_core.shell:Creating environment hook '/home/aarambh/my_robot_ws/install/bumperbot_description/share/bumperbot_description/hook/cmake_prefix_path.ps1'
[3.763s] INFO:colcon.colcon_core.shell:Creating environment descriptor '/home/aarambh/my_robot_ws/install/bumperbot_description/share/bumperbot_description/hook/cmake_prefix_path.dsv'
[3.766s] INFO:colcon.colcon_core.shell:Creating environment hook '/home/aarambh/my_robot_ws/install/bumperbot_description/share/bumperbot_description/hook/cmake_prefix_path.sh'
[3.778s] Level 1:colcon.colcon_core.environment:checking '/home/aarambh/my_robot_ws/install/bumperbot_description/bin'
[3.779s] Level 1:colcon.colcon_core.environment:checking '/home/aarambh/my_robot_ws/install/bumperbot_description/lib/pkgconfig/bumperbot_description.pc'
[3.780s] Level 1:colcon.colcon_core.environment:checking '/home/aarambh/my_robot_ws/install/bumperbot_description/lib/python3.10/site-packages'
[3.782s] Level 1:colcon.colcon_core.environment:checking '/home/aarambh/my_robot_ws/install/bumperbot_description/bin'
[3.784s] INFO:colcon.colcon_core.shell:Creating package script '/home/aarambh/my_robot_ws/install/bumperbot_description/share/bumperbot_description/package.ps1'
[3.801s] INFO:colcon.colcon_core.shell:Creating package descriptor '/home/aarambh/my_robot_ws/install/bumperbot_description/share/bumperbot_description/package.dsv'
[3.813s] INFO:colcon.colcon_core.shell:Creating package script '/home/aarambh/my_robot_ws/install/bumperbot_description/share/bumperbot_description/package.sh'
[3.818s] INFO:colcon.colcon_core.shell:Creating package script '/home/aarambh/my_robot_ws/install/bumperbot_description/share/bumperbot_description/package.bash'
[3.824s] INFO:colcon.colcon_core.shell:Creating package script '/home/aarambh/my_robot_ws/install/bumperbot_description/share/bumperbot_description/package.zsh'
[3.832s] Level 1:colcon.colcon_core.environment:create_file_with_runtime_dependencies(/home/aarambh/my_robot_ws/install/bumperbot_description/share/colcon-core/packages/bumperbot_description)
[3.846s] Level 1:colcon.colcon_core.environment:create_environment_scripts_only(bumperbot_description)
[3.847s] Level 1:colcon.colcon_core.environment:checking '/home/aarambh/my_robot_ws/install/bumperbot_description' for CMake module files
[3.850s] Level 1:colcon.colcon_core.environment:checking '/home/aarambh/my_robot_ws/install/bumperbot_description' for CMake config files
[3.973s] DEBUG:colcon.colcon_core.event_handler.log_command:Invoked command in '/home/aarambh/my_robot_ws/build/bumperbot_description' returned '0': CMAKE_PREFIX_PATH=${CMAKE_PREFIX_PATH}:/home/aarambh/my_robot_ws/install/bumperbot_py_examples:/opt/ros/humble /usr/bin/cmake --install /home/aarambh/my_robot_ws/build/bumperbot_description
[4.003s] Level 1:colcon.colcon_core.shell:create_environment_hook('bumperbot_description', 'cmake_prefix_path')
[4.004s] INFO:colcon.colcon_core.shell:Creating environment hook '/home/aarambh/my_robot_ws/install/bumperbot_description/share/bumperbot_description/hook/cmake_prefix_path.ps1'
[4.019s] INFO:colcon.colcon_core.shell:Creating environment descriptor '/home/aarambh/my_robot_ws/install/bumperbot_description/share/bumperbot_description/hook/cmake_prefix_path.dsv'
[4.022s] INFO:colcon.colcon_core.shell:Creating environment hook '/home/aarambh/my_robot_ws/install/bumperbot_description/share/bumperbot_description/hook/cmake_prefix_path.sh'
[4.025s] Level 1:colcon.colcon_core.environment:checking '/home/aarambh/my_robot_ws/install/bumperbot_description/bin'
[4.026s] Level 1:colcon.colcon_core.environment:checking '/home/aarambh/my_robot_ws/install/bumperbot_description/lib/pkgconfig/bumperbot_description.pc'
[4.027s] Level 1:colcon.colcon_core.environment:checking '/home/aarambh/my_robot_ws/install/bumperbot_description/lib/python3.10/site-packages'
[4.029s] Level 1:colcon.colcon_core.environment:checking '/home/aarambh/my_robot_ws/install/bumperbot_description/bin'
[4.031s] INFO:colcon.colcon_core.shell:Creating package script '/home/aarambh/my_robot_ws/install/bumperbot_description/share/bumperbot_description/package.ps1'
[4.047s] INFO:colcon.colcon_core.shell:Creating package descriptor '/home/aarambh/my_robot_ws/install/bumperbot_description/share/bumperbot_description/package.dsv'
[4.050s] INFO:colcon.colcon_core.shell:Creating package script '/home/aarambh/my_robot_ws/install/bumperbot_description/share/bumperbot_description/package.sh'
[4.053s] INFO:colcon.colcon_core.shell:Creating package script '/home/aarambh/my_robot_ws/install/bumperbot_description/share/bumperbot_description/package.bash'
[4.056s] INFO:colcon.colcon_core.shell:Creating package script '/home/aarambh/my_robot_ws/install/bumperbot_description/share/bumperbot_description/package.zsh'
[4.062s] Level 1:colcon.colcon_core.environment:create_file_with_runtime_dependencies(/home/aarambh/my_robot_ws/install/bumperbot_description/share/colcon-core/packages/bumperbot_description)
[4.066s] INFO:colcon.colcon_ros.task.ament_cmake.build:Building ROS package in '/home/aarambh/my_robot_ws/src/bumperbot_localization' with build type 'ament_cmake'
[4.073s] INFO:colcon.colcon_cmake.task.cmake.build:Building CMake package in '/home/aarambh/my_robot_ws/src/bumperbot_localization'
[4.074s] INFO:colcon.colcon_core.shell:Skip shell extension 'powershell' for command environment: Not usable outside of PowerShell
[4.075s] DEBUG:colcon.colcon_core.shell:Skip shell extension 'dsv' for command environment
[4.191s] DEBUG:colcon.colcon_core.event_handler.log_command:Invoking command in '/home/aarambh/my_robot_ws/build/bumperbot_localization': CMAKE_PREFIX_PATH=${CMAKE_PREFIX_PATH}:/home/aarambh/my_robot_ws/install/bumperbot_py_examples:/opt/ros/humble /usr/bin/cmake --build /home/aarambh/my_robot_ws/build/bumperbot_localization -- -j4 -l4
[5.130s] DEBUG:colcon.colcon_core.event_handler.log_command:Invoked command in '/home/aarambh/my_robot_ws/build/bumperbot_controller' returned '0': CMAKE_PREFIX_PATH=${CMAKE_PREFIX_PATH}:/home/aarambh/my_robot_ws/install/bumperbot_py_examples:/opt/ros/humble /usr/bin/cmake --build /home/aarambh/my_robot_ws/build/bumperbot_controller -- -j4 -l4
[5.132s] DEBUG:colcon.colcon_core.event_handler.log_command:Invoking command in '/home/aarambh/my_robot_ws/build/bumperbot_controller': CMAKE_PREFIX_PATH=${CMAKE_PREFIX_PATH}:/home/aarambh/my_robot_ws/install/bumperbot_py_examples:/opt/ros/humble /usr/bin/cmake --install /home/aarambh/my_robot_ws/build/bumperbot_controller
[5.564s] Level 1:colcon.colcon_core.environment:create_environment_scripts_only(bumperbot_controller)
[5.566s] Level 1:colcon.colcon_core.environment:checking '/home/aarambh/my_robot_ws/install/bumperbot_controller' for CMake module files
[5.571s] Level 1:colcon.colcon_core.environment:checking '/home/aarambh/my_robot_ws/install/bumperbot_controller' for CMake config files
[5.578s] Level 1:colcon.colcon_core.shell:create_environment_hook('bumperbot_controller', 'cmake_prefix_path')
[5.580s] INFO:colcon.colcon_core.shell:Creating environment hook '/home/aarambh/my_robot_ws/install/bumperbot_controller/share/bumperbot_controller/hook/cmake_prefix_path.ps1'
[5.598s] DEBUG:colcon.colcon_core.event_handler.log_command:Invoked command in '/home/aarambh/my_robot_ws/build/bumperbot_controller' returned '0': CMAKE_PREFIX_PATH=${CMAKE_PREFIX_PATH}:/home/aarambh/my_robot_ws/install/bumperbot_py_examples:/opt/ros/humble /usr/bin/cmake --install /home/aarambh/my_robot_ws/build/bumperbot_controller
[5.599s] INFO:colcon.colcon_core.shell:Creating environment descriptor '/home/aarambh/my_robot_ws/install/bumperbot_controller/share/bumperbot_controller/hook/cmake_prefix_path.dsv'
[5.604s] INFO:colcon.colcon_core.shell:Creating environment hook '/home/aarambh/my_robot_ws/install/bumperbot_controller/share/bumperbot_controller/hook/cmake_prefix_path.sh'
[5.609s] Level 1:colcon.colcon_core.environment:checking '/home/aarambh/my_robot_ws/install/bumperbot_controller/lib'
[5.611s] Level 1:colcon.colcon_core.environment:checking '/home/aarambh/my_robot_ws/install/bumperbot_controller/bin'
[5.612s] Level 1:colcon.colcon_core.environment:checking '/home/aarambh/my_robot_ws/install/bumperbot_controller/lib/pkgconfig/bumperbot_controller.pc'
[5.614s] Level 1:colcon.colcon_core.environment:checking '/home/aarambh/my_robot_ws/install/bumperbot_controller/lib/python3.10/site-packages'
[5.617s] Level 1:colcon.colcon_core.environment:checking '/home/aarambh/my_robot_ws/install/bumperbot_controller/bin'
[5.622s] INFO:colcon.colcon_core.shell:Creating package script '/home/aarambh/my_robot_ws/install/bumperbot_controller/share/bumperbot_controller/package.ps1'
[5.626s] INFO:colcon.colcon_core.shell:Creating package descriptor '/home/aarambh/my_robot_ws/install/bumperbot_controller/share/bumperbot_controller/package.dsv'
[5.630s] INFO:colcon.colcon_core.shell:Creating package script '/home/aarambh/my_robot_ws/install/bumperbot_controller/share/bumperbot_controller/package.sh'
[5.635s] INFO:colcon.colcon_core.shell:Creating package script '/home/aarambh/my_robot_ws/install/bumperbot_controller/share/bumperbot_controller/package.bash'
[5.638s] INFO:colcon.colcon_core.shell:Creating package script '/home/aarambh/my_robot_ws/install/bumperbot_controller/share/bumperbot_controller/package.zsh'
[5.642s] Level 1:colcon.colcon_core.environment:create_file_with_runtime_dependencies(/home/aarambh/my_robot_ws/install/bumperbot_controller/share/colcon-core/packages/bumperbot_controller)
[5.646s] Level 1:colcon.colcon_core.environment:create_environment_scripts_only(bumperbot_controller)
[5.648s] Level 1:colcon.colcon_core.environment:checking '/home/aarambh/my_robot_ws/install/bumperbot_controller' for CMake module files
[5.652s] Level 1:colcon.colcon_core.environment:checking '/home/aarambh/my_robot_ws/install/bumperbot_controller' for CMake config files
[5.657s] Level 1:colcon.colcon_core.shell:create_environment_hook('bumperbot_controller', 'cmake_prefix_path')
[5.658s] INFO:colcon.colcon_core.shell:Creating environment hook '/home/aarambh/my_robot_ws/install/bumperbot_controller/share/bumperbot_controller/hook/cmake_prefix_path.ps1'
[5.660s] INFO:colcon.colcon_core.shell:Creating environment descriptor '/home/aarambh/my_robot_ws/install/bumperbot_controller/share/bumperbot_controller/hook/cmake_prefix_path.dsv'
[5.662s] INFO:colcon.colcon_core.shell:Creating environment hook '/home/aarambh/my_robot_ws/install/bumperbot_controller/share/bumperbot_controller/hook/cmake_prefix_path.sh'
[5.666s] Level 1:colcon.colcon_core.environment:checking '/home/aarambh/my_robot_ws/install/bumperbot_controller/lib'
[5.667s] Level 1:colcon.colcon_core.environment:checking '/home/aarambh/my_robot_ws/install/bumperbot_controller/bin'
[5.667s] Level 1:colcon.colcon_core.environment:checking '/home/aarambh/my_robot_ws/install/bumperbot_controller/lib/pkgconfig/bumperbot_controller.pc'
[5.669s] Level 1:colcon.colcon_core.environment:checking '/home/aarambh/my_robot_ws/install/bumperbot_controller/lib/python3.10/site-packages'
[5.670s] Level 1:colcon.colcon_core.environment:checking '/home/aarambh/my_robot_ws/install/bumperbot_controller/bin'
[5.672s] INFO:colcon.colcon_core.shell:Creating package script '/home/aarambh/my_robot_ws/install/bumperbot_controller/share/bumperbot_controller/package.ps1'
[5.675s] INFO:colcon.colcon_core.shell:Creating package descriptor '/home/aarambh/my_robot_ws/install/bumperbot_controller/share/bumperbot_controller/package.dsv'
[5.679s] INFO:colcon.colcon_core.shell:Creating package script '/home/aarambh/my_robot_ws/install/bumperbot_controller/share/bumperbot_controller/package.sh'
[5.682s] INFO:colcon.colcon_core.shell:Creating package script '/home/aarambh/my_robot_ws/install/bumperbot_controller/share/bumperbot_controller/package.bash'
[5.686s] INFO:colcon.colcon_core.shell:Creating package script '/home/aarambh/my_robot_ws/install/bumperbot_controller/share/bumperbot_controller/package.zsh'
[5.689s] Level 1:colcon.colcon_core.environment:create_file_with_runtime_dependencies(/home/aarambh/my_robot_ws/install/bumperbot_controller/share/colcon-core/packages/bumperbot_controller)
[5.696s] INFO:colcon.colcon_ros.task.ament_cmake.build:Building ROS package in '/home/aarambh/my_robot_ws/src/bumperbot_mapping' with build type 'ament_cmake'
[5.700s] INFO:colcon.colcon_cmake.task.cmake.build:Building CMake package in '/home/aarambh/my_robot_ws/src/bumperbot_mapping'
[5.701s] INFO:colcon.colcon_core.shell:Skip shell extension 'powershell' for command environment: Not usable outside of PowerShell
[5.701s] DEBUG:colcon.colcon_core.shell:Skip shell extension 'dsv' for command environment
[5.760s] DEBUG:colcon.colcon_core.event_handler.log_command:Invoked command in '/home/aarambh/my_robot_ws/build/bumperbot_firmware' returned '0': CMAKE_PREFIX_PATH=${CMAKE_PREFIX_PATH}:/home/aarambh/my_robot_ws/install/bumperbot_py_examples:/opt/ros/humble /usr/bin/cmake --build /home/aarambh/my_robot_ws/build/bumperbot_firmware -- -j4 -l4
[5.772s] DEBUG:colcon.colcon_core.event_handler.log_command:Invoking command in '/home/aarambh/my_robot_ws/build/bumperbot_firmware': CMAKE_PREFIX_PATH=${CMAKE_PREFIX_PATH}:/home/aarambh/my_robot_ws/install/bumperbot_py_examples:/opt/ros/humble /usr/bin/cmake --install /home/aarambh/my_robot_ws/build/bumperbot_firmware
[5.806s] DEBUG:colcon.colcon_core.event_handler.log_command:Invoking command in '/home/aarambh/my_robot_ws/build/bumperbot_mapping': CMAKE_PREFIX_PATH=${CMAKE_PREFIX_PATH}:/home/aarambh/my_robot_ws/install/bumperbot_py_examples:/opt/ros/humble /usr/bin/cmake --build /home/aarambh/my_robot_ws/build/bumperbot_mapping -- -j4 -l4
[6.020s] DEBUG:colcon.colcon_core.event_handler.log_command:Invoked command in '/home/aarambh/my_robot_ws/build/bumperbot_msgs' returned '0': CMAKE_PREFIX_PATH=${CMAKE_PREFIX_PATH}:/home/aarambh/my_robot_ws/install/bumperbot_py_examples:/opt/ros/humble /usr/bin/cmake --build /home/aarambh/my_robot_ws/build/bumperbot_msgs -- -j4 -l4
[6.023s] DEBUG:colcon.colcon_core.event_handler.log_command:Invoking command in '/home/aarambh/my_robot_ws/build/bumperbot_msgs': CMAKE_PREFIX_PATH=${CMAKE_PREFIX_PATH}:/home/aarambh/my_robot_ws/install/bumperbot_py_examples:/opt/ros/humble /usr/bin/cmake --install /home/aarambh/my_robot_ws/build/bumperbot_msgs
[6.199s] Level 1:colcon.colcon_core.environment:create_environment_scripts_only(bumperbot_firmware)
[6.200s] Level 1:colcon.colcon_core.environment:checking '/home/aarambh/my_robot_ws/install/bumperbot_firmware' for CMake module files
[6.204s] Level 1:colcon.colcon_core.environment:checking '/home/aarambh/my_robot_ws/install/bumperbot_firmware' for CMake config files
[6.225s] Level 1:colcon.colcon_core.shell:create_environment_hook('bumperbot_firmware', 'cmake_prefix_path')
[6.226s] INFO:colcon.colcon_core.shell:Creating environment hook '/home/aarambh/my_robot_ws/install/bumperbot_firmware/share/bumperbot_firmware/hook/cmake_prefix_path.ps1'
[6.236s] INFO:colcon.colcon_core.shell:Creating environment descriptor '/home/aarambh/my_robot_ws/install/bumperbot_firmware/share/bumperbot_firmware/hook/cmake_prefix_path.dsv'
[6.239s] INFO:colcon.colcon_core.shell:Creating environment hook '/home/aarambh/my_robot_ws/install/bumperbot_firmware/share/bumperbot_firmware/hook/cmake_prefix_path.sh'
[6.252s] Level 1:colcon.colcon_core.environment:checking '/home/aarambh/my_robot_ws/install/bumperbot_firmware/lib'
[6.254s] Level 1:colcon.colcon_core.shell:create_environment_hook('bumperbot_firmware', 'ld_library_path_lib')
[6.256s] INFO:colcon.colcon_core.shell:Creating environment hook '/home/aarambh/my_robot_ws/install/bumperbot_firmware/share/bumperbot_firmware/hook/ld_library_path_lib.ps1'
[6.262s] INFO:colcon.colcon_core.shell:Creating environment descriptor '/home/aarambh/my_robot_ws/install/bumperbot_firmware/share/bumperbot_firmware/hook/ld_library_path_lib.dsv'
[6.263s] DEBUG:colcon.colcon_core.event_handler.log_command:Invoked command in '/home/aarambh/my_robot_ws/build/bumperbot_firmware' returned '0': CMAKE_PREFIX_PATH=${CMAKE_PREFIX_PATH}:/home/aarambh/my_robot_ws/install/bumperbot_py_examples:/opt/ros/humble /usr/bin/cmake --install /home/aarambh/my_robot_ws/build/bumperbot_firmware
[6.267s] INFO:colcon.colcon_core.shell:Creating environment hook '/home/aarambh/my_robot_ws/install/bumperbot_firmware/share/bumperbot_firmware/hook/ld_library_path_lib.sh'
[6.272s] Level 1:colcon.colcon_core.environment:checking '/home/aarambh/my_robot_ws/install/bumperbot_firmware/bin'
[6.273s] Level 1:colcon.colcon_core.environment:checking '/home/aarambh/my_robot_ws/install/bumperbot_firmware/lib/pkgconfig/bumperbot_firmware.pc'
[6.280s] Level 1:colcon.colcon_core.environment:checking '/home/aarambh/my_robot_ws/install/bumperbot_firmware/lib/python3.10/site-packages'
[6.283s] Level 1:colcon.colcon_core.environment:checking '/home/aarambh/my_robot_ws/install/bumperbot_firmware/bin'
[6.285s] INFO:colcon.colcon_core.shell:Creating package script '/home/aarambh/my_robot_ws/install/bumperbot_firmware/share/bumperbot_firmware/package.ps1'
[6.303s] INFO:colcon.colcon_core.shell:Creating package descriptor '/home/aarambh/my_robot_ws/install/bumperbot_firmware/share/bumperbot_firmware/package.dsv'
[6.306s] INFO:colcon.colcon_core.shell:Creating package script '/home/aarambh/my_robot_ws/install/bumperbot_firmware/share/bumperbot_firmware/package.sh'
[6.309s] INFO:colcon.colcon_core.shell:Creating package script '/home/aarambh/my_robot_ws/install/bumperbot_firmware/share/bumperbot_firmware/package.bash'
[6.311s] INFO:colcon.colcon_core.shell:Creating package script '/home/aarambh/my_robot_ws/install/bumperbot_firmware/share/bumperbot_firmware/package.zsh'
[6.314s] Level 1:colcon.colcon_core.environment:create_file_with_runtime_dependencies(/home/aarambh/my_robot_ws/install/bumperbot_firmware/share/colcon-core/packages/bumperbot_firmware)
[6.318s] Level 1:colcon.colcon_core.environment:create_environment_scripts_only(bumperbot_firmware)
[6.319s] Level 1:colcon.colcon_core.environment:checking '/home/aarambh/my_robot_ws/install/bumperbot_firmware' for CMake module files
[6.323s] Level 1:colcon.colcon_core.environment:checking '/home/aarambh/my_robot_ws/install/bumperbot_firmware' for CMake config files
[6.328s] Level 1:colcon.colcon_core.shell:create_environment_hook('bumperbot_firmware', 'cmake_prefix_path')
[6.330s] INFO:colcon.colcon_core.shell:Creating environment hook '/home/aarambh/my_robot_ws/install/bumperbot_firmware/share/bumperbot_firmware/hook/cmake_prefix_path.ps1'
[6.334s] INFO:colcon.colcon_core.shell:Creating environment descriptor '/home/aarambh/my_robot_ws/install/bumperbot_firmware/share/bumperbot_firmware/hook/cmake_prefix_path.dsv'
[6.337s] INFO:colcon.colcon_core.shell:Creating environment hook '/home/aarambh/my_robot_ws/install/bumperbot_firmware/share/bumperbot_firmware/hook/cmake_prefix_path.sh'
[6.342s] Level 1:colcon.colcon_core.environment:checking '/home/aarambh/my_robot_ws/install/bumperbot_firmware/lib'
[6.342s] Level 1:colcon.colcon_core.shell:create_environment_hook('bumperbot_firmware', 'ld_library_path_lib')
[6.344s] INFO:colcon.colcon_core.shell:Creating environment hook '/home/aarambh/my_robot_ws/install/bumperbot_firmware/share/bumperbot_firmware/hook/ld_library_path_lib.ps1'
[6.346s] INFO:colcon.colcon_core.shell:Creating environment descriptor '/home/aarambh/my_robot_ws/install/bumperbot_firmware/share/bumperbot_firmware/hook/ld_library_path_lib.dsv'
[6.349s] INFO:colcon.colcon_core.shell:Creating environment hook '/home/aarambh/my_robot_ws/install/bumperbot_firmware/share/bumperbot_firmware/hook/ld_library_path_lib.sh'
[6.353s] Level 1:colcon.colcon_core.environment:checking '/home/aarambh/my_robot_ws/install/bumperbot_firmware/bin'
[6.353s] Level 1:colcon.colcon_core.environment:checking '/home/aarambh/my_robot_ws/install/bumperbot_firmware/lib/pkgconfig/bumperbot_firmware.pc'
[6.355s] Level 1:colcon.colcon_core.environment:checking '/home/aarambh/my_robot_ws/install/bumperbot_firmware/lib/python3.10/site-packages'
[6.357s] Level 1:colcon.colcon_core.environment:checking '/home/aarambh/my_robot_ws/install/bumperbot_firmware/bin'
[6.359s] INFO:colcon.colcon_core.shell:Creating package script '/home/aarambh/my_robot_ws/install/bumperbot_firmware/share/bumperbot_firmware/package.ps1'
[6.362s] INFO:colcon.colcon_core.shell:Creating package descriptor '/home/aarambh/my_robot_ws/install/bumperbot_firmware/share/bumperbot_firmware/package.dsv'
[6.366s] INFO:colcon.colcon_core.shell:Creating package script '/home/aarambh/my_robot_ws/install/bumperbot_firmware/share/bumperbot_firmware/package.sh'
[6.371s] INFO:colcon.colcon_core.shell:Creating package script '/home/aarambh/my_robot_ws/install/bumperbot_firmware/share/bumperbot_firmware/package.bash'
[6.374s] INFO:colcon.colcon_core.shell:Creating package script '/home/aarambh/my_robot_ws/install/bumperbot_firmware/share/bumperbot_firmware/package.zsh'
[6.378s] Level 1:colcon.colcon_core.environment:create_file_with_runtime_dependencies(/home/aarambh/my_robot_ws/install/bumperbot_firmware/share/colcon-core/packages/bumperbot_firmware)
[6.383s] INFO:colcon.colcon_ros.task.ament_cmake.build:Building ROS package in '/home/aarambh/my_robot_ws/src/bumperbot_planning' with build type 'ament_cmake'
[6.385s] INFO:colcon.colcon_cmake.task.cmake.build:Building CMake package in '/home/aarambh/my_robot_ws/src/bumperbot_planning'
[6.386s] INFO:colcon.colcon_core.shell:Skip shell extension 'powershell' for command environment: Not usable outside of PowerShell
[6.387s] DEBUG:colcon.colcon_core.shell:Skip shell extension 'dsv' for command environment
[6.461s] DEBUG:colcon.colcon_core.event_handler.log_command:Invoking command in '/home/aarambh/my_robot_ws/build/bumperbot_planning': CMAKE_PREFIX_PATH=${CMAKE_PREFIX_PATH}:/home/aarambh/my_robot_ws/install/bumperbot_py_examples:/opt/ros/humble /usr/bin/cmake --build /home/aarambh/my_robot_ws/build/bumperbot_planning -- -j4 -l4
[6.658s] Level 1:colcon.colcon_core.environment:create_environment_scripts_only(bumperbot_msgs)
[6.660s] Level 1:colcon.colcon_core.environment:checking '/home/aarambh/my_robot_ws/install/bumperbot_msgs' for CMake module files
[6.665s] Level 1:colcon.colcon_core.environment:checking '/home/aarambh/my_robot_ws/install/bumperbot_msgs' for CMake config files
[6.668s] DEBUG:colcon.colcon_core.event_handler.log_command:Invoked command in '/home/aarambh/my_robot_ws/build/bumperbot_msgs' returned '0': CMAKE_PREFIX_PATH=${CMAKE_PREFIX_PATH}:/home/aarambh/my_robot_ws/install/bumperbot_py_examples:/opt/ros/humble /usr/bin/cmake --install /home/aarambh/my_robot_ws/build/bumperbot_msgs
[6.675s] Level 1:colcon.colcon_core.shell:create_environment_hook('bumperbot_msgs', 'cmake_prefix_path')
[6.676s] INFO:colcon.colcon_core.shell:Creating environment hook '/home/aarambh/my_robot_ws/install/bumperbot_msgs/share/bumperbot_msgs/hook/cmake_prefix_path.ps1'
[6.679s] INFO:colcon.colcon_core.shell:Creating environment descriptor '/home/aarambh/my_robot_ws/install/bumperbot_msgs/share/bumperbot_msgs/hook/cmake_prefix_path.dsv'
[6.681s] INFO:colcon.colcon_core.shell:Creating environment hook '/home/aarambh/my_robot_ws/install/bumperbot_msgs/share/bumperbot_msgs/hook/cmake_prefix_path.sh'
[6.685s] Level 1:colcon.colcon_core.environment:checking '/home/aarambh/my_robot_ws/install/bumperbot_msgs/lib'
[6.686s] Level 1:colcon.colcon_core.shell:create_environment_hook('bumperbot_msgs', 'ld_library_path_lib')
[6.687s] INFO:colcon.colcon_core.shell:Creating environment hook '/home/aarambh/my_robot_ws/install/bumperbot_msgs/share/bumperbot_msgs/hook/ld_library_path_lib.ps1'
[6.690s] INFO:colcon.colcon_core.shell:Creating environment descriptor '/home/aarambh/my_robot_ws/install/bumperbot_msgs/share/bumperbot_msgs/hook/ld_library_path_lib.dsv'
[6.697s] INFO:colcon.colcon_core.shell:Creating environment hook '/home/aarambh/my_robot_ws/install/bumperbot_msgs/share/bumperbot_msgs/hook/ld_library_path_lib.sh'
[6.701s] Level 1:colcon.colcon_core.environment:checking '/home/aarambh/my_robot_ws/install/bumperbot_msgs/bin'
[6.701s] Level 1:colcon.colcon_core.environment:checking '/home/aarambh/my_robot_ws/install/bumperbot_msgs/lib/pkgconfig/bumperbot_msgs.pc'
[6.702s] Level 1:colcon.colcon_core.environment:checking '/home/aarambh/my_robot_ws/install/bumperbot_msgs/lib/python3.10/site-packages'
[6.704s] Level 1:colcon.colcon_core.environment:checking '/home/aarambh/my_robot_ws/install/bumperbot_msgs/bin'
[6.706s] INFO:colcon.colcon_core.shell:Creating package script '/home/aarambh/my_robot_ws/install/bumperbot_msgs/share/bumperbot_msgs/package.ps1'
[6.710s] INFO:colcon.colcon_core.shell:Creating package descriptor '/home/aarambh/my_robot_ws/install/bumperbot_msgs/share/bumperbot_msgs/package.dsv'
[6.713s] INFO:colcon.colcon_core.shell:Creating package script '/home/aarambh/my_robot_ws/install/bumperbot_msgs/share/bumperbot_msgs/package.sh'
[6.716s] INFO:colcon.colcon_core.shell:Creating package script '/home/aarambh/my_robot_ws/install/bumperbot_msgs/share/bumperbot_msgs/package.bash'
[6.719s] INFO:colcon.colcon_core.shell:Creating package script '/home/aarambh/my_robot_ws/install/bumperbot_msgs/share/bumperbot_msgs/package.zsh'
[6.723s] Level 1:colcon.colcon_core.environment:create_file_with_runtime_dependencies(/home/aarambh/my_robot_ws/install/bumperbot_msgs/share/colcon-core/packages/bumperbot_msgs)
[6.729s] Level 1:colcon.colcon_core.environment:create_environment_scripts_only(bumperbot_msgs)
[6.730s] Level 1:colcon.colcon_core.environment:checking '/home/aarambh/my_robot_ws/install/bumperbot_msgs' for CMake module files
[6.743s] Level 1:colcon.colcon_core.environment:checking '/home/aarambh/my_robot_ws/install/bumperbot_msgs' for CMake config files
[6.768s] Level 1:colcon.colcon_core.shell:create_environment_hook('bumperbot_msgs', 'cmake_prefix_path')
[6.770s] INFO:colcon.colcon_core.shell:Creating environment hook '/home/aarambh/my_robot_ws/install/bumperbot_msgs/share/bumperbot_msgs/hook/cmake_prefix_path.ps1'
[6.775s] INFO:colcon.colcon_core.shell:Creating environment descriptor '/home/aarambh/my_robot_ws/install/bumperbot_msgs/share/bumperbot_msgs/hook/cmake_prefix_path.dsv'
[6.780s] INFO:colcon.colcon_core.shell:Creating environment hook '/home/aarambh/my_robot_ws/install/bumperbot_msgs/share/bumperbot_msgs/hook/cmake_prefix_path.sh'
[6.785s] Level 1:colcon.colcon_core.environment:checking '/home/aarambh/my_robot_ws/install/bumperbot_msgs/lib'
[6.786s] Level 1:colcon.colcon_core.shell:create_environment_hook('bumperbot_msgs', 'ld_library_path_lib')
[6.788s] INFO:colcon.colcon_core.shell:Creating environment hook '/home/aarambh/my_robot_ws/install/bumperbot_msgs/share/bumperbot_msgs/hook/ld_library_path_lib.ps1'
[6.806s] INFO:colcon.colcon_core.shell:Creating environment descriptor '/home/aarambh/my_robot_ws/install/bumperbot_msgs/share/bumperbot_msgs/hook/ld_library_path_lib.dsv'
[6.809s] INFO:colcon.colcon_core.shell:Creating environment hook '/home/aarambh/my_robot_ws/install/bumperbot_msgs/share/bumperbot_msgs/hook/ld_library_path_lib.sh'
[6.814s] Level 1:colcon.colcon_core.environment:checking '/home/aarambh/my_robot_ws/install/bumperbot_msgs/bin'
[6.815s] Level 1:colcon.colcon_core.environment:checking '/home/aarambh/my_robot_ws/install/bumperbot_msgs/lib/pkgconfig/bumperbot_msgs.pc'
[6.817s] Level 1:colcon.colcon_core.environment:checking '/home/aarambh/my_robot_ws/install/bumperbot_msgs/lib/python3.10/site-packages'
[6.819s] Level 1:colcon.colcon_core.environment:checking '/home/aarambh/my_robot_ws/install/bumperbot_msgs/bin'
[6.821s] INFO:colcon.colcon_core.shell:Creating package script '/home/aarambh/my_robot_ws/install/bumperbot_msgs/share/bumperbot_msgs/package.ps1'
[6.824s] INFO:colcon.colcon_core.shell:Creating package descriptor '/home/aarambh/my_robot_ws/install/bumperbot_msgs/share/bumperbot_msgs/package.dsv'
[6.828s] INFO:colcon.colcon_core.shell:Creating package script '/home/aarambh/my_robot_ws/install/bumperbot_msgs/share/bumperbot_msgs/package.sh'
[6.834s] INFO:colcon.colcon_core.shell:Creating package script '/home/aarambh/my_robot_ws/install/bumperbot_msgs/share/bumperbot_msgs/package.bash'
[6.837s] INFO:colcon.colcon_core.shell:Creating package script '/home/aarambh/my_robot_ws/install/bumperbot_msgs/share/bumperbot_msgs/package.zsh'
[6.842s] Level 1:colcon.colcon_core.environment:create_file_with_runtime_dependencies(/home/aarambh/my_robot_ws/install/bumperbot_msgs/share/colcon-core/packages/bumperbot_msgs)
[6.859s] INFO:colcon.colcon_ros.task.ament_cmake.build:Building ROS package in '/home/aarambh/my_robot_ws/src/bumperbot_motion' with build type 'ament_cmake'
[6.861s] INFO:colcon.colcon_cmake.task.cmake.build:Building CMake package in '/home/aarambh/my_robot_ws/src/bumperbot_motion'
[6.862s] INFO:colcon.colcon_core.shell:Skip shell extension 'powershell' for command environment: Not usable outside of PowerShell
[6.863s] DEBUG:colcon.colcon_core.shell:Skip shell extension 'dsv' for command environment
[6.971s] DEBUG:colcon.colcon_core.event_handler.log_command:Invoking command in '/home/aarambh/my_robot_ws/build/bumperbot_motion': CMAKE_PREFIX_PATH=${CMAKE_PREFIX_PATH}:/home/aarambh/my_robot_ws/install/bumperbot_py_examples:/opt/ros/humble /usr/bin/cmake --build /home/aarambh/my_robot_ws/build/bumperbot_motion -- -j4 -l4
[7.295s] DEBUG:colcon.colcon_core.event_handler.log_command:Invoked command in '/home/aarambh/my_robot_ws/build/bumperbot_localization' returned '0': CMAKE_PREFIX_PATH=${CMAKE_PREFIX_PATH}:/home/aarambh/my_robot_ws/install/bumperbot_py_examples:/opt/ros/humble /usr/bin/cmake --build /home/aarambh/my_robot_ws/build/bumperbot_localization -- -j4 -l4
[7.297s] DEBUG:colcon.colcon_core.event_handler.log_command:Invoking command in '/home/aarambh/my_robot_ws/build/bumperbot_localization': CMAKE_PREFIX_PATH=${CMAKE_PREFIX_PATH}:/home/aarambh/my_robot_ws/install/bumperbot_py_examples:/opt/ros/humble /usr/bin/cmake --install /home/aarambh/my_robot_ws/build/bumperbot_localization
[7.733s] Level 1:colcon.colcon_core.environment:create_environment_scripts_only(bumperbot_localization)
[7.734s] Level 1:colcon.colcon_core.environment:checking '/home/aarambh/my_robot_ws/install/bumperbot_localization' for CMake module files
[7.740s] Level 1:colcon.colcon_core.environment:checking '/home/aarambh/my_robot_ws/install/bumperbot_localization' for CMake config files
[7.746s] Level 1:colcon.colcon_core.shell:create_environment_hook('bumperbot_localization', 'cmake_prefix_path')
[7.736s] DEBUG:colcon.colcon_core.event_handler.log_command:Invoked command in '/home/aarambh/my_robot_ws/build/bumperbot_localization' returned '0': CMAKE_PREFIX_PATH=${CMAKE_PREFIX_PATH}:/home/aarambh/my_robot_ws/install/bumperbot_py_examples:/opt/ros/humble /usr/bin/cmake --install /home/aarambh/my_robot_ws/build/bumperbot_localization
[7.747s] INFO:colcon.colcon_core.shell:Creating environment hook '/home/aarambh/my_robot_ws/install/bumperbot_localization/share/bumperbot_localization/hook/cmake_prefix_path.ps1'
[7.751s] INFO:colcon.colcon_core.shell:Creating environment descriptor '/home/aarambh/my_robot_ws/install/bumperbot_localization/share/bumperbot_localization/hook/cmake_prefix_path.dsv'
[7.754s] INFO:colcon.colcon_core.shell:Creating environment hook '/home/aarambh/my_robot_ws/install/bumperbot_localization/share/bumperbot_localization/hook/cmake_prefix_path.sh'
[7.758s] Level 1:colcon.colcon_core.environment:checking '/home/aarambh/my_robot_ws/install/bumperbot_localization/lib'
[7.758s] Level 1:colcon.colcon_core.environment:checking '/home/aarambh/my_robot_ws/install/bumperbot_localization/bin'
[7.759s] Level 1:colcon.colcon_core.shell:create_environment_hook('bumperbot_localization', 'path')
[7.760s] INFO:colcon.colcon_core.shell:Creating environment hook '/home/aarambh/my_robot_ws/install/bumperbot_localization/share/bumperbot_localization/hook/path.ps1'
[7.763s] INFO:colcon.colcon_core.shell:Creating environment descriptor '/home/aarambh/my_robot_ws/install/bumperbot_localization/share/bumperbot_localization/hook/path.dsv'
[7.765s] INFO:colcon.colcon_core.shell:Creating environment hook '/home/aarambh/my_robot_ws/install/bumperbot_localization/share/bumperbot_localization/hook/path.sh'
[7.769s] Level 1:colcon.colcon_core.environment:checking '/home/aarambh/my_robot_ws/install/bumperbot_localization/lib/pkgconfig/bumperbot_localization.pc'
[7.770s] Level 1:colcon.colcon_core.environment:checking '/home/aarambh/my_robot_ws/install/bumperbot_localization/lib/python3.10/site-packages'
[7.772s] Level 1:colcon.colcon_core.environment:checking '/home/aarambh/my_robot_ws/install/bumperbot_localization/bin'
[7.773s] Level 1:colcon.colcon_core.shell:create_environment_hook('bumperbot_localization', 'pythonscriptspath')
[7.776s] INFO:colcon.colcon_core.shell:Creating environment hook '/home/aarambh/my_robot_ws/install/bumperbot_localization/share/bumperbot_localization/hook/pythonscriptspath.ps1'
[7.779s] INFO:colcon.colcon_core.shell:Creating environment descriptor '/home/aarambh/my_robot_ws/install/bumperbot_localization/share/bumperbot_localization/hook/pythonscriptspath.dsv'
[7.781s] INFO:colcon.colcon_core.shell:Creating environment hook '/home/aarambh/my_robot_ws/install/bumperbot_localization/share/bumperbot_localization/hook/pythonscriptspath.sh'
[7.786s] INFO:colcon.colcon_core.shell:Creating package script '/home/aarambh/my_robot_ws/install/bumperbot_localization/share/bumperbot_localization/package.ps1'
[7.790s] INFO:colcon.colcon_core.shell:Creating package descriptor '/home/aarambh/my_robot_ws/install/bumperbot_localization/share/bumperbot_localization/package.dsv'
[7.793s] INFO:colcon.colcon_core.shell:Creating package script '/home/aarambh/my_robot_ws/install/bumperbot_localization/share/bumperbot_localization/package.sh'
[7.796s] INFO:colcon.colcon_core.shell:Creating package script '/home/aarambh/my_robot_ws/install/bumperbot_localization/share/bumperbot_localization/package.bash'
[7.799s] INFO:colcon.colcon_core.shell:Creating package script '/home/aarambh/my_robot_ws/install/bumperbot_localization/share/bumperbot_localization/package.zsh'
[7.801s] Level 1:colcon.colcon_core.environment:create_file_with_runtime_dependencies(/home/aarambh/my_robot_ws/install/bumperbot_localization/share/colcon-core/packages/bumperbot_localization)
[7.805s] Level 1:colcon.colcon_core.environment:create_environment_scripts_only(bumperbot_localization)
[7.806s] Level 1:colcon.colcon_core.environment:checking '/home/aarambh/my_robot_ws/install/bumperbot_localization' for CMake module files
[7.810s] Level 1:colcon.colcon_core.environment:checking '/home/aarambh/my_robot_ws/install/bumperbot_localization' for CMake config files
[7.816s] Level 1:colcon.colcon_core.shell:create_environment_hook('bumperbot_localization', 'cmake_prefix_path')
[7.817s] INFO:colcon.colcon_core.shell:Creating environment hook '/home/aarambh/my_robot_ws/install/bumperbot_localization/share/bumperbot_localization/hook/cmake_prefix_path.ps1'
[7.820s] INFO:colcon.colcon_core.shell:Creating environment descriptor '/home/aarambh/my_robot_ws/install/bumperbot_localization/share/bumperbot_localization/hook/cmake_prefix_path.dsv'
[7.822s] INFO:colcon.colcon_core.shell:Creating environment hook '/home/aarambh/my_robot_ws/install/bumperbot_localization/share/bumperbot_localization/hook/cmake_prefix_path.sh'
[7.826s] Level 1:colcon.colcon_core.environment:checking '/home/aarambh/my_robot_ws/install/bumperbot_localization/lib'
[7.827s] Level 1:colcon.colcon_core.environment:checking '/home/aarambh/my_robot_ws/install/bumperbot_localization/bin'
[7.827s] Level 1:colcon.colcon_core.shell:create_environment_hook('bumperbot_localization', 'path')
[7.828s] INFO:colcon.colcon_core.shell:Creating environment hook '/home/aarambh/my_robot_ws/install/bumperbot_localization/share/bumperbot_localization/hook/path.ps1'
[7.831s] INFO:colcon.colcon_core.shell:Creating environment descriptor '/home/aarambh/my_robot_ws/install/bumperbot_localization/share/bumperbot_localization/hook/path.dsv'
[7.834s] INFO:colcon.colcon_core.shell:Creating environment hook '/home/aarambh/my_robot_ws/install/bumperbot_localization/share/bumperbot_localization/hook/path.sh'
[7.837s] Level 1:colcon.colcon_core.environment:checking '/home/aarambh/my_robot_ws/install/bumperbot_localization/lib/pkgconfig/bumperbot_localization.pc'
[7.839s] Level 1:colcon.colcon_core.environment:checking '/home/aarambh/my_robot_ws/install/bumperbot_localization/lib/python3.10/site-packages'
[7.841s] Level 1:colcon.colcon_core.environment:checking '/home/aarambh/my_robot_ws/install/bumperbot_localization/bin'
[7.841s] Level 1:colcon.colcon_core.shell:create_environment_hook('bumperbot_localization', 'pythonscriptspath')
[7.842s] INFO:colcon.colcon_core.shell:Creating environment hook '/home/aarambh/my_robot_ws/install/bumperbot_localization/share/bumperbot_localization/hook/pythonscriptspath.ps1'
[7.845s] INFO:colcon.colcon_core.shell:Creating environment descriptor '/home/aarambh/my_robot_ws/install/bumperbot_localization/share/bumperbot_localization/hook/pythonscriptspath.dsv'
[7.848s] INFO:colcon.colcon_core.shell:Creating environment hook '/home/aarambh/my_robot_ws/install/bumperbot_localization/share/bumperbot_localization/hook/pythonscriptspath.sh'
[7.854s] INFO:colcon.colcon_core.shell:Creating package script '/home/aarambh/my_robot_ws/install/bumperbot_localization/share/bumperbot_localization/package.ps1'
[7.858s] INFO:colcon.colcon_core.shell:Creating package descriptor '/home/aarambh/my_robot_ws/install/bumperbot_localization/share/bumperbot_localization/package.dsv'
[7.862s] INFO:colcon.colcon_core.shell:Creating package script '/home/aarambh/my_robot_ws/install/bumperbot_localization/share/bumperbot_localization/package.sh'
[7.865s] INFO:colcon.colcon_core.shell:Creating package script '/home/aarambh/my_robot_ws/install/bumperbot_localization/share/bumperbot_localization/package.bash'
[7.869s] INFO:colcon.colcon_core.shell:Creating package script '/home/aarambh/my_robot_ws/install/bumperbot_localization/share/bumperbot_localization/package.zsh'
[7.872s] Level 1:colcon.colcon_core.environment:create_file_with_runtime_dependencies(/home/aarambh/my_robot_ws/install/bumperbot_localization/share/colcon-core/packages/bumperbot_localization)
[7.878s] INFO:colcon.colcon_ros.task.ament_cmake.build:Building ROS package in '/home/aarambh/my_robot_ws/src/bumperbot_utils' with build type 'ament_cmake'
[7.880s] INFO:colcon.colcon_cmake.task.cmake.build:Building CMake package in '/home/aarambh/my_robot_ws/src/bumperbot_utils'
[7.881s] INFO:colcon.colcon_core.shell:Skip shell extension 'powershell' for command environment: Not usable outside of PowerShell
[7.881s] DEBUG:colcon.colcon_core.shell:Skip shell extension 'dsv' for command environment
[7.940s] DEBUG:colcon.colcon_core.event_handler.log_command:Invoking command in '/home/aarambh/my_robot_ws/build/bumperbot_utils': CMAKE_PREFIX_PATH=${CMAKE_PREFIX_PATH}:/home/aarambh/my_robot_ws/install/bumperbot_py_examples:/opt/ros/humble /usr/bin/cmake --build /home/aarambh/my_robot_ws/build/bumperbot_utils -- -j4 -l4
[8.802s] DEBUG:colcon.colcon_core.event_handler.log_command:Invoked command in '/home/aarambh/my_robot_ws/build/bumperbot_mapping' returned '0': CMAKE_PREFIX_PATH=${CMAKE_PREFIX_PATH}:/home/aarambh/my_robot_ws/install/bumperbot_py_examples:/opt/ros/humble /usr/bin/cmake --build /home/aarambh/my_robot_ws/build/bumperbot_mapping -- -j4 -l4
[8.804s] DEBUG:colcon.colcon_core.event_handler.log_command:Invoking command in '/home/aarambh/my_robot_ws/build/bumperbot_mapping': CMAKE_PREFIX_PATH=${CMAKE_PREFIX_PATH}:/home/aarambh/my_robot_ws/install/bumperbot_py_examples:/opt/ros/humble /usr/bin/cmake --install /home/aarambh/my_robot_ws/build/bumperbot_mapping
[9.254s] Level 1:colcon.colcon_core.environment:create_environment_scripts_only(bumperbot_mapping)
[9.255s] Level 1:colcon.colcon_core.environment:checking '/home/aarambh/my_robot_ws/install/bumperbot_mapping' for CMake module files
[9.259s] Level 1:colcon.colcon_core.environment:checking '/home/aarambh/my_robot_ws/install/bumperbot_mapping' for CMake config files
[9.265s] DEBUG:colcon.colcon_core.event_handler.log_command:Invoked command in '/home/aarambh/my_robot_ws/build/bumperbot_mapping' returned '0': CMAKE_PREFIX_PATH=${CMAKE_PREFIX_PATH}:/home/aarambh/my_robot_ws/install/bumperbot_py_examples:/opt/ros/humble /usr/bin/cmake --install /home/aarambh/my_robot_ws/build/bumperbot_mapping
[9.269s] Level 1:colcon.colcon_core.shell:create_environment_hook('bumperbot_mapping', 'cmake_prefix_path')
[9.270s] INFO:colcon.colcon_core.shell:Creating environment hook '/home/aarambh/my_robot_ws/install/bumperbot_mapping/share/bumperbot_mapping/hook/cmake_prefix_path.ps1'
[9.273s] INFO:colcon.colcon_core.shell:Creating environment descriptor '/home/aarambh/my_robot_ws/install/bumperbot_mapping/share/bumperbot_mapping/hook/cmake_prefix_path.dsv'
[9.277s] INFO:colcon.colcon_core.shell:Creating environment hook '/home/aarambh/my_robot_ws/install/bumperbot_mapping/share/bumperbot_mapping/hook/cmake_prefix_path.sh'
[9.282s] Level 1:colcon.colcon_core.environment:checking '/home/aarambh/my_robot_ws/install/bumperbot_mapping/lib'
[9.282s] Level 1:colcon.colcon_core.environment:checking '/home/aarambh/my_robot_ws/install/bumperbot_mapping/bin'
[9.283s] Level 1:colcon.colcon_core.environment:checking '/home/aarambh/my_robot_ws/install/bumperbot_mapping/lib/pkgconfig/bumperbot_mapping.pc'
[9.285s] Level 1:colcon.colcon_core.environment:checking '/home/aarambh/my_robot_ws/install/bumperbot_mapping/lib/python3.10/site-packages'
[9.287s] Level 1:colcon.colcon_core.environment:checking '/home/aarambh/my_robot_ws/install/bumperbot_mapping/bin'
[9.288s] INFO:colcon.colcon_core.shell:Creating package script '/home/aarambh/my_robot_ws/install/bumperbot_mapping/share/bumperbot_mapping/package.ps1'
[9.291s] INFO:colcon.colcon_core.shell:Creating package descriptor '/home/aarambh/my_robot_ws/install/bumperbot_mapping/share/bumperbot_mapping/package.dsv'
[9.294s] INFO:colcon.colcon_core.shell:Creating package script '/home/aarambh/my_robot_ws/install/bumperbot_mapping/share/bumperbot_mapping/package.sh'
[9.297s] INFO:colcon.colcon_core.shell:Creating package script '/home/aarambh/my_robot_ws/install/bumperbot_mapping/share/bumperbot_mapping/package.bash'
[9.299s] INFO:colcon.colcon_core.shell:Creating package script '/home/aarambh/my_robot_ws/install/bumperbot_mapping/share/bumperbot_mapping/package.zsh'
[9.305s] Level 1:colcon.colcon_core.environment:create_file_with_runtime_dependencies(/home/aarambh/my_robot_ws/install/bumperbot_mapping/share/colcon-core/packages/bumperbot_mapping)
[9.309s] Level 1:colcon.colcon_core.environment:create_environment_scripts_only(bumperbot_mapping)
[9.310s] Level 1:colcon.colcon_core.environment:checking '/home/aarambh/my_robot_ws/install/bumperbot_mapping' for CMake module files
[9.315s] Level 1:colcon.colcon_core.environment:checking '/home/aarambh/my_robot_ws/install/bumperbot_mapping' for CMake config files
[9.320s] Level 1:colcon.colcon_core.shell:create_environment_hook('bumperbot_mapping', 'cmake_prefix_path')
[9.321s] INFO:colcon.colcon_core.shell:Creating environment hook '/home/aarambh/my_robot_ws/install/bumperbot_mapping/share/bumperbot_mapping/hook/cmake_prefix_path.ps1'
[9.324s] INFO:colcon.colcon_core.shell:Creating environment descriptor '/home/aarambh/my_robot_ws/install/bumperbot_mapping/share/bumperbot_mapping/hook/cmake_prefix_path.dsv'
[9.327s] INFO:colcon.colcon_core.shell:Creating environment hook '/home/aarambh/my_robot_ws/install/bumperbot_mapping/share/bumperbot_mapping/hook/cmake_prefix_path.sh'
[9.331s] Level 1:colcon.colcon_core.environment:checking '/home/aarambh/my_robot_ws/install/bumperbot_mapping/lib'
[9.332s] Level 1:colcon.colcon_core.environment:checking '/home/aarambh/my_robot_ws/install/bumperbot_mapping/bin'
[9.333s] Level 1:colcon.colcon_core.environment:checking '/home/aarambh/my_robot_ws/install/bumperbot_mapping/lib/pkgconfig/bumperbot_mapping.pc'
[9.334s] Level 1:colcon.colcon_core.environment:checking '/home/aarambh/my_robot_ws/install/bumperbot_mapping/lib/python3.10/site-packages'
[9.336s] Level 1:colcon.colcon_core.environment:checking '/home/aarambh/my_robot_ws/install/bumperbot_mapping/bin'
[9.337s] INFO:colcon.colcon_core.shell:Creating package script '/home/aarambh/my_robot_ws/install/bumperbot_mapping/share/bumperbot_mapping/package.ps1'
[9.340s] INFO:colcon.colcon_core.shell:Creating package descriptor '/home/aarambh/my_robot_ws/install/bumperbot_mapping/share/bumperbot_mapping/package.dsv'
[9.343s] INFO:colcon.colcon_core.shell:Creating package script '/home/aarambh/my_robot_ws/install/bumperbot_mapping/share/bumperbot_mapping/package.sh'
[9.345s] INFO:colcon.colcon_core.shell:Creating package script '/home/aarambh/my_robot_ws/install/bumperbot_mapping/share/bumperbot_mapping/package.bash'
[9.348s] INFO:colcon.colcon_core.shell:Creating package script '/home/aarambh/my_robot_ws/install/bumperbot_mapping/share/bumperbot_mapping/package.zsh'
[9.351s] Level 1:colcon.colcon_core.environment:create_file_with_runtime_dependencies(/home/aarambh/my_robot_ws/install/bumperbot_mapping/share/colcon-core/packages/bumperbot_mapping)
[9.355s] INFO:colcon.colcon_ros.task.ament_cmake.build:Building ROS package in '/home/aarambh/my_robot_ws/src/bumperbot_bringup' with build type 'ament_cmake'
[9.356s] INFO:colcon.colcon_cmake.task.cmake.build:Building CMake package in '/home/aarambh/my_robot_ws/src/bumperbot_bringup'
[9.357s] INFO:colcon.colcon_core.shell:Skip shell extension 'powershell' for command environment: Not usable outside of PowerShell
[9.358s] DEBUG:colcon.colcon_core.shell:Skip shell extension 'dsv' for command environment
[9.397s] DEBUG:colcon.colcon_core.event_handler.log_command:Invoked command in '/home/aarambh/my_robot_ws/build/bumperbot_planning' returned '0': CMAKE_PREFIX_PATH=${CMAKE_PREFIX_PATH}:/home/aarambh/my_robot_ws/install/bumperbot_py_examples:/opt/ros/humble /usr/bin/cmake --build /home/aarambh/my_robot_ws/build/bumperbot_planning -- -j4 -l4
[9.402s] DEBUG:colcon.colcon_core.event_handler.log_command:Invoking command in '/home/aarambh/my_robot_ws/build/bumperbot_planning': CMAKE_PREFIX_PATH=${CMAKE_PREFIX_PATH}:/home/aarambh/my_robot_ws/install/bumperbot_py_examples:/opt/ros/humble /usr/bin/cmake --install /home/aarambh/my_robot_ws/build/bumperbot_planning
[9.463s] DEBUG:colcon.colcon_core.event_handler.log_command:Invoking command in '/home/aarambh/my_robot_ws/build/bumperbot_bringup': CMAKE_PREFIX_PATH=/home/aarambh/my_robot_ws/install/bumperbot_mapping:/home/aarambh/my_robot_ws/install/bumperbot_localization:/home/aarambh/my_robot_ws/install/bumperbot_firmware:/home/aarambh/my_robot_ws/install/bumperbot_description:/home/aarambh/my_robot_ws/install/bumperbot_controller:/home/aarambh/my_robot_ws/install/bumperbot_utils:/home/aarambh/my_robot_ws/install/bumperbot_navigation:/home/aarambh/my_robot_ws/install/bumperbot_planning:/home/aarambh/my_robot_ws/install/bumperbot_cpp_examples:/home/aarambh/my_robot_ws/install/bumperbot_msgs:/home/aarambh/my_robot_ws/install/bumperbot_motion:/home/aarambh/my_robot_ws/install/bumperbot_bringup:/home/aarambh/my_robot_ws/install/bumperbot_py_examples:/opt/ros/humble LD_LIBRARY_PATH=/home/aarambh/my_robot_ws/install/bumperbot_firmware/lib:/home/aarambh/my_robot_ws/install/bumperbot_planning/lib:/home/aarambh/my_robot_ws/install/bumperbot_cpp_examples/lib:/home/aarambh/my_robot_ws/install/bumperbot_msgs/lib:/home/aarambh/my_robot_ws/install/bumperbot_motion/lib:/opt/ros/humble/opt/rviz_ogre_vendor/lib:/opt/ros/humble/lib/aarch64-linux-gnu:/opt/ros/humble/lib /usr/bin/cmake --build /home/aarambh/my_robot_ws/build/bumperbot_bringup -- -j4 -l4
[9.725s] DEBUG:colcon.colcon_core.event_handler.log_command:Invoked command in '/home/aarambh/my_robot_ws/build/bumperbot_bringup' returned '0': CMAKE_PREFIX_PATH=/home/aarambh/my_robot_ws/install/bumperbot_mapping:/home/aarambh/my_robot_ws/install/bumperbot_localization:/home/aarambh/my_robot_ws/install/bumperbot_firmware:/home/aarambh/my_robot_ws/install/bumperbot_description:/home/aarambh/my_robot_ws/install/bumperbot_controller:/home/aarambh/my_robot_ws/install/bumperbot_utils:/home/aarambh/my_robot_ws/install/bumperbot_navigation:/home/aarambh/my_robot_ws/install/bumperbot_planning:/home/aarambh/my_robot_ws/install/bumperbot_cpp_examples:/home/aarambh/my_robot_ws/install/bumperbot_msgs:/home/aarambh/my_robot_ws/install/bumperbot_motion:/home/aarambh/my_robot_ws/install/bumperbot_bringup:/home/aarambh/my_robot_ws/install/bumperbot_py_examples:/opt/ros/humble LD_LIBRARY_PATH=/home/aarambh/my_robot_ws/install/bumperbot_firmware/lib:/home/aarambh/my_robot_ws/install/bumperbot_planning/lib:/home/aarambh/my_robot_ws/install/bumperbot_cpp_examples/lib:/home/aarambh/my_robot_ws/install/bumperbot_msgs/lib:/home/aarambh/my_robot_ws/install/bumperbot_motion/lib:/opt/ros/humble/opt/rviz_ogre_vendor/lib:/opt/ros/humble/lib/aarch64-linux-gnu:/opt/ros/humble/lib /usr/bin/cmake --build /home/aarambh/my_robot_ws/build/bumperbot_bringup -- -j4 -l4
[9.738s] DEBUG:colcon.colcon_core.event_handler.log_command:Invoking command in '/home/aarambh/my_robot_ws/build/bumperbot_bringup': CMAKE_PREFIX_PATH=/home/aarambh/my_robot_ws/install/bumperbot_mapping:/home/aarambh/my_robot_ws/install/bumperbot_localization:/home/aarambh/my_robot_ws/install/bumperbot_firmware:/home/aarambh/my_robot_ws/install/bumperbot_description:/home/aarambh/my_robot_ws/install/bumperbot_controller:/home/aarambh/my_robot_ws/install/bumperbot_utils:/home/aarambh/my_robot_ws/install/bumperbot_navigation:/home/aarambh/my_robot_ws/install/bumperbot_planning:/home/aarambh/my_robot_ws/install/bumperbot_cpp_examples:/home/aarambh/my_robot_ws/install/bumperbot_msgs:/home/aarambh/my_robot_ws/install/bumperbot_motion:/home/aarambh/my_robot_ws/install/bumperbot_bringup:/home/aarambh/my_robot_ws/install/bumperbot_py_examples:/opt/ros/humble LD_LIBRARY_PATH=/home/aarambh/my_robot_ws/install/bumperbot_firmware/lib:/home/aarambh/my_robot_ws/install/bumperbot_planning/lib:/home/aarambh/my_robot_ws/install/bumperbot_cpp_examples/lib:/home/aarambh/my_robot_ws/install/bumperbot_msgs/lib:/home/aarambh/my_robot_ws/install/bumperbot_motion/lib:/opt/ros/humble/opt/rviz_ogre_vendor/lib:/opt/ros/humble/lib/aarch64-linux-gnu:/opt/ros/humble/lib /usr/bin/cmake --install /home/aarambh/my_robot_ws/build/bumperbot_bringup
[9.824s] Level 1:colcon.colcon_core.environment:create_environment_scripts_only(bumperbot_bringup)
[9.826s] Level 1:colcon.colcon_core.environment:checking '/home/aarambh/my_robot_ws/install/bumperbot_bringup' for CMake module files
[9.831s] Level 1:colcon.colcon_core.environment:checking '/home/aarambh/my_robot_ws/install/bumperbot_bringup' for CMake config files
[9.833s] Level 1:colcon.colcon_core.shell:create_environment_hook('bumperbot_bringup', 'cmake_prefix_path')
[9.835s] INFO:colcon.colcon_core.shell:Creating environment hook '/home/aarambh/my_robot_ws/install/bumperbot_bringup/share/bumperbot_bringup/hook/cmake_prefix_path.ps1'
[9.848s] DEBUG:colcon.colcon_core.event_handler.log_command:Invoked command in '/home/aarambh/my_robot_ws/build/bumperbot_bringup' returned '0': CMAKE_PREFIX_PATH=/home/aarambh/my_robot_ws/install/bumperbot_mapping:/home/aarambh/my_robot_ws/install/bumperbot_localization:/home/aarambh/my_robot_ws/install/bumperbot_firmware:/home/aarambh/my_robot_ws/install/bumperbot_description:/home/aarambh/my_robot_ws/install/bumperbot_controller:/home/aarambh/my_robot_ws/install/bumperbot_utils:/home/aarambh/my_robot_ws/install/bumperbot_navigation:/home/aarambh/my_robot_ws/install/bumperbot_planning:/home/aarambh/my_robot_ws/install/bumperbot_cpp_examples:/home/aarambh/my_robot_ws/install/bumperbot_msgs:/home/aarambh/my_robot_ws/install/bumperbot_motion:/home/aarambh/my_robot_ws/install/bumperbot_bringup:/home/aarambh/my_robot_ws/install/bumperbot_py_examples:/opt/ros/humble LD_LIBRARY_PATH=/home/aarambh/my_robot_ws/install/bumperbot_firmware/lib:/home/aarambh/my_robot_ws/install/bumperbot_planning/lib:/home/aarambh/my_robot_ws/install/bumperbot_cpp_examples/lib:/home/aarambh/my_robot_ws/install/bumperbot_msgs/lib:/home/aarambh/my_robot_ws/install/bumperbot_motion/lib:/opt/ros/humble/opt/rviz_ogre_vendor/lib:/opt/ros/humble/lib/aarch64-linux-gnu:/opt/ros/humble/lib /usr/bin/cmake --install /home/aarambh/my_robot_ws/build/bumperbot_bringup
[9.852s] INFO:colcon.colcon_core.shell:Creating environment descriptor '/home/aarambh/my_robot_ws/install/bumperbot_bringup/share/bumperbot_bringup/hook/cmake_prefix_path.dsv'
[9.857s] INFO:colcon.colcon_core.shell:Creating environment hook '/home/aarambh/my_robot_ws/install/bumperbot_bringup/share/bumperbot_bringup/hook/cmake_prefix_path.sh'
[9.861s] Level 1:colcon.colcon_core.environment:checking '/home/aarambh/my_robot_ws/install/bumperbot_bringup/bin'
[9.862s] Level 1:colcon.colcon_core.environment:checking '/home/aarambh/my_robot_ws/install/bumperbot_bringup/lib/pkgconfig/bumperbot_bringup.pc'
[9.863s] Level 1:colcon.colcon_core.environment:checking '/home/aarambh/my_robot_ws/install/bumperbot_bringup/lib/python3.10/site-packages'
[9.864s] Level 1:colcon.colcon_core.environment:checking '/home/aarambh/my_robot_ws/install/bumperbot_bringup/bin'
[9.866s] INFO:colcon.colcon_core.shell:Creating package script '/home/aarambh/my_robot_ws/install/bumperbot_bringup/share/bumperbot_bringup/package.ps1'
[9.868s] INFO:colcon.colcon_core.shell:Creating package descriptor '/home/aarambh/my_robot_ws/install/bumperbot_bringup/share/bumperbot_bringup/package.dsv'
[9.871s] INFO:colcon.colcon_core.shell:Creating package script '/home/aarambh/my_robot_ws/install/bumperbot_bringup/share/bumperbot_bringup/package.sh'
[9.874s] INFO:colcon.colcon_core.shell:Creating package script '/home/aarambh/my_robot_ws/install/bumperbot_bringup/share/bumperbot_bringup/package.bash'
[9.876s] INFO:colcon.colcon_core.shell:Creating package script '/home/aarambh/my_robot_ws/install/bumperbot_bringup/share/bumperbot_bringup/package.zsh'
[9.879s] Level 1:colcon.colcon_core.environment:create_file_with_runtime_dependencies(/home/aarambh/my_robot_ws/install/bumperbot_bringup/share/colcon-core/packages/bumperbot_bringup)
[9.882s] Level 1:colcon.colcon_core.environment:create_environment_scripts_only(bumperbot_bringup)
[9.883s] Level 1:colcon.colcon_core.environment:checking '/home/aarambh/my_robot_ws/install/bumperbot_bringup' for CMake module files
[9.887s] Level 1:colcon.colcon_core.environment:checking '/home/aarambh/my_robot_ws/install/bumperbot_bringup' for CMake config files
[9.889s] Level 1:colcon.colcon_core.shell:create_environment_hook('bumperbot_bringup', 'cmake_prefix_path')
[9.890s] INFO:colcon.colcon_core.shell:Creating environment hook '/home/aarambh/my_robot_ws/install/bumperbot_bringup/share/bumperbot_bringup/hook/cmake_prefix_path.ps1'
[9.892s] INFO:colcon.colcon_core.shell:Creating environment descriptor '/home/aarambh/my_robot_ws/install/bumperbot_bringup/share/bumperbot_bringup/hook/cmake_prefix_path.dsv'
[9.895s] INFO:colcon.colcon_core.shell:Creating environment hook '/home/aarambh/my_robot_ws/install/bumperbot_bringup/share/bumperbot_bringup/hook/cmake_prefix_path.sh'
[9.898s] Level 1:colcon.colcon_core.environment:checking '/home/aarambh/my_robot_ws/install/bumperbot_bringup/bin'
[9.899s] Level 1:colcon.colcon_core.environment:checking '/home/aarambh/my_robot_ws/install/bumperbot_bringup/lib/pkgconfig/bumperbot_bringup.pc'
[9.900s] Level 1:colcon.colcon_core.environment:checking '/home/aarambh/my_robot_ws/install/bumperbot_bringup/lib/python3.10/site-packages'
[9.902s] Level 1:colcon.colcon_core.environment:checking '/home/aarambh/my_robot_ws/install/bumperbot_bringup/bin'
[9.903s] INFO:colcon.colcon_core.shell:Creating package script '/home/aarambh/my_robot_ws/install/bumperbot_bringup/share/bumperbot_bringup/package.ps1'
[9.907s] INFO:colcon.colcon_core.shell:Creating package descriptor '/home/aarambh/my_robot_ws/install/bumperbot_bringup/share/bumperbot_bringup/package.dsv'
[9.909s] INFO:colcon.colcon_core.shell:Creating package script '/home/aarambh/my_robot_ws/install/bumperbot_bringup/share/bumperbot_bringup/package.sh'
[9.912s] INFO:colcon.colcon_core.shell:Creating package script '/home/aarambh/my_robot_ws/install/bumperbot_bringup/share/bumperbot_bringup/package.bash'
[9.914s] INFO:colcon.colcon_core.shell:Creating package script '/home/aarambh/my_robot_ws/install/bumperbot_bringup/share/bumperbot_bringup/package.zsh'
[9.916s] Level 1:colcon.colcon_core.environment:create_file_with_runtime_dependencies(/home/aarambh/my_robot_ws/install/bumperbot_bringup/share/colcon-core/packages/bumperbot_bringup)
[9.919s] INFO:colcon.colcon_ros.task.ament_cmake.build:Building ROS package in '/home/aarambh/my_robot_ws/src/bumperbot_cpp_examples' with build type 'ament_cmake'
[9.919s] INFO:colcon.colcon_cmake.task.cmake.build:Building CMake package in '/home/aarambh/my_robot_ws/src/bumperbot_cpp_examples'
[9.921s] INFO:colcon.colcon_core.shell:Skip shell extension 'powershell' for command environment: Not usable outside of PowerShell
[9.921s] DEBUG:colcon.colcon_core.shell:Skip shell extension 'dsv' for command environment
[9.952s] Level 1:colcon.colcon_core.environment:create_environment_scripts_only(bumperbot_planning)
[9.954s] Level 1:colcon.colcon_core.environment:checking '/home/aarambh/my_robot_ws/install/bumperbot_planning' for CMake module files
[9.955s] DEBUG:colcon.colcon_core.event_handler.log_command:Invoked command in '/home/aarambh/my_robot_ws/build/bumperbot_planning' returned '0': CMAKE_PREFIX_PATH=${CMAKE_PREFIX_PATH}:/home/aarambh/my_robot_ws/install/bumperbot_py_examples:/opt/ros/humble /usr/bin/cmake --install /home/aarambh/my_robot_ws/build/bumperbot_planning
[9.959s] Level 1:colcon.colcon_core.environment:checking '/home/aarambh/my_robot_ws/install/bumperbot_planning' for CMake config files
[9.962s] Level 1:colcon.colcon_core.shell:create_environment_hook('bumperbot_planning', 'cmake_prefix_path')
[9.963s] INFO:colcon.colcon_core.shell:Creating environment hook '/home/aarambh/my_robot_ws/install/bumperbot_planning/share/bumperbot_planning/hook/cmake_prefix_path.ps1'
[9.966s] INFO:colcon.colcon_core.shell:Creating environment descriptor '/home/aarambh/my_robot_ws/install/bumperbot_planning/share/bumperbot_planning/hook/cmake_prefix_path.dsv'
[9.968s] INFO:colcon.colcon_core.shell:Creating environment hook '/home/aarambh/my_robot_ws/install/bumperbot_planning/share/bumperbot_planning/hook/cmake_prefix_path.sh'
[9.971s] Level 1:colcon.colcon_core.environment:checking '/home/aarambh/my_robot_ws/install/bumperbot_planning/lib'
[9.973s] Level 1:colcon.colcon_core.shell:create_environment_hook('bumperbot_planning', 'ld_library_path_lib')
[9.974s] INFO:colcon.colcon_core.shell:Creating environment hook '/home/aarambh/my_robot_ws/install/bumperbot_planning/share/bumperbot_planning/hook/ld_library_path_lib.ps1'
[9.976s] INFO:colcon.colcon_core.shell:Creating environment descriptor '/home/aarambh/my_robot_ws/install/bumperbot_planning/share/bumperbot_planning/hook/ld_library_path_lib.dsv'
[9.978s] INFO:colcon.colcon_core.shell:Creating environment hook '/home/aarambh/my_robot_ws/install/bumperbot_planning/share/bumperbot_planning/hook/ld_library_path_lib.sh'
[9.980s] Level 1:colcon.colcon_core.environment:checking '/home/aarambh/my_robot_ws/install/bumperbot_planning/bin'
[9.980s] Level 1:colcon.colcon_core.environment:checking '/home/aarambh/my_robot_ws/install/bumperbot_planning/lib/pkgconfig/bumperbot_planning.pc'
[9.981s] Level 1:colcon.colcon_core.environment:checking '/home/aarambh/my_robot_ws/install/bumperbot_planning/lib/python3.10/site-packages'
[9.983s] Level 1:colcon.colcon_core.environment:checking '/home/aarambh/my_robot_ws/install/bumperbot_planning/bin'
[9.985s] INFO:colcon.colcon_core.shell:Creating package script '/home/aarambh/my_robot_ws/install/bumperbot_planning/share/bumperbot_planning/package.ps1'
[9.987s] INFO:colcon.colcon_core.shell:Creating package descriptor '/home/aarambh/my_robot_ws/install/bumperbot_planning/share/bumperbot_planning/package.dsv'
[9.989s] INFO:colcon.colcon_core.shell:Creating package script '/home/aarambh/my_robot_ws/install/bumperbot_planning/share/bumperbot_planning/package.sh'
[9.992s] INFO:colcon.colcon_core.shell:Creating package script '/home/aarambh/my_robot_ws/install/bumperbot_planning/share/bumperbot_planning/package.bash'
[9.994s] INFO:colcon.colcon_core.shell:Creating package script '/home/aarambh/my_robot_ws/install/bumperbot_planning/share/bumperbot_planning/package.zsh'
[9.996s] Level 1:colcon.colcon_core.environment:create_file_with_runtime_dependencies(/home/aarambh/my_robot_ws/install/bumperbot_planning/share/colcon-core/packages/bumperbot_planning)
[9.999s] Level 1:colcon.colcon_core.environment:create_environment_scripts_only(bumperbot_planning)
[10.000s] Level 1:colcon.colcon_core.environment:checking '/home/aarambh/my_robot_ws/install/bumperbot_planning' for CMake module files
[10.003s] Level 1:colcon.colcon_core.environment:checking '/home/aarambh/my_robot_ws/install/bumperbot_planning' for CMake config files
[10.006s] Level 1:colcon.colcon_core.shell:create_environment_hook('bumperbot_planning', 'cmake_prefix_path')
[10.007s] INFO:colcon.colcon_core.shell:Creating environment hook '/home/aarambh/my_robot_ws/install/bumperbot_planning/share/bumperbot_planning/hook/cmake_prefix_path.ps1'
[10.009s] INFO:colcon.colcon_core.shell:Creating environment descriptor '/home/aarambh/my_robot_ws/install/bumperbot_planning/share/bumperbot_planning/hook/cmake_prefix_path.dsv'
[10.011s] INFO:colcon.colcon_core.shell:Creating environment hook '/home/aarambh/my_robot_ws/install/bumperbot_planning/share/bumperbot_planning/hook/cmake_prefix_path.sh'
[10.014s] Level 1:colcon.colcon_core.environment:checking '/home/aarambh/my_robot_ws/install/bumperbot_planning/lib'
[10.014s] Level 1:colcon.colcon_core.shell:create_environment_hook('bumperbot_planning', 'ld_library_path_lib')
[10.015s] INFO:colcon.colcon_core.shell:Creating environment hook '/home/aarambh/my_robot_ws/install/bumperbot_planning/share/bumperbot_planning/hook/ld_library_path_lib.ps1'
[10.017s] INFO:colcon.colcon_core.shell:Creating environment descriptor '/home/aarambh/my_robot_ws/install/bumperbot_planning/share/bumperbot_planning/hook/ld_library_path_lib.dsv'
[10.019s] INFO:colcon.colcon_core.shell:Creating environment hook '/home/aarambh/my_robot_ws/install/bumperbot_planning/share/bumperbot_planning/hook/ld_library_path_lib.sh'
[10.021s] Level 1:colcon.colcon_core.environment:checking '/home/aarambh/my_robot_ws/install/bumperbot_planning/bin'
[10.022s] Level 1:colcon.colcon_core.environment:checking '/home/aarambh/my_robot_ws/install/bumperbot_planning/lib/pkgconfig/bumperbot_planning.pc'
[10.022s] Level 1:colcon.colcon_core.environment:checking '/home/aarambh/my_robot_ws/install/bumperbot_planning/lib/python3.10/site-packages'
[10.024s] Level 1:colcon.colcon_core.environment:checking '/home/aarambh/my_robot_ws/install/bumperbot_planning/bin'
[10.026s] INFO:colcon.colcon_core.shell:Creating package script '/home/aarambh/my_robot_ws/install/bumperbot_planning/share/bumperbot_planning/package.ps1'
[10.028s] INFO:colcon.colcon_core.shell:Creating package descriptor '/home/aarambh/my_robot_ws/install/bumperbot_planning/share/bumperbot_planning/package.dsv'
[10.031s] INFO:colcon.colcon_core.shell:Creating package script '/home/aarambh/my_robot_ws/install/bumperbot_planning/share/bumperbot_planning/package.sh'
[10.033s] INFO:colcon.colcon_core.shell:Creating package script '/home/aarambh/my_robot_ws/install/bumperbot_planning/share/bumperbot_planning/package.bash'
[10.036s] INFO:colcon.colcon_core.shell:Creating package script '/home/aarambh/my_robot_ws/install/bumperbot_planning/share/bumperbot_planning/package.zsh'
[10.038s] Level 1:colcon.colcon_core.environment:create_file_with_runtime_dependencies(/home/aarambh/my_robot_ws/install/bumperbot_planning/share/colcon-core/packages/bumperbot_planning)
[10.043s] DEBUG:colcon.colcon_core.event_handler.log_command:Invoked command in '/home/aarambh/my_robot_ws/build/bumperbot_motion' returned '0': CMAKE_PREFIX_PATH=${CMAKE_PREFIX_PATH}:/home/aarambh/my_robot_ws/install/bumperbot_py_examples:/opt/ros/humble /usr/bin/cmake --build /home/aarambh/my_robot_ws/build/bumperbot_motion -- -j4 -l4
[10.053s] DEBUG:colcon.colcon_core.event_handler.log_command:Invoking command in '/home/aarambh/my_robot_ws/build/bumperbot_motion': CMAKE_PREFIX_PATH=${CMAKE_PREFIX_PATH}:/home/aarambh/my_robot_ws/install/bumperbot_py_examples:/opt/ros/humble /usr/bin/cmake --install /home/aarambh/my_robot_ws/build/bumperbot_motion
[10.054s] INFO:colcon.colcon_ros.task.ament_cmake.build:Building ROS package in '/home/aarambh/my_robot_ws/src/bumperbot_navigation' with build type 'ament_cmake'
[10.056s] INFO:colcon.colcon_cmake.task.cmake.build:Building CMake package in '/home/aarambh/my_robot_ws/src/bumperbot_navigation'
[10.057s] INFO:colcon.colcon_core.shell:Skip shell extension 'powershell' for command environment: Not usable outside of PowerShell
[10.057s] DEBUG:colcon.colcon_core.shell:Skip shell extension 'dsv' for command environment
[10.121s] DEBUG:colcon.colcon_core.event_handler.log_command:Invoking command in '/home/aarambh/my_robot_ws/build/bumperbot_cpp_examples': CMAKE_PREFIX_PATH=/home/aarambh/my_robot_ws/install/bumperbot_msgs:/home/aarambh/my_robot_ws/install/bumperbot_utils:/home/aarambh/my_robot_ws/install/bumperbot_navigation:/home/aarambh/my_robot_ws/install/bumperbot_planning:/home/aarambh/my_robot_ws/install/bumperbot_cpp_examples:/home/aarambh/my_robot_ws/install/bumperbot_motion:/home/aarambh/my_robot_ws/install/bumperbot_bringup:/home/aarambh/my_robot_ws/install/bumperbot_mapping:/home/aarambh/my_robot_ws/install/bumperbot_localization:/home/aarambh/my_robot_ws/install/bumperbot_firmware:/home/aarambh/my_robot_ws/install/bumperbot_description:/home/aarambh/my_robot_ws/install/bumperbot_controller:/home/aarambh/my_robot_ws/install/bumperbot_py_examples:/opt/ros/humble LD_LIBRARY_PATH=/home/aarambh/my_robot_ws/install/bumperbot_msgs/lib:/home/aarambh/my_robot_ws/install/bumperbot_planning/lib:/home/aarambh/my_robot_ws/install/bumperbot_cpp_examples/lib:/home/aarambh/my_robot_ws/install/bumperbot_motion/lib:/home/aarambh/my_robot_ws/install/bumperbot_firmware/lib:/opt/ros/humble/opt/rviz_ogre_vendor/lib:/opt/ros/humble/lib/aarch64-linux-gnu:/opt/ros/humble/lib /usr/bin/cmake --build /home/aarambh/my_robot_ws/build/bumperbot_cpp_examples -- -j4 -l4
[10.151s] DEBUG:colcon.colcon_core.event_handler.log_command:Invoking command in '/home/aarambh/my_robot_ws/build/bumperbot_navigation': CMAKE_PREFIX_PATH=/home/aarambh/my_robot_ws/install/bumperbot_planning:/home/aarambh/my_robot_ws/install/bumperbot_utils:/home/aarambh/my_robot_ws/install/bumperbot_navigation:/home/aarambh/my_robot_ws/install/bumperbot_cpp_examples:/home/aarambh/my_robot_ws/install/bumperbot_msgs:/home/aarambh/my_robot_ws/install/bumperbot_motion:/home/aarambh/my_robot_ws/install/bumperbot_bringup:/home/aarambh/my_robot_ws/install/bumperbot_mapping:/home/aarambh/my_robot_ws/install/bumperbot_localization:/home/aarambh/my_robot_ws/install/bumperbot_firmware:/home/aarambh/my_robot_ws/install/bumperbot_description:/home/aarambh/my_robot_ws/install/bumperbot_controller:/home/aarambh/my_robot_ws/install/bumperbot_py_examples:/opt/ros/humble /usr/bin/cmake --build /home/aarambh/my_robot_ws/build/bumperbot_navigation -- -j4 -l4
[10.385s] DEBUG:colcon.colcon_core.event_handler.log_command:Invoked command in '/home/aarambh/my_robot_ws/build/bumperbot_navigation' returned '0': CMAKE_PREFIX_PATH=/home/aarambh/my_robot_ws/install/bumperbot_planning:/home/aarambh/my_robot_ws/install/bumperbot_utils:/home/aarambh/my_robot_ws/install/bumperbot_navigation:/home/aarambh/my_robot_ws/install/bumperbot_cpp_examples:/home/aarambh/my_robot_ws/install/bumperbot_msgs:/home/aarambh/my_robot_ws/install/bumperbot_motion:/home/aarambh/my_robot_ws/install/bumperbot_bringup:/home/aarambh/my_robot_ws/install/bumperbot_mapping:/home/aarambh/my_robot_ws/install/bumperbot_localization:/home/aarambh/my_robot_ws/install/bumperbot_firmware:/home/aarambh/my_robot_ws/install/bumperbot_description:/home/aarambh/my_robot_ws/install/bumperbot_controller:/home/aarambh/my_robot_ws/install/bumperbot_py_examples:/opt/ros/humble /usr/bin/cmake --build /home/aarambh/my_robot_ws/build/bumperbot_navigation -- -j4 -l4
[10.387s] DEBUG:colcon.colcon_core.event_handler.log_command:Invoking command in '/home/aarambh/my_robot_ws/build/bumperbot_navigation': CMAKE_PREFIX_PATH=/home/aarambh/my_robot_ws/install/bumperbot_planning:/home/aarambh/my_robot_ws/install/bumperbot_utils:/home/aarambh/my_robot_ws/install/bumperbot_navigation:/home/aarambh/my_robot_ws/install/bumperbot_cpp_examples:/home/aarambh/my_robot_ws/install/bumperbot_msgs:/home/aarambh/my_robot_ws/install/bumperbot_motion:/home/aarambh/my_robot_ws/install/bumperbot_bringup:/home/aarambh/my_robot_ws/install/bumperbot_mapping:/home/aarambh/my_robot_ws/install/bumperbot_localization:/home/aarambh/my_robot_ws/install/bumperbot_firmware:/home/aarambh/my_robot_ws/install/bumperbot_description:/home/aarambh/my_robot_ws/install/bumperbot_controller:/home/aarambh/my_robot_ws/install/bumperbot_py_examples:/opt/ros/humble /usr/bin/cmake --install /home/aarambh/my_robot_ws/build/bumperbot_navigation
[10.438s] Level 1:colcon.colcon_core.environment:create_environment_scripts_only(bumperbot_motion)
[10.440s] Level 1:colcon.colcon_core.environment:checking '/home/aarambh/my_robot_ws/install/bumperbot_motion' for CMake module files
[10.443s] Level 1:colcon.colcon_core.environment:checking '/home/aarambh/my_robot_ws/install/bumperbot_motion' for CMake config files
[10.448s] DEBUG:colcon.colcon_core.event_handler.log_command:Invoked command in '/home/aarambh/my_robot_ws/build/bumperbot_motion' returned '0': CMAKE_PREFIX_PATH=${CMAKE_PREFIX_PATH}:/home/aarambh/my_robot_ws/install/bumperbot_py_examples:/opt/ros/humble /usr/bin/cmake --install /home/aarambh/my_robot_ws/build/bumperbot_motion
[10.449s] Level 1:colcon.colcon_core.shell:create_environment_hook('bumperbot_motion', 'cmake_prefix_path')
[10.451s] INFO:colcon.colcon_core.shell:Creating environment hook '/home/aarambh/my_robot_ws/install/bumperbot_motion/share/bumperbot_motion/hook/cmake_prefix_path.ps1'
[10.454s] INFO:colcon.colcon_core.shell:Creating environment descriptor '/home/aarambh/my_robot_ws/install/bumperbot_motion/share/bumperbot_motion/hook/cmake_prefix_path.dsv'
[10.457s] INFO:colcon.colcon_core.shell:Creating environment hook '/home/aarambh/my_robot_ws/install/bumperbot_motion/share/bumperbot_motion/hook/cmake_prefix_path.sh'
[10.460s] Level 1:colcon.colcon_core.environment:checking '/home/aarambh/my_robot_ws/install/bumperbot_motion/lib'
[10.461s] Level 1:colcon.colcon_core.shell:create_environment_hook('bumperbot_motion', 'ld_library_path_lib')
[10.462s] INFO:colcon.colcon_core.shell:Creating environment hook '/home/aarambh/my_robot_ws/install/bumperbot_motion/share/bumperbot_motion/hook/ld_library_path_lib.ps1'
[10.464s] INFO:colcon.colcon_core.shell:Creating environment descriptor '/home/aarambh/my_robot_ws/install/bumperbot_motion/share/bumperbot_motion/hook/ld_library_path_lib.dsv'
[10.467s] INFO:colcon.colcon_core.shell:Creating environment hook '/home/aarambh/my_robot_ws/install/bumperbot_motion/share/bumperbot_motion/hook/ld_library_path_lib.sh'
[10.469s] Level 1:colcon.colcon_core.environment:checking '/home/aarambh/my_robot_ws/install/bumperbot_motion/bin'
[10.469s] Level 1:colcon.colcon_core.environment:checking '/home/aarambh/my_robot_ws/install/bumperbot_motion/lib/pkgconfig/bumperbot_motion.pc'
[10.470s] Level 1:colcon.colcon_core.environment:checking '/home/aarambh/my_robot_ws/install/bumperbot_motion/lib/python3.10/site-packages'
[10.472s] Level 1:colcon.colcon_core.environment:checking '/home/aarambh/my_robot_ws/install/bumperbot_motion/bin'
[10.474s] INFO:colcon.colcon_core.shell:Creating package script '/home/aarambh/my_robot_ws/install/bumperbot_motion/share/bumperbot_motion/package.ps1'
[10.478s] INFO:colcon.colcon_core.shell:Creating package descriptor '/home/aarambh/my_robot_ws/install/bumperbot_motion/share/bumperbot_motion/package.dsv'
[10.482s] INFO:colcon.colcon_core.shell:Creating package script '/home/aarambh/my_robot_ws/install/bumperbot_motion/share/bumperbot_motion/package.sh'
[10.499s] INFO:colcon.colcon_core.shell:Creating package script '/home/aarambh/my_robot_ws/install/bumperbot_motion/share/bumperbot_motion/package.bash'
[10.524s] INFO:colcon.colcon_core.shell:Creating package script '/home/aarambh/my_robot_ws/install/bumperbot_motion/share/bumperbot_motion/package.zsh'
[10.527s] Level 1:colcon.colcon_core.environment:create_file_with_runtime_dependencies(/home/aarambh/my_robot_ws/install/bumperbot_motion/share/colcon-core/packages/bumperbot_motion)
[10.539s] Level 1:colcon.colcon_core.environment:create_environment_scripts_only(bumperbot_motion)
[10.540s] Level 1:colcon.colcon_core.environment:checking '/home/aarambh/my_robot_ws/install/bumperbot_motion' for CMake module files
[10.544s] Level 1:colcon.colcon_core.environment:checking '/home/aarambh/my_robot_ws/install/bumperbot_motion' for CMake config files
[10.548s] Level 1:colcon.colcon_core.shell:create_environment_hook('bumperbot_motion', 'cmake_prefix_path')
[10.550s] INFO:colcon.colcon_core.shell:Creating environment hook '/home/aarambh/my_robot_ws/install/bumperbot_motion/share/bumperbot_motion/hook/cmake_prefix_path.ps1'
[10.556s] INFO:colcon.colcon_core.shell:Creating environment descriptor '/home/aarambh/my_robot_ws/install/bumperbot_motion/share/bumperbot_motion/hook/cmake_prefix_path.dsv'
[10.560s] INFO:colcon.colcon_core.shell:Creating environment hook '/home/aarambh/my_robot_ws/install/bumperbot_motion/share/bumperbot_motion/hook/cmake_prefix_path.sh'
[10.563s] Level 1:colcon.colcon_core.environment:checking '/home/aarambh/my_robot_ws/install/bumperbot_motion/lib'
[10.563s] Level 1:colcon.colcon_core.shell:create_environment_hook('bumperbot_motion', 'ld_library_path_lib')
[10.565s] INFO:colcon.colcon_core.shell:Creating environment hook '/home/aarambh/my_robot_ws/install/bumperbot_motion/share/bumperbot_motion/hook/ld_library_path_lib.ps1'
[10.567s] INFO:colcon.colcon_core.shell:Creating environment descriptor '/home/aarambh/my_robot_ws/install/bumperbot_motion/share/bumperbot_motion/hook/ld_library_path_lib.dsv'
[10.569s] INFO:colcon.colcon_core.shell:Creating environment hook '/home/aarambh/my_robot_ws/install/bumperbot_motion/share/bumperbot_motion/hook/ld_library_path_lib.sh'
[10.572s] Level 1:colcon.colcon_core.environment:checking '/home/aarambh/my_robot_ws/install/bumperbot_motion/bin'
[10.573s] Level 1:colcon.colcon_core.environment:checking '/home/aarambh/my_robot_ws/install/bumperbot_motion/lib/pkgconfig/bumperbot_motion.pc'
[10.574s] Level 1:colcon.colcon_core.environment:checking '/home/aarambh/my_robot_ws/install/bumperbot_motion/lib/python3.10/site-packages'
[10.576s] Level 1:colcon.colcon_core.environment:checking '/home/aarambh/my_robot_ws/install/bumperbot_motion/bin'
[10.577s] INFO:colcon.colcon_core.shell:Creating package script '/home/aarambh/my_robot_ws/install/bumperbot_motion/share/bumperbot_motion/package.ps1'
[10.580s] INFO:colcon.colcon_core.shell:Creating package descriptor '/home/aarambh/my_robot_ws/install/bumperbot_motion/share/bumperbot_motion/package.dsv'
[10.583s] INFO:colcon.colcon_core.shell:Creating package script '/home/aarambh/my_robot_ws/install/bumperbot_motion/share/bumperbot_motion/package.sh'
[10.588s] INFO:colcon.colcon_core.shell:Creating package script '/home/aarambh/my_robot_ws/install/bumperbot_motion/share/bumperbot_motion/package.bash'
[10.592s] INFO:colcon.colcon_core.shell:Creating package script '/home/aarambh/my_robot_ws/install/bumperbot_motion/share/bumperbot_motion/package.zsh'
[10.595s] Level 1:colcon.colcon_core.environment:create_file_with_runtime_dependencies(/home/aarambh/my_robot_ws/install/bumperbot_motion/share/colcon-core/packages/bumperbot_motion)
[10.600s] INFO:colcon.colcon_ros.task.ament_python.build:Building ROS package in '/home/aarambh/my_robot_ws/src/bumperbot_py_examples' with build type 'ament_python'
[10.603s] Level 1:colcon.colcon_core.shell:create_environment_hook('bumperbot_py_examples', 'ament_prefix_path')
[10.604s] INFO:colcon.colcon_core.shell:Creating environment hook '/home/aarambh/my_robot_ws/install/bumperbot_py_examples/share/bumperbot_py_examples/hook/ament_prefix_path.ps1'
[10.607s] INFO:colcon.colcon_core.shell:Creating environment descriptor '/home/aarambh/my_robot_ws/install/bumperbot_py_examples/share/bumperbot_py_examples/hook/ament_prefix_path.dsv'
[10.611s] INFO:colcon.colcon_core.shell:Creating environment hook '/home/aarambh/my_robot_ws/install/bumperbot_py_examples/share/bumperbot_py_examples/hook/ament_prefix_path.sh'
[10.614s] INFO:colcon.colcon_core.shell:Skip shell extension 'powershell' for command environment: Not usable outside of PowerShell
[10.615s] DEBUG:colcon.colcon_core.shell:Skip shell extension 'dsv' for command environment
[10.682s] Level 1:colcon.colcon_core.environment:create_environment_scripts_only(bumperbot_navigation)
[10.687s] Level 1:colcon.colcon_core.environment:checking '/home/aarambh/my_robot_ws/install/bumperbot_navigation' for CMake module files
[10.684s] DEBUG:colcon.colcon_core.event_handler.log_command:Invoked command in '/home/aarambh/my_robot_ws/build/bumperbot_navigation' returned '0': CMAKE_PREFIX_PATH=/home/aarambh/my_robot_ws/install/bumperbot_planning:/home/aarambh/my_robot_ws/install/bumperbot_utils:/home/aarambh/my_robot_ws/install/bumperbot_navigation:/home/aarambh/my_robot_ws/install/bumperbot_cpp_examples:/home/aarambh/my_robot_ws/install/bumperbot_msgs:/home/aarambh/my_robot_ws/install/bumperbot_motion:/home/aarambh/my_robot_ws/install/bumperbot_bringup:/home/aarambh/my_robot_ws/install/bumperbot_mapping:/home/aarambh/my_robot_ws/install/bumperbot_localization:/home/aarambh/my_robot_ws/install/bumperbot_firmware:/home/aarambh/my_robot_ws/install/bumperbot_description:/home/aarambh/my_robot_ws/install/bumperbot_controller:/home/aarambh/my_robot_ws/install/bumperbot_py_examples:/opt/ros/humble /usr/bin/cmake --install /home/aarambh/my_robot_ws/build/bumperbot_navigation
[10.698s] Level 1:colcon.colcon_core.environment:checking '/home/aarambh/my_robot_ws/install/bumperbot_navigation' for CMake config files
[10.706s] Level 1:colcon.colcon_core.shell:create_environment_hook('bumperbot_navigation', 'cmake_prefix_path')
[10.708s] INFO:colcon.colcon_core.shell:Creating environment hook '/home/aarambh/my_robot_ws/install/bumperbot_navigation/share/bumperbot_navigation/hook/cmake_prefix_path.ps1'
[10.713s] INFO:colcon.colcon_core.shell:Creating environment descriptor '/home/aarambh/my_robot_ws/install/bumperbot_navigation/share/bumperbot_navigation/hook/cmake_prefix_path.dsv'
[10.718s] INFO:colcon.colcon_core.shell:Creating environment hook '/home/aarambh/my_robot_ws/install/bumperbot_navigation/share/bumperbot_navigation/hook/cmake_prefix_path.sh'
[10.734s] Level 1:colcon.colcon_core.environment:checking '/home/aarambh/my_robot_ws/install/bumperbot_navigation/bin'
[10.735s] Level 1:colcon.colcon_core.environment:checking '/home/aarambh/my_robot_ws/install/bumperbot_navigation/lib/pkgconfig/bumperbot_navigation.pc'
[10.737s] Level 1:colcon.colcon_core.environment:checking '/home/aarambh/my_robot_ws/install/bumperbot_navigation/lib/python3.10/site-packages'
[10.739s] Level 1:colcon.colcon_core.environment:checking '/home/aarambh/my_robot_ws/install/bumperbot_navigation/bin'
[10.742s] INFO:colcon.colcon_core.shell:Creating package script '/home/aarambh/my_robot_ws/install/bumperbot_navigation/share/bumperbot_navigation/package.ps1'
[10.746s] INFO:colcon.colcon_core.shell:Creating package descriptor '/home/aarambh/my_robot_ws/install/bumperbot_navigation/share/bumperbot_navigation/package.dsv'
[10.750s] INFO:colcon.colcon_core.shell:Creating package script '/home/aarambh/my_robot_ws/install/bumperbot_navigation/share/bumperbot_navigation/package.sh'
[10.754s] INFO:colcon.colcon_core.shell:Creating package script '/home/aarambh/my_robot_ws/install/bumperbot_navigation/share/bumperbot_navigation/package.bash'
[10.758s] INFO:colcon.colcon_core.shell:Creating package script '/home/aarambh/my_robot_ws/install/bumperbot_navigation/share/bumperbot_navigation/package.zsh'
[10.762s] Level 1:colcon.colcon_core.environment:create_file_with_runtime_dependencies(/home/aarambh/my_robot_ws/install/bumperbot_navigation/share/colcon-core/packages/bumperbot_navigation)
[10.769s] Level 1:colcon.colcon_core.environment:create_environment_scripts_only(bumperbot_navigation)
[10.771s] Level 1:colcon.colcon_core.environment:checking '/home/aarambh/my_robot_ws/install/bumperbot_navigation' for CMake module files
[10.775s] Level 1:colcon.colcon_core.environment:checking '/home/aarambh/my_robot_ws/install/bumperbot_navigation' for CMake config files
[10.785s] Level 1:colcon.colcon_core.shell:create_environment_hook('bumperbot_navigation', 'cmake_prefix_path')
[10.794s] INFO:colcon.colcon_core.shell:Creating environment hook '/home/aarambh/my_robot_ws/install/bumperbot_navigation/share/bumperbot_navigation/hook/cmake_prefix_path.ps1'
[10.814s] INFO:colcon.colcon_core.shell:Creating environment descriptor '/home/aarambh/my_robot_ws/install/bumperbot_navigation/share/bumperbot_navigation/hook/cmake_prefix_path.dsv'
[10.827s] INFO:colcon.colcon_core.shell:Creating environment hook '/home/aarambh/my_robot_ws/install/bumperbot_navigation/share/bumperbot_navigation/hook/cmake_prefix_path.sh'
[10.832s] Level 1:colcon.colcon_core.environment:checking '/home/aarambh/my_robot_ws/install/bumperbot_navigation/bin'
[10.833s] Level 1:colcon.colcon_core.environment:checking '/home/aarambh/my_robot_ws/install/bumperbot_navigation/lib/pkgconfig/bumperbot_navigation.pc'
[10.834s] Level 1:colcon.colcon_core.environment:checking '/home/aarambh/my_robot_ws/install/bumperbot_navigation/lib/python3.10/site-packages'
[10.836s] Level 1:colcon.colcon_core.environment:checking '/home/aarambh/my_robot_ws/install/bumperbot_navigation/bin'
[10.838s] INFO:colcon.colcon_core.shell:Creating package script '/home/aarambh/my_robot_ws/install/bumperbot_navigation/share/bumperbot_navigation/package.ps1'
[10.844s] INFO:colcon.colcon_core.shell:Creating package descriptor '/home/aarambh/my_robot_ws/install/bumperbot_navigation/share/bumperbot_navigation/package.dsv'
[10.848s] INFO:colcon.colcon_core.shell:Creating package script '/home/aarambh/my_robot_ws/install/bumperbot_navigation/share/bumperbot_navigation/package.sh'
[10.852s] INFO:colcon.colcon_core.shell:Creating package script '/home/aarambh/my_robot_ws/install/bumperbot_navigation/share/bumperbot_navigation/package.bash'
[10.856s] INFO:colcon.colcon_core.shell:Creating package script '/home/aarambh/my_robot_ws/install/bumperbot_navigation/share/bumperbot_navigation/package.zsh'
[10.859s] Level 1:colcon.colcon_core.environment:create_file_with_runtime_dependencies(/home/aarambh/my_robot_ws/install/bumperbot_navigation/share/colcon-core/packages/bumperbot_navigation)
[12.270s] INFO:colcon.colcon_core.task.python.build:Building Python package in '/home/aarambh/my_robot_ws/src/bumperbot_py_examples'
[12.271s] INFO:colcon.colcon_core.shell:Skip shell extension 'powershell' for command environment: Not usable outside of PowerShell
[12.271s] DEBUG:colcon.colcon_core.shell:Skip shell extension 'dsv' for command environment
[12.305s] DEBUG:colcon.colcon_core.event_handler.log_command:Invoked command in '/home/aarambh/my_robot_ws/build/bumperbot_utils' returned '0': CMAKE_PREFIX_PATH=${CMAKE_PREFIX_PATH}:/home/aarambh/my_robot_ws/install/bumperbot_py_examples:/opt/ros/humble /usr/bin/cmake --build /home/aarambh/my_robot_ws/build/bumperbot_utils -- -j4 -l4
[12.315s] DEBUG:colcon.colcon_core.event_handler.log_command:Invoking command in '/home/aarambh/my_robot_ws/build/bumperbot_utils': CMAKE_PREFIX_PATH=${CMAKE_PREFIX_PATH}:/home/aarambh/my_robot_ws/install/bumperbot_py_examples:/opt/ros/humble /usr/bin/cmake --install /home/aarambh/my_robot_ws/build/bumperbot_utils
[12.319s] DEBUG:colcon.colcon_core.event_handler.log_command:Invoked command in '/home/aarambh/my_robot_ws/build/bumperbot_cpp_examples' returned '0': CMAKE_PREFIX_PATH=/home/aarambh/my_robot_ws/install/bumperbot_msgs:/home/aarambh/my_robot_ws/install/bumperbot_utils:/home/aarambh/my_robot_ws/install/bumperbot_navigation:/home/aarambh/my_robot_ws/install/bumperbot_planning:/home/aarambh/my_robot_ws/install/bumperbot_cpp_examples:/home/aarambh/my_robot_ws/install/bumperbot_motion:/home/aarambh/my_robot_ws/install/bumperbot_bringup:/home/aarambh/my_robot_ws/install/bumperbot_mapping:/home/aarambh/my_robot_ws/install/bumperbot_localization:/home/aarambh/my_robot_ws/install/bumperbot_firmware:/home/aarambh/my_robot_ws/install/bumperbot_description:/home/aarambh/my_robot_ws/install/bumperbot_controller:/home/aarambh/my_robot_ws/install/bumperbot_py_examples:/opt/ros/humble LD_LIBRARY_PATH=/home/aarambh/my_robot_ws/install/bumperbot_msgs/lib:/home/aarambh/my_robot_ws/install/bumperbot_planning/lib:/home/aarambh/my_robot_ws/install/bumperbot_cpp_examples/lib:/home/aarambh/my_robot_ws/install/bumperbot_motion/lib:/home/aarambh/my_robot_ws/install/bumperbot_firmware/lib:/opt/ros/humble/opt/rviz_ogre_vendor/lib:/opt/ros/humble/lib/aarch64-linux-gnu:/opt/ros/humble/lib /usr/bin/cmake --build /home/aarambh/my_robot_ws/build/bumperbot_cpp_examples -- -j4 -l4
[12.330s] DEBUG:colcon.colcon_core.event_handler.log_command:Invoking command in '/home/aarambh/my_robot_ws/build/bumperbot_cpp_examples': CMAKE_PREFIX_PATH=/home/aarambh/my_robot_ws/install/bumperbot_msgs:/home/aarambh/my_robot_ws/install/bumperbot_utils:/home/aarambh/my_robot_ws/install/bumperbot_navigation:/home/aarambh/my_robot_ws/install/bumperbot_planning:/home/aarambh/my_robot_ws/install/bumperbot_cpp_examples:/home/aarambh/my_robot_ws/install/bumperbot_motion:/home/aarambh/my_robot_ws/install/bumperbot_bringup:/home/aarambh/my_robot_ws/install/bumperbot_mapping:/home/aarambh/my_robot_ws/install/bumperbot_localization:/home/aarambh/my_robot_ws/install/bumperbot_firmware:/home/aarambh/my_robot_ws/install/bumperbot_description:/home/aarambh/my_robot_ws/install/bumperbot_controller:/home/aarambh/my_robot_ws/install/bumperbot_py_examples:/opt/ros/humble LD_LIBRARY_PATH=/home/aarambh/my_robot_ws/install/bumperbot_msgs/lib:/home/aarambh/my_robot_ws/install/bumperbot_planning/lib:/home/aarambh/my_robot_ws/install/bumperbot_cpp_examples/lib:/home/aarambh/my_robot_ws/install/bumperbot_motion/lib:/home/aarambh/my_robot_ws/install/bumperbot_firmware/lib:/opt/ros/humble/opt/rviz_ogre_vendor/lib:/opt/ros/humble/lib/aarch64-linux-gnu:/opt/ros/humble/lib /usr/bin/cmake --install /home/aarambh/my_robot_ws/build/bumperbot_cpp_examples
[12.428s] Level 1:colcon.colcon_core.environment:create_environment_scripts_only(bumperbot_cpp_examples)
[12.430s] Level 1:colcon.colcon_core.environment:checking '/home/aarambh/my_robot_ws/install/bumperbot_cpp_examples' for CMake module files
[12.433s] DEBUG:colcon.colcon_core.event_handler.log_command:Invoked command in '/home/aarambh/my_robot_ws/build/bumperbot_cpp_examples' returned '0': CMAKE_PREFIX_PATH=/home/aarambh/my_robot_ws/install/bumperbot_msgs:/home/aarambh/my_robot_ws/install/bumperbot_utils:/home/aarambh/my_robot_ws/install/bumperbot_navigation:/home/aarambh/my_robot_ws/install/bumperbot_planning:/home/aarambh/my_robot_ws/install/bumperbot_cpp_examples:/home/aarambh/my_robot_ws/install/bumperbot_motion:/home/aarambh/my_robot_ws/install/bumperbot_bringup:/home/aarambh/my_robot_ws/install/bumperbot_mapping:/home/aarambh/my_robot_ws/install/bumperbot_localization:/home/aarambh/my_robot_ws/install/bumperbot_firmware:/home/aarambh/my_robot_ws/install/bumperbot_description:/home/aarambh/my_robot_ws/install/bumperbot_controller:/home/aarambh/my_robot_ws/install/bumperbot_py_examples:/opt/ros/humble LD_LIBRARY_PATH=/home/aarambh/my_robot_ws/install/bumperbot_msgs/lib:/home/aarambh/my_robot_ws/install/bumperbot_planning/lib:/home/aarambh/my_robot_ws/install/bumperbot_cpp_examples/lib:/home/aarambh/my_robot_ws/install/bumperbot_motion/lib:/home/aarambh/my_robot_ws/install/bumperbot_firmware/lib:/opt/ros/humble/opt/rviz_ogre_vendor/lib:/opt/ros/humble/lib/aarch64-linux-gnu:/opt/ros/humble/lib /usr/bin/cmake --install /home/aarambh/my_robot_ws/build/bumperbot_cpp_examples
[12.436s] Level 1:colcon.colcon_core.environment:checking '/home/aarambh/my_robot_ws/install/bumperbot_cpp_examples' for CMake config files
[12.439s] Level 1:colcon.colcon_core.shell:create_environment_hook('bumperbot_cpp_examples', 'cmake_prefix_path')
[12.440s] INFO:colcon.colcon_core.shell:Creating environment hook '/home/aarambh/my_robot_ws/install/bumperbot_cpp_examples/share/bumperbot_cpp_examples/hook/cmake_prefix_path.ps1'
[12.442s] INFO:colcon.colcon_core.shell:Creating environment descriptor '/home/aarambh/my_robot_ws/install/bumperbot_cpp_examples/share/bumperbot_cpp_examples/hook/cmake_prefix_path.dsv'
[12.445s] INFO:colcon.colcon_core.shell:Creating environment hook '/home/aarambh/my_robot_ws/install/bumperbot_cpp_examples/share/bumperbot_cpp_examples/hook/cmake_prefix_path.sh'
[12.448s] Level 1:colcon.colcon_core.environment:checking '/home/aarambh/my_robot_ws/install/bumperbot_cpp_examples/lib'
[12.449s] Level 1:colcon.colcon_core.shell:create_environment_hook('bumperbot_cpp_examples', 'ld_library_path_lib')
[12.450s] INFO:colcon.colcon_core.shell:Creating environment hook '/home/aarambh/my_robot_ws/install/bumperbot_cpp_examples/share/bumperbot_cpp_examples/hook/ld_library_path_lib.ps1'
[12.454s] INFO:colcon.colcon_core.shell:Creating environment descriptor '/home/aarambh/my_robot_ws/install/bumperbot_cpp_examples/share/bumperbot_cpp_examples/hook/ld_library_path_lib.dsv'
[12.456s] INFO:colcon.colcon_core.shell:Creating environment hook '/home/aarambh/my_robot_ws/install/bumperbot_cpp_examples/share/bumperbot_cpp_examples/hook/ld_library_path_lib.sh'
[12.459s] Level 1:colcon.colcon_core.environment:checking '/home/aarambh/my_robot_ws/install/bumperbot_cpp_examples/bin'
[12.459s] Level 1:colcon.colcon_core.environment:checking '/home/aarambh/my_robot_ws/install/bumperbot_cpp_examples/lib/pkgconfig/bumperbot_cpp_examples.pc'
[12.460s] Level 1:colcon.colcon_core.environment:checking '/home/aarambh/my_robot_ws/install/bumperbot_cpp_examples/lib/python3.10/site-packages'
[12.463s] Level 1:colcon.colcon_core.environment:checking '/home/aarambh/my_robot_ws/install/bumperbot_cpp_examples/bin'
[12.464s] INFO:colcon.colcon_core.shell:Creating package script '/home/aarambh/my_robot_ws/install/bumperbot_cpp_examples/share/bumperbot_cpp_examples/package.ps1'
[12.467s] INFO:colcon.colcon_core.shell:Creating package descriptor '/home/aarambh/my_robot_ws/install/bumperbot_cpp_examples/share/bumperbot_cpp_examples/package.dsv'
[12.469s] INFO:colcon.colcon_core.shell:Creating package script '/home/aarambh/my_robot_ws/install/bumperbot_cpp_examples/share/bumperbot_cpp_examples/package.sh'
[12.472s] INFO:colcon.colcon_core.shell:Creating package script '/home/aarambh/my_robot_ws/install/bumperbot_cpp_examples/share/bumperbot_cpp_examples/package.bash'
[12.474s] INFO:colcon.colcon_core.shell:Creating package script '/home/aarambh/my_robot_ws/install/bumperbot_cpp_examples/share/bumperbot_cpp_examples/package.zsh'
[12.477s] Level 1:colcon.colcon_core.environment:create_file_with_runtime_dependencies(/home/aarambh/my_robot_ws/install/bumperbot_cpp_examples/share/colcon-core/packages/bumperbot_cpp_examples)
[12.480s] Level 1:colcon.colcon_core.environment:create_environment_scripts_only(bumperbot_cpp_examples)
[12.481s] Level 1:colcon.colcon_core.environment:checking '/home/aarambh/my_robot_ws/install/bumperbot_cpp_examples' for CMake module files
[12.485s] Level 1:colcon.colcon_core.environment:checking '/home/aarambh/my_robot_ws/install/bumperbot_cpp_examples' for CMake config files
[12.488s] Level 1:colcon.colcon_core.shell:create_environment_hook('bumperbot_cpp_examples', 'cmake_prefix_path')
[12.489s] INFO:colcon.colcon_core.shell:Creating environment hook '/home/aarambh/my_robot_ws/install/bumperbot_cpp_examples/share/bumperbot_cpp_examples/hook/cmake_prefix_path.ps1'
[12.491s] INFO:colcon.colcon_core.shell:Creating environment descriptor '/home/aarambh/my_robot_ws/install/bumperbot_cpp_examples/share/bumperbot_cpp_examples/hook/cmake_prefix_path.dsv'
[12.494s] INFO:colcon.colcon_core.shell:Creating environment hook '/home/aarambh/my_robot_ws/install/bumperbot_cpp_examples/share/bumperbot_cpp_examples/hook/cmake_prefix_path.sh'
[12.497s] Level 1:colcon.colcon_core.environment:checking '/home/aarambh/my_robot_ws/install/bumperbot_cpp_examples/lib'
[12.498s] Level 1:colcon.colcon_core.shell:create_environment_hook('bumperbot_cpp_examples', 'ld_library_path_lib')
[12.499s] INFO:colcon.colcon_core.shell:Creating environment hook '/home/aarambh/my_robot_ws/install/bumperbot_cpp_examples/share/bumperbot_cpp_examples/hook/ld_library_path_lib.ps1'
[12.501s] INFO:colcon.colcon_core.shell:Creating environment descriptor '/home/aarambh/my_robot_ws/install/bumperbot_cpp_examples/share/bumperbot_cpp_examples/hook/ld_library_path_lib.dsv'
[12.504s] INFO:colcon.colcon_core.shell:Creating environment hook '/home/aarambh/my_robot_ws/install/bumperbot_cpp_examples/share/bumperbot_cpp_examples/hook/ld_library_path_lib.sh'
[12.506s] Level 1:colcon.colcon_core.environment:checking '/home/aarambh/my_robot_ws/install/bumperbot_cpp_examples/bin'
[12.507s] Level 1:colcon.colcon_core.environment:checking '/home/aarambh/my_robot_ws/install/bumperbot_cpp_examples/lib/pkgconfig/bumperbot_cpp_examples.pc'
[12.508s] Level 1:colcon.colcon_core.environment:checking '/home/aarambh/my_robot_ws/install/bumperbot_cpp_examples/lib/python3.10/site-packages'
[12.510s] Level 1:colcon.colcon_core.environment:checking '/home/aarambh/my_robot_ws/install/bumperbot_cpp_examples/bin'
[12.511s] INFO:colcon.colcon_core.shell:Creating package script '/home/aarambh/my_robot_ws/install/bumperbot_cpp_examples/share/bumperbot_cpp_examples/package.ps1'
[12.514s] INFO:colcon.colcon_core.shell:Creating package descriptor '/home/aarambh/my_robot_ws/install/bumperbot_cpp_examples/share/bumperbot_cpp_examples/package.dsv'
[12.518s] INFO:colcon.colcon_core.shell:Creating package script '/home/aarambh/my_robot_ws/install/bumperbot_cpp_examples/share/bumperbot_cpp_examples/package.sh'
[12.521s] INFO:colcon.colcon_core.shell:Creating package script '/home/aarambh/my_robot_ws/install/bumperbot_cpp_examples/share/bumperbot_cpp_examples/package.bash'
[12.524s] INFO:colcon.colcon_core.shell:Creating package script '/home/aarambh/my_robot_ws/install/bumperbot_cpp_examples/share/bumperbot_cpp_examples/package.zsh'
[12.527s] Level 1:colcon.colcon_core.environment:create_file_with_runtime_dependencies(/home/aarambh/my_robot_ws/install/bumperbot_cpp_examples/share/colcon-core/packages/bumperbot_cpp_examples)
[12.613s] Level 1:colcon.colcon_core.environment:create_environment_scripts_only(bumperbot_utils)
[12.615s] Level 1:colcon.colcon_core.environment:checking '/home/aarambh/my_robot_ws/install/bumperbot_utils' for CMake module files
[12.622s] DEBUG:colcon.colcon_core.event_handler.log_command:Invoked command in '/home/aarambh/my_robot_ws/build/bumperbot_utils' returned '0': CMAKE_PREFIX_PATH=${CMAKE_PREFIX_PATH}:/home/aarambh/my_robot_ws/install/bumperbot_py_examples:/opt/ros/humble /usr/bin/cmake --install /home/aarambh/my_robot_ws/build/bumperbot_utils
[12.623s] Level 1:colcon.colcon_core.environment:checking '/home/aarambh/my_robot_ws/install/bumperbot_utils' for CMake config files
[12.626s] Level 1:colcon.colcon_core.shell:create_environment_hook('bumperbot_utils', 'cmake_prefix_path')
[12.627s] INFO:colcon.colcon_core.shell:Creating environment hook '/home/aarambh/my_robot_ws/install/bumperbot_utils/share/bumperbot_utils/hook/cmake_prefix_path.ps1'
[12.629s] INFO:colcon.colcon_core.shell:Creating environment descriptor '/home/aarambh/my_robot_ws/install/bumperbot_utils/share/bumperbot_utils/hook/cmake_prefix_path.dsv'
[12.631s] INFO:colcon.colcon_core.shell:Creating environment hook '/home/aarambh/my_robot_ws/install/bumperbot_utils/share/bumperbot_utils/hook/cmake_prefix_path.sh'
[12.634s] Level 1:colcon.colcon_core.environment:checking '/home/aarambh/my_robot_ws/install/bumperbot_utils/lib'
[12.635s] Level 1:colcon.colcon_core.environment:checking '/home/aarambh/my_robot_ws/install/bumperbot_utils/bin'
[12.635s] Level 1:colcon.colcon_core.environment:checking '/home/aarambh/my_robot_ws/install/bumperbot_utils/lib/pkgconfig/bumperbot_utils.pc'
[12.636s] Level 1:colcon.colcon_core.environment:checking '/home/aarambh/my_robot_ws/install/bumperbot_utils/lib/python3.10/site-packages'
[12.637s] Level 1:colcon.colcon_core.environment:checking '/home/aarambh/my_robot_ws/install/bumperbot_utils/bin'
[12.639s] INFO:colcon.colcon_core.shell:Creating package script '/home/aarambh/my_robot_ws/install/bumperbot_utils/share/bumperbot_utils/package.ps1'
[12.641s] INFO:colcon.colcon_core.shell:Creating package descriptor '/home/aarambh/my_robot_ws/install/bumperbot_utils/share/bumperbot_utils/package.dsv'
[12.644s] INFO:colcon.colcon_core.shell:Creating package script '/home/aarambh/my_robot_ws/install/bumperbot_utils/share/bumperbot_utils/package.sh'
[12.646s] INFO:colcon.colcon_core.shell:Creating package script '/home/aarambh/my_robot_ws/install/bumperbot_utils/share/bumperbot_utils/package.bash'
[12.648s] INFO:colcon.colcon_core.shell:Creating package script '/home/aarambh/my_robot_ws/install/bumperbot_utils/share/bumperbot_utils/package.zsh'
[12.650s] Level 1:colcon.colcon_core.environment:create_file_with_runtime_dependencies(/home/aarambh/my_robot_ws/install/bumperbot_utils/share/colcon-core/packages/bumperbot_utils)
[12.653s] Level 1:colcon.colcon_core.environment:create_environment_scripts_only(bumperbot_utils)
[12.654s] Level 1:colcon.colcon_core.environment:checking '/home/aarambh/my_robot_ws/install/bumperbot_utils' for CMake module files
[12.657s] Level 1:colcon.colcon_core.environment:checking '/home/aarambh/my_robot_ws/install/bumperbot_utils' for CMake config files
[12.660s] Level 1:colcon.colcon_core.shell:create_environment_hook('bumperbot_utils', 'cmake_prefix_path')
[12.661s] INFO:colcon.colcon_core.shell:Creating environment hook '/home/aarambh/my_robot_ws/install/bumperbot_utils/share/bumperbot_utils/hook/cmake_prefix_path.ps1'
[12.664s] INFO:colcon.colcon_core.shell:Creating environment descriptor '/home/aarambh/my_robot_ws/install/bumperbot_utils/share/bumperbot_utils/hook/cmake_prefix_path.dsv'
[12.666s] INFO:colcon.colcon_core.shell:Creating environment hook '/home/aarambh/my_robot_ws/install/bumperbot_utils/share/bumperbot_utils/hook/cmake_prefix_path.sh'
[12.669s] Level 1:colcon.colcon_core.environment:checking '/home/aarambh/my_robot_ws/install/bumperbot_utils/lib'
[12.670s] Level 1:colcon.colcon_core.environment:checking '/home/aarambh/my_robot_ws/install/bumperbot_utils/bin'
[12.670s] Level 1:colcon.colcon_core.environment:checking '/home/aarambh/my_robot_ws/install/bumperbot_utils/lib/pkgconfig/bumperbot_utils.pc'
[12.671s] Level 1:colcon.colcon_core.environment:checking '/home/aarambh/my_robot_ws/install/bumperbot_utils/lib/python3.10/site-packages'
[12.672s] Level 1:colcon.colcon_core.environment:checking '/home/aarambh/my_robot_ws/install/bumperbot_utils/bin'
[12.674s] INFO:colcon.colcon_core.shell:Creating package script '/home/aarambh/my_robot_ws/install/bumperbot_utils/share/bumperbot_utils/package.ps1'
[12.677s] INFO:colcon.colcon_core.shell:Creating package descriptor '/home/aarambh/my_robot_ws/install/bumperbot_utils/share/bumperbot_utils/package.dsv'
[12.679s] INFO:colcon.colcon_core.shell:Creating package script '/home/aarambh/my_robot_ws/install/bumperbot_utils/share/bumperbot_utils/package.sh'
[12.682s] INFO:colcon.colcon_core.shell:Creating package script '/home/aarambh/my_robot_ws/install/bumperbot_utils/share/bumperbot_utils/package.bash'
[12.684s] INFO:colcon.colcon_core.shell:Creating package script '/home/aarambh/my_robot_ws/install/bumperbot_utils/share/bumperbot_utils/package.zsh'
[12.687s] Level 1:colcon.colcon_core.environment:create_file_with_runtime_dependencies(/home/aarambh/my_robot_ws/install/bumperbot_utils/share/colcon-core/packages/bumperbot_utils)
[14.147s] DEBUG:colcon.colcon_core.event_handler.log_command:Invoking command in '/home/aarambh/my_robot_ws/src/bumperbot_py_examples': CMAKE_PREFIX_PATH=/home/aarambh/my_robot_ws/install/bumperbot_msgs:/home/aarambh/my_robot_ws/install/bumperbot_utils:/home/aarambh/my_robot_ws/install/bumperbot_navigation:/home/aarambh/my_robot_ws/install/bumperbot_planning:/home/aarambh/my_robot_ws/install/bumperbot_cpp_examples:/home/aarambh/my_robot_ws/install/bumperbot_motion:/home/aarambh/my_robot_ws/install/bumperbot_bringup:/home/aarambh/my_robot_ws/install/bumperbot_mapping:/home/aarambh/my_robot_ws/install/bumperbot_localization:/home/aarambh/my_robot_ws/install/bumperbot_firmware:/home/aarambh/my_robot_ws/install/bumperbot_description:/home/aarambh/my_robot_ws/install/bumperbot_controller LD_LIBRARY_PATH=/home/aarambh/my_robot_ws/install/bumperbot_msgs/lib:/home/aarambh/my_robot_ws/install/bumperbot_planning/lib:/home/aarambh/my_robot_ws/install/bumperbot_cpp_examples/lib:/home/aarambh/my_robot_ws/install/bumperbot_motion/lib:/home/aarambh/my_robot_ws/install/bumperbot_firmware/lib:/opt/ros/humble/opt/rviz_ogre_vendor/lib:/opt/ros/humble/lib/aarch64-linux-gnu:/opt/ros/humble/lib PYTHONPATH=/home/aarambh/my_robot_ws/build/bumperbot_py_examples/prefix_override:/usr/lib/python3/dist-packages/colcon_core/task/python/colcon_distutils_commands:/home/aarambh/my_robot_ws/install/bumperbot_py_examples/lib/python3.10/site-packages:${PYTHONPATH} /usr/bin/python3 -W ignore:setup.py install is deprecated -W ignore:easy_install command is deprecated setup.py egg_info --egg-base ../../build/bumperbot_py_examples build --build-base /home/aarambh/my_robot_ws/build/bumperbot_py_examples/build install --record /home/aarambh/my_robot_ws/build/bumperbot_py_examples/install.log --single-version-externally-managed install_data
[15.647s] Level 1:colcon.colcon_core.environment:checking '/home/aarambh/my_robot_ws/install/bumperbot_py_examples' for CMake module files
[15.648s] DEBUG:colcon.colcon_core.event_handler.log_command:Invoked command in '/home/aarambh/my_robot_ws/src/bumperbot_py_examples' returned '0': CMAKE_PREFIX_PATH=/home/aarambh/my_robot_ws/install/bumperbot_msgs:/home/aarambh/my_robot_ws/install/bumperbot_utils:/home/aarambh/my_robot_ws/install/bumperbot_navigation:/home/aarambh/my_robot_ws/install/bumperbot_planning:/home/aarambh/my_robot_ws/install/bumperbot_cpp_examples:/home/aarambh/my_robot_ws/install/bumperbot_motion:/home/aarambh/my_robot_ws/install/bumperbot_bringup:/home/aarambh/my_robot_ws/install/bumperbot_mapping:/home/aarambh/my_robot_ws/install/bumperbot_localization:/home/aarambh/my_robot_ws/install/bumperbot_firmware:/home/aarambh/my_robot_ws/install/bumperbot_description:/home/aarambh/my_robot_ws/install/bumperbot_controller LD_LIBRARY_PATH=/home/aarambh/my_robot_ws/install/bumperbot_msgs/lib:/home/aarambh/my_robot_ws/install/bumperbot_planning/lib:/home/aarambh/my_robot_ws/install/bumperbot_cpp_examples/lib:/home/aarambh/my_robot_ws/install/bumperbot_motion/lib:/home/aarambh/my_robot_ws/install/bumperbot_firmware/lib:/opt/ros/humble/opt/rviz_ogre_vendor/lib:/opt/ros/humble/lib/aarch64-linux-gnu:/opt/ros/humble/lib PYTHONPATH=/home/aarambh/my_robot_ws/build/bumperbot_py_examples/prefix_override:/usr/lib/python3/dist-packages/colcon_core/task/python/colcon_distutils_commands:/home/aarambh/my_robot_ws/install/bumperbot_py_examples/lib/python3.10/site-packages:${PYTHONPATH} /usr/bin/python3 -W ignore:setup.py install is deprecated -W ignore:easy_install command is deprecated setup.py egg_info --egg-base ../../build/bumperbot_py_examples build --build-base /home/aarambh/my_robot_ws/build/bumperbot_py_examples/build install --record /home/aarambh/my_robot_ws/build/bumperbot_py_examples/install.log --single-version-externally-managed install_data
[15.651s] Level 1:colcon.colcon_core.environment:checking '/home/aarambh/my_robot_ws/install/bumperbot_py_examples' for CMake config files
[15.655s] Level 1:colcon.colcon_core.environment:checking '/home/aarambh/my_robot_ws/install/bumperbot_py_examples/lib'
[15.655s] Level 1:colcon.colcon_core.environment:checking '/home/aarambh/my_robot_ws/install/bumperbot_py_examples/bin'
[15.655s] Level 1:colcon.colcon_core.environment:checking '/home/aarambh/my_robot_ws/install/bumperbot_py_examples/lib/pkgconfig/bumperbot_py_examples.pc'
[15.656s] Level 1:colcon.colcon_core.environment:checking '/home/aarambh/my_robot_ws/install/bumperbot_py_examples/lib/python3.10/site-packages'
[15.657s] Level 1:colcon.colcon_core.shell:create_environment_hook('bumperbot_py_examples', 'pythonpath')
[15.657s] INFO:colcon.colcon_core.shell:Creating environment hook '/home/aarambh/my_robot_ws/install/bumperbot_py_examples/share/bumperbot_py_examples/hook/pythonpath.ps1'
[15.659s] INFO:colcon.colcon_core.shell:Creating environment descriptor '/home/aarambh/my_robot_ws/install/bumperbot_py_examples/share/bumperbot_py_examples/hook/pythonpath.dsv'
[15.661s] INFO:colcon.colcon_core.shell:Creating environment hook '/home/aarambh/my_robot_ws/install/bumperbot_py_examples/share/bumperbot_py_examples/hook/pythonpath.sh'
[15.665s] Level 1:colcon.colcon_core.environment:checking '/home/aarambh/my_robot_ws/install/bumperbot_py_examples/bin'
[15.665s] Level 1:colcon.colcon_core.environment:create_environment_scripts_only(bumperbot_py_examples)
[15.666s] INFO:colcon.colcon_core.shell:Creating package script '/home/aarambh/my_robot_ws/install/bumperbot_py_examples/share/bumperbot_py_examples/package.ps1'
[15.669s] INFO:colcon.colcon_core.shell:Creating package descriptor '/home/aarambh/my_robot_ws/install/bumperbot_py_examples/share/bumperbot_py_examples/package.dsv'
[15.671s] INFO:colcon.colcon_core.shell:Creating package script '/home/aarambh/my_robot_ws/install/bumperbot_py_examples/share/bumperbot_py_examples/package.sh'
[15.673s] INFO:colcon.colcon_core.shell:Creating package script '/home/aarambh/my_robot_ws/install/bumperbot_py_examples/share/bumperbot_py_examples/package.bash'
[15.675s] INFO:colcon.colcon_core.shell:Creating package script '/home/aarambh/my_robot_ws/install/bumperbot_py_examples/share/bumperbot_py_examples/package.zsh'
[15.677s] Level 1:colcon.colcon_core.environment:create_file_with_runtime_dependencies(/home/aarambh/my_robot_ws/install/bumperbot_py_examples/share/colcon-core/packages/bumperbot_py_examples)
[15.678s] DEBUG:colcon.colcon_parallel_executor.executor.parallel:closing loop
[15.679s] DEBUG:colcon.colcon_parallel_executor.executor.parallel:loop closed
[15.680s] DEBUG:colcon.colcon_parallel_executor.executor.parallel:run_until_complete finished with '0'
[15.680s] DEBUG:colcon.colcon_core.event_reactor:joining thread
[15.705s] INFO:colcon.colcon_core.plugin_system:Skipping extension 'colcon_notification.desktop_notification.terminal_notifier': Not used on non-Darwin systems
[15.705s] INFO:colcon.colcon_core.plugin_system:Skipping extension 'colcon_notification.desktop_notification.win32': Not used on non-Windows systems
[15.705s] INFO:colcon.colcon_notification.desktop_notification:Sending desktop notification using 'notify2'
[15.710s] DEBUG:colcon.colcon_notification.desktop_notification.notify2:Failed to initialize notify2: org.freedesktop.DBus.Error.ServiceUnknown: The name org.freedesktop.Notifications was not provided by any .service files
[15.711s] DEBUG:colcon.colcon_core.event_reactor:joined thread
[15.712s] INFO:colcon.colcon_core.shell:Creating prefix script '/home/aarambh/my_robot_ws/install/local_setup.ps1'
[15.716s] INFO:colcon.colcon_core.shell:Creating prefix util module '/home/aarambh/my_robot_ws/install/_local_setup_util_ps1.py'
[15.723s] INFO:colcon.colcon_core.shell:Creating prefix chain script '/home/aarambh/my_robot_ws/install/setup.ps1'
[15.734s] INFO:colcon.colcon_core.shell:Creating prefix script '/home/aarambh/my_robot_ws/install/local_setup.sh'
[15.737s] INFO:colcon.colcon_core.shell:Creating prefix util module '/home/aarambh/my_robot_ws/install/_local_setup_util_sh.py'
[15.739s] INFO:colcon.colcon_core.shell:Creating prefix chain script '/home/aarambh/my_robot_ws/install/setup.sh'
[15.748s] INFO:colcon.colcon_core.shell:Creating prefix script '/home/aarambh/my_robot_ws/install/local_setup.bash'
[15.750s] INFO:colcon.colcon_core.shell:Creating prefix chain script '/home/aarambh/my_robot_ws/install/setup.bash'
[15.758s] INFO:colcon.colcon_core.shell:Creating prefix script '/home/aarambh/my_robot_ws/install/local_setup.zsh'
[15.760s] INFO:colcon.colcon_core.shell:Creating prefix chain script '/home/aarambh/my_robot_ws/install/setup.zsh'
