[0.499s] DEBUG:colcon:Command line arguments: ['/usr/bin/colcon', 'build']
[0.499s] DEBUG:colcon:Parsed command line arguments: Namespace(log_base=None, log_level=None, verb_name='build', build_base='build', install_base='install', merge_install=False, symlink_install=False, test_result_base=None, continue_on_error=False, executor='parallel', parallel_workers=4, event_handlers=None, ignore_user_meta=False, metas=['./colcon.meta'], base_paths=['.'], packages_ignore=None, packages_ignore_regex=None, paths=None, packages_up_to=None, packages_up_to_regex=None, packages_above=None, packages_above_and_dependencies=None, packages_above_depth=None, packages_select_by_dep=None, packages_skip_by_dep=None, packages_skip_up_to=None, packages_select_build_failed=False, packages_skip_build_finished=False, packages_select_test_failures=False, packages_skip_test_passed=False, packages_select=None, packages_skip=None, packages_select_regex=None, packages_skip_regex=None, packages_start=None, packages_end=None, allow_overriding=[], cmake_args=None, cmake_target=None, cmake_target_skip_unavailable=False, cmake_clean_cache=False, cmake_clean_first=False, cmake_force_configure=False, ament_cmake_args=None, catkin_cmake_args=None, catkin_skip_building_tests=False, mixin_files=None, mixin=None, verb_parser=<colcon_mixin.mixin.mixin_argument.MixinArgumentDecorator object at 0xffffa1be7ee0>, verb_extension=<colcon_core.verb.build.BuildVerb object at 0xffffa1dc4e80>, main=<bound method BuildVerb.main of <colcon_core.verb.build.BuildVerb object at 0xffffa1dc4e80>>, mixin_verb=('build',))
[1.374s] Level 1:colcon.colcon_core.package_discovery:discover_packages(colcon_meta) check parameters
[1.375s] Level 1:colcon.colcon_core.package_discovery:discover_packages(recursive) check parameters
[1.375s] Level 1:colcon.colcon_core.package_discovery:discover_packages(ignore) check parameters
[1.375s] Level 1:colcon.colcon_core.package_discovery:discover_packages(path) check parameters
[1.375s] Level 1:colcon.colcon_core.package_discovery:discover_packages(colcon_meta) discover
[1.375s] Level 1:colcon.colcon_core.package_discovery:discover_packages(recursive) discover
[1.376s] INFO:colcon.colcon_core.package_discovery:Crawling recursively for packages in '/home/aarambh/my_robot_ws'
[1.376s] Level 1:colcon.colcon_core.package_identification:_identify(.) by extensions ['ignore', 'ignore_ament_install']
[1.376s] Level 1:colcon.colcon_core.package_identification:_identify(.) by extension 'ignore'
[1.377s] Level 1:colcon.colcon_core.package_identification:_identify(.) by extension 'ignore_ament_install'
[1.377s] Level 1:colcon.colcon_core.package_identification:_identify(.) by extensions ['colcon_pkg']
[1.377s] Level 1:colcon.colcon_core.package_identification:_identify(.) by extension 'colcon_pkg'
[1.377s] Level 1:colcon.colcon_core.package_identification:_identify(.) by extensions ['colcon_meta']
[1.377s] Level 1:colcon.colcon_core.package_identification:_identify(.) by extension 'colcon_meta'
[1.377s] Level 1:colcon.colcon_core.package_identification:_identify(.) by extensions ['ros']
[1.377s] Level 1:colcon.colcon_core.package_identification:_identify(.) by extension 'ros'
[1.422s] Level 1:colcon.colcon_core.package_identification:_identify(.) by extensions ['cmake', 'python']
[1.422s] Level 1:colcon.colcon_core.package_identification:_identify(.) by extension 'cmake'
[1.422s] Level 1:colcon.colcon_core.package_identification:_identify(.) by extension 'python'
[1.422s] Level 1:colcon.colcon_core.package_identification:_identify(.) by extensions ['python_setup_py']
[1.422s] Level 1:colcon.colcon_core.package_identification:_identify(.) by extension 'python_setup_py'
[1.423s] Level 1:colcon.colcon_core.package_identification:_identify(build) by extensions ['ignore', 'ignore_ament_install']
[1.424s] Level 1:colcon.colcon_core.package_identification:_identify(build) by extension 'ignore'
[1.424s] Level 1:colcon.colcon_core.package_identification:_identify(build) ignored
[1.425s] Level 1:colcon.colcon_core.package_identification:_identify(install) by extensions ['ignore', 'ignore_ament_install']
[1.425s] Level 1:colcon.colcon_core.package_identification:_identify(install) by extension 'ignore'
[1.426s] Level 1:colcon.colcon_core.package_identification:_identify(install) ignored
[1.426s] Level 1:colcon.colcon_core.package_identification:_identify(log) by extensions ['ignore', 'ignore_ament_install']
[1.427s] Level 1:colcon.colcon_core.package_identification:_identify(log) by extension 'ignore'
[1.427s] Level 1:colcon.colcon_core.package_identification:_identify(log) ignored
[1.427s] Level 1:colcon.colcon_core.package_identification:_identify(src) by extensions ['ignore', 'ignore_ament_install']
[1.428s] Level 1:colcon.colcon_core.package_identification:_identify(src) by extension 'ignore'
[1.428s] Level 1:colcon.colcon_core.package_identification:_identify(src) by extension 'ignore_ament_install'
[1.428s] Level 1:colcon.colcon_core.package_identification:_identify(src) by extensions ['colcon_pkg']
[1.428s] Level 1:colcon.colcon_core.package_identification:_identify(src) by extension 'colcon_pkg'
[1.428s] Level 1:colcon.colcon_core.package_identification:_identify(src) by extensions ['colcon_meta']
[1.428s] Level 1:colcon.colcon_core.package_identification:_identify(src) by extension 'colcon_meta'
[1.429s] Level 1:colcon.colcon_core.package_identification:_identify(src) by extensions ['ros']
[1.429s] Level 1:colcon.colcon_core.package_identification:_identify(src) by extension 'ros'
[1.429s] Level 1:colcon.colcon_core.package_identification:_identify(src) by extensions ['cmake', 'python']
[1.429s] Level 1:colcon.colcon_core.package_identification:_identify(src) by extension 'cmake'
[1.429s] Level 1:colcon.colcon_core.package_identification:_identify(src) by extension 'python'
[1.429s] Level 1:colcon.colcon_core.package_identification:_identify(src) by extensions ['python_setup_py']
[1.430s] Level 1:colcon.colcon_core.package_identification:_identify(src) by extension 'python_setup_py'
[1.430s] Level 1:colcon.colcon_core.package_identification:_identify(src/bumperbot_bringup) by extensions ['ignore', 'ignore_ament_install']
[1.430s] Level 1:colcon.colcon_core.package_identification:_identify(src/bumperbot_bringup) by extension 'ignore'
[1.431s] Level 1:colcon.colcon_core.package_identification:_identify(src/bumperbot_bringup) by extension 'ignore_ament_install'
[1.431s] Level 1:colcon.colcon_core.package_identification:_identify(src/bumperbot_bringup) by extensions ['colcon_pkg']
[1.431s] Level 1:colcon.colcon_core.package_identification:_identify(src/bumperbot_bringup) by extension 'colcon_pkg'
[1.431s] Level 1:colcon.colcon_core.package_identification:_identify(src/bumperbot_bringup) by extensions ['colcon_meta']
[1.431s] Level 1:colcon.colcon_core.package_identification:_identify(src/bumperbot_bringup) by extension 'colcon_meta'
[1.431s] Level 1:colcon.colcon_core.package_identification:_identify(src/bumperbot_bringup) by extensions ['ros']
[1.431s] Level 1:colcon.colcon_core.package_identification:_identify(src/bumperbot_bringup) by extension 'ros'
[1.440s] DEBUG:colcon.colcon_core.package_identification:Package 'src/bumperbot_bringup' with type 'ros.ament_cmake' and name 'bumperbot_bringup'
[1.441s] Level 1:colcon.colcon_core.package_identification:_identify(src/bumperbot_controller) by extensions ['ignore', 'ignore_ament_install']
[1.441s] Level 1:colcon.colcon_core.package_identification:_identify(src/bumperbot_controller) by extension 'ignore'
[1.441s] Level 1:colcon.colcon_core.package_identification:_identify(src/bumperbot_controller) by extension 'ignore_ament_install'
[1.441s] Level 1:colcon.colcon_core.package_identification:_identify(src/bumperbot_controller) by extensions ['colcon_pkg']
[1.441s] Level 1:colcon.colcon_core.package_identification:_identify(src/bumperbot_controller) by extension 'colcon_pkg'
[1.442s] Level 1:colcon.colcon_core.package_identification:_identify(src/bumperbot_controller) by extensions ['colcon_meta']
[1.442s] Level 1:colcon.colcon_core.package_identification:_identify(src/bumperbot_controller) by extension 'colcon_meta'
[1.442s] Level 1:colcon.colcon_core.package_identification:_identify(src/bumperbot_controller) by extensions ['ros']
[1.442s] Level 1:colcon.colcon_core.package_identification:_identify(src/bumperbot_controller) by extension 'ros'
[1.448s] DEBUG:colcon.colcon_core.package_identification:Package 'src/bumperbot_controller' with type 'ros.ament_cmake' and name 'bumperbot_controller'
[1.448s] Level 1:colcon.colcon_core.package_identification:_identify(src/bumperbot_cpp_examples) by extensions ['ignore', 'ignore_ament_install']
[1.449s] Level 1:colcon.colcon_core.package_identification:_identify(src/bumperbot_cpp_examples) by extension 'ignore'
[1.449s] Level 1:colcon.colcon_core.package_identification:_identify(src/bumperbot_cpp_examples) by extension 'ignore_ament_install'
[1.449s] Level 1:colcon.colcon_core.package_identification:_identify(src/bumperbot_cpp_examples) by extensions ['colcon_pkg']
[1.449s] Level 1:colcon.colcon_core.package_identification:_identify(src/bumperbot_cpp_examples) by extension 'colcon_pkg'
[1.449s] Level 1:colcon.colcon_core.package_identification:_identify(src/bumperbot_cpp_examples) by extensions ['colcon_meta']
[1.450s] Level 1:colcon.colcon_core.package_identification:_identify(src/bumperbot_cpp_examples) by extension 'colcon_meta'
[1.450s] Level 1:colcon.colcon_core.package_identification:_identify(src/bumperbot_cpp_examples) by extensions ['ros']
[1.450s] Level 1:colcon.colcon_core.package_identification:_identify(src/bumperbot_cpp_examples) by extension 'ros'
[1.455s] DEBUG:colcon.colcon_core.package_identification:Package 'src/bumperbot_cpp_examples' with type 'ros.ament_cmake' and name 'bumperbot_cpp_examples'
[1.456s] Level 1:colcon.colcon_core.package_identification:_identify(src/bumperbot_description) by extensions ['ignore', 'ignore_ament_install']
[1.456s] Level 1:colcon.colcon_core.package_identification:_identify(src/bumperbot_description) by extension 'ignore'
[1.456s] Level 1:colcon.colcon_core.package_identification:_identify(src/bumperbot_description) by extension 'ignore_ament_install'
[1.456s] Level 1:colcon.colcon_core.package_identification:_identify(src/bumperbot_description) by extensions ['colcon_pkg']
[1.456s] Level 1:colcon.colcon_core.package_identification:_identify(src/bumperbot_description) by extension 'colcon_pkg'
[1.457s] Level 1:colcon.colcon_core.package_identification:_identify(src/bumperbot_description) by extensions ['colcon_meta']
[1.457s] Level 1:colcon.colcon_core.package_identification:_identify(src/bumperbot_description) by extension 'colcon_meta'
[1.457s] Level 1:colcon.colcon_core.package_identification:_identify(src/bumperbot_description) by extensions ['ros']
[1.457s] Level 1:colcon.colcon_core.package_identification:_identify(src/bumperbot_description) by extension 'ros'
[1.471s] DEBUG:colcon.colcon_core.package_identification:Package 'src/bumperbot_description' with type 'ros.ament_cmake' and name 'bumperbot_description'
[1.472s] Level 1:colcon.colcon_core.package_identification:_identify(src/bumperbot_firmware) by extensions ['ignore', 'ignore_ament_install']
[1.472s] Level 1:colcon.colcon_core.package_identification:_identify(src/bumperbot_firmware) by extension 'ignore'
[1.472s] Level 1:colcon.colcon_core.package_identification:_identify(src/bumperbot_firmware) by extension 'ignore_ament_install'
[1.472s] Level 1:colcon.colcon_core.package_identification:_identify(src/bumperbot_firmware) by extensions ['colcon_pkg']
[1.473s] Level 1:colcon.colcon_core.package_identification:_identify(src/bumperbot_firmware) by extension 'colcon_pkg'
[1.473s] Level 1:colcon.colcon_core.package_identification:_identify(src/bumperbot_firmware) by extensions ['colcon_meta']
[1.473s] Level 1:colcon.colcon_core.package_identification:_identify(src/bumperbot_firmware) by extension 'colcon_meta'
[1.473s] Level 1:colcon.colcon_core.package_identification:_identify(src/bumperbot_firmware) by extensions ['ros']
[1.473s] Level 1:colcon.colcon_core.package_identification:_identify(src/bumperbot_firmware) by extension 'ros'
[1.477s] DEBUG:colcon.colcon_core.package_identification:Package 'src/bumperbot_firmware' with type 'ros.ament_cmake' and name 'bumperbot_firmware'
[1.478s] Level 1:colcon.colcon_core.package_identification:_identify(src/bumperbot_localization) by extensions ['ignore', 'ignore_ament_install']
[1.478s] Level 1:colcon.colcon_core.package_identification:_identify(src/bumperbot_localization) by extension 'ignore'
[1.478s] Level 1:colcon.colcon_core.package_identification:_identify(src/bumperbot_localization) by extension 'ignore_ament_install'
[1.479s] Level 1:colcon.colcon_core.package_identification:_identify(src/bumperbot_localization) by extensions ['colcon_pkg']
[1.479s] Level 1:colcon.colcon_core.package_identification:_identify(src/bumperbot_localization) by extension 'colcon_pkg'
[1.479s] Level 1:colcon.colcon_core.package_identification:_identify(src/bumperbot_localization) by extensions ['colcon_meta']
[1.479s] Level 1:colcon.colcon_core.package_identification:_identify(src/bumperbot_localization) by extension 'colcon_meta'
[1.479s] Level 1:colcon.colcon_core.package_identification:_identify(src/bumperbot_localization) by extensions ['ros']
[1.479s] Level 1:colcon.colcon_core.package_identification:_identify(src/bumperbot_localization) by extension 'ros'
[1.519s] DEBUG:colcon.colcon_core.package_identification:Package 'src/bumperbot_localization' with type 'ros.ament_cmake' and name 'bumperbot_localization'
[1.520s] Level 1:colcon.colcon_core.package_identification:_identify(src/bumperbot_mapping) by extensions ['ignore', 'ignore_ament_install']
[1.520s] Level 1:colcon.colcon_core.package_identification:_identify(src/bumperbot_mapping) by extension 'ignore'
[1.521s] Level 1:colcon.colcon_core.package_identification:_identify(src/bumperbot_mapping) by extension 'ignore_ament_install'
[1.521s] Level 1:colcon.colcon_core.package_identification:_identify(src/bumperbot_mapping) by extensions ['colcon_pkg']
[1.521s] Level 1:colcon.colcon_core.package_identification:_identify(src/bumperbot_mapping) by extension 'colcon_pkg'
[1.521s] Level 1:colcon.colcon_core.package_identification:_identify(src/bumperbot_mapping) by extensions ['colcon_meta']
[1.521s] Level 1:colcon.colcon_core.package_identification:_identify(src/bumperbot_mapping) by extension 'colcon_meta'
[1.521s] Level 1:colcon.colcon_core.package_identification:_identify(src/bumperbot_mapping) by extensions ['ros']
[1.522s] Level 1:colcon.colcon_core.package_identification:_identify(src/bumperbot_mapping) by extension 'ros'
[1.526s] DEBUG:colcon.colcon_core.package_identification:Package 'src/bumperbot_mapping' with type 'ros.ament_cmake' and name 'bumperbot_mapping'
[1.526s] Level 1:colcon.colcon_core.package_identification:_identify(src/bumperbot_motion) by extensions ['ignore', 'ignore_ament_install']
[1.527s] Level 1:colcon.colcon_core.package_identification:_identify(src/bumperbot_motion) by extension 'ignore'
[1.527s] Level 1:colcon.colcon_core.package_identification:_identify(src/bumperbot_motion) by extension 'ignore_ament_install'
[1.527s] Level 1:colcon.colcon_core.package_identification:_identify(src/bumperbot_motion) by extensions ['colcon_pkg']
[1.527s] Level 1:colcon.colcon_core.package_identification:_identify(src/bumperbot_motion) by extension 'colcon_pkg'
[1.527s] Level 1:colcon.colcon_core.package_identification:_identify(src/bumperbot_motion) by extensions ['colcon_meta']
[1.527s] Level 1:colcon.colcon_core.package_identification:_identify(src/bumperbot_motion) by extension 'colcon_meta'
[1.528s] Level 1:colcon.colcon_core.package_identification:_identify(src/bumperbot_motion) by extensions ['ros']
[1.528s] Level 1:colcon.colcon_core.package_identification:_identify(src/bumperbot_motion) by extension 'ros'
[1.533s] DEBUG:colcon.colcon_core.package_identification:Package 'src/bumperbot_motion' with type 'ros.ament_cmake' and name 'bumperbot_motion'
[1.533s] Level 1:colcon.colcon_core.package_identification:_identify(src/bumperbot_msgs) by extensions ['ignore', 'ignore_ament_install']
[1.534s] Level 1:colcon.colcon_core.package_identification:_identify(src/bumperbot_msgs) by extension 'ignore'
[1.534s] Level 1:colcon.colcon_core.package_identification:_identify(src/bumperbot_msgs) by extension 'ignore_ament_install'
[1.534s] Level 1:colcon.colcon_core.package_identification:_identify(src/bumperbot_msgs) by extensions ['colcon_pkg']
[1.534s] Level 1:colcon.colcon_core.package_identification:_identify(src/bumperbot_msgs) by extension 'colcon_pkg'
[1.534s] Level 1:colcon.colcon_core.package_identification:_identify(src/bumperbot_msgs) by extensions ['colcon_meta']
[1.534s] Level 1:colcon.colcon_core.package_identification:_identify(src/bumperbot_msgs) by extension 'colcon_meta'
[1.535s] Level 1:colcon.colcon_core.package_identification:_identify(src/bumperbot_msgs) by extensions ['ros']
[1.535s] Level 1:colcon.colcon_core.package_identification:_identify(src/bumperbot_msgs) by extension 'ros'
[1.537s] DEBUG:colcon.colcon_core.package_identification:Package 'src/bumperbot_msgs' with type 'ros.ament_cmake' and name 'bumperbot_msgs'
[1.538s] Level 1:colcon.colcon_core.package_identification:_identify(src/bumperbot_navigation) by extensions ['ignore', 'ignore_ament_install']
[1.538s] Level 1:colcon.colcon_core.package_identification:_identify(src/bumperbot_navigation) by extension 'ignore'
[1.538s] Level 1:colcon.colcon_core.package_identification:_identify(src/bumperbot_navigation) by extension 'ignore_ament_install'
[1.539s] Level 1:colcon.colcon_core.package_identification:_identify(src/bumperbot_navigation) by extensions ['colcon_pkg']
[1.539s] Level 1:colcon.colcon_core.package_identification:_identify(src/bumperbot_navigation) by extension 'colcon_pkg'
[1.539s] Level 1:colcon.colcon_core.package_identification:_identify(src/bumperbot_navigation) by extensions ['colcon_meta']
[1.539s] Level 1:colcon.colcon_core.package_identification:_identify(src/bumperbot_navigation) by extension 'colcon_meta'
[1.539s] Level 1:colcon.colcon_core.package_identification:_identify(src/bumperbot_navigation) by extensions ['ros']
[1.539s] Level 1:colcon.colcon_core.package_identification:_identify(src/bumperbot_navigation) by extension 'ros'
[1.542s] DEBUG:colcon.colcon_core.package_identification:Package 'src/bumperbot_navigation' with type 'ros.ament_cmake' and name 'bumperbot_navigation'
[1.543s] Level 1:colcon.colcon_core.package_identification:_identify(src/bumperbot_planning) by extensions ['ignore', 'ignore_ament_install']
[1.543s] Level 1:colcon.colcon_core.package_identification:_identify(src/bumperbot_planning) by extension 'ignore'
[1.543s] Level 1:colcon.colcon_core.package_identification:_identify(src/bumperbot_planning) by extension 'ignore_ament_install'
[1.543s] Level 1:colcon.colcon_core.package_identification:_identify(src/bumperbot_planning) by extensions ['colcon_pkg']
[1.543s] Level 1:colcon.colcon_core.package_identification:_identify(src/bumperbot_planning) by extension 'colcon_pkg'
[1.544s] Level 1:colcon.colcon_core.package_identification:_identify(src/bumperbot_planning) by extensions ['colcon_meta']
[1.544s] Level 1:colcon.colcon_core.package_identification:_identify(src/bumperbot_planning) by extension 'colcon_meta'
[1.544s] Level 1:colcon.colcon_core.package_identification:_identify(src/bumperbot_planning) by extensions ['ros']
[1.544s] Level 1:colcon.colcon_core.package_identification:_identify(src/bumperbot_planning) by extension 'ros'
[1.548s] DEBUG:colcon.colcon_core.package_identification:Package 'src/bumperbot_planning' with type 'ros.ament_cmake' and name 'bumperbot_planning'
[1.549s] Level 1:colcon.colcon_core.package_identification:_identify(src/bumperbot_py_examples) by extensions ['ignore', 'ignore_ament_install']
[1.549s] Level 1:colcon.colcon_core.package_identification:_identify(src/bumperbot_py_examples) by extension 'ignore'
[1.550s] Level 1:colcon.colcon_core.package_identification:_identify(src/bumperbot_py_examples) by extension 'ignore_ament_install'
[1.550s] Level 1:colcon.colcon_core.package_identification:_identify(src/bumperbot_py_examples) by extensions ['colcon_pkg']
[1.550s] Level 1:colcon.colcon_core.package_identification:_identify(src/bumperbot_py_examples) by extension 'colcon_pkg'
[1.550s] Level 1:colcon.colcon_core.package_identification:_identify(src/bumperbot_py_examples) by extensions ['colcon_meta']
[1.550s] Level 1:colcon.colcon_core.package_identification:_identify(src/bumperbot_py_examples) by extension 'colcon_meta'
[1.550s] Level 1:colcon.colcon_core.package_identification:_identify(src/bumperbot_py_examples) by extensions ['ros']
[1.550s] Level 1:colcon.colcon_core.package_identification:_identify(src/bumperbot_py_examples) by extension 'ros'
[1.554s] DEBUG:colcon.colcon_core.package_identification:Package 'src/bumperbot_py_examples' with type 'ros.ament_python' and name 'bumperbot_py_examples'
[1.555s] Level 1:colcon.colcon_core.package_identification:_identify(src/bumperbot_utils) by extensions ['ignore', 'ignore_ament_install']
[1.555s] Level 1:colcon.colcon_core.package_identification:_identify(src/bumperbot_utils) by extension 'ignore'
[1.556s] Level 1:colcon.colcon_core.package_identification:_identify(src/bumperbot_utils) by extension 'ignore_ament_install'
[1.556s] Level 1:colcon.colcon_core.package_identification:_identify(src/bumperbot_utils) by extensions ['colcon_pkg']
[1.556s] Level 1:colcon.colcon_core.package_identification:_identify(src/bumperbot_utils) by extension 'colcon_pkg'
[1.556s] Level 1:colcon.colcon_core.package_identification:_identify(src/bumperbot_utils) by extensions ['colcon_meta']
[1.556s] Level 1:colcon.colcon_core.package_identification:_identify(src/bumperbot_utils) by extension 'colcon_meta'
[1.556s] Level 1:colcon.colcon_core.package_identification:_identify(src/bumperbot_utils) by extensions ['ros']
[1.557s] Level 1:colcon.colcon_core.package_identification:_identify(src/bumperbot_utils) by extension 'ros'
[1.561s] DEBUG:colcon.colcon_core.package_identification:Package 'src/bumperbot_utils' with type 'ros.ament_cmake' and name 'bumperbot_utils'
[1.561s] Level 1:colcon.colcon_core.package_discovery:discover_packages(recursive) using defaults
[1.561s] Level 1:colcon.colcon_core.package_discovery:discover_packages(ignore) discover
[1.561s] Level 1:colcon.colcon_core.package_discovery:discover_packages(ignore) using defaults
[1.561s] Level 1:colcon.colcon_core.package_discovery:discover_packages(path) discover
[1.561s] Level 1:colcon.colcon_core.package_discovery:discover_packages(path) using defaults
[1.656s] Level 1:colcon.colcon_core.package_discovery:discover_packages(prefix_path) check parameters
[1.656s] Level 1:colcon.colcon_core.package_discovery:discover_packages(prefix_path) discover
[1.669s] DEBUG:colcon.colcon_installed_package_information.package_discovery:Found 13 installed packages in /home/aarambh/my_robot_ws/install
[1.682s] DEBUG:colcon.colcon_installed_package_information.package_discovery:Found 391 installed packages in /opt/ros/humble
[1.694s] Level 1:colcon.colcon_core.package_discovery:discover_packages(prefix_path) using defaults
[1.912s] Level 5:colcon.colcon_core.verb:set package 'bumperbot_controller' build argument 'cmake_args' from command line to 'None'
[1.913s] Level 5:colcon.colcon_core.verb:set package 'bumperbot_controller' build argument 'cmake_target' from command line to 'None'
[1.913s] Level 5:colcon.colcon_core.verb:set package 'bumperbot_controller' build argument 'cmake_target_skip_unavailable' from command line to 'False'
[1.913s] Level 5:colcon.colcon_core.verb:set package 'bumperbot_controller' build argument 'cmake_clean_cache' from command line to 'False'
[1.913s] Level 5:colcon.colcon_core.verb:set package 'bumperbot_controller' build argument 'cmake_clean_first' from command line to 'False'
[1.913s] Level 5:colcon.colcon_core.verb:set package 'bumperbot_controller' build argument 'cmake_force_configure' from command line to 'False'
[1.913s] Level 5:colcon.colcon_core.verb:set package 'bumperbot_controller' build argument 'ament_cmake_args' from command line to 'None'
[1.913s] Level 5:colcon.colcon_core.verb:set package 'bumperbot_controller' build argument 'catkin_cmake_args' from command line to 'None'
[1.913s] Level 5:colcon.colcon_core.verb:set package 'bumperbot_controller' build argument 'catkin_skip_building_tests' from command line to 'False'
[1.914s] DEBUG:colcon.colcon_core.verb:Building package 'bumperbot_controller' with the following arguments: {'ament_cmake_args': None, 'build_base': '/home/aarambh/my_robot_ws/build/bumperbot_controller', 'catkin_cmake_args': None, 'catkin_skip_building_tests': False, 'cmake_args': None, 'cmake_clean_cache': False, 'cmake_clean_first': False, 'cmake_force_configure': False, 'cmake_target': None, 'cmake_target_skip_unavailable': False, 'install_base': '/home/aarambh/my_robot_ws/install/bumperbot_controller', 'merge_install': False, 'path': '/home/aarambh/my_robot_ws/src/bumperbot_controller', 'symlink_install': False, 'test_result_base': None}
[1.915s] Level 5:colcon.colcon_core.verb:set package 'bumperbot_description' build argument 'cmake_args' from command line to 'None'
[1.915s] Level 5:colcon.colcon_core.verb:set package 'bumperbot_description' build argument 'cmake_target' from command line to 'None'
[1.915s] Level 5:colcon.colcon_core.verb:set package 'bumperbot_description' build argument 'cmake_target_skip_unavailable' from command line to 'False'
[1.915s] Level 5:colcon.colcon_core.verb:set package 'bumperbot_description' build argument 'cmake_clean_cache' from command line to 'False'
[1.915s] Level 5:colcon.colcon_core.verb:set package 'bumperbot_description' build argument 'cmake_clean_first' from command line to 'False'
[1.916s] Level 5:colcon.colcon_core.verb:set package 'bumperbot_description' build argument 'cmake_force_configure' from command line to 'False'
[1.916s] Level 5:colcon.colcon_core.verb:set package 'bumperbot_description' build argument 'ament_cmake_args' from command line to 'None'
[1.916s] Level 5:colcon.colcon_core.verb:set package 'bumperbot_description' build argument 'catkin_cmake_args' from command line to 'None'
[1.916s] Level 5:colcon.colcon_core.verb:set package 'bumperbot_description' build argument 'catkin_skip_building_tests' from command line to 'False'
[1.916s] DEBUG:colcon.colcon_core.verb:Building package 'bumperbot_description' with the following arguments: {'ament_cmake_args': None, 'build_base': '/home/aarambh/my_robot_ws/build/bumperbot_description', 'catkin_cmake_args': None, 'catkin_skip_building_tests': False, 'cmake_args': None, 'cmake_clean_cache': False, 'cmake_clean_first': False, 'cmake_force_configure': False, 'cmake_target': None, 'cmake_target_skip_unavailable': False, 'install_base': '/home/aarambh/my_robot_ws/install/bumperbot_description', 'merge_install': False, 'path': '/home/aarambh/my_robot_ws/src/bumperbot_description', 'symlink_install': False, 'test_result_base': None}
[1.917s] Level 5:colcon.colcon_core.verb:set package 'bumperbot_firmware' build argument 'cmake_args' from command line to 'None'
[1.918s] Level 5:colcon.colcon_core.verb:set package 'bumperbot_firmware' build argument 'cmake_target' from command line to 'None'
[1.918s] Level 5:colcon.colcon_core.verb:set package 'bumperbot_firmware' build argument 'cmake_target_skip_unavailable' from command line to 'False'
[1.918s] Level 5:colcon.colcon_core.verb:set package 'bumperbot_firmware' build argument 'cmake_clean_cache' from command line to 'False'
[1.918s] Level 5:colcon.colcon_core.verb:set package 'bumperbot_firmware' build argument 'cmake_clean_first' from command line to 'False'
[1.918s] Level 5:colcon.colcon_core.verb:set package 'bumperbot_firmware' build argument 'cmake_force_configure' from command line to 'False'
[1.918s] Level 5:colcon.colcon_core.verb:set package 'bumperbot_firmware' build argument 'ament_cmake_args' from command line to 'None'
[1.918s] Level 5:colcon.colcon_core.verb:set package 'bumperbot_firmware' build argument 'catkin_cmake_args' from command line to 'None'
[1.918s] Level 5:colcon.colcon_core.verb:set package 'bumperbot_firmware' build argument 'catkin_skip_building_tests' from command line to 'False'
[1.918s] DEBUG:colcon.colcon_core.verb:Building package 'bumperbot_firmware' with the following arguments: {'ament_cmake_args': None, 'build_base': '/home/aarambh/my_robot_ws/build/bumperbot_firmware', 'catkin_cmake_args': None, 'catkin_skip_building_tests': False, 'cmake_args': None, 'cmake_clean_cache': False, 'cmake_clean_first': False, 'cmake_force_configure': False, 'cmake_target': None, 'cmake_target_skip_unavailable': False, 'install_base': '/home/aarambh/my_robot_ws/install/bumperbot_firmware', 'merge_install': False, 'path': '/home/aarambh/my_robot_ws/src/bumperbot_firmware', 'symlink_install': False, 'test_result_base': None}
[1.920s] Level 5:colcon.colcon_core.verb:set package 'bumperbot_localization' build argument 'cmake_args' from command line to 'None'
[1.920s] Level 5:colcon.colcon_core.verb:set package 'bumperbot_localization' build argument 'cmake_target' from command line to 'None'
[1.920s] Level 5:colcon.colcon_core.verb:set package 'bumperbot_localization' build argument 'cmake_target_skip_unavailable' from command line to 'False'
[1.920s] Level 5:colcon.colcon_core.verb:set package 'bumperbot_localization' build argument 'cmake_clean_cache' from command line to 'False'
[1.920s] Level 5:colcon.colcon_core.verb:set package 'bumperbot_localization' build argument 'cmake_clean_first' from command line to 'False'
[1.920s] Level 5:colcon.colcon_core.verb:set package 'bumperbot_localization' build argument 'cmake_force_configure' from command line to 'False'
[1.920s] Level 5:colcon.colcon_core.verb:set package 'bumperbot_localization' build argument 'ament_cmake_args' from command line to 'None'
[1.921s] Level 5:colcon.colcon_core.verb:set package 'bumperbot_localization' build argument 'catkin_cmake_args' from command line to 'None'
[1.921s] Level 5:colcon.colcon_core.verb:set package 'bumperbot_localization' build argument 'catkin_skip_building_tests' from command line to 'False'
[1.921s] DEBUG:colcon.colcon_core.verb:Building package 'bumperbot_localization' with the following arguments: {'ament_cmake_args': None, 'build_base': '/home/aarambh/my_robot_ws/build/bumperbot_localization', 'catkin_cmake_args': None, 'catkin_skip_building_tests': False, 'cmake_args': None, 'cmake_clean_cache': False, 'cmake_clean_first': False, 'cmake_force_configure': False, 'cmake_target': None, 'cmake_target_skip_unavailable': False, 'install_base': '/home/aarambh/my_robot_ws/install/bumperbot_localization', 'merge_install': False, 'path': '/home/aarambh/my_robot_ws/src/bumperbot_localization', 'symlink_install': False, 'test_result_base': None}
[1.922s] Level 5:colcon.colcon_core.verb:set package 'bumperbot_mapping' build argument 'cmake_args' from command line to 'None'
[1.922s] Level 5:colcon.colcon_core.verb:set package 'bumperbot_mapping' build argument 'cmake_target' from command line to 'None'
[1.922s] Level 5:colcon.colcon_core.verb:set package 'bumperbot_mapping' build argument 'cmake_target_skip_unavailable' from command line to 'False'
[1.922s] Level 5:colcon.colcon_core.verb:set package 'bumperbot_mapping' build argument 'cmake_clean_cache' from command line to 'False'
[1.923s] Level 5:colcon.colcon_core.verb:set package 'bumperbot_mapping' build argument 'cmake_clean_first' from command line to 'False'
[1.923s] Level 5:colcon.colcon_core.verb:set package 'bumperbot_mapping' build argument 'cmake_force_configure' from command line to 'False'
[1.923s] Level 5:colcon.colcon_core.verb:set package 'bumperbot_mapping' build argument 'ament_cmake_args' from command line to 'None'
[1.923s] Level 5:colcon.colcon_core.verb:set package 'bumperbot_mapping' build argument 'catkin_cmake_args' from command line to 'None'
[1.923s] Level 5:colcon.colcon_core.verb:set package 'bumperbot_mapping' build argument 'catkin_skip_building_tests' from command line to 'False'
[1.923s] DEBUG:colcon.colcon_core.verb:Building package 'bumperbot_mapping' with the following arguments: {'ament_cmake_args': None, 'build_base': '/home/aarambh/my_robot_ws/build/bumperbot_mapping', 'catkin_cmake_args': None, 'catkin_skip_building_tests': False, 'cmake_args': None, 'cmake_clean_cache': False, 'cmake_clean_first': False, 'cmake_force_configure': False, 'cmake_target': None, 'cmake_target_skip_unavailable': False, 'install_base': '/home/aarambh/my_robot_ws/install/bumperbot_mapping', 'merge_install': False, 'path': '/home/aarambh/my_robot_ws/src/bumperbot_mapping', 'symlink_install': False, 'test_result_base': None}
[1.924s] Level 5:colcon.colcon_core.verb:set package 'bumperbot_motion' build argument 'cmake_args' from command line to 'None'
[1.925s] Level 5:colcon.colcon_core.verb:set package 'bumperbot_motion' build argument 'cmake_target' from command line to 'None'
[1.925s] Level 5:colcon.colcon_core.verb:set package 'bumperbot_motion' build argument 'cmake_target_skip_unavailable' from command line to 'False'
[1.925s] Level 5:colcon.colcon_core.verb:set package 'bumperbot_motion' build argument 'cmake_clean_cache' from command line to 'False'
[1.925s] Level 5:colcon.colcon_core.verb:set package 'bumperbot_motion' build argument 'cmake_clean_first' from command line to 'False'
[1.925s] Level 5:colcon.colcon_core.verb:set package 'bumperbot_motion' build argument 'cmake_force_configure' from command line to 'False'
[1.925s] Level 5:colcon.colcon_core.verb:set package 'bumperbot_motion' build argument 'ament_cmake_args' from command line to 'None'
[1.925s] Level 5:colcon.colcon_core.verb:set package 'bumperbot_motion' build argument 'catkin_cmake_args' from command line to 'None'
[1.925s] Level 5:colcon.colcon_core.verb:set package 'bumperbot_motion' build argument 'catkin_skip_building_tests' from command line to 'False'
[1.925s] DEBUG:colcon.colcon_core.verb:Building package 'bumperbot_motion' with the following arguments: {'ament_cmake_args': None, 'build_base': '/home/aarambh/my_robot_ws/build/bumperbot_motion', 'catkin_cmake_args': None, 'catkin_skip_building_tests': False, 'cmake_args': None, 'cmake_clean_cache': False, 'cmake_clean_first': False, 'cmake_force_configure': False, 'cmake_target': None, 'cmake_target_skip_unavailable': False, 'install_base': '/home/aarambh/my_robot_ws/install/bumperbot_motion', 'merge_install': False, 'path': '/home/aarambh/my_robot_ws/src/bumperbot_motion', 'symlink_install': False, 'test_result_base': None}
[1.927s] Level 5:colcon.colcon_core.verb:set package 'bumperbot_msgs' build argument 'cmake_args' from command line to 'None'
[1.927s] Level 5:colcon.colcon_core.verb:set package 'bumperbot_msgs' build argument 'cmake_target' from command line to 'None'
[1.927s] Level 5:colcon.colcon_core.verb:set package 'bumperbot_msgs' build argument 'cmake_target_skip_unavailable' from command line to 'False'
[1.927s] Level 5:colcon.colcon_core.verb:set package 'bumperbot_msgs' build argument 'cmake_clean_cache' from command line to 'False'
[1.927s] Level 5:colcon.colcon_core.verb:set package 'bumperbot_msgs' build argument 'cmake_clean_first' from command line to 'False'
[1.927s] Level 5:colcon.colcon_core.verb:set package 'bumperbot_msgs' build argument 'cmake_force_configure' from command line to 'False'
[1.927s] Level 5:colcon.colcon_core.verb:set package 'bumperbot_msgs' build argument 'ament_cmake_args' from command line to 'None'
[1.928s] Level 5:colcon.colcon_core.verb:set package 'bumperbot_msgs' build argument 'catkin_cmake_args' from command line to 'None'
[1.928s] Level 5:colcon.colcon_core.verb:set package 'bumperbot_msgs' build argument 'catkin_skip_building_tests' from command line to 'False'
[1.928s] DEBUG:colcon.colcon_core.verb:Building package 'bumperbot_msgs' with the following arguments: {'ament_cmake_args': None, 'build_base': '/home/aarambh/my_robot_ws/build/bumperbot_msgs', 'catkin_cmake_args': None, 'catkin_skip_building_tests': False, 'cmake_args': None, 'cmake_clean_cache': False, 'cmake_clean_first': False, 'cmake_force_configure': False, 'cmake_target': None, 'cmake_target_skip_unavailable': False, 'install_base': '/home/aarambh/my_robot_ws/install/bumperbot_msgs', 'merge_install': False, 'path': '/home/aarambh/my_robot_ws/src/bumperbot_msgs', 'symlink_install': False, 'test_result_base': None}
[1.929s] Level 5:colcon.colcon_core.verb:set package 'bumperbot_planning' build argument 'cmake_args' from command line to 'None'
[1.929s] Level 5:colcon.colcon_core.verb:set package 'bumperbot_planning' build argument 'cmake_target' from command line to 'None'
[1.929s] Level 5:colcon.colcon_core.verb:set package 'bumperbot_planning' build argument 'cmake_target_skip_unavailable' from command line to 'False'
[1.929s] Level 5:colcon.colcon_core.verb:set package 'bumperbot_planning' build argument 'cmake_clean_cache' from command line to 'False'
[1.930s] Level 5:colcon.colcon_core.verb:set package 'bumperbot_planning' build argument 'cmake_clean_first' from command line to 'False'
[1.930s] Level 5:colcon.colcon_core.verb:set package 'bumperbot_planning' build argument 'cmake_force_configure' from command line to 'False'
[1.930s] Level 5:colcon.colcon_core.verb:set package 'bumperbot_planning' build argument 'ament_cmake_args' from command line to 'None'
[1.930s] Level 5:colcon.colcon_core.verb:set package 'bumperbot_planning' build argument 'catkin_cmake_args' from command line to 'None'
[1.930s] Level 5:colcon.colcon_core.verb:set package 'bumperbot_planning' build argument 'catkin_skip_building_tests' from command line to 'False'
[1.930s] DEBUG:colcon.colcon_core.verb:Building package 'bumperbot_planning' with the following arguments: {'ament_cmake_args': None, 'build_base': '/home/aarambh/my_robot_ws/build/bumperbot_planning', 'catkin_cmake_args': None, 'catkin_skip_building_tests': False, 'cmake_args': None, 'cmake_clean_cache': False, 'cmake_clean_first': False, 'cmake_force_configure': False, 'cmake_target': None, 'cmake_target_skip_unavailable': False, 'install_base': '/home/aarambh/my_robot_ws/install/bumperbot_planning', 'merge_install': False, 'path': '/home/aarambh/my_robot_ws/src/bumperbot_planning', 'symlink_install': False, 'test_result_base': None}
[1.931s] Level 5:colcon.colcon_core.verb:set package 'bumperbot_utils' build argument 'cmake_args' from command line to 'None'
[1.932s] Level 5:colcon.colcon_core.verb:set package 'bumperbot_utils' build argument 'cmake_target' from command line to 'None'
[1.932s] Level 5:colcon.colcon_core.verb:set package 'bumperbot_utils' build argument 'cmake_target_skip_unavailable' from command line to 'False'
[1.932s] Level 5:colcon.colcon_core.verb:set package 'bumperbot_utils' build argument 'cmake_clean_cache' from command line to 'False'
[1.932s] Level 5:colcon.colcon_core.verb:set package 'bumperbot_utils' build argument 'cmake_clean_first' from command line to 'False'
[1.932s] Level 5:colcon.colcon_core.verb:set package 'bumperbot_utils' build argument 'cmake_force_configure' from command line to 'False'
[1.932s] Level 5:colcon.colcon_core.verb:set package 'bumperbot_utils' build argument 'ament_cmake_args' from command line to 'None'
[1.932s] Level 5:colcon.colcon_core.verb:set package 'bumperbot_utils' build argument 'catkin_cmake_args' from command line to 'None'
[1.932s] Level 5:colcon.colcon_core.verb:set package 'bumperbot_utils' build argument 'catkin_skip_building_tests' from command line to 'False'
[1.932s] DEBUG:colcon.colcon_core.verb:Building package 'bumperbot_utils' with the following arguments: {'ament_cmake_args': None, 'build_base': '/home/aarambh/my_robot_ws/build/bumperbot_utils', 'catkin_cmake_args': None, 'catkin_skip_building_tests': False, 'cmake_args': None, 'cmake_clean_cache': False, 'cmake_clean_first': False, 'cmake_force_configure': False, 'cmake_target': None, 'cmake_target_skip_unavailable': False, 'install_base': '/home/aarambh/my_robot_ws/install/bumperbot_utils', 'merge_install': False, 'path': '/home/aarambh/my_robot_ws/src/bumperbot_utils', 'symlink_install': False, 'test_result_base': None}
[1.934s] Level 5:colcon.colcon_core.verb:set package 'bumperbot_bringup' build argument 'cmake_args' from command line to 'None'
[1.934s] Level 5:colcon.colcon_core.verb:set package 'bumperbot_bringup' build argument 'cmake_target' from command line to 'None'
[1.934s] Level 5:colcon.colcon_core.verb:set package 'bumperbot_bringup' build argument 'cmake_target_skip_unavailable' from command line to 'False'
[1.934s] Level 5:colcon.colcon_core.verb:set package 'bumperbot_bringup' build argument 'cmake_clean_cache' from command line to 'False'
[1.934s] Level 5:colcon.colcon_core.verb:set package 'bumperbot_bringup' build argument 'cmake_clean_first' from command line to 'False'
[1.934s] Level 5:colcon.colcon_core.verb:set package 'bumperbot_bringup' build argument 'cmake_force_configure' from command line to 'False'
[1.934s] Level 5:colcon.colcon_core.verb:set package 'bumperbot_bringup' build argument 'ament_cmake_args' from command line to 'None'
[1.935s] Level 5:colcon.colcon_core.verb:set package 'bumperbot_bringup' build argument 'catkin_cmake_args' from command line to 'None'
[1.935s] Level 5:colcon.colcon_core.verb:set package 'bumperbot_bringup' build argument 'catkin_skip_building_tests' from command line to 'False'
[1.935s] DEBUG:colcon.colcon_core.verb:Building package 'bumperbot_bringup' with the following arguments: {'ament_cmake_args': None, 'build_base': '/home/aarambh/my_robot_ws/build/bumperbot_bringup', 'catkin_cmake_args': None, 'catkin_skip_building_tests': False, 'cmake_args': None, 'cmake_clean_cache': False, 'cmake_clean_first': False, 'cmake_force_configure': False, 'cmake_target': None, 'cmake_target_skip_unavailable': False, 'install_base': '/home/aarambh/my_robot_ws/install/bumperbot_bringup', 'merge_install': False, 'path': '/home/aarambh/my_robot_ws/src/bumperbot_bringup', 'symlink_install': False, 'test_result_base': None}
[1.936s] Level 5:colcon.colcon_core.verb:set package 'bumperbot_cpp_examples' build argument 'cmake_args' from command line to 'None'
[1.936s] Level 5:colcon.colcon_core.verb:set package 'bumperbot_cpp_examples' build argument 'cmake_target' from command line to 'None'
[1.937s] Level 5:colcon.colcon_core.verb:set package 'bumperbot_cpp_examples' build argument 'cmake_target_skip_unavailable' from command line to 'False'
[1.937s] Level 5:colcon.colcon_core.verb:set package 'bumperbot_cpp_examples' build argument 'cmake_clean_cache' from command line to 'False'
[1.937s] Level 5:colcon.colcon_core.verb:set package 'bumperbot_cpp_examples' build argument 'cmake_clean_first' from command line to 'False'
[1.937s] Level 5:colcon.colcon_core.verb:set package 'bumperbot_cpp_examples' build argument 'cmake_force_configure' from command line to 'False'
[1.937s] Level 5:colcon.colcon_core.verb:set package 'bumperbot_cpp_examples' build argument 'ament_cmake_args' from command line to 'None'
[1.937s] Level 5:colcon.colcon_core.verb:set package 'bumperbot_cpp_examples' build argument 'catkin_cmake_args' from command line to 'None'
[1.937s] Level 5:colcon.colcon_core.verb:set package 'bumperbot_cpp_examples' build argument 'catkin_skip_building_tests' from command line to 'False'
[1.937s] DEBUG:colcon.colcon_core.verb:Building package 'bumperbot_cpp_examples' with the following arguments: {'ament_cmake_args': None, 'build_base': '/home/aarambh/my_robot_ws/build/bumperbot_cpp_examples', 'catkin_cmake_args': None, 'catkin_skip_building_tests': False, 'cmake_args': None, 'cmake_clean_cache': False, 'cmake_clean_first': False, 'cmake_force_configure': False, 'cmake_target': None, 'cmake_target_skip_unavailable': False, 'install_base': '/home/aarambh/my_robot_ws/install/bumperbot_cpp_examples', 'merge_install': False, 'path': '/home/aarambh/my_robot_ws/src/bumperbot_cpp_examples', 'symlink_install': False, 'test_result_base': None}
[1.939s] Level 5:colcon.colcon_core.verb:set package 'bumperbot_navigation' build argument 'cmake_args' from command line to 'None'
[1.939s] Level 5:colcon.colcon_core.verb:set package 'bumperbot_navigation' build argument 'cmake_target' from command line to 'None'
[1.939s] Level 5:colcon.colcon_core.verb:set package 'bumperbot_navigation' build argument 'cmake_target_skip_unavailable' from command line to 'False'
[1.939s] Level 5:colcon.colcon_core.verb:set package 'bumperbot_navigation' build argument 'cmake_clean_cache' from command line to 'False'
[1.939s] Level 5:colcon.colcon_core.verb:set package 'bumperbot_navigation' build argument 'cmake_clean_first' from command line to 'False'
[1.940s] Level 5:colcon.colcon_core.verb:set package 'bumperbot_navigation' build argument 'cmake_force_configure' from command line to 'False'
[1.940s] Level 5:colcon.colcon_core.verb:set package 'bumperbot_navigation' build argument 'ament_cmake_args' from command line to 'None'
[1.940s] Level 5:colcon.colcon_core.verb:set package 'bumperbot_navigation' build argument 'catkin_cmake_args' from command line to 'None'
[1.940s] Level 5:colcon.colcon_core.verb:set package 'bumperbot_navigation' build argument 'catkin_skip_building_tests' from command line to 'False'
[1.940s] DEBUG:colcon.colcon_core.verb:Building package 'bumperbot_navigation' with the following arguments: {'ament_cmake_args': None, 'build_base': '/home/aarambh/my_robot_ws/build/bumperbot_navigation', 'catkin_cmake_args': None, 'catkin_skip_building_tests': False, 'cmake_args': None, 'cmake_clean_cache': False, 'cmake_clean_first': False, 'cmake_force_configure': False, 'cmake_target': None, 'cmake_target_skip_unavailable': False, 'install_base': '/home/aarambh/my_robot_ws/install/bumperbot_navigation', 'merge_install': False, 'path': '/home/aarambh/my_robot_ws/src/bumperbot_navigation', 'symlink_install': False, 'test_result_base': None}
[1.941s] Level 5:colcon.colcon_core.verb:set package 'bumperbot_py_examples' build argument 'cmake_args' from command line to 'None'
[1.942s] Level 5:colcon.colcon_core.verb:set package 'bumperbot_py_examples' build argument 'cmake_target' from command line to 'None'
[1.942s] Level 5:colcon.colcon_core.verb:set package 'bumperbot_py_examples' build argument 'cmake_target_skip_unavailable' from command line to 'False'
[1.942s] Level 5:colcon.colcon_core.verb:set package 'bumperbot_py_examples' build argument 'cmake_clean_cache' from command line to 'False'
[1.942s] Level 5:colcon.colcon_core.verb:set package 'bumperbot_py_examples' build argument 'cmake_clean_first' from command line to 'False'
[1.942s] Level 5:colcon.colcon_core.verb:set package 'bumperbot_py_examples' build argument 'cmake_force_configure' from command line to 'False'
[1.942s] Level 5:colcon.colcon_core.verb:set package 'bumperbot_py_examples' build argument 'ament_cmake_args' from command line to 'None'
[1.942s] Level 5:colcon.colcon_core.verb:set package 'bumperbot_py_examples' build argument 'catkin_cmake_args' from command line to 'None'
[1.942s] Level 5:colcon.colcon_core.verb:set package 'bumperbot_py_examples' build argument 'catkin_skip_building_tests' from command line to 'False'
[1.942s] DEBUG:colcon.colcon_core.verb:Building package 'bumperbot_py_examples' with the following arguments: {'ament_cmake_args': None, 'build_base': '/home/aarambh/my_robot_ws/build/bumperbot_py_examples', 'catkin_cmake_args': None, 'catkin_skip_building_tests': False, 'cmake_args': None, 'cmake_clean_cache': False, 'cmake_clean_first': False, 'cmake_force_configure': False, 'cmake_target': None, 'cmake_target_skip_unavailable': False, 'install_base': '/home/aarambh/my_robot_ws/install/bumperbot_py_examples', 'merge_install': False, 'path': '/home/aarambh/my_robot_ws/src/bumperbot_py_examples', 'symlink_install': False, 'test_result_base': None}
[1.943s] INFO:colcon.colcon_core.executor:Executing jobs using 'parallel' executor
[1.946s] DEBUG:colcon.colcon_parallel_executor.executor.parallel:run_until_complete
[1.947s] INFO:colcon.colcon_ros.task.ament_cmake.build:Building ROS package in '/home/aarambh/my_robot_ws/src/bumperbot_msgs' with build type 'ament_cmake'
[1.948s] INFO:colcon.colcon_cmake.task.cmake.build:Building CMake package in '/home/aarambh/my_robot_ws/src/bumperbot_msgs'
[1.959s] INFO:colcon.colcon_core.plugin_system:Skipping extension 'colcon_core.shell.bat': Not used on non-Windows systems
[1.960s] INFO:colcon.colcon_core.shell:Skip shell extension 'powershell' for command environment: Not usable outside of PowerShell
[1.960s] DEBUG:colcon.colcon_core.shell:Skip shell extension 'dsv' for command environment
[1.988s] INFO:colcon.colcon_ros.task.ament_cmake.build:Building ROS package in '/home/aarambh/my_robot_ws/src/bumperbot_controller' with build type 'ament_cmake'
[1.989s] INFO:colcon.colcon_cmake.task.cmake.build:Building CMake package in '/home/aarambh/my_robot_ws/src/bumperbot_controller'
[1.990s] INFO:colcon.colcon_core.shell:Skip shell extension 'powershell' for command environment: Not usable outside of PowerShell
[1.990s] DEBUG:colcon.colcon_core.shell:Skip shell extension 'dsv' for command environment
[2.018s] INFO:colcon.colcon_ros.task.ament_cmake.build:Building ROS package in '/home/aarambh/my_robot_ws/src/bumperbot_description' with build type 'ament_cmake'
[2.019s] INFO:colcon.colcon_cmake.task.cmake.build:Building CMake package in '/home/aarambh/my_robot_ws/src/bumperbot_description'
[2.020s] INFO:colcon.colcon_core.shell:Skip shell extension 'powershell' for command environment: Not usable outside of PowerShell
[2.020s] DEBUG:colcon.colcon_core.shell:Skip shell extension 'dsv' for command environment
[2.049s] INFO:colcon.colcon_ros.task.ament_cmake.build:Building ROS package in '/home/aarambh/my_robot_ws/src/bumperbot_firmware' with build type 'ament_cmake'
[2.049s] INFO:colcon.colcon_cmake.task.cmake.build:Building CMake package in '/home/aarambh/my_robot_ws/src/bumperbot_firmware'
[2.050s] INFO:colcon.colcon_core.shell:Skip shell extension 'powershell' for command environment: Not usable outside of PowerShell
[2.051s] DEBUG:colcon.colcon_core.shell:Skip shell extension 'dsv' for command environment
[2.096s] DEBUG:colcon.colcon_core.event_handler.log_command:Invoking command in '/home/aarambh/my_robot_ws/build/bumperbot_msgs': CMAKE_PREFIX_PATH=${CMAKE_PREFIX_PATH}:/home/aarambh/my_robot_ws/install/bumperbot_py_examples:/opt/ros/humble /usr/bin/cmake --build /home/aarambh/my_robot_ws/build/bumperbot_msgs -- -j4 -l4
[2.121s] DEBUG:colcon.colcon_core.event_handler.log_command:Invoking command in '/home/aarambh/my_robot_ws/build/bumperbot_controller': CMAKE_PREFIX_PATH=${CMAKE_PREFIX_PATH}:/home/aarambh/my_robot_ws/install/bumperbot_py_examples:/opt/ros/humble /usr/bin/cmake --build /home/aarambh/my_robot_ws/build/bumperbot_controller -- -j4 -l4
[2.137s] DEBUG:colcon.colcon_core.event_handler.log_command:Invoking command in '/home/aarambh/my_robot_ws/build/bumperbot_description': CMAKE_PREFIX_PATH=${CMAKE_PREFIX_PATH}:/home/aarambh/my_robot_ws/install/bumperbot_py_examples:/opt/ros/humble /usr/bin/cmake --build /home/aarambh/my_robot_ws/build/bumperbot_description -- -j4 -l4
[2.184s] DEBUG:colcon.colcon_core.event_handler.log_command:Invoking command in '/home/aarambh/my_robot_ws/build/bumperbot_firmware': CMAKE_PREFIX_PATH=${CMAKE_PREFIX_PATH}:/home/aarambh/my_robot_ws/install/bumperbot_py_examples:/opt/ros/humble /usr/bin/cmake --build /home/aarambh/my_robot_ws/build/bumperbot_firmware -- -j4 -l4
[2.404s] DEBUG:colcon.colcon_core.event_handler.log_command:Invoked command in '/home/aarambh/my_robot_ws/build/bumperbot_description' returned '0': CMAKE_PREFIX_PATH=${CMAKE_PREFIX_PATH}:/home/aarambh/my_robot_ws/install/bumperbot_py_examples:/opt/ros/humble /usr/bin/cmake --build /home/aarambh/my_robot_ws/build/bumperbot_description -- -j4 -l4
[2.527s] DEBUG:colcon.colcon_core.event_handler.log_command:Invoking command in '/home/aarambh/my_robot_ws/build/bumperbot_description': CMAKE_PREFIX_PATH=${CMAKE_PREFIX_PATH}:/home/aarambh/my_robot_ws/install/bumperbot_py_examples:/opt/ros/humble /usr/bin/cmake --install /home/aarambh/my_robot_ws/build/bumperbot_description
[3.598s] Level 1:colcon.colcon_core.environment:create_environment_scripts_only(bumperbot_description)
[3.631s] Level 1:colcon.colcon_core.environment:checking '/home/aarambh/my_robot_ws/install/bumperbot_description' for CMake module files
[3.650s] Level 1:colcon.colcon_core.environment:checking '/home/aarambh/my_robot_ws/install/bumperbot_description' for CMake config files
[3.857s] Level 1:colcon.colcon_core.shell:create_environment_hook('bumperbot_description', 'cmake_prefix_path')
[3.858s] INFO:colcon.colcon_core.shell:Creating environment hook '/home/aarambh/my_robot_ws/install/bumperbot_description/share/bumperbot_description/hook/cmake_prefix_path.ps1'
[3.872s] INFO:colcon.colcon_core.shell:Creating environment descriptor '/home/aarambh/my_robot_ws/install/bumperbot_description/share/bumperbot_description/hook/cmake_prefix_path.dsv'
[3.875s] INFO:colcon.colcon_core.shell:Creating environment hook '/home/aarambh/my_robot_ws/install/bumperbot_description/share/bumperbot_description/hook/cmake_prefix_path.sh'
[3.893s] Level 1:colcon.colcon_core.environment:checking '/home/aarambh/my_robot_ws/install/bumperbot_description/bin'
[3.894s] Level 1:colcon.colcon_core.environment:checking '/home/aarambh/my_robot_ws/install/bumperbot_description/lib/pkgconfig/bumperbot_description.pc'
[3.895s] Level 1:colcon.colcon_core.environment:checking '/home/aarambh/my_robot_ws/install/bumperbot_description/lib/python3.10/site-packages'
[3.897s] Level 1:colcon.colcon_core.environment:checking '/home/aarambh/my_robot_ws/install/bumperbot_description/bin'
[3.899s] INFO:colcon.colcon_core.shell:Creating package script '/home/aarambh/my_robot_ws/install/bumperbot_description/share/bumperbot_description/package.ps1'
[3.912s] INFO:colcon.colcon_core.shell:Creating package descriptor '/home/aarambh/my_robot_ws/install/bumperbot_description/share/bumperbot_description/package.dsv'
[3.915s] INFO:colcon.colcon_core.shell:Creating package script '/home/aarambh/my_robot_ws/install/bumperbot_description/share/bumperbot_description/package.sh'
[3.931s] INFO:colcon.colcon_core.shell:Creating package script '/home/aarambh/my_robot_ws/install/bumperbot_description/share/bumperbot_description/package.bash'
[3.935s] INFO:colcon.colcon_core.shell:Creating package script '/home/aarambh/my_robot_ws/install/bumperbot_description/share/bumperbot_description/package.zsh'
[3.952s] Level 1:colcon.colcon_core.environment:create_file_with_runtime_dependencies(/home/aarambh/my_robot_ws/install/bumperbot_description/share/colcon-core/packages/bumperbot_description)
[3.955s] Level 1:colcon.colcon_core.environment:create_environment_scripts_only(bumperbot_description)
[3.956s] Level 1:colcon.colcon_core.environment:checking '/home/aarambh/my_robot_ws/install/bumperbot_description' for CMake module files
[3.960s] Level 1:colcon.colcon_core.environment:checking '/home/aarambh/my_robot_ws/install/bumperbot_description' for CMake config files
[3.976s] DEBUG:colcon.colcon_core.event_handler.log_command:Invoked command in '/home/aarambh/my_robot_ws/build/bumperbot_description' returned '0': CMAKE_PREFIX_PATH=${CMAKE_PREFIX_PATH}:/home/aarambh/my_robot_ws/install/bumperbot_py_examples:/opt/ros/humble /usr/bin/cmake --install /home/aarambh/my_robot_ws/build/bumperbot_description
[4.051s] Level 1:colcon.colcon_core.shell:create_environment_hook('bumperbot_description', 'cmake_prefix_path')
[4.052s] INFO:colcon.colcon_core.shell:Creating environment hook '/home/aarambh/my_robot_ws/install/bumperbot_description/share/bumperbot_description/hook/cmake_prefix_path.ps1'
[4.055s] INFO:colcon.colcon_core.shell:Creating environment descriptor '/home/aarambh/my_robot_ws/install/bumperbot_description/share/bumperbot_description/hook/cmake_prefix_path.dsv'
[4.058s] INFO:colcon.colcon_core.shell:Creating environment hook '/home/aarambh/my_robot_ws/install/bumperbot_description/share/bumperbot_description/hook/cmake_prefix_path.sh'
[4.062s] Level 1:colcon.colcon_core.environment:checking '/home/aarambh/my_robot_ws/install/bumperbot_description/bin'
[4.062s] Level 1:colcon.colcon_core.environment:checking '/home/aarambh/my_robot_ws/install/bumperbot_description/lib/pkgconfig/bumperbot_description.pc'
[4.064s] Level 1:colcon.colcon_core.environment:checking '/home/aarambh/my_robot_ws/install/bumperbot_description/lib/python3.10/site-packages'
[4.066s] Level 1:colcon.colcon_core.environment:checking '/home/aarambh/my_robot_ws/install/bumperbot_description/bin'
[4.067s] INFO:colcon.colcon_core.shell:Creating package script '/home/aarambh/my_robot_ws/install/bumperbot_description/share/bumperbot_description/package.ps1'
[4.070s] INFO:colcon.colcon_core.shell:Creating package descriptor '/home/aarambh/my_robot_ws/install/bumperbot_description/share/bumperbot_description/package.dsv'
[4.073s] INFO:colcon.colcon_core.shell:Creating package script '/home/aarambh/my_robot_ws/install/bumperbot_description/share/bumperbot_description/package.sh'
[4.077s] INFO:colcon.colcon_core.shell:Creating package script '/home/aarambh/my_robot_ws/install/bumperbot_description/share/bumperbot_description/package.bash'
[4.080s] INFO:colcon.colcon_core.shell:Creating package script '/home/aarambh/my_robot_ws/install/bumperbot_description/share/bumperbot_description/package.zsh'
[4.082s] Level 1:colcon.colcon_core.environment:create_file_with_runtime_dependencies(/home/aarambh/my_robot_ws/install/bumperbot_description/share/colcon-core/packages/bumperbot_description)
[4.087s] INFO:colcon.colcon_ros.task.ament_cmake.build:Building ROS package in '/home/aarambh/my_robot_ws/src/bumperbot_localization' with build type 'ament_cmake'
[4.088s] INFO:colcon.colcon_cmake.task.cmake.build:Building CMake package in '/home/aarambh/my_robot_ws/src/bumperbot_localization'
[4.089s] INFO:colcon.colcon_core.shell:Skip shell extension 'powershell' for command environment: Not usable outside of PowerShell
[4.090s] DEBUG:colcon.colcon_core.shell:Skip shell extension 'dsv' for command environment
[4.146s] DEBUG:colcon.colcon_core.event_handler.log_command:Invoking command in '/home/aarambh/my_robot_ws/build/bumperbot_localization': CMAKE_PREFIX_PATH=${CMAKE_PREFIX_PATH}:/home/aarambh/my_robot_ws/install/bumperbot_py_examples:/opt/ros/humble /usr/bin/cmake --build /home/aarambh/my_robot_ws/build/bumperbot_localization -- -j4 -l4
[5.525s] DEBUG:colcon.colcon_core.event_handler.log_command:Invoked command in '/home/aarambh/my_robot_ws/build/bumperbot_firmware' returned '0': CMAKE_PREFIX_PATH=${CMAKE_PREFIX_PATH}:/home/aarambh/my_robot_ws/install/bumperbot_py_examples:/opt/ros/humble /usr/bin/cmake --build /home/aarambh/my_robot_ws/build/bumperbot_firmware -- -j4 -l4
[5.527s] DEBUG:colcon.colcon_core.event_handler.log_command:Invoking command in '/home/aarambh/my_robot_ws/build/bumperbot_firmware': CMAKE_PREFIX_PATH=${CMAKE_PREFIX_PATH}:/home/aarambh/my_robot_ws/install/bumperbot_py_examples:/opt/ros/humble /usr/bin/cmake --install /home/aarambh/my_robot_ws/build/bumperbot_firmware
[5.564s] DEBUG:colcon.colcon_core.event_handler.log_command:Invoked command in '/home/aarambh/my_robot_ws/build/bumperbot_controller' returned '0': CMAKE_PREFIX_PATH=${CMAKE_PREFIX_PATH}:/home/aarambh/my_robot_ws/install/bumperbot_py_examples:/opt/ros/humble /usr/bin/cmake --build /home/aarambh/my_robot_ws/build/bumperbot_controller -- -j4 -l4
[5.572s] DEBUG:colcon.colcon_core.event_handler.log_command:Invoking command in '/home/aarambh/my_robot_ws/build/bumperbot_controller': CMAKE_PREFIX_PATH=${CMAKE_PREFIX_PATH}:/home/aarambh/my_robot_ws/install/bumperbot_py_examples:/opt/ros/humble /usr/bin/cmake --install /home/aarambh/my_robot_ws/build/bumperbot_controller
[5.856s] DEBUG:colcon.colcon_core.event_handler.log_command:Invoked command in '/home/aarambh/my_robot_ws/build/bumperbot_msgs' returned '0': CMAKE_PREFIX_PATH=${CMAKE_PREFIX_PATH}:/home/aarambh/my_robot_ws/install/bumperbot_py_examples:/opt/ros/humble /usr/bin/cmake --build /home/aarambh/my_robot_ws/build/bumperbot_msgs -- -j4 -l4
[5.858s] DEBUG:colcon.colcon_core.event_handler.log_command:Invoking command in '/home/aarambh/my_robot_ws/build/bumperbot_msgs': CMAKE_PREFIX_PATH=${CMAKE_PREFIX_PATH}:/home/aarambh/my_robot_ws/install/bumperbot_py_examples:/opt/ros/humble /usr/bin/cmake --install /home/aarambh/my_robot_ws/build/bumperbot_msgs
[5.954s] Level 1:colcon.colcon_core.environment:create_environment_scripts_only(bumperbot_firmware)
[5.956s] Level 1:colcon.colcon_core.environment:checking '/home/aarambh/my_robot_ws/install/bumperbot_firmware' for CMake module files
[5.973s] Level 1:colcon.colcon_core.environment:checking '/home/aarambh/my_robot_ws/install/bumperbot_firmware' for CMake config files
[5.994s] Level 1:colcon.colcon_core.shell:create_environment_hook('bumperbot_firmware', 'cmake_prefix_path')
[5.995s] INFO:colcon.colcon_core.shell:Creating environment hook '/home/aarambh/my_robot_ws/install/bumperbot_firmware/share/bumperbot_firmware/hook/cmake_prefix_path.ps1'
[6.000s] INFO:colcon.colcon_core.shell:Creating environment descriptor '/home/aarambh/my_robot_ws/install/bumperbot_firmware/share/bumperbot_firmware/hook/cmake_prefix_path.dsv'
[6.016s] INFO:colcon.colcon_core.shell:Creating environment hook '/home/aarambh/my_robot_ws/install/bumperbot_firmware/share/bumperbot_firmware/hook/cmake_prefix_path.sh'
[6.021s] Level 1:colcon.colcon_core.environment:checking '/home/aarambh/my_robot_ws/install/bumperbot_firmware/lib'
[6.022s] Level 1:colcon.colcon_core.shell:create_environment_hook('bumperbot_firmware', 'ld_library_path_lib')
[6.024s] INFO:colcon.colcon_core.shell:Creating environment hook '/home/aarambh/my_robot_ws/install/bumperbot_firmware/share/bumperbot_firmware/hook/ld_library_path_lib.ps1'
[6.027s] DEBUG:colcon.colcon_core.event_handler.log_command:Invoked command in '/home/aarambh/my_robot_ws/build/bumperbot_firmware' returned '0': CMAKE_PREFIX_PATH=${CMAKE_PREFIX_PATH}:/home/aarambh/my_robot_ws/install/bumperbot_py_examples:/opt/ros/humble /usr/bin/cmake --install /home/aarambh/my_robot_ws/build/bumperbot_firmware
[6.029s] INFO:colcon.colcon_core.shell:Creating environment descriptor '/home/aarambh/my_robot_ws/install/bumperbot_firmware/share/bumperbot_firmware/hook/ld_library_path_lib.dsv'
[6.033s] INFO:colcon.colcon_core.shell:Creating environment hook '/home/aarambh/my_robot_ws/install/bumperbot_firmware/share/bumperbot_firmware/hook/ld_library_path_lib.sh'
[6.036s] Level 1:colcon.colcon_core.environment:checking '/home/aarambh/my_robot_ws/install/bumperbot_firmware/bin'
[6.037s] Level 1:colcon.colcon_core.environment:checking '/home/aarambh/my_robot_ws/install/bumperbot_firmware/lib/pkgconfig/bumperbot_firmware.pc'
[6.038s] Level 1:colcon.colcon_core.environment:checking '/home/aarambh/my_robot_ws/install/bumperbot_firmware/lib/python3.10/site-packages'
[6.040s] Level 1:colcon.colcon_core.environment:checking '/home/aarambh/my_robot_ws/install/bumperbot_firmware/bin'
[6.042s] INFO:colcon.colcon_core.shell:Creating package script '/home/aarambh/my_robot_ws/install/bumperbot_firmware/share/bumperbot_firmware/package.ps1'
[6.047s] INFO:colcon.colcon_core.shell:Creating package descriptor '/home/aarambh/my_robot_ws/install/bumperbot_firmware/share/bumperbot_firmware/package.dsv'
[6.051s] INFO:colcon.colcon_core.shell:Creating package script '/home/aarambh/my_robot_ws/install/bumperbot_firmware/share/bumperbot_firmware/package.sh'
[6.056s] INFO:colcon.colcon_core.shell:Creating package script '/home/aarambh/my_robot_ws/install/bumperbot_firmware/share/bumperbot_firmware/package.bash'
[6.060s] INFO:colcon.colcon_core.shell:Creating package script '/home/aarambh/my_robot_ws/install/bumperbot_firmware/share/bumperbot_firmware/package.zsh'
[6.064s] Level 1:colcon.colcon_core.environment:create_file_with_runtime_dependencies(/home/aarambh/my_robot_ws/install/bumperbot_firmware/share/colcon-core/packages/bumperbot_firmware)
[6.070s] Level 1:colcon.colcon_core.environment:create_environment_scripts_only(bumperbot_firmware)
[6.071s] Level 1:colcon.colcon_core.environment:checking '/home/aarambh/my_robot_ws/install/bumperbot_firmware' for CMake module files
[6.082s] Level 1:colcon.colcon_core.environment:checking '/home/aarambh/my_robot_ws/install/bumperbot_firmware' for CMake config files
[6.101s] Level 1:colcon.colcon_core.shell:create_environment_hook('bumperbot_firmware', 'cmake_prefix_path')
[6.102s] INFO:colcon.colcon_core.shell:Creating environment hook '/home/aarambh/my_robot_ws/install/bumperbot_firmware/share/bumperbot_firmware/hook/cmake_prefix_path.ps1'
[6.106s] INFO:colcon.colcon_core.shell:Creating environment descriptor '/home/aarambh/my_robot_ws/install/bumperbot_firmware/share/bumperbot_firmware/hook/cmake_prefix_path.dsv'
[6.109s] INFO:colcon.colcon_core.shell:Creating environment hook '/home/aarambh/my_robot_ws/install/bumperbot_firmware/share/bumperbot_firmware/hook/cmake_prefix_path.sh'
[6.114s] Level 1:colcon.colcon_core.environment:checking '/home/aarambh/my_robot_ws/install/bumperbot_firmware/lib'
[6.115s] Level 1:colcon.colcon_core.shell:create_environment_hook('bumperbot_firmware', 'ld_library_path_lib')
[6.117s] INFO:colcon.colcon_core.shell:Creating environment hook '/home/aarambh/my_robot_ws/install/bumperbot_firmware/share/bumperbot_firmware/hook/ld_library_path_lib.ps1'
[6.121s] INFO:colcon.colcon_core.shell:Creating environment descriptor '/home/aarambh/my_robot_ws/install/bumperbot_firmware/share/bumperbot_firmware/hook/ld_library_path_lib.dsv'
[6.126s] INFO:colcon.colcon_core.shell:Creating environment hook '/home/aarambh/my_robot_ws/install/bumperbot_firmware/share/bumperbot_firmware/hook/ld_library_path_lib.sh'
[6.130s] Level 1:colcon.colcon_core.environment:checking '/home/aarambh/my_robot_ws/install/bumperbot_firmware/bin'
[6.130s] Level 1:colcon.colcon_core.environment:checking '/home/aarambh/my_robot_ws/install/bumperbot_firmware/lib/pkgconfig/bumperbot_firmware.pc'
[6.132s] Level 1:colcon.colcon_core.environment:checking '/home/aarambh/my_robot_ws/install/bumperbot_firmware/lib/python3.10/site-packages'
[6.134s] Level 1:colcon.colcon_core.environment:checking '/home/aarambh/my_robot_ws/install/bumperbot_firmware/bin'
[6.136s] INFO:colcon.colcon_core.shell:Creating package script '/home/aarambh/my_robot_ws/install/bumperbot_firmware/share/bumperbot_firmware/package.ps1'
[6.141s] INFO:colcon.colcon_core.shell:Creating package descriptor '/home/aarambh/my_robot_ws/install/bumperbot_firmware/share/bumperbot_firmware/package.dsv'
[6.146s] INFO:colcon.colcon_core.shell:Creating package script '/home/aarambh/my_robot_ws/install/bumperbot_firmware/share/bumperbot_firmware/package.sh'
[6.149s] INFO:colcon.colcon_core.shell:Creating package script '/home/aarambh/my_robot_ws/install/bumperbot_firmware/share/bumperbot_firmware/package.bash'
[6.152s] INFO:colcon.colcon_core.shell:Creating package script '/home/aarambh/my_robot_ws/install/bumperbot_firmware/share/bumperbot_firmware/package.zsh'
[6.154s] Level 1:colcon.colcon_core.environment:create_file_with_runtime_dependencies(/home/aarambh/my_robot_ws/install/bumperbot_firmware/share/colcon-core/packages/bumperbot_firmware)
[6.157s] INFO:colcon.colcon_ros.task.ament_cmake.build:Building ROS package in '/home/aarambh/my_robot_ws/src/bumperbot_mapping' with build type 'ament_cmake'
[6.158s] INFO:colcon.colcon_cmake.task.cmake.build:Building CMake package in '/home/aarambh/my_robot_ws/src/bumperbot_mapping'
[6.159s] INFO:colcon.colcon_core.shell:Skip shell extension 'powershell' for command environment: Not usable outside of PowerShell
[6.160s] DEBUG:colcon.colcon_core.shell:Skip shell extension 'dsv' for command environment
[6.194s] Level 1:colcon.colcon_core.environment:create_environment_scripts_only(bumperbot_controller)
[6.196s] Level 1:colcon.colcon_core.environment:checking '/home/aarambh/my_robot_ws/install/bumperbot_controller' for CMake module files
[6.198s] DEBUG:colcon.colcon_core.event_handler.log_command:Invoked command in '/home/aarambh/my_robot_ws/build/bumperbot_controller' returned '0': CMAKE_PREFIX_PATH=${CMAKE_PREFIX_PATH}:/home/aarambh/my_robot_ws/install/bumperbot_py_examples:/opt/ros/humble /usr/bin/cmake --install /home/aarambh/my_robot_ws/build/bumperbot_controller
[6.201s] Level 1:colcon.colcon_core.environment:checking '/home/aarambh/my_robot_ws/install/bumperbot_controller' for CMake config files
[6.206s] Level 1:colcon.colcon_core.shell:create_environment_hook('bumperbot_controller', 'cmake_prefix_path')
[6.207s] INFO:colcon.colcon_core.shell:Creating environment hook '/home/aarambh/my_robot_ws/install/bumperbot_controller/share/bumperbot_controller/hook/cmake_prefix_path.ps1'
[6.209s] INFO:colcon.colcon_core.shell:Creating environment descriptor '/home/aarambh/my_robot_ws/install/bumperbot_controller/share/bumperbot_controller/hook/cmake_prefix_path.dsv'
[6.211s] INFO:colcon.colcon_core.shell:Creating environment hook '/home/aarambh/my_robot_ws/install/bumperbot_controller/share/bumperbot_controller/hook/cmake_prefix_path.sh'
[6.218s] Level 1:colcon.colcon_core.environment:checking '/home/aarambh/my_robot_ws/install/bumperbot_controller/lib'
[6.220s] Level 1:colcon.colcon_core.environment:checking '/home/aarambh/my_robot_ws/install/bumperbot_controller/bin'
[6.222s] Level 1:colcon.colcon_core.environment:checking '/home/aarambh/my_robot_ws/install/bumperbot_controller/lib/pkgconfig/bumperbot_controller.pc'
[6.224s] Level 1:colcon.colcon_core.environment:checking '/home/aarambh/my_robot_ws/install/bumperbot_controller/lib/python3.10/site-packages'
[6.227s] Level 1:colcon.colcon_core.environment:checking '/home/aarambh/my_robot_ws/install/bumperbot_controller/bin'
[6.229s] INFO:colcon.colcon_core.shell:Creating package script '/home/aarambh/my_robot_ws/install/bumperbot_controller/share/bumperbot_controller/package.ps1'
[6.233s] INFO:colcon.colcon_core.shell:Creating package descriptor '/home/aarambh/my_robot_ws/install/bumperbot_controller/share/bumperbot_controller/package.dsv'
[6.236s] INFO:colcon.colcon_core.shell:Creating package script '/home/aarambh/my_robot_ws/install/bumperbot_controller/share/bumperbot_controller/package.sh'
[6.241s] INFO:colcon.colcon_core.shell:Creating package script '/home/aarambh/my_robot_ws/install/bumperbot_controller/share/bumperbot_controller/package.bash'
[6.244s] INFO:colcon.colcon_core.shell:Creating package script '/home/aarambh/my_robot_ws/install/bumperbot_controller/share/bumperbot_controller/package.zsh'
[6.246s] Level 1:colcon.colcon_core.environment:create_file_with_runtime_dependencies(/home/aarambh/my_robot_ws/install/bumperbot_controller/share/colcon-core/packages/bumperbot_controller)
[6.249s] Level 1:colcon.colcon_core.environment:create_environment_scripts_only(bumperbot_controller)
[6.251s] Level 1:colcon.colcon_core.environment:checking '/home/aarambh/my_robot_ws/install/bumperbot_controller' for CMake module files
[6.261s] Level 1:colcon.colcon_core.environment:checking '/home/aarambh/my_robot_ws/install/bumperbot_controller' for CMake config files
[6.278s] Level 1:colcon.colcon_core.shell:create_environment_hook('bumperbot_controller', 'cmake_prefix_path')
[6.279s] INFO:colcon.colcon_core.shell:Creating environment hook '/home/aarambh/my_robot_ws/install/bumperbot_controller/share/bumperbot_controller/hook/cmake_prefix_path.ps1'
[6.289s] INFO:colcon.colcon_core.shell:Creating environment descriptor '/home/aarambh/my_robot_ws/install/bumperbot_controller/share/bumperbot_controller/hook/cmake_prefix_path.dsv'
[6.292s] INFO:colcon.colcon_core.shell:Creating environment hook '/home/aarambh/my_robot_ws/install/bumperbot_controller/share/bumperbot_controller/hook/cmake_prefix_path.sh'
[6.298s] Level 1:colcon.colcon_core.environment:checking '/home/aarambh/my_robot_ws/install/bumperbot_controller/lib'
[6.300s] Level 1:colcon.colcon_core.environment:checking '/home/aarambh/my_robot_ws/install/bumperbot_controller/bin'
[6.300s] Level 1:colcon.colcon_core.environment:checking '/home/aarambh/my_robot_ws/install/bumperbot_controller/lib/pkgconfig/bumperbot_controller.pc'
[6.301s] Level 1:colcon.colcon_core.environment:checking '/home/aarambh/my_robot_ws/install/bumperbot_controller/lib/python3.10/site-packages'
[6.303s] Level 1:colcon.colcon_core.environment:checking '/home/aarambh/my_robot_ws/install/bumperbot_controller/bin'
[6.305s] INFO:colcon.colcon_core.shell:Creating package script '/home/aarambh/my_robot_ws/install/bumperbot_controller/share/bumperbot_controller/package.ps1'
[6.309s] INFO:colcon.colcon_core.shell:Creating package descriptor '/home/aarambh/my_robot_ws/install/bumperbot_controller/share/bumperbot_controller/package.dsv'
[6.312s] INFO:colcon.colcon_core.shell:Creating package script '/home/aarambh/my_robot_ws/install/bumperbot_controller/share/bumperbot_controller/package.sh'
[6.314s] INFO:colcon.colcon_core.shell:Creating package script '/home/aarambh/my_robot_ws/install/bumperbot_controller/share/bumperbot_controller/package.bash'
[6.317s] INFO:colcon.colcon_core.shell:Creating package script '/home/aarambh/my_robot_ws/install/bumperbot_controller/share/bumperbot_controller/package.zsh'
[6.319s] Level 1:colcon.colcon_core.environment:create_file_with_runtime_dependencies(/home/aarambh/my_robot_ws/install/bumperbot_controller/share/colcon-core/packages/bumperbot_controller)
[6.322s] INFO:colcon.colcon_ros.task.ament_cmake.build:Building ROS package in '/home/aarambh/my_robot_ws/src/bumperbot_planning' with build type 'ament_cmake'
[6.322s] INFO:colcon.colcon_cmake.task.cmake.build:Building CMake package in '/home/aarambh/my_robot_ws/src/bumperbot_planning'
[6.323s] INFO:colcon.colcon_core.shell:Skip shell extension 'powershell' for command environment: Not usable outside of PowerShell
[6.324s] DEBUG:colcon.colcon_core.shell:Skip shell extension 'dsv' for command environment
[6.369s] DEBUG:colcon.colcon_core.event_handler.log_command:Invoking command in '/home/aarambh/my_robot_ws/build/bumperbot_mapping': CMAKE_PREFIX_PATH=${CMAKE_PREFIX_PATH}:/home/aarambh/my_robot_ws/install/bumperbot_py_examples:/opt/ros/humble /usr/bin/cmake --build /home/aarambh/my_robot_ws/build/bumperbot_mapping -- -j4 -l4
[6.371s] Level 1:colcon.colcon_core.environment:create_environment_scripts_only(bumperbot_msgs)
[6.372s] Level 1:colcon.colcon_core.environment:checking '/home/aarambh/my_robot_ws/install/bumperbot_msgs' for CMake module files
[6.374s] DEBUG:colcon.colcon_core.event_handler.log_command:Invoked command in '/home/aarambh/my_robot_ws/build/bumperbot_msgs' returned '0': CMAKE_PREFIX_PATH=${CMAKE_PREFIX_PATH}:/home/aarambh/my_robot_ws/install/bumperbot_py_examples:/opt/ros/humble /usr/bin/cmake --install /home/aarambh/my_robot_ws/build/bumperbot_msgs
[6.378s] Level 1:colcon.colcon_core.environment:checking '/home/aarambh/my_robot_ws/install/bumperbot_msgs' for CMake config files
[6.385s] Level 1:colcon.colcon_core.shell:create_environment_hook('bumperbot_msgs', 'cmake_prefix_path')
[6.387s] INFO:colcon.colcon_core.shell:Creating environment hook '/home/aarambh/my_robot_ws/install/bumperbot_msgs/share/bumperbot_msgs/hook/cmake_prefix_path.ps1'
[6.389s] INFO:colcon.colcon_core.shell:Creating environment descriptor '/home/aarambh/my_robot_ws/install/bumperbot_msgs/share/bumperbot_msgs/hook/cmake_prefix_path.dsv'
[6.392s] INFO:colcon.colcon_core.shell:Creating environment hook '/home/aarambh/my_robot_ws/install/bumperbot_msgs/share/bumperbot_msgs/hook/cmake_prefix_path.sh'
[6.396s] Level 1:colcon.colcon_core.environment:checking '/home/aarambh/my_robot_ws/install/bumperbot_msgs/lib'
[6.397s] Level 1:colcon.colcon_core.shell:create_environment_hook('bumperbot_msgs', 'ld_library_path_lib')
[6.398s] INFO:colcon.colcon_core.shell:Creating environment hook '/home/aarambh/my_robot_ws/install/bumperbot_msgs/share/bumperbot_msgs/hook/ld_library_path_lib.ps1'
[6.400s] INFO:colcon.colcon_core.shell:Creating environment descriptor '/home/aarambh/my_robot_ws/install/bumperbot_msgs/share/bumperbot_msgs/hook/ld_library_path_lib.dsv'
[6.403s] INFO:colcon.colcon_core.shell:Creating environment hook '/home/aarambh/my_robot_ws/install/bumperbot_msgs/share/bumperbot_msgs/hook/ld_library_path_lib.sh'
[6.405s] Level 1:colcon.colcon_core.environment:checking '/home/aarambh/my_robot_ws/install/bumperbot_msgs/bin'
[6.406s] Level 1:colcon.colcon_core.environment:checking '/home/aarambh/my_robot_ws/install/bumperbot_msgs/lib/pkgconfig/bumperbot_msgs.pc'
[6.407s] Level 1:colcon.colcon_core.environment:checking '/home/aarambh/my_robot_ws/install/bumperbot_msgs/lib/python3.10/site-packages'
[6.409s] Level 1:colcon.colcon_core.environment:checking '/home/aarambh/my_robot_ws/install/bumperbot_msgs/bin'
[6.410s] INFO:colcon.colcon_core.shell:Creating package script '/home/aarambh/my_robot_ws/install/bumperbot_msgs/share/bumperbot_msgs/package.ps1'
[6.413s] INFO:colcon.colcon_core.shell:Creating package descriptor '/home/aarambh/my_robot_ws/install/bumperbot_msgs/share/bumperbot_msgs/package.dsv'
[6.416s] INFO:colcon.colcon_core.shell:Creating package script '/home/aarambh/my_robot_ws/install/bumperbot_msgs/share/bumperbot_msgs/package.sh'
[6.418s] INFO:colcon.colcon_core.shell:Creating package script '/home/aarambh/my_robot_ws/install/bumperbot_msgs/share/bumperbot_msgs/package.bash'
[6.421s] INFO:colcon.colcon_core.shell:Creating package script '/home/aarambh/my_robot_ws/install/bumperbot_msgs/share/bumperbot_msgs/package.zsh'
[6.423s] Level 1:colcon.colcon_core.environment:create_file_with_runtime_dependencies(/home/aarambh/my_robot_ws/install/bumperbot_msgs/share/colcon-core/packages/bumperbot_msgs)
[6.427s] Level 1:colcon.colcon_core.environment:create_environment_scripts_only(bumperbot_msgs)
[6.428s] Level 1:colcon.colcon_core.environment:checking '/home/aarambh/my_robot_ws/install/bumperbot_msgs' for CMake module files
[6.432s] Level 1:colcon.colcon_core.environment:checking '/home/aarambh/my_robot_ws/install/bumperbot_msgs' for CMake config files
[6.440s] Level 1:colcon.colcon_core.shell:create_environment_hook('bumperbot_msgs', 'cmake_prefix_path')
[6.441s] INFO:colcon.colcon_core.shell:Creating environment hook '/home/aarambh/my_robot_ws/install/bumperbot_msgs/share/bumperbot_msgs/hook/cmake_prefix_path.ps1'
[6.444s] INFO:colcon.colcon_core.shell:Creating environment descriptor '/home/aarambh/my_robot_ws/install/bumperbot_msgs/share/bumperbot_msgs/hook/cmake_prefix_path.dsv'
[6.446s] INFO:colcon.colcon_core.shell:Creating environment hook '/home/aarambh/my_robot_ws/install/bumperbot_msgs/share/bumperbot_msgs/hook/cmake_prefix_path.sh'
[6.450s] Level 1:colcon.colcon_core.environment:checking '/home/aarambh/my_robot_ws/install/bumperbot_msgs/lib'
[6.451s] Level 1:colcon.colcon_core.shell:create_environment_hook('bumperbot_msgs', 'ld_library_path_lib')
[6.452s] INFO:colcon.colcon_core.shell:Creating environment hook '/home/aarambh/my_robot_ws/install/bumperbot_msgs/share/bumperbot_msgs/hook/ld_library_path_lib.ps1'
[6.454s] INFO:colcon.colcon_core.shell:Creating environment descriptor '/home/aarambh/my_robot_ws/install/bumperbot_msgs/share/bumperbot_msgs/hook/ld_library_path_lib.dsv'
[6.456s] INFO:colcon.colcon_core.shell:Creating environment hook '/home/aarambh/my_robot_ws/install/bumperbot_msgs/share/bumperbot_msgs/hook/ld_library_path_lib.sh'
[6.459s] Level 1:colcon.colcon_core.environment:checking '/home/aarambh/my_robot_ws/install/bumperbot_msgs/bin'
[6.459s] Level 1:colcon.colcon_core.environment:checking '/home/aarambh/my_robot_ws/install/bumperbot_msgs/lib/pkgconfig/bumperbot_msgs.pc'
[6.460s] Level 1:colcon.colcon_core.environment:checking '/home/aarambh/my_robot_ws/install/bumperbot_msgs/lib/python3.10/site-packages'
[6.462s] Level 1:colcon.colcon_core.environment:checking '/home/aarambh/my_robot_ws/install/bumperbot_msgs/bin'
[6.464s] INFO:colcon.colcon_core.shell:Creating package script '/home/aarambh/my_robot_ws/install/bumperbot_msgs/share/bumperbot_msgs/package.ps1'
[6.466s] INFO:colcon.colcon_core.shell:Creating package descriptor '/home/aarambh/my_robot_ws/install/bumperbot_msgs/share/bumperbot_msgs/package.dsv'
[6.469s] INFO:colcon.colcon_core.shell:Creating package script '/home/aarambh/my_robot_ws/install/bumperbot_msgs/share/bumperbot_msgs/package.sh'
[6.472s] INFO:colcon.colcon_core.shell:Creating package script '/home/aarambh/my_robot_ws/install/bumperbot_msgs/share/bumperbot_msgs/package.bash'
[6.475s] INFO:colcon.colcon_core.shell:Creating package script '/home/aarambh/my_robot_ws/install/bumperbot_msgs/share/bumperbot_msgs/package.zsh'
[6.477s] Level 1:colcon.colcon_core.environment:create_file_with_runtime_dependencies(/home/aarambh/my_robot_ws/install/bumperbot_msgs/share/colcon-core/packages/bumperbot_msgs)
[6.482s] INFO:colcon.colcon_ros.task.ament_cmake.build:Building ROS package in '/home/aarambh/my_robot_ws/src/bumperbot_motion' with build type 'ament_cmake'
[6.482s] INFO:colcon.colcon_cmake.task.cmake.build:Building CMake package in '/home/aarambh/my_robot_ws/src/bumperbot_motion'
[6.484s] INFO:colcon.colcon_core.shell:Skip shell extension 'powershell' for command environment: Not usable outside of PowerShell
[6.485s] DEBUG:colcon.colcon_core.shell:Skip shell extension 'dsv' for command environment
[6.537s] DEBUG:colcon.colcon_core.event_handler.log_command:Invoking command in '/home/aarambh/my_robot_ws/build/bumperbot_planning': CMAKE_PREFIX_PATH=${CMAKE_PREFIX_PATH}:/home/aarambh/my_robot_ws/install/bumperbot_py_examples:/opt/ros/humble /usr/bin/cmake --build /home/aarambh/my_robot_ws/build/bumperbot_planning -- -j4 -l4
[6.566s] DEBUG:colcon.colcon_core.event_handler.log_command:Invoking command in '/home/aarambh/my_robot_ws/build/bumperbot_motion': CMAKE_PREFIX_PATH=${CMAKE_PREFIX_PATH}:/home/aarambh/my_robot_ws/install/bumperbot_py_examples:/opt/ros/humble /usr/bin/cmake --build /home/aarambh/my_robot_ws/build/bumperbot_motion -- -j4 -l4
[7.152s] DEBUG:colcon.colcon_core.event_handler.log_command:Invoked command in '/home/aarambh/my_robot_ws/build/bumperbot_localization' returned '0': CMAKE_PREFIX_PATH=${CMAKE_PREFIX_PATH}:/home/aarambh/my_robot_ws/install/bumperbot_py_examples:/opt/ros/humble /usr/bin/cmake --build /home/aarambh/my_robot_ws/build/bumperbot_localization -- -j4 -l4
[7.171s] DEBUG:colcon.colcon_core.event_handler.log_command:Invoking command in '/home/aarambh/my_robot_ws/build/bumperbot_localization': CMAKE_PREFIX_PATH=${CMAKE_PREFIX_PATH}:/home/aarambh/my_robot_ws/install/bumperbot_py_examples:/opt/ros/humble /usr/bin/cmake --install /home/aarambh/my_robot_ws/build/bumperbot_localization
[7.615s] Level 1:colcon.colcon_core.environment:create_environment_scripts_only(bumperbot_localization)
[7.617s] Level 1:colcon.colcon_core.environment:checking '/home/aarambh/my_robot_ws/install/bumperbot_localization' for CMake module files
[7.621s] Level 1:colcon.colcon_core.environment:checking '/home/aarambh/my_robot_ws/install/bumperbot_localization' for CMake config files
[7.629s] DEBUG:colcon.colcon_core.event_handler.log_command:Invoked command in '/home/aarambh/my_robot_ws/build/bumperbot_localization' returned '0': CMAKE_PREFIX_PATH=${CMAKE_PREFIX_PATH}:/home/aarambh/my_robot_ws/install/bumperbot_py_examples:/opt/ros/humble /usr/bin/cmake --install /home/aarambh/my_robot_ws/build/bumperbot_localization
[7.632s] Level 1:colcon.colcon_core.shell:create_environment_hook('bumperbot_localization', 'cmake_prefix_path')
[7.633s] INFO:colcon.colcon_core.shell:Creating environment hook '/home/aarambh/my_robot_ws/install/bumperbot_localization/share/bumperbot_localization/hook/cmake_prefix_path.ps1'
[7.636s] INFO:colcon.colcon_core.shell:Creating environment descriptor '/home/aarambh/my_robot_ws/install/bumperbot_localization/share/bumperbot_localization/hook/cmake_prefix_path.dsv'
[7.639s] INFO:colcon.colcon_core.shell:Creating environment hook '/home/aarambh/my_robot_ws/install/bumperbot_localization/share/bumperbot_localization/hook/cmake_prefix_path.sh'
[7.643s] Level 1:colcon.colcon_core.environment:checking '/home/aarambh/my_robot_ws/install/bumperbot_localization/lib'
[7.644s] Level 1:colcon.colcon_core.environment:checking '/home/aarambh/my_robot_ws/install/bumperbot_localization/bin'
[7.644s] Level 1:colcon.colcon_core.shell:create_environment_hook('bumperbot_localization', 'path')
[7.646s] INFO:colcon.colcon_core.shell:Creating environment hook '/home/aarambh/my_robot_ws/install/bumperbot_localization/share/bumperbot_localization/hook/path.ps1'
[7.648s] INFO:colcon.colcon_core.shell:Creating environment descriptor '/home/aarambh/my_robot_ws/install/bumperbot_localization/share/bumperbot_localization/hook/path.dsv'
[7.651s] INFO:colcon.colcon_core.shell:Creating environment hook '/home/aarambh/my_robot_ws/install/bumperbot_localization/share/bumperbot_localization/hook/path.sh'
[7.654s] Level 1:colcon.colcon_core.environment:checking '/home/aarambh/my_robot_ws/install/bumperbot_localization/lib/pkgconfig/bumperbot_localization.pc'
[7.656s] Level 1:colcon.colcon_core.environment:checking '/home/aarambh/my_robot_ws/install/bumperbot_localization/lib/python3.10/site-packages'
[7.658s] Level 1:colcon.colcon_core.environment:checking '/home/aarambh/my_robot_ws/install/bumperbot_localization/bin'
[7.658s] Level 1:colcon.colcon_core.shell:create_environment_hook('bumperbot_localization', 'pythonscriptspath')
[7.660s] INFO:colcon.colcon_core.shell:Creating environment hook '/home/aarambh/my_robot_ws/install/bumperbot_localization/share/bumperbot_localization/hook/pythonscriptspath.ps1'
[7.663s] INFO:colcon.colcon_core.shell:Creating environment descriptor '/home/aarambh/my_robot_ws/install/bumperbot_localization/share/bumperbot_localization/hook/pythonscriptspath.dsv'
[7.666s] INFO:colcon.colcon_core.shell:Creating environment hook '/home/aarambh/my_robot_ws/install/bumperbot_localization/share/bumperbot_localization/hook/pythonscriptspath.sh'
[7.670s] INFO:colcon.colcon_core.shell:Creating package script '/home/aarambh/my_robot_ws/install/bumperbot_localization/share/bumperbot_localization/package.ps1'
[7.674s] INFO:colcon.colcon_core.shell:Creating package descriptor '/home/aarambh/my_robot_ws/install/bumperbot_localization/share/bumperbot_localization/package.dsv'
[7.678s] INFO:colcon.colcon_core.shell:Creating package script '/home/aarambh/my_robot_ws/install/bumperbot_localization/share/bumperbot_localization/package.sh'
[7.681s] INFO:colcon.colcon_core.shell:Creating package script '/home/aarambh/my_robot_ws/install/bumperbot_localization/share/bumperbot_localization/package.bash'
[7.684s] INFO:colcon.colcon_core.shell:Creating package script '/home/aarambh/my_robot_ws/install/bumperbot_localization/share/bumperbot_localization/package.zsh'
[7.687s] Level 1:colcon.colcon_core.environment:create_file_with_runtime_dependencies(/home/aarambh/my_robot_ws/install/bumperbot_localization/share/colcon-core/packages/bumperbot_localization)
[7.693s] Level 1:colcon.colcon_core.environment:create_environment_scripts_only(bumperbot_localization)
[7.694s] Level 1:colcon.colcon_core.environment:checking '/home/aarambh/my_robot_ws/install/bumperbot_localization' for CMake module files
[7.699s] Level 1:colcon.colcon_core.environment:checking '/home/aarambh/my_robot_ws/install/bumperbot_localization' for CMake config files
[7.705s] Level 1:colcon.colcon_core.shell:create_environment_hook('bumperbot_localization', 'cmake_prefix_path')
[7.706s] INFO:colcon.colcon_core.shell:Creating environment hook '/home/aarambh/my_robot_ws/install/bumperbot_localization/share/bumperbot_localization/hook/cmake_prefix_path.ps1'
[7.709s] INFO:colcon.colcon_core.shell:Creating environment descriptor '/home/aarambh/my_robot_ws/install/bumperbot_localization/share/bumperbot_localization/hook/cmake_prefix_path.dsv'
[7.714s] INFO:colcon.colcon_core.shell:Creating environment hook '/home/aarambh/my_robot_ws/install/bumperbot_localization/share/bumperbot_localization/hook/cmake_prefix_path.sh'
[7.718s] Level 1:colcon.colcon_core.environment:checking '/home/aarambh/my_robot_ws/install/bumperbot_localization/lib'
[7.719s] Level 1:colcon.colcon_core.environment:checking '/home/aarambh/my_robot_ws/install/bumperbot_localization/bin'
[7.719s] Level 1:colcon.colcon_core.shell:create_environment_hook('bumperbot_localization', 'path')
[7.720s] INFO:colcon.colcon_core.shell:Creating environment hook '/home/aarambh/my_robot_ws/install/bumperbot_localization/share/bumperbot_localization/hook/path.ps1'
[7.724s] INFO:colcon.colcon_core.shell:Creating environment descriptor '/home/aarambh/my_robot_ws/install/bumperbot_localization/share/bumperbot_localization/hook/path.dsv'
[7.726s] INFO:colcon.colcon_core.shell:Creating environment hook '/home/aarambh/my_robot_ws/install/bumperbot_localization/share/bumperbot_localization/hook/path.sh'
[7.729s] Level 1:colcon.colcon_core.environment:checking '/home/aarambh/my_robot_ws/install/bumperbot_localization/lib/pkgconfig/bumperbot_localization.pc'
[7.730s] Level 1:colcon.colcon_core.environment:checking '/home/aarambh/my_robot_ws/install/bumperbot_localization/lib/python3.10/site-packages'
[7.732s] Level 1:colcon.colcon_core.environment:checking '/home/aarambh/my_robot_ws/install/bumperbot_localization/bin'
[7.733s] Level 1:colcon.colcon_core.shell:create_environment_hook('bumperbot_localization', 'pythonscriptspath')
[7.734s] INFO:colcon.colcon_core.shell:Creating environment hook '/home/aarambh/my_robot_ws/install/bumperbot_localization/share/bumperbot_localization/hook/pythonscriptspath.ps1'
[7.738s] INFO:colcon.colcon_core.shell:Creating environment descriptor '/home/aarambh/my_robot_ws/install/bumperbot_localization/share/bumperbot_localization/hook/pythonscriptspath.dsv'
[7.741s] INFO:colcon.colcon_core.shell:Creating environment hook '/home/aarambh/my_robot_ws/install/bumperbot_localization/share/bumperbot_localization/hook/pythonscriptspath.sh'
[7.745s] INFO:colcon.colcon_core.shell:Creating package script '/home/aarambh/my_robot_ws/install/bumperbot_localization/share/bumperbot_localization/package.ps1'
[7.749s] INFO:colcon.colcon_core.shell:Creating package descriptor '/home/aarambh/my_robot_ws/install/bumperbot_localization/share/bumperbot_localization/package.dsv'
[7.753s] INFO:colcon.colcon_core.shell:Creating package script '/home/aarambh/my_robot_ws/install/bumperbot_localization/share/bumperbot_localization/package.sh'
[7.757s] INFO:colcon.colcon_core.shell:Creating package script '/home/aarambh/my_robot_ws/install/bumperbot_localization/share/bumperbot_localization/package.bash'
[7.760s] INFO:colcon.colcon_core.shell:Creating package script '/home/aarambh/my_robot_ws/install/bumperbot_localization/share/bumperbot_localization/package.zsh'
[7.763s] Level 1:colcon.colcon_core.environment:create_file_with_runtime_dependencies(/home/aarambh/my_robot_ws/install/bumperbot_localization/share/colcon-core/packages/bumperbot_localization)
[7.769s] INFO:colcon.colcon_ros.task.ament_cmake.build:Building ROS package in '/home/aarambh/my_robot_ws/src/bumperbot_utils' with build type 'ament_cmake'
[7.771s] INFO:colcon.colcon_cmake.task.cmake.build:Building CMake package in '/home/aarambh/my_robot_ws/src/bumperbot_utils'
[7.772s] INFO:colcon.colcon_core.shell:Skip shell extension 'powershell' for command environment: Not usable outside of PowerShell
[7.773s] DEBUG:colcon.colcon_core.shell:Skip shell extension 'dsv' for command environment
[7.829s] DEBUG:colcon.colcon_core.event_handler.log_command:Invoking command in '/home/aarambh/my_robot_ws/build/bumperbot_utils': CMAKE_PREFIX_PATH=${CMAKE_PREFIX_PATH}:/home/aarambh/my_robot_ws/install/bumperbot_py_examples:/opt/ros/humble /usr/bin/cmake --build /home/aarambh/my_robot_ws/build/bumperbot_utils -- -j4 -l4
[9.229s] DEBUG:colcon.colcon_core.event_handler.log_command:Invoked command in '/home/aarambh/my_robot_ws/build/bumperbot_mapping' returned '0': CMAKE_PREFIX_PATH=${CMAKE_PREFIX_PATH}:/home/aarambh/my_robot_ws/install/bumperbot_py_examples:/opt/ros/humble /usr/bin/cmake --build /home/aarambh/my_robot_ws/build/bumperbot_mapping -- -j4 -l4
[9.244s] DEBUG:colcon.colcon_core.event_handler.log_command:Invoking command in '/home/aarambh/my_robot_ws/build/bumperbot_mapping': CMAKE_PREFIX_PATH=${CMAKE_PREFIX_PATH}:/home/aarambh/my_robot_ws/install/bumperbot_py_examples:/opt/ros/humble /usr/bin/cmake --install /home/aarambh/my_robot_ws/build/bumperbot_mapping
[9.439s] DEBUG:colcon.colcon_core.event_handler.log_command:Invoked command in '/home/aarambh/my_robot_ws/build/bumperbot_planning' returned '0': CMAKE_PREFIX_PATH=${CMAKE_PREFIX_PATH}:/home/aarambh/my_robot_ws/install/bumperbot_py_examples:/opt/ros/humble /usr/bin/cmake --build /home/aarambh/my_robot_ws/build/bumperbot_planning -- -j4 -l4
[9.441s] DEBUG:colcon.colcon_core.event_handler.log_command:Invoking command in '/home/aarambh/my_robot_ws/build/bumperbot_planning': CMAKE_PREFIX_PATH=${CMAKE_PREFIX_PATH}:/home/aarambh/my_robot_ws/install/bumperbot_py_examples:/opt/ros/humble /usr/bin/cmake --install /home/aarambh/my_robot_ws/build/bumperbot_planning
[9.529s] DEBUG:colcon.colcon_core.event_handler.log_command:Invoked command in '/home/aarambh/my_robot_ws/build/bumperbot_motion' returned '0': CMAKE_PREFIX_PATH=${CMAKE_PREFIX_PATH}:/home/aarambh/my_robot_ws/install/bumperbot_py_examples:/opt/ros/humble /usr/bin/cmake --build /home/aarambh/my_robot_ws/build/bumperbot_motion -- -j4 -l4
[9.531s] DEBUG:colcon.colcon_core.event_handler.log_command:Invoking command in '/home/aarambh/my_robot_ws/build/bumperbot_motion': CMAKE_PREFIX_PATH=${CMAKE_PREFIX_PATH}:/home/aarambh/my_robot_ws/install/bumperbot_py_examples:/opt/ros/humble /usr/bin/cmake --install /home/aarambh/my_robot_ws/build/bumperbot_motion
[9.711s] Level 1:colcon.colcon_core.environment:create_environment_scripts_only(bumperbot_mapping)
[9.712s] Level 1:colcon.colcon_core.environment:checking '/home/aarambh/my_robot_ws/install/bumperbot_mapping' for CMake module files
[9.716s] Level 1:colcon.colcon_core.environment:checking '/home/aarambh/my_robot_ws/install/bumperbot_mapping' for CMake config files
[9.720s] DEBUG:colcon.colcon_core.event_handler.log_command:Invoked command in '/home/aarambh/my_robot_ws/build/bumperbot_mapping' returned '0': CMAKE_PREFIX_PATH=${CMAKE_PREFIX_PATH}:/home/aarambh/my_robot_ws/install/bumperbot_py_examples:/opt/ros/humble /usr/bin/cmake --install /home/aarambh/my_robot_ws/build/bumperbot_mapping
[9.723s] Level 1:colcon.colcon_core.shell:create_environment_hook('bumperbot_mapping', 'cmake_prefix_path')
[9.724s] INFO:colcon.colcon_core.shell:Creating environment hook '/home/aarambh/my_robot_ws/install/bumperbot_mapping/share/bumperbot_mapping/hook/cmake_prefix_path.ps1'
[9.727s] INFO:colcon.colcon_core.shell:Creating environment descriptor '/home/aarambh/my_robot_ws/install/bumperbot_mapping/share/bumperbot_mapping/hook/cmake_prefix_path.dsv'
[9.729s] INFO:colcon.colcon_core.shell:Creating environment hook '/home/aarambh/my_robot_ws/install/bumperbot_mapping/share/bumperbot_mapping/hook/cmake_prefix_path.sh'
[9.733s] Level 1:colcon.colcon_core.environment:checking '/home/aarambh/my_robot_ws/install/bumperbot_mapping/lib'
[9.734s] Level 1:colcon.colcon_core.environment:checking '/home/aarambh/my_robot_ws/install/bumperbot_mapping/bin'
[9.734s] Level 1:colcon.colcon_core.environment:checking '/home/aarambh/my_robot_ws/install/bumperbot_mapping/lib/pkgconfig/bumperbot_mapping.pc'
[9.735s] Level 1:colcon.colcon_core.environment:checking '/home/aarambh/my_robot_ws/install/bumperbot_mapping/lib/python3.10/site-packages'
[9.737s] Level 1:colcon.colcon_core.environment:checking '/home/aarambh/my_robot_ws/install/bumperbot_mapping/bin'
[9.740s] INFO:colcon.colcon_core.shell:Creating package script '/home/aarambh/my_robot_ws/install/bumperbot_mapping/share/bumperbot_mapping/package.ps1'
[9.748s] INFO:colcon.colcon_core.shell:Creating package descriptor '/home/aarambh/my_robot_ws/install/bumperbot_mapping/share/bumperbot_mapping/package.dsv'
[9.753s] INFO:colcon.colcon_core.shell:Creating package script '/home/aarambh/my_robot_ws/install/bumperbot_mapping/share/bumperbot_mapping/package.sh'
[9.758s] INFO:colcon.colcon_core.shell:Creating package script '/home/aarambh/my_robot_ws/install/bumperbot_mapping/share/bumperbot_mapping/package.bash'
[9.762s] INFO:colcon.colcon_core.shell:Creating package script '/home/aarambh/my_robot_ws/install/bumperbot_mapping/share/bumperbot_mapping/package.zsh'
[9.766s] Level 1:colcon.colcon_core.environment:create_file_with_runtime_dependencies(/home/aarambh/my_robot_ws/install/bumperbot_mapping/share/colcon-core/packages/bumperbot_mapping)
[9.772s] Level 1:colcon.colcon_core.environment:create_environment_scripts_only(bumperbot_mapping)
[9.774s] Level 1:colcon.colcon_core.environment:checking '/home/aarambh/my_robot_ws/install/bumperbot_mapping' for CMake module files
[9.778s] Level 1:colcon.colcon_core.environment:checking '/home/aarambh/my_robot_ws/install/bumperbot_mapping' for CMake config files
[9.811s] Level 1:colcon.colcon_core.shell:create_environment_hook('bumperbot_mapping', 'cmake_prefix_path')
[9.812s] INFO:colcon.colcon_core.shell:Creating environment hook '/home/aarambh/my_robot_ws/install/bumperbot_mapping/share/bumperbot_mapping/hook/cmake_prefix_path.ps1'
[9.815s] INFO:colcon.colcon_core.shell:Creating environment descriptor '/home/aarambh/my_robot_ws/install/bumperbot_mapping/share/bumperbot_mapping/hook/cmake_prefix_path.dsv'
[9.817s] INFO:colcon.colcon_core.shell:Creating environment hook '/home/aarambh/my_robot_ws/install/bumperbot_mapping/share/bumperbot_mapping/hook/cmake_prefix_path.sh'
[9.820s] Level 1:colcon.colcon_core.environment:checking '/home/aarambh/my_robot_ws/install/bumperbot_mapping/lib'
[9.821s] Level 1:colcon.colcon_core.environment:checking '/home/aarambh/my_robot_ws/install/bumperbot_mapping/bin'
[9.822s] Level 1:colcon.colcon_core.environment:checking '/home/aarambh/my_robot_ws/install/bumperbot_mapping/lib/pkgconfig/bumperbot_mapping.pc'
[9.823s] Level 1:colcon.colcon_core.environment:checking '/home/aarambh/my_robot_ws/install/bumperbot_mapping/lib/python3.10/site-packages'
[9.825s] Level 1:colcon.colcon_core.environment:checking '/home/aarambh/my_robot_ws/install/bumperbot_mapping/bin'
[9.826s] INFO:colcon.colcon_core.shell:Creating package script '/home/aarambh/my_robot_ws/install/bumperbot_mapping/share/bumperbot_mapping/package.ps1'
[9.829s] INFO:colcon.colcon_core.shell:Creating package descriptor '/home/aarambh/my_robot_ws/install/bumperbot_mapping/share/bumperbot_mapping/package.dsv'
[9.832s] INFO:colcon.colcon_core.shell:Creating package script '/home/aarambh/my_robot_ws/install/bumperbot_mapping/share/bumperbot_mapping/package.sh'
[9.837s] INFO:colcon.colcon_core.shell:Creating package script '/home/aarambh/my_robot_ws/install/bumperbot_mapping/share/bumperbot_mapping/package.bash'
[9.840s] INFO:colcon.colcon_core.shell:Creating package script '/home/aarambh/my_robot_ws/install/bumperbot_mapping/share/bumperbot_mapping/package.zsh'
[9.842s] Level 1:colcon.colcon_core.environment:create_file_with_runtime_dependencies(/home/aarambh/my_robot_ws/install/bumperbot_mapping/share/colcon-core/packages/bumperbot_mapping)
[9.847s] INFO:colcon.colcon_ros.task.ament_cmake.build:Building ROS package in '/home/aarambh/my_robot_ws/src/bumperbot_bringup' with build type 'ament_cmake'
[9.848s] INFO:colcon.colcon_cmake.task.cmake.build:Building CMake package in '/home/aarambh/my_robot_ws/src/bumperbot_bringup'
[9.850s] INFO:colcon.colcon_core.shell:Skip shell extension 'powershell' for command environment: Not usable outside of PowerShell
[9.851s] DEBUG:colcon.colcon_core.shell:Skip shell extension 'dsv' for command environment
[9.916s] Level 1:colcon.colcon_core.environment:create_environment_scripts_only(bumperbot_planning)
[9.917s] DEBUG:colcon.colcon_core.event_handler.log_command:Invoked command in '/home/aarambh/my_robot_ws/build/bumperbot_planning' returned '0': CMAKE_PREFIX_PATH=${CMAKE_PREFIX_PATH}:/home/aarambh/my_robot_ws/install/bumperbot_py_examples:/opt/ros/humble /usr/bin/cmake --install /home/aarambh/my_robot_ws/build/bumperbot_planning
[9.919s] Level 1:colcon.colcon_core.environment:checking '/home/aarambh/my_robot_ws/install/bumperbot_planning' for CMake module files
[9.922s] Level 1:colcon.colcon_core.environment:checking '/home/aarambh/my_robot_ws/install/bumperbot_planning' for CMake config files
[9.926s] Level 1:colcon.colcon_core.shell:create_environment_hook('bumperbot_planning', 'cmake_prefix_path')
[9.927s] INFO:colcon.colcon_core.shell:Creating environment hook '/home/aarambh/my_robot_ws/install/bumperbot_planning/share/bumperbot_planning/hook/cmake_prefix_path.ps1'
[9.929s] INFO:colcon.colcon_core.shell:Creating environment descriptor '/home/aarambh/my_robot_ws/install/bumperbot_planning/share/bumperbot_planning/hook/cmake_prefix_path.dsv'
[9.932s] INFO:colcon.colcon_core.shell:Creating environment hook '/home/aarambh/my_robot_ws/install/bumperbot_planning/share/bumperbot_planning/hook/cmake_prefix_path.sh'
[9.935s] Level 1:colcon.colcon_core.environment:checking '/home/aarambh/my_robot_ws/install/bumperbot_planning/lib'
[9.935s] Level 1:colcon.colcon_core.shell:create_environment_hook('bumperbot_planning', 'ld_library_path_lib')
[9.937s] INFO:colcon.colcon_core.shell:Creating environment hook '/home/aarambh/my_robot_ws/install/bumperbot_planning/share/bumperbot_planning/hook/ld_library_path_lib.ps1'
[9.939s] INFO:colcon.colcon_core.shell:Creating environment descriptor '/home/aarambh/my_robot_ws/install/bumperbot_planning/share/bumperbot_planning/hook/ld_library_path_lib.dsv'
[9.941s] INFO:colcon.colcon_core.shell:Creating environment hook '/home/aarambh/my_robot_ws/install/bumperbot_planning/share/bumperbot_planning/hook/ld_library_path_lib.sh'
[9.943s] Level 1:colcon.colcon_core.environment:checking '/home/aarambh/my_robot_ws/install/bumperbot_planning/bin'
[9.944s] Level 1:colcon.colcon_core.environment:checking '/home/aarambh/my_robot_ws/install/bumperbot_planning/lib/pkgconfig/bumperbot_planning.pc'
[9.945s] Level 1:colcon.colcon_core.environment:checking '/home/aarambh/my_robot_ws/install/bumperbot_planning/lib/python3.10/site-packages'
[9.947s] Level 1:colcon.colcon_core.environment:checking '/home/aarambh/my_robot_ws/install/bumperbot_planning/bin'
[9.948s] INFO:colcon.colcon_core.shell:Creating package script '/home/aarambh/my_robot_ws/install/bumperbot_planning/share/bumperbot_planning/package.ps1'
[9.951s] INFO:colcon.colcon_core.shell:Creating package descriptor '/home/aarambh/my_robot_ws/install/bumperbot_planning/share/bumperbot_planning/package.dsv'
[9.953s] INFO:colcon.colcon_core.shell:Creating package script '/home/aarambh/my_robot_ws/install/bumperbot_planning/share/bumperbot_planning/package.sh'
[9.956s] INFO:colcon.colcon_core.shell:Creating package script '/home/aarambh/my_robot_ws/install/bumperbot_planning/share/bumperbot_planning/package.bash'
[9.958s] INFO:colcon.colcon_core.shell:Creating package script '/home/aarambh/my_robot_ws/install/bumperbot_planning/share/bumperbot_planning/package.zsh'
[9.960s] Level 1:colcon.colcon_core.environment:create_file_with_runtime_dependencies(/home/aarambh/my_robot_ws/install/bumperbot_planning/share/colcon-core/packages/bumperbot_planning)
[9.963s] Level 1:colcon.colcon_core.environment:create_environment_scripts_only(bumperbot_planning)
[9.964s] Level 1:colcon.colcon_core.environment:checking '/home/aarambh/my_robot_ws/install/bumperbot_planning' for CMake module files
[9.967s] Level 1:colcon.colcon_core.environment:checking '/home/aarambh/my_robot_ws/install/bumperbot_planning' for CMake config files
[9.970s] Level 1:colcon.colcon_core.shell:create_environment_hook('bumperbot_planning', 'cmake_prefix_path')
[9.971s] INFO:colcon.colcon_core.shell:Creating environment hook '/home/aarambh/my_robot_ws/install/bumperbot_planning/share/bumperbot_planning/hook/cmake_prefix_path.ps1'
[9.973s] INFO:colcon.colcon_core.shell:Creating environment descriptor '/home/aarambh/my_robot_ws/install/bumperbot_planning/share/bumperbot_planning/hook/cmake_prefix_path.dsv'
[9.976s] INFO:colcon.colcon_core.shell:Creating environment hook '/home/aarambh/my_robot_ws/install/bumperbot_planning/share/bumperbot_planning/hook/cmake_prefix_path.sh'
[9.979s] Level 1:colcon.colcon_core.environment:checking '/home/aarambh/my_robot_ws/install/bumperbot_planning/lib'
[9.979s] Level 1:colcon.colcon_core.shell:create_environment_hook('bumperbot_planning', 'ld_library_path_lib')
[9.980s] INFO:colcon.colcon_core.shell:Creating environment hook '/home/aarambh/my_robot_ws/install/bumperbot_planning/share/bumperbot_planning/hook/ld_library_path_lib.ps1'
[9.982s] INFO:colcon.colcon_core.shell:Creating environment descriptor '/home/aarambh/my_robot_ws/install/bumperbot_planning/share/bumperbot_planning/hook/ld_library_path_lib.dsv'
[9.985s] INFO:colcon.colcon_core.shell:Creating environment hook '/home/aarambh/my_robot_ws/install/bumperbot_planning/share/bumperbot_planning/hook/ld_library_path_lib.sh'
[9.987s] Level 1:colcon.colcon_core.environment:checking '/home/aarambh/my_robot_ws/install/bumperbot_planning/bin'
[9.987s] Level 1:colcon.colcon_core.environment:checking '/home/aarambh/my_robot_ws/install/bumperbot_planning/lib/pkgconfig/bumperbot_planning.pc'
[9.988s] Level 1:colcon.colcon_core.environment:checking '/home/aarambh/my_robot_ws/install/bumperbot_planning/lib/python3.10/site-packages'
[9.990s] Level 1:colcon.colcon_core.environment:checking '/home/aarambh/my_robot_ws/install/bumperbot_planning/bin'
[9.991s] INFO:colcon.colcon_core.shell:Creating package script '/home/aarambh/my_robot_ws/install/bumperbot_planning/share/bumperbot_planning/package.ps1'
[9.994s] INFO:colcon.colcon_core.shell:Creating package descriptor '/home/aarambh/my_robot_ws/install/bumperbot_planning/share/bumperbot_planning/package.dsv'
[9.997s] INFO:colcon.colcon_core.shell:Creating package script '/home/aarambh/my_robot_ws/install/bumperbot_planning/share/bumperbot_planning/package.sh'
[9.999s] INFO:colcon.colcon_core.shell:Creating package script '/home/aarambh/my_robot_ws/install/bumperbot_planning/share/bumperbot_planning/package.bash'
[10.002s] INFO:colcon.colcon_core.shell:Creating package script '/home/aarambh/my_robot_ws/install/bumperbot_planning/share/bumperbot_planning/package.zsh'
[10.004s] Level 1:colcon.colcon_core.environment:create_file_with_runtime_dependencies(/home/aarambh/my_robot_ws/install/bumperbot_planning/share/colcon-core/packages/bumperbot_planning)
[10.009s] INFO:colcon.colcon_ros.task.ament_cmake.build:Building ROS package in '/home/aarambh/my_robot_ws/src/bumperbot_cpp_examples' with build type 'ament_cmake'
[10.009s] INFO:colcon.colcon_cmake.task.cmake.build:Building CMake package in '/home/aarambh/my_robot_ws/src/bumperbot_cpp_examples'
[10.010s] INFO:colcon.colcon_core.shell:Skip shell extension 'powershell' for command environment: Not usable outside of PowerShell
[10.010s] DEBUG:colcon.colcon_core.shell:Skip shell extension 'dsv' for command environment
[10.040s] Level 1:colcon.colcon_core.environment:create_environment_scripts_only(bumperbot_motion)
[10.041s] Level 1:colcon.colcon_core.environment:checking '/home/aarambh/my_robot_ws/install/bumperbot_motion' for CMake module files
[10.043s] DEBUG:colcon.colcon_core.event_handler.log_command:Invoked command in '/home/aarambh/my_robot_ws/build/bumperbot_motion' returned '0': CMAKE_PREFIX_PATH=${CMAKE_PREFIX_PATH}:/home/aarambh/my_robot_ws/install/bumperbot_py_examples:/opt/ros/humble /usr/bin/cmake --install /home/aarambh/my_robot_ws/build/bumperbot_motion
[10.046s] Level 1:colcon.colcon_core.environment:checking '/home/aarambh/my_robot_ws/install/bumperbot_motion' for CMake config files
[10.050s] Level 1:colcon.colcon_core.shell:create_environment_hook('bumperbot_motion', 'cmake_prefix_path')
[10.051s] INFO:colcon.colcon_core.shell:Creating environment hook '/home/aarambh/my_robot_ws/install/bumperbot_motion/share/bumperbot_motion/hook/cmake_prefix_path.ps1'
[10.053s] INFO:colcon.colcon_core.shell:Creating environment descriptor '/home/aarambh/my_robot_ws/install/bumperbot_motion/share/bumperbot_motion/hook/cmake_prefix_path.dsv'
[10.055s] INFO:colcon.colcon_core.shell:Creating environment hook '/home/aarambh/my_robot_ws/install/bumperbot_motion/share/bumperbot_motion/hook/cmake_prefix_path.sh'
[10.058s] Level 1:colcon.colcon_core.environment:checking '/home/aarambh/my_robot_ws/install/bumperbot_motion/lib'
[10.059s] Level 1:colcon.colcon_core.shell:create_environment_hook('bumperbot_motion', 'ld_library_path_lib')
[10.060s] INFO:colcon.colcon_core.shell:Creating environment hook '/home/aarambh/my_robot_ws/install/bumperbot_motion/share/bumperbot_motion/hook/ld_library_path_lib.ps1'
[10.063s] INFO:colcon.colcon_core.shell:Creating environment descriptor '/home/aarambh/my_robot_ws/install/bumperbot_motion/share/bumperbot_motion/hook/ld_library_path_lib.dsv'
[10.065s] INFO:colcon.colcon_core.shell:Creating environment hook '/home/aarambh/my_robot_ws/install/bumperbot_motion/share/bumperbot_motion/hook/ld_library_path_lib.sh'
[10.067s] Level 1:colcon.colcon_core.environment:checking '/home/aarambh/my_robot_ws/install/bumperbot_motion/bin'
[10.067s] Level 1:colcon.colcon_core.environment:checking '/home/aarambh/my_robot_ws/install/bumperbot_motion/lib/pkgconfig/bumperbot_motion.pc'
[10.068s] Level 1:colcon.colcon_core.environment:checking '/home/aarambh/my_robot_ws/install/bumperbot_motion/lib/python3.10/site-packages'
[10.070s] Level 1:colcon.colcon_core.environment:checking '/home/aarambh/my_robot_ws/install/bumperbot_motion/bin'
[10.071s] INFO:colcon.colcon_core.shell:Creating package script '/home/aarambh/my_robot_ws/install/bumperbot_motion/share/bumperbot_motion/package.ps1'
[10.074s] INFO:colcon.colcon_core.shell:Creating package descriptor '/home/aarambh/my_robot_ws/install/bumperbot_motion/share/bumperbot_motion/package.dsv'
[10.076s] INFO:colcon.colcon_core.shell:Creating package script '/home/aarambh/my_robot_ws/install/bumperbot_motion/share/bumperbot_motion/package.sh'
[10.079s] INFO:colcon.colcon_core.shell:Creating package script '/home/aarambh/my_robot_ws/install/bumperbot_motion/share/bumperbot_motion/package.bash'
[10.081s] INFO:colcon.colcon_core.shell:Creating package script '/home/aarambh/my_robot_ws/install/bumperbot_motion/share/bumperbot_motion/package.zsh'
[10.083s] Level 1:colcon.colcon_core.environment:create_file_with_runtime_dependencies(/home/aarambh/my_robot_ws/install/bumperbot_motion/share/colcon-core/packages/bumperbot_motion)
[10.086s] Level 1:colcon.colcon_core.environment:create_environment_scripts_only(bumperbot_motion)
[10.087s] Level 1:colcon.colcon_core.environment:checking '/home/aarambh/my_robot_ws/install/bumperbot_motion' for CMake module files
[10.090s] Level 1:colcon.colcon_core.environment:checking '/home/aarambh/my_robot_ws/install/bumperbot_motion' for CMake config files
[10.093s] Level 1:colcon.colcon_core.shell:create_environment_hook('bumperbot_motion', 'cmake_prefix_path')
[10.094s] INFO:colcon.colcon_core.shell:Creating environment hook '/home/aarambh/my_robot_ws/install/bumperbot_motion/share/bumperbot_motion/hook/cmake_prefix_path.ps1'
[10.096s] INFO:colcon.colcon_core.shell:Creating environment descriptor '/home/aarambh/my_robot_ws/install/bumperbot_motion/share/bumperbot_motion/hook/cmake_prefix_path.dsv'
[10.098s] INFO:colcon.colcon_core.shell:Creating environment hook '/home/aarambh/my_robot_ws/install/bumperbot_motion/share/bumperbot_motion/hook/cmake_prefix_path.sh'
[10.101s] Level 1:colcon.colcon_core.environment:checking '/home/aarambh/my_robot_ws/install/bumperbot_motion/lib'
[10.102s] Level 1:colcon.colcon_core.shell:create_environment_hook('bumperbot_motion', 'ld_library_path_lib')
[10.103s] INFO:colcon.colcon_core.shell:Creating environment hook '/home/aarambh/my_robot_ws/install/bumperbot_motion/share/bumperbot_motion/hook/ld_library_path_lib.ps1'
[10.105s] INFO:colcon.colcon_core.shell:Creating environment descriptor '/home/aarambh/my_robot_ws/install/bumperbot_motion/share/bumperbot_motion/hook/ld_library_path_lib.dsv'
[10.107s] INFO:colcon.colcon_core.shell:Creating environment hook '/home/aarambh/my_robot_ws/install/bumperbot_motion/share/bumperbot_motion/hook/ld_library_path_lib.sh'
[10.109s] Level 1:colcon.colcon_core.environment:checking '/home/aarambh/my_robot_ws/install/bumperbot_motion/bin'
[10.109s] Level 1:colcon.colcon_core.environment:checking '/home/aarambh/my_robot_ws/install/bumperbot_motion/lib/pkgconfig/bumperbot_motion.pc'
[10.110s] Level 1:colcon.colcon_core.environment:checking '/home/aarambh/my_robot_ws/install/bumperbot_motion/lib/python3.10/site-packages'
[10.112s] Level 1:colcon.colcon_core.environment:checking '/home/aarambh/my_robot_ws/install/bumperbot_motion/bin'
[10.114s] INFO:colcon.colcon_core.shell:Creating package script '/home/aarambh/my_robot_ws/install/bumperbot_motion/share/bumperbot_motion/package.ps1'
[10.117s] INFO:colcon.colcon_core.shell:Creating package descriptor '/home/aarambh/my_robot_ws/install/bumperbot_motion/share/bumperbot_motion/package.dsv'
[10.119s] INFO:colcon.colcon_core.shell:Creating package script '/home/aarambh/my_robot_ws/install/bumperbot_motion/share/bumperbot_motion/package.sh'
[10.122s] INFO:colcon.colcon_core.shell:Creating package script '/home/aarambh/my_robot_ws/install/bumperbot_motion/share/bumperbot_motion/package.bash'
[10.124s] INFO:colcon.colcon_core.shell:Creating package script '/home/aarambh/my_robot_ws/install/bumperbot_motion/share/bumperbot_motion/package.zsh'
[10.126s] Level 1:colcon.colcon_core.environment:create_file_with_runtime_dependencies(/home/aarambh/my_robot_ws/install/bumperbot_motion/share/colcon-core/packages/bumperbot_motion)
[10.130s] INFO:colcon.colcon_ros.task.ament_cmake.build:Building ROS package in '/home/aarambh/my_robot_ws/src/bumperbot_navigation' with build type 'ament_cmake'
[10.131s] INFO:colcon.colcon_cmake.task.cmake.build:Building CMake package in '/home/aarambh/my_robot_ws/src/bumperbot_navigation'
[10.132s] INFO:colcon.colcon_core.shell:Skip shell extension 'powershell' for command environment: Not usable outside of PowerShell
[10.132s] DEBUG:colcon.colcon_core.shell:Skip shell extension 'dsv' for command environment
[10.178s] DEBUG:colcon.colcon_core.event_handler.log_command:Invoking command in '/home/aarambh/my_robot_ws/build/bumperbot_bringup': CMAKE_PREFIX_PATH=/home/aarambh/my_robot_ws/install/bumperbot_mapping:/home/aarambh/my_robot_ws/install/bumperbot_localization:/home/aarambh/my_robot_ws/install/bumperbot_firmware:/home/aarambh/my_robot_ws/install/bumperbot_description:/home/aarambh/my_robot_ws/install/bumperbot_controller:/home/aarambh/my_robot_ws/install/bumperbot_utils:/home/aarambh/my_robot_ws/install/bumperbot_navigation:/home/aarambh/my_robot_ws/install/bumperbot_planning:/home/aarambh/my_robot_ws/install/bumperbot_cpp_examples:/home/aarambh/my_robot_ws/install/bumperbot_msgs:/home/aarambh/my_robot_ws/install/bumperbot_motion:/home/aarambh/my_robot_ws/install/bumperbot_bringup:/home/aarambh/my_robot_ws/install/bumperbot_py_examples:/opt/ros/humble LD_LIBRARY_PATH=/home/aarambh/my_robot_ws/install/bumperbot_firmware/lib:/home/aarambh/my_robot_ws/install/bumperbot_planning/lib:/home/aarambh/my_robot_ws/install/bumperbot_cpp_examples/lib:/home/aarambh/my_robot_ws/install/bumperbot_msgs/lib:/home/aarambh/my_robot_ws/install/bumperbot_motion/lib:/opt/ros/humble/opt/rviz_ogre_vendor/lib:/opt/ros/humble/lib/aarch64-linux-gnu:/opt/ros/humble/lib /usr/bin/cmake --build /home/aarambh/my_robot_ws/build/bumperbot_bringup -- -j4 -l4
[10.215s] DEBUG:colcon.colcon_core.event_handler.log_command:Invoking command in '/home/aarambh/my_robot_ws/build/bumperbot_cpp_examples': CMAKE_PREFIX_PATH=/home/aarambh/my_robot_ws/install/bumperbot_msgs:/home/aarambh/my_robot_ws/install/bumperbot_utils:/home/aarambh/my_robot_ws/install/bumperbot_navigation:/home/aarambh/my_robot_ws/install/bumperbot_planning:/home/aarambh/my_robot_ws/install/bumperbot_cpp_examples:/home/aarambh/my_robot_ws/install/bumperbot_motion:/home/aarambh/my_robot_ws/install/bumperbot_bringup:/home/aarambh/my_robot_ws/install/bumperbot_mapping:/home/aarambh/my_robot_ws/install/bumperbot_localization:/home/aarambh/my_robot_ws/install/bumperbot_firmware:/home/aarambh/my_robot_ws/install/bumperbot_description:/home/aarambh/my_robot_ws/install/bumperbot_controller:/home/aarambh/my_robot_ws/install/bumperbot_py_examples:/opt/ros/humble LD_LIBRARY_PATH=/home/aarambh/my_robot_ws/install/bumperbot_msgs/lib:/home/aarambh/my_robot_ws/install/bumperbot_planning/lib:/home/aarambh/my_robot_ws/install/bumperbot_cpp_examples/lib:/home/aarambh/my_robot_ws/install/bumperbot_motion/lib:/home/aarambh/my_robot_ws/install/bumperbot_firmware/lib:/opt/ros/humble/opt/rviz_ogre_vendor/lib:/opt/ros/humble/lib/aarch64-linux-gnu:/opt/ros/humble/lib /usr/bin/cmake --build /home/aarambh/my_robot_ws/build/bumperbot_cpp_examples -- -j4 -l4
[10.238s] DEBUG:colcon.colcon_core.event_handler.log_command:Invoking command in '/home/aarambh/my_robot_ws/build/bumperbot_navigation': CMAKE_PREFIX_PATH=/home/aarambh/my_robot_ws/install/bumperbot_planning:/home/aarambh/my_robot_ws/install/bumperbot_utils:/home/aarambh/my_robot_ws/install/bumperbot_navigation:/home/aarambh/my_robot_ws/install/bumperbot_cpp_examples:/home/aarambh/my_robot_ws/install/bumperbot_msgs:/home/aarambh/my_robot_ws/install/bumperbot_motion:/home/aarambh/my_robot_ws/install/bumperbot_bringup:/home/aarambh/my_robot_ws/install/bumperbot_mapping:/home/aarambh/my_robot_ws/install/bumperbot_localization:/home/aarambh/my_robot_ws/install/bumperbot_firmware:/home/aarambh/my_robot_ws/install/bumperbot_description:/home/aarambh/my_robot_ws/install/bumperbot_controller:/home/aarambh/my_robot_ws/install/bumperbot_py_examples:/opt/ros/humble /usr/bin/cmake --build /home/aarambh/my_robot_ws/build/bumperbot_navigation -- -j4 -l4
[10.393s] DEBUG:colcon.colcon_core.event_handler.log_command:Invoked command in '/home/aarambh/my_robot_ws/build/bumperbot_bringup' returned '0': CMAKE_PREFIX_PATH=/home/aarambh/my_robot_ws/install/bumperbot_mapping:/home/aarambh/my_robot_ws/install/bumperbot_localization:/home/aarambh/my_robot_ws/install/bumperbot_firmware:/home/aarambh/my_robot_ws/install/bumperbot_description:/home/aarambh/my_robot_ws/install/bumperbot_controller:/home/aarambh/my_robot_ws/install/bumperbot_utils:/home/aarambh/my_robot_ws/install/bumperbot_navigation:/home/aarambh/my_robot_ws/install/bumperbot_planning:/home/aarambh/my_robot_ws/install/bumperbot_cpp_examples:/home/aarambh/my_robot_ws/install/bumperbot_msgs:/home/aarambh/my_robot_ws/install/bumperbot_motion:/home/aarambh/my_robot_ws/install/bumperbot_bringup:/home/aarambh/my_robot_ws/install/bumperbot_py_examples:/opt/ros/humble LD_LIBRARY_PATH=/home/aarambh/my_robot_ws/install/bumperbot_firmware/lib:/home/aarambh/my_robot_ws/install/bumperbot_planning/lib:/home/aarambh/my_robot_ws/install/bumperbot_cpp_examples/lib:/home/aarambh/my_robot_ws/install/bumperbot_msgs/lib:/home/aarambh/my_robot_ws/install/bumperbot_motion/lib:/opt/ros/humble/opt/rviz_ogre_vendor/lib:/opt/ros/humble/lib/aarch64-linux-gnu:/opt/ros/humble/lib /usr/bin/cmake --build /home/aarambh/my_robot_ws/build/bumperbot_bringup -- -j4 -l4
[10.398s] DEBUG:colcon.colcon_core.event_handler.log_command:Invoking command in '/home/aarambh/my_robot_ws/build/bumperbot_bringup': CMAKE_PREFIX_PATH=/home/aarambh/my_robot_ws/install/bumperbot_mapping:/home/aarambh/my_robot_ws/install/bumperbot_localization:/home/aarambh/my_robot_ws/install/bumperbot_firmware:/home/aarambh/my_robot_ws/install/bumperbot_description:/home/aarambh/my_robot_ws/install/bumperbot_controller:/home/aarambh/my_robot_ws/install/bumperbot_utils:/home/aarambh/my_robot_ws/install/bumperbot_navigation:/home/aarambh/my_robot_ws/install/bumperbot_planning:/home/aarambh/my_robot_ws/install/bumperbot_cpp_examples:/home/aarambh/my_robot_ws/install/bumperbot_msgs:/home/aarambh/my_robot_ws/install/bumperbot_motion:/home/aarambh/my_robot_ws/install/bumperbot_bringup:/home/aarambh/my_robot_ws/install/bumperbot_py_examples:/opt/ros/humble LD_LIBRARY_PATH=/home/aarambh/my_robot_ws/install/bumperbot_firmware/lib:/home/aarambh/my_robot_ws/install/bumperbot_planning/lib:/home/aarambh/my_robot_ws/install/bumperbot_cpp_examples/lib:/home/aarambh/my_robot_ws/install/bumperbot_msgs/lib:/home/aarambh/my_robot_ws/install/bumperbot_motion/lib:/opt/ros/humble/opt/rviz_ogre_vendor/lib:/opt/ros/humble/lib/aarch64-linux-gnu:/opt/ros/humble/lib /usr/bin/cmake --install /home/aarambh/my_robot_ws/build/bumperbot_bringup
[10.568s] DEBUG:colcon.colcon_core.event_handler.log_command:Invoked command in '/home/aarambh/my_robot_ws/build/bumperbot_navigation' returned '0': CMAKE_PREFIX_PATH=/home/aarambh/my_robot_ws/install/bumperbot_planning:/home/aarambh/my_robot_ws/install/bumperbot_utils:/home/aarambh/my_robot_ws/install/bumperbot_navigation:/home/aarambh/my_robot_ws/install/bumperbot_cpp_examples:/home/aarambh/my_robot_ws/install/bumperbot_msgs:/home/aarambh/my_robot_ws/install/bumperbot_motion:/home/aarambh/my_robot_ws/install/bumperbot_bringup:/home/aarambh/my_robot_ws/install/bumperbot_mapping:/home/aarambh/my_robot_ws/install/bumperbot_localization:/home/aarambh/my_robot_ws/install/bumperbot_firmware:/home/aarambh/my_robot_ws/install/bumperbot_description:/home/aarambh/my_robot_ws/install/bumperbot_controller:/home/aarambh/my_robot_ws/install/bumperbot_py_examples:/opt/ros/humble /usr/bin/cmake --build /home/aarambh/my_robot_ws/build/bumperbot_navigation -- -j4 -l4
[10.572s] DEBUG:colcon.colcon_core.event_handler.log_command:Invoking command in '/home/aarambh/my_robot_ws/build/bumperbot_navigation': CMAKE_PREFIX_PATH=/home/aarambh/my_robot_ws/install/bumperbot_planning:/home/aarambh/my_robot_ws/install/bumperbot_utils:/home/aarambh/my_robot_ws/install/bumperbot_navigation:/home/aarambh/my_robot_ws/install/bumperbot_cpp_examples:/home/aarambh/my_robot_ws/install/bumperbot_msgs:/home/aarambh/my_robot_ws/install/bumperbot_motion:/home/aarambh/my_robot_ws/install/bumperbot_bringup:/home/aarambh/my_robot_ws/install/bumperbot_mapping:/home/aarambh/my_robot_ws/install/bumperbot_localization:/home/aarambh/my_robot_ws/install/bumperbot_firmware:/home/aarambh/my_robot_ws/install/bumperbot_description:/home/aarambh/my_robot_ws/install/bumperbot_controller:/home/aarambh/my_robot_ws/install/bumperbot_py_examples:/opt/ros/humble /usr/bin/cmake --install /home/aarambh/my_robot_ws/build/bumperbot_navigation
[10.579s] Level 1:colcon.colcon_core.environment:create_environment_scripts_only(bumperbot_navigation)
[10.580s] Level 1:colcon.colcon_core.environment:checking '/home/aarambh/my_robot_ws/install/bumperbot_navigation' for CMake module files
[10.584s] Level 1:colcon.colcon_core.environment:checking '/home/aarambh/my_robot_ws/install/bumperbot_navigation' for CMake config files
[10.587s] Level 1:colcon.colcon_core.shell:create_environment_hook('bumperbot_navigation', 'cmake_prefix_path')
[10.593s] INFO:colcon.colcon_core.shell:Creating environment hook '/home/aarambh/my_robot_ws/install/bumperbot_navigation/share/bumperbot_navigation/hook/cmake_prefix_path.ps1'
[10.611s] INFO:colcon.colcon_core.shell:Creating environment descriptor '/home/aarambh/my_robot_ws/install/bumperbot_navigation/share/bumperbot_navigation/hook/cmake_prefix_path.dsv'
[10.614s] INFO:colcon.colcon_core.shell:Creating environment hook '/home/aarambh/my_robot_ws/install/bumperbot_navigation/share/bumperbot_navigation/hook/cmake_prefix_path.sh'
[10.626s] Level 1:colcon.colcon_core.environment:checking '/home/aarambh/my_robot_ws/install/bumperbot_navigation/bin'
[10.627s] Level 1:colcon.colcon_core.environment:checking '/home/aarambh/my_robot_ws/install/bumperbot_navigation/lib/pkgconfig/bumperbot_navigation.pc'
[10.632s] Level 1:colcon.colcon_core.environment:checking '/home/aarambh/my_robot_ws/install/bumperbot_navigation/lib/python3.10/site-packages'
[10.640s] DEBUG:colcon.colcon_core.event_handler.log_command:Invoked command in '/home/aarambh/my_robot_ws/build/bumperbot_navigation' returned '0': CMAKE_PREFIX_PATH=/home/aarambh/my_robot_ws/install/bumperbot_planning:/home/aarambh/my_robot_ws/install/bumperbot_utils:/home/aarambh/my_robot_ws/install/bumperbot_navigation:/home/aarambh/my_robot_ws/install/bumperbot_cpp_examples:/home/aarambh/my_robot_ws/install/bumperbot_msgs:/home/aarambh/my_robot_ws/install/bumperbot_motion:/home/aarambh/my_robot_ws/install/bumperbot_bringup:/home/aarambh/my_robot_ws/install/bumperbot_mapping:/home/aarambh/my_robot_ws/install/bumperbot_localization:/home/aarambh/my_robot_ws/install/bumperbot_firmware:/home/aarambh/my_robot_ws/install/bumperbot_description:/home/aarambh/my_robot_ws/install/bumperbot_controller:/home/aarambh/my_robot_ws/install/bumperbot_py_examples:/opt/ros/humble /usr/bin/cmake --install /home/aarambh/my_robot_ws/build/bumperbot_navigation
[10.642s] Level 1:colcon.colcon_core.environment:checking '/home/aarambh/my_robot_ws/install/bumperbot_navigation/bin'
[10.652s] INFO:colcon.colcon_core.shell:Creating package script '/home/aarambh/my_robot_ws/install/bumperbot_navigation/share/bumperbot_navigation/package.ps1'
[10.656s] INFO:colcon.colcon_core.shell:Creating package descriptor '/home/aarambh/my_robot_ws/install/bumperbot_navigation/share/bumperbot_navigation/package.dsv'
[10.658s] INFO:colcon.colcon_core.shell:Creating package script '/home/aarambh/my_robot_ws/install/bumperbot_navigation/share/bumperbot_navigation/package.sh'
[10.661s] INFO:colcon.colcon_core.shell:Creating package script '/home/aarambh/my_robot_ws/install/bumperbot_navigation/share/bumperbot_navigation/package.bash'
[10.663s] INFO:colcon.colcon_core.shell:Creating package script '/home/aarambh/my_robot_ws/install/bumperbot_navigation/share/bumperbot_navigation/package.zsh'
[10.665s] Level 1:colcon.colcon_core.environment:create_file_with_runtime_dependencies(/home/aarambh/my_robot_ws/install/bumperbot_navigation/share/colcon-core/packages/bumperbot_navigation)
[10.669s] Level 1:colcon.colcon_core.environment:create_environment_scripts_only(bumperbot_navigation)
[10.673s] Level 1:colcon.colcon_core.environment:checking '/home/aarambh/my_robot_ws/install/bumperbot_navigation' for CMake module files
[10.676s] Level 1:colcon.colcon_core.environment:checking '/home/aarambh/my_robot_ws/install/bumperbot_navigation' for CMake config files
[10.689s] Level 1:colcon.colcon_core.shell:create_environment_hook('bumperbot_navigation', 'cmake_prefix_path')
[10.692s] INFO:colcon.colcon_core.shell:Creating environment hook '/home/aarambh/my_robot_ws/install/bumperbot_navigation/share/bumperbot_navigation/hook/cmake_prefix_path.ps1'
[10.695s] INFO:colcon.colcon_core.shell:Creating environment descriptor '/home/aarambh/my_robot_ws/install/bumperbot_navigation/share/bumperbot_navigation/hook/cmake_prefix_path.dsv'
[10.704s] INFO:colcon.colcon_core.shell:Creating environment hook '/home/aarambh/my_robot_ws/install/bumperbot_navigation/share/bumperbot_navigation/hook/cmake_prefix_path.sh'
[10.708s] Level 1:colcon.colcon_core.environment:checking '/home/aarambh/my_robot_ws/install/bumperbot_navigation/bin'
[10.709s] Level 1:colcon.colcon_core.environment:checking '/home/aarambh/my_robot_ws/install/bumperbot_navigation/lib/pkgconfig/bumperbot_navigation.pc'
[10.710s] Level 1:colcon.colcon_core.environment:checking '/home/aarambh/my_robot_ws/install/bumperbot_navigation/lib/python3.10/site-packages'
[10.713s] Level 1:colcon.colcon_core.environment:checking '/home/aarambh/my_robot_ws/install/bumperbot_navigation/bin'
[10.714s] INFO:colcon.colcon_core.shell:Creating package script '/home/aarambh/my_robot_ws/install/bumperbot_navigation/share/bumperbot_navigation/package.ps1'
[10.719s] INFO:colcon.colcon_core.shell:Creating package descriptor '/home/aarambh/my_robot_ws/install/bumperbot_navigation/share/bumperbot_navigation/package.dsv'
[10.722s] INFO:colcon.colcon_core.shell:Creating package script '/home/aarambh/my_robot_ws/install/bumperbot_navigation/share/bumperbot_navigation/package.sh'
[10.730s] INFO:colcon.colcon_core.shell:Creating package script '/home/aarambh/my_robot_ws/install/bumperbot_navigation/share/bumperbot_navigation/package.bash'
[10.733s] INFO:colcon.colcon_core.shell:Creating package script '/home/aarambh/my_robot_ws/install/bumperbot_navigation/share/bumperbot_navigation/package.zsh'
[10.736s] Level 1:colcon.colcon_core.environment:create_file_with_runtime_dependencies(/home/aarambh/my_robot_ws/install/bumperbot_navigation/share/colcon-core/packages/bumperbot_navigation)
[10.741s] INFO:colcon.colcon_ros.task.ament_python.build:Building ROS package in '/home/aarambh/my_robot_ws/src/bumperbot_py_examples' with build type 'ament_python'
[10.744s] Level 1:colcon.colcon_core.shell:create_environment_hook('bumperbot_py_examples', 'ament_prefix_path')
[10.745s] INFO:colcon.colcon_core.shell:Creating environment hook '/home/aarambh/my_robot_ws/install/bumperbot_py_examples/share/bumperbot_py_examples/hook/ament_prefix_path.ps1'
[10.749s] INFO:colcon.colcon_core.shell:Creating environment descriptor '/home/aarambh/my_robot_ws/install/bumperbot_py_examples/share/bumperbot_py_examples/hook/ament_prefix_path.dsv'
[10.752s] INFO:colcon.colcon_core.shell:Creating environment hook '/home/aarambh/my_robot_ws/install/bumperbot_py_examples/share/bumperbot_py_examples/hook/ament_prefix_path.sh'
[10.756s] INFO:colcon.colcon_core.shell:Skip shell extension 'powershell' for command environment: Not usable outside of PowerShell
[10.756s] DEBUG:colcon.colcon_core.shell:Skip shell extension 'dsv' for command environment
[10.811s] DEBUG:colcon.colcon_core.event_handler.log_command:Invoked command in '/home/aarambh/my_robot_ws/build/bumperbot_utils' returned '0': CMAKE_PREFIX_PATH=${CMAKE_PREFIX_PATH}:/home/aarambh/my_robot_ws/install/bumperbot_py_examples:/opt/ros/humble /usr/bin/cmake --build /home/aarambh/my_robot_ws/build/bumperbot_utils -- -j4 -l4
[10.814s] DEBUG:colcon.colcon_core.event_handler.log_command:Invoking command in '/home/aarambh/my_robot_ws/build/bumperbot_utils': CMAKE_PREFIX_PATH=${CMAKE_PREFIX_PATH}:/home/aarambh/my_robot_ws/install/bumperbot_py_examples:/opt/ros/humble /usr/bin/cmake --install /home/aarambh/my_robot_ws/build/bumperbot_utils
[10.836s] Level 1:colcon.colcon_core.environment:create_environment_scripts_only(bumperbot_bringup)
[10.837s] Level 1:colcon.colcon_core.environment:checking '/home/aarambh/my_robot_ws/install/bumperbot_bringup' for CMake module files
[10.840s] Level 1:colcon.colcon_core.environment:checking '/home/aarambh/my_robot_ws/install/bumperbot_bringup' for CMake config files
[10.842s] Level 1:colcon.colcon_core.shell:create_environment_hook('bumperbot_bringup', 'cmake_prefix_path')
[10.844s] INFO:colcon.colcon_core.shell:Creating environment hook '/home/aarambh/my_robot_ws/install/bumperbot_bringup/share/bumperbot_bringup/hook/cmake_prefix_path.ps1'
[10.845s] DEBUG:colcon.colcon_core.event_handler.log_command:Invoked command in '/home/aarambh/my_robot_ws/build/bumperbot_bringup' returned '0': CMAKE_PREFIX_PATH=/home/aarambh/my_robot_ws/install/bumperbot_mapping:/home/aarambh/my_robot_ws/install/bumperbot_localization:/home/aarambh/my_robot_ws/install/bumperbot_firmware:/home/aarambh/my_robot_ws/install/bumperbot_description:/home/aarambh/my_robot_ws/install/bumperbot_controller:/home/aarambh/my_robot_ws/install/bumperbot_utils:/home/aarambh/my_robot_ws/install/bumperbot_navigation:/home/aarambh/my_robot_ws/install/bumperbot_planning:/home/aarambh/my_robot_ws/install/bumperbot_cpp_examples:/home/aarambh/my_robot_ws/install/bumperbot_msgs:/home/aarambh/my_robot_ws/install/bumperbot_motion:/home/aarambh/my_robot_ws/install/bumperbot_bringup:/home/aarambh/my_robot_ws/install/bumperbot_py_examples:/opt/ros/humble LD_LIBRARY_PATH=/home/aarambh/my_robot_ws/install/bumperbot_firmware/lib:/home/aarambh/my_robot_ws/install/bumperbot_planning/lib:/home/aarambh/my_robot_ws/install/bumperbot_cpp_examples/lib:/home/aarambh/my_robot_ws/install/bumperbot_msgs/lib:/home/aarambh/my_robot_ws/install/bumperbot_motion/lib:/opt/ros/humble/opt/rviz_ogre_vendor/lib:/opt/ros/humble/lib/aarch64-linux-gnu:/opt/ros/humble/lib /usr/bin/cmake --install /home/aarambh/my_robot_ws/build/bumperbot_bringup
[10.849s] INFO:colcon.colcon_core.shell:Creating environment descriptor '/home/aarambh/my_robot_ws/install/bumperbot_bringup/share/bumperbot_bringup/hook/cmake_prefix_path.dsv'
[10.853s] INFO:colcon.colcon_core.shell:Creating environment hook '/home/aarambh/my_robot_ws/install/bumperbot_bringup/share/bumperbot_bringup/hook/cmake_prefix_path.sh'
[10.857s] Level 1:colcon.colcon_core.environment:checking '/home/aarambh/my_robot_ws/install/bumperbot_bringup/bin'
[10.857s] Level 1:colcon.colcon_core.environment:checking '/home/aarambh/my_robot_ws/install/bumperbot_bringup/lib/pkgconfig/bumperbot_bringup.pc'
[10.859s] Level 1:colcon.colcon_core.environment:checking '/home/aarambh/my_robot_ws/install/bumperbot_bringup/lib/python3.10/site-packages'
[10.865s] Level 1:colcon.colcon_core.environment:checking '/home/aarambh/my_robot_ws/install/bumperbot_bringup/bin'
[10.869s] INFO:colcon.colcon_core.shell:Creating package script '/home/aarambh/my_robot_ws/install/bumperbot_bringup/share/bumperbot_bringup/package.ps1'
[10.877s] INFO:colcon.colcon_core.shell:Creating package descriptor '/home/aarambh/my_robot_ws/install/bumperbot_bringup/share/bumperbot_bringup/package.dsv'
[10.881s] INFO:colcon.colcon_core.shell:Creating package script '/home/aarambh/my_robot_ws/install/bumperbot_bringup/share/bumperbot_bringup/package.sh'
[10.884s] INFO:colcon.colcon_core.shell:Creating package script '/home/aarambh/my_robot_ws/install/bumperbot_bringup/share/bumperbot_bringup/package.bash'
[10.887s] INFO:colcon.colcon_core.shell:Creating package script '/home/aarambh/my_robot_ws/install/bumperbot_bringup/share/bumperbot_bringup/package.zsh'
[10.892s] Level 1:colcon.colcon_core.environment:create_file_with_runtime_dependencies(/home/aarambh/my_robot_ws/install/bumperbot_bringup/share/colcon-core/packages/bumperbot_bringup)
[10.896s] Level 1:colcon.colcon_core.environment:create_environment_scripts_only(bumperbot_bringup)
[10.897s] Level 1:colcon.colcon_core.environment:checking '/home/aarambh/my_robot_ws/install/bumperbot_bringup' for CMake module files
[10.900s] Level 1:colcon.colcon_core.environment:checking '/home/aarambh/my_robot_ws/install/bumperbot_bringup' for CMake config files
[10.902s] Level 1:colcon.colcon_core.shell:create_environment_hook('bumperbot_bringup', 'cmake_prefix_path')
[10.904s] INFO:colcon.colcon_core.shell:Creating environment hook '/home/aarambh/my_robot_ws/install/bumperbot_bringup/share/bumperbot_bringup/hook/cmake_prefix_path.ps1'
[10.906s] INFO:colcon.colcon_core.shell:Creating environment descriptor '/home/aarambh/my_robot_ws/install/bumperbot_bringup/share/bumperbot_bringup/hook/cmake_prefix_path.dsv'
[10.910s] INFO:colcon.colcon_core.shell:Creating environment hook '/home/aarambh/my_robot_ws/install/bumperbot_bringup/share/bumperbot_bringup/hook/cmake_prefix_path.sh'
[10.914s] Level 1:colcon.colcon_core.environment:checking '/home/aarambh/my_robot_ws/install/bumperbot_bringup/bin'
[10.915s] Level 1:colcon.colcon_core.environment:checking '/home/aarambh/my_robot_ws/install/bumperbot_bringup/lib/pkgconfig/bumperbot_bringup.pc'
[10.916s] Level 1:colcon.colcon_core.environment:checking '/home/aarambh/my_robot_ws/install/bumperbot_bringup/lib/python3.10/site-packages'
[10.918s] Level 1:colcon.colcon_core.environment:checking '/home/aarambh/my_robot_ws/install/bumperbot_bringup/bin'
[10.920s] INFO:colcon.colcon_core.shell:Creating package script '/home/aarambh/my_robot_ws/install/bumperbot_bringup/share/bumperbot_bringup/package.ps1'
[10.925s] INFO:colcon.colcon_core.shell:Creating package descriptor '/home/aarambh/my_robot_ws/install/bumperbot_bringup/share/bumperbot_bringup/package.dsv'
[10.931s] INFO:colcon.colcon_core.shell:Creating package script '/home/aarambh/my_robot_ws/install/bumperbot_bringup/share/bumperbot_bringup/package.sh'
[10.937s] INFO:colcon.colcon_core.shell:Creating package script '/home/aarambh/my_robot_ws/install/bumperbot_bringup/share/bumperbot_bringup/package.bash'
[10.940s] INFO:colcon.colcon_core.shell:Creating package script '/home/aarambh/my_robot_ws/install/bumperbot_bringup/share/bumperbot_bringup/package.zsh'
[10.944s] Level 1:colcon.colcon_core.environment:create_file_with_runtime_dependencies(/home/aarambh/my_robot_ws/install/bumperbot_bringup/share/colcon-core/packages/bumperbot_bringup)
[12.381s] INFO:colcon.colcon_core.task.python.build:Building Python package in '/home/aarambh/my_robot_ws/src/bumperbot_py_examples'
[12.382s] INFO:colcon.colcon_core.shell:Skip shell extension 'powershell' for command environment: Not usable outside of PowerShell
[12.382s] DEBUG:colcon.colcon_core.shell:Skip shell extension 'dsv' for command environment
[12.416s] Level 1:colcon.colcon_core.environment:create_environment_scripts_only(bumperbot_utils)
[12.417s] Level 1:colcon.colcon_core.environment:checking '/home/aarambh/my_robot_ws/install/bumperbot_utils' for CMake module files
[12.419s] DEBUG:colcon.colcon_core.event_handler.log_command:Invoked command in '/home/aarambh/my_robot_ws/build/bumperbot_utils' returned '0': CMAKE_PREFIX_PATH=${CMAKE_PREFIX_PATH}:/home/aarambh/my_robot_ws/install/bumperbot_py_examples:/opt/ros/humble /usr/bin/cmake --install /home/aarambh/my_robot_ws/build/bumperbot_utils
[12.422s] Level 1:colcon.colcon_core.environment:checking '/home/aarambh/my_robot_ws/install/bumperbot_utils' for CMake config files
[12.424s] Level 1:colcon.colcon_core.shell:create_environment_hook('bumperbot_utils', 'cmake_prefix_path')
[12.426s] INFO:colcon.colcon_core.shell:Creating environment hook '/home/aarambh/my_robot_ws/install/bumperbot_utils/share/bumperbot_utils/hook/cmake_prefix_path.ps1'
[12.428s] INFO:colcon.colcon_core.shell:Creating environment descriptor '/home/aarambh/my_robot_ws/install/bumperbot_utils/share/bumperbot_utils/hook/cmake_prefix_path.dsv'
[12.430s] INFO:colcon.colcon_core.shell:Creating environment hook '/home/aarambh/my_robot_ws/install/bumperbot_utils/share/bumperbot_utils/hook/cmake_prefix_path.sh'
[12.434s] Level 1:colcon.colcon_core.environment:checking '/home/aarambh/my_robot_ws/install/bumperbot_utils/lib'
[12.434s] Level 1:colcon.colcon_core.environment:checking '/home/aarambh/my_robot_ws/install/bumperbot_utils/bin'
[12.435s] Level 1:colcon.colcon_core.environment:checking '/home/aarambh/my_robot_ws/install/bumperbot_utils/lib/pkgconfig/bumperbot_utils.pc'
[12.436s] Level 1:colcon.colcon_core.environment:checking '/home/aarambh/my_robot_ws/install/bumperbot_utils/lib/python3.10/site-packages'
[12.437s] Level 1:colcon.colcon_core.environment:checking '/home/aarambh/my_robot_ws/install/bumperbot_utils/bin'
[12.439s] INFO:colcon.colcon_core.shell:Creating package script '/home/aarambh/my_robot_ws/install/bumperbot_utils/share/bumperbot_utils/package.ps1'
[12.441s] INFO:colcon.colcon_core.shell:Creating package descriptor '/home/aarambh/my_robot_ws/install/bumperbot_utils/share/bumperbot_utils/package.dsv'
[12.443s] INFO:colcon.colcon_core.shell:Creating package script '/home/aarambh/my_robot_ws/install/bumperbot_utils/share/bumperbot_utils/package.sh'
[12.445s] INFO:colcon.colcon_core.shell:Creating package script '/home/aarambh/my_robot_ws/install/bumperbot_utils/share/bumperbot_utils/package.bash'
[12.447s] INFO:colcon.colcon_core.shell:Creating package script '/home/aarambh/my_robot_ws/install/bumperbot_utils/share/bumperbot_utils/package.zsh'
[12.449s] Level 1:colcon.colcon_core.environment:create_file_with_runtime_dependencies(/home/aarambh/my_robot_ws/install/bumperbot_utils/share/colcon-core/packages/bumperbot_utils)
[12.452s] Level 1:colcon.colcon_core.environment:create_environment_scripts_only(bumperbot_utils)
[12.453s] Level 1:colcon.colcon_core.environment:checking '/home/aarambh/my_robot_ws/install/bumperbot_utils' for CMake module files
[12.456s] Level 1:colcon.colcon_core.environment:checking '/home/aarambh/my_robot_ws/install/bumperbot_utils' for CMake config files
[12.458s] Level 1:colcon.colcon_core.shell:create_environment_hook('bumperbot_utils', 'cmake_prefix_path')
[12.459s] INFO:colcon.colcon_core.shell:Creating environment hook '/home/aarambh/my_robot_ws/install/bumperbot_utils/share/bumperbot_utils/hook/cmake_prefix_path.ps1'
[12.461s] INFO:colcon.colcon_core.shell:Creating environment descriptor '/home/aarambh/my_robot_ws/install/bumperbot_utils/share/bumperbot_utils/hook/cmake_prefix_path.dsv'
[12.463s] INFO:colcon.colcon_core.shell:Creating environment hook '/home/aarambh/my_robot_ws/install/bumperbot_utils/share/bumperbot_utils/hook/cmake_prefix_path.sh'
[12.466s] Level 1:colcon.colcon_core.environment:checking '/home/aarambh/my_robot_ws/install/bumperbot_utils/lib'
[12.466s] Level 1:colcon.colcon_core.environment:checking '/home/aarambh/my_robot_ws/install/bumperbot_utils/bin'
[12.466s] Level 1:colcon.colcon_core.environment:checking '/home/aarambh/my_robot_ws/install/bumperbot_utils/lib/pkgconfig/bumperbot_utils.pc'
[12.467s] Level 1:colcon.colcon_core.environment:checking '/home/aarambh/my_robot_ws/install/bumperbot_utils/lib/python3.10/site-packages'
[12.469s] Level 1:colcon.colcon_core.environment:checking '/home/aarambh/my_robot_ws/install/bumperbot_utils/bin'
[12.470s] INFO:colcon.colcon_core.shell:Creating package script '/home/aarambh/my_robot_ws/install/bumperbot_utils/share/bumperbot_utils/package.ps1'
[12.472s] INFO:colcon.colcon_core.shell:Creating package descriptor '/home/aarambh/my_robot_ws/install/bumperbot_utils/share/bumperbot_utils/package.dsv'
[12.474s] INFO:colcon.colcon_core.shell:Creating package script '/home/aarambh/my_robot_ws/install/bumperbot_utils/share/bumperbot_utils/package.sh'
[12.477s] INFO:colcon.colcon_core.shell:Creating package script '/home/aarambh/my_robot_ws/install/bumperbot_utils/share/bumperbot_utils/package.bash'
[12.479s] INFO:colcon.colcon_core.shell:Creating package script '/home/aarambh/my_robot_ws/install/bumperbot_utils/share/bumperbot_utils/package.zsh'
[12.481s] Level 1:colcon.colcon_core.environment:create_file_with_runtime_dependencies(/home/aarambh/my_robot_ws/install/bumperbot_utils/share/colcon-core/packages/bumperbot_utils)
[12.487s] DEBUG:colcon.colcon_core.event_handler.log_command:Invoked command in '/home/aarambh/my_robot_ws/build/bumperbot_cpp_examples' returned '0': CMAKE_PREFIX_PATH=/home/aarambh/my_robot_ws/install/bumperbot_msgs:/home/aarambh/my_robot_ws/install/bumperbot_utils:/home/aarambh/my_robot_ws/install/bumperbot_navigation:/home/aarambh/my_robot_ws/install/bumperbot_planning:/home/aarambh/my_robot_ws/install/bumperbot_cpp_examples:/home/aarambh/my_robot_ws/install/bumperbot_motion:/home/aarambh/my_robot_ws/install/bumperbot_bringup:/home/aarambh/my_robot_ws/install/bumperbot_mapping:/home/aarambh/my_robot_ws/install/bumperbot_localization:/home/aarambh/my_robot_ws/install/bumperbot_firmware:/home/aarambh/my_robot_ws/install/bumperbot_description:/home/aarambh/my_robot_ws/install/bumperbot_controller:/home/aarambh/my_robot_ws/install/bumperbot_py_examples:/opt/ros/humble LD_LIBRARY_PATH=/home/aarambh/my_robot_ws/install/bumperbot_msgs/lib:/home/aarambh/my_robot_ws/install/bumperbot_planning/lib:/home/aarambh/my_robot_ws/install/bumperbot_cpp_examples/lib:/home/aarambh/my_robot_ws/install/bumperbot_motion/lib:/home/aarambh/my_robot_ws/install/bumperbot_firmware/lib:/opt/ros/humble/opt/rviz_ogre_vendor/lib:/opt/ros/humble/lib/aarch64-linux-gnu:/opt/ros/humble/lib /usr/bin/cmake --build /home/aarambh/my_robot_ws/build/bumperbot_cpp_examples -- -j4 -l4
[12.497s] DEBUG:colcon.colcon_core.event_handler.log_command:Invoking command in '/home/aarambh/my_robot_ws/build/bumperbot_cpp_examples': CMAKE_PREFIX_PATH=/home/aarambh/my_robot_ws/install/bumperbot_msgs:/home/aarambh/my_robot_ws/install/bumperbot_utils:/home/aarambh/my_robot_ws/install/bumperbot_navigation:/home/aarambh/my_robot_ws/install/bumperbot_planning:/home/aarambh/my_robot_ws/install/bumperbot_cpp_examples:/home/aarambh/my_robot_ws/install/bumperbot_motion:/home/aarambh/my_robot_ws/install/bumperbot_bringup:/home/aarambh/my_robot_ws/install/bumperbot_mapping:/home/aarambh/my_robot_ws/install/bumperbot_localization:/home/aarambh/my_robot_ws/install/bumperbot_firmware:/home/aarambh/my_robot_ws/install/bumperbot_description:/home/aarambh/my_robot_ws/install/bumperbot_controller:/home/aarambh/my_robot_ws/install/bumperbot_py_examples:/opt/ros/humble LD_LIBRARY_PATH=/home/aarambh/my_robot_ws/install/bumperbot_msgs/lib:/home/aarambh/my_robot_ws/install/bumperbot_planning/lib:/home/aarambh/my_robot_ws/install/bumperbot_cpp_examples/lib:/home/aarambh/my_robot_ws/install/bumperbot_motion/lib:/home/aarambh/my_robot_ws/install/bumperbot_firmware/lib:/opt/ros/humble/opt/rviz_ogre_vendor/lib:/opt/ros/humble/lib/aarch64-linux-gnu:/opt/ros/humble/lib /usr/bin/cmake --install /home/aarambh/my_robot_ws/build/bumperbot_cpp_examples
[12.583s] Level 1:colcon.colcon_core.environment:create_environment_scripts_only(bumperbot_cpp_examples)
[12.584s] Level 1:colcon.colcon_core.environment:checking '/home/aarambh/my_robot_ws/install/bumperbot_cpp_examples' for CMake module files
[12.586s] DEBUG:colcon.colcon_core.event_handler.log_command:Invoked command in '/home/aarambh/my_robot_ws/build/bumperbot_cpp_examples' returned '0': CMAKE_PREFIX_PATH=/home/aarambh/my_robot_ws/install/bumperbot_msgs:/home/aarambh/my_robot_ws/install/bumperbot_utils:/home/aarambh/my_robot_ws/install/bumperbot_navigation:/home/aarambh/my_robot_ws/install/bumperbot_planning:/home/aarambh/my_robot_ws/install/bumperbot_cpp_examples:/home/aarambh/my_robot_ws/install/bumperbot_motion:/home/aarambh/my_robot_ws/install/bumperbot_bringup:/home/aarambh/my_robot_ws/install/bumperbot_mapping:/home/aarambh/my_robot_ws/install/bumperbot_localization:/home/aarambh/my_robot_ws/install/bumperbot_firmware:/home/aarambh/my_robot_ws/install/bumperbot_description:/home/aarambh/my_robot_ws/install/bumperbot_controller:/home/aarambh/my_robot_ws/install/bumperbot_py_examples:/opt/ros/humble LD_LIBRARY_PATH=/home/aarambh/my_robot_ws/install/bumperbot_msgs/lib:/home/aarambh/my_robot_ws/install/bumperbot_planning/lib:/home/aarambh/my_robot_ws/install/bumperbot_cpp_examples/lib:/home/aarambh/my_robot_ws/install/bumperbot_motion/lib:/home/aarambh/my_robot_ws/install/bumperbot_firmware/lib:/opt/ros/humble/opt/rviz_ogre_vendor/lib:/opt/ros/humble/lib/aarch64-linux-gnu:/opt/ros/humble/lib /usr/bin/cmake --install /home/aarambh/my_robot_ws/build/bumperbot_cpp_examples
[12.590s] Level 1:colcon.colcon_core.environment:checking '/home/aarambh/my_robot_ws/install/bumperbot_cpp_examples' for CMake config files
[12.593s] Level 1:colcon.colcon_core.shell:create_environment_hook('bumperbot_cpp_examples', 'cmake_prefix_path')
[12.594s] INFO:colcon.colcon_core.shell:Creating environment hook '/home/aarambh/my_robot_ws/install/bumperbot_cpp_examples/share/bumperbot_cpp_examples/hook/cmake_prefix_path.ps1'
[12.596s] INFO:colcon.colcon_core.shell:Creating environment descriptor '/home/aarambh/my_robot_ws/install/bumperbot_cpp_examples/share/bumperbot_cpp_examples/hook/cmake_prefix_path.dsv'
[12.599s] INFO:colcon.colcon_core.shell:Creating environment hook '/home/aarambh/my_robot_ws/install/bumperbot_cpp_examples/share/bumperbot_cpp_examples/hook/cmake_prefix_path.sh'
[12.602s] Level 1:colcon.colcon_core.environment:checking '/home/aarambh/my_robot_ws/install/bumperbot_cpp_examples/lib'
[12.603s] Level 1:colcon.colcon_core.shell:create_environment_hook('bumperbot_cpp_examples', 'ld_library_path_lib')
[12.604s] INFO:colcon.colcon_core.shell:Creating environment hook '/home/aarambh/my_robot_ws/install/bumperbot_cpp_examples/share/bumperbot_cpp_examples/hook/ld_library_path_lib.ps1'
[12.606s] INFO:colcon.colcon_core.shell:Creating environment descriptor '/home/aarambh/my_robot_ws/install/bumperbot_cpp_examples/share/bumperbot_cpp_examples/hook/ld_library_path_lib.dsv'
[12.608s] INFO:colcon.colcon_core.shell:Creating environment hook '/home/aarambh/my_robot_ws/install/bumperbot_cpp_examples/share/bumperbot_cpp_examples/hook/ld_library_path_lib.sh'
[12.610s] Level 1:colcon.colcon_core.environment:checking '/home/aarambh/my_robot_ws/install/bumperbot_cpp_examples/bin'
[12.610s] Level 1:colcon.colcon_core.environment:checking '/home/aarambh/my_robot_ws/install/bumperbot_cpp_examples/lib/pkgconfig/bumperbot_cpp_examples.pc'
[12.612s] Level 1:colcon.colcon_core.environment:checking '/home/aarambh/my_robot_ws/install/bumperbot_cpp_examples/lib/python3.10/site-packages'
[12.613s] Level 1:colcon.colcon_core.environment:checking '/home/aarambh/my_robot_ws/install/bumperbot_cpp_examples/bin'
[12.615s] INFO:colcon.colcon_core.shell:Creating package script '/home/aarambh/my_robot_ws/install/bumperbot_cpp_examples/share/bumperbot_cpp_examples/package.ps1'
[12.617s] INFO:colcon.colcon_core.shell:Creating package descriptor '/home/aarambh/my_robot_ws/install/bumperbot_cpp_examples/share/bumperbot_cpp_examples/package.dsv'
[12.620s] INFO:colcon.colcon_core.shell:Creating package script '/home/aarambh/my_robot_ws/install/bumperbot_cpp_examples/share/bumperbot_cpp_examples/package.sh'
[12.622s] INFO:colcon.colcon_core.shell:Creating package script '/home/aarambh/my_robot_ws/install/bumperbot_cpp_examples/share/bumperbot_cpp_examples/package.bash'
[12.625s] INFO:colcon.colcon_core.shell:Creating package script '/home/aarambh/my_robot_ws/install/bumperbot_cpp_examples/share/bumperbot_cpp_examples/package.zsh'
[12.627s] Level 1:colcon.colcon_core.environment:create_file_with_runtime_dependencies(/home/aarambh/my_robot_ws/install/bumperbot_cpp_examples/share/colcon-core/packages/bumperbot_cpp_examples)
[12.630s] Level 1:colcon.colcon_core.environment:create_environment_scripts_only(bumperbot_cpp_examples)
[12.631s] Level 1:colcon.colcon_core.environment:checking '/home/aarambh/my_robot_ws/install/bumperbot_cpp_examples' for CMake module files
[12.635s] Level 1:colcon.colcon_core.environment:checking '/home/aarambh/my_robot_ws/install/bumperbot_cpp_examples' for CMake config files
[12.637s] Level 1:colcon.colcon_core.shell:create_environment_hook('bumperbot_cpp_examples', 'cmake_prefix_path')
[12.638s] INFO:colcon.colcon_core.shell:Creating environment hook '/home/aarambh/my_robot_ws/install/bumperbot_cpp_examples/share/bumperbot_cpp_examples/hook/cmake_prefix_path.ps1'
[12.640s] INFO:colcon.colcon_core.shell:Creating environment descriptor '/home/aarambh/my_robot_ws/install/bumperbot_cpp_examples/share/bumperbot_cpp_examples/hook/cmake_prefix_path.dsv'
[12.643s] INFO:colcon.colcon_core.shell:Creating environment hook '/home/aarambh/my_robot_ws/install/bumperbot_cpp_examples/share/bumperbot_cpp_examples/hook/cmake_prefix_path.sh'
[12.646s] Level 1:colcon.colcon_core.environment:checking '/home/aarambh/my_robot_ws/install/bumperbot_cpp_examples/lib'
[12.646s] Level 1:colcon.colcon_core.shell:create_environment_hook('bumperbot_cpp_examples', 'ld_library_path_lib')
[12.648s] INFO:colcon.colcon_core.shell:Creating environment hook '/home/aarambh/my_robot_ws/install/bumperbot_cpp_examples/share/bumperbot_cpp_examples/hook/ld_library_path_lib.ps1'
[12.650s] INFO:colcon.colcon_core.shell:Creating environment descriptor '/home/aarambh/my_robot_ws/install/bumperbot_cpp_examples/share/bumperbot_cpp_examples/hook/ld_library_path_lib.dsv'
[12.652s] INFO:colcon.colcon_core.shell:Creating environment hook '/home/aarambh/my_robot_ws/install/bumperbot_cpp_examples/share/bumperbot_cpp_examples/hook/ld_library_path_lib.sh'
[12.654s] Level 1:colcon.colcon_core.environment:checking '/home/aarambh/my_robot_ws/install/bumperbot_cpp_examples/bin'
[12.655s] Level 1:colcon.colcon_core.environment:checking '/home/aarambh/my_robot_ws/install/bumperbot_cpp_examples/lib/pkgconfig/bumperbot_cpp_examples.pc'
[12.656s] Level 1:colcon.colcon_core.environment:checking '/home/aarambh/my_robot_ws/install/bumperbot_cpp_examples/lib/python3.10/site-packages'
[12.658s] Level 1:colcon.colcon_core.environment:checking '/home/aarambh/my_robot_ws/install/bumperbot_cpp_examples/bin'
[12.659s] INFO:colcon.colcon_core.shell:Creating package script '/home/aarambh/my_robot_ws/install/bumperbot_cpp_examples/share/bumperbot_cpp_examples/package.ps1'
[12.662s] INFO:colcon.colcon_core.shell:Creating package descriptor '/home/aarambh/my_robot_ws/install/bumperbot_cpp_examples/share/bumperbot_cpp_examples/package.dsv'
[12.665s] INFO:colcon.colcon_core.shell:Creating package script '/home/aarambh/my_robot_ws/install/bumperbot_cpp_examples/share/bumperbot_cpp_examples/package.sh'
[12.668s] INFO:colcon.colcon_core.shell:Creating package script '/home/aarambh/my_robot_ws/install/bumperbot_cpp_examples/share/bumperbot_cpp_examples/package.bash'
[12.670s] INFO:colcon.colcon_core.shell:Creating package script '/home/aarambh/my_robot_ws/install/bumperbot_cpp_examples/share/bumperbot_cpp_examples/package.zsh'
[12.673s] Level 1:colcon.colcon_core.environment:create_file_with_runtime_dependencies(/home/aarambh/my_robot_ws/install/bumperbot_cpp_examples/share/colcon-core/packages/bumperbot_cpp_examples)
[14.264s] DEBUG:colcon.colcon_core.event_handler.log_command:Invoking command in '/home/aarambh/my_robot_ws/src/bumperbot_py_examples': CMAKE_PREFIX_PATH=/home/aarambh/my_robot_ws/install/bumperbot_msgs:/home/aarambh/my_robot_ws/install/bumperbot_utils:/home/aarambh/my_robot_ws/install/bumperbot_navigation:/home/aarambh/my_robot_ws/install/bumperbot_planning:/home/aarambh/my_robot_ws/install/bumperbot_cpp_examples:/home/aarambh/my_robot_ws/install/bumperbot_motion:/home/aarambh/my_robot_ws/install/bumperbot_bringup:/home/aarambh/my_robot_ws/install/bumperbot_mapping:/home/aarambh/my_robot_ws/install/bumperbot_localization:/home/aarambh/my_robot_ws/install/bumperbot_firmware:/home/aarambh/my_robot_ws/install/bumperbot_description:/home/aarambh/my_robot_ws/install/bumperbot_controller LD_LIBRARY_PATH=/home/aarambh/my_robot_ws/install/bumperbot_msgs/lib:/home/aarambh/my_robot_ws/install/bumperbot_planning/lib:/home/aarambh/my_robot_ws/install/bumperbot_cpp_examples/lib:/home/aarambh/my_robot_ws/install/bumperbot_motion/lib:/home/aarambh/my_robot_ws/install/bumperbot_firmware/lib:/opt/ros/humble/opt/rviz_ogre_vendor/lib:/opt/ros/humble/lib/aarch64-linux-gnu:/opt/ros/humble/lib PYTHONPATH=/home/aarambh/my_robot_ws/build/bumperbot_py_examples/prefix_override:/usr/lib/python3/dist-packages/colcon_core/task/python/colcon_distutils_commands:/home/aarambh/my_robot_ws/install/bumperbot_py_examples/lib/python3.10/site-packages:${PYTHONPATH} /usr/bin/python3 -W ignore:setup.py install is deprecated -W ignore:easy_install command is deprecated setup.py egg_info --egg-base ../../build/bumperbot_py_examples build --build-base /home/aarambh/my_robot_ws/build/bumperbot_py_examples/build install --record /home/aarambh/my_robot_ws/build/bumperbot_py_examples/install.log --single-version-externally-managed install_data
[15.758s] Level 1:colcon.colcon_core.environment:checking '/home/aarambh/my_robot_ws/install/bumperbot_py_examples' for CMake module files
[15.760s] DEBUG:colcon.colcon_core.event_handler.log_command:Invoked command in '/home/aarambh/my_robot_ws/src/bumperbot_py_examples' returned '0': CMAKE_PREFIX_PATH=/home/aarambh/my_robot_ws/install/bumperbot_msgs:/home/aarambh/my_robot_ws/install/bumperbot_utils:/home/aarambh/my_robot_ws/install/bumperbot_navigation:/home/aarambh/my_robot_ws/install/bumperbot_planning:/home/aarambh/my_robot_ws/install/bumperbot_cpp_examples:/home/aarambh/my_robot_ws/install/bumperbot_motion:/home/aarambh/my_robot_ws/install/bumperbot_bringup:/home/aarambh/my_robot_ws/install/bumperbot_mapping:/home/aarambh/my_robot_ws/install/bumperbot_localization:/home/aarambh/my_robot_ws/install/bumperbot_firmware:/home/aarambh/my_robot_ws/install/bumperbot_description:/home/aarambh/my_robot_ws/install/bumperbot_controller LD_LIBRARY_PATH=/home/aarambh/my_robot_ws/install/bumperbot_msgs/lib:/home/aarambh/my_robot_ws/install/bumperbot_planning/lib:/home/aarambh/my_robot_ws/install/bumperbot_cpp_examples/lib:/home/aarambh/my_robot_ws/install/bumperbot_motion/lib:/home/aarambh/my_robot_ws/install/bumperbot_firmware/lib:/opt/ros/humble/opt/rviz_ogre_vendor/lib:/opt/ros/humble/lib/aarch64-linux-gnu:/opt/ros/humble/lib PYTHONPATH=/home/aarambh/my_robot_ws/build/bumperbot_py_examples/prefix_override:/usr/lib/python3/dist-packages/colcon_core/task/python/colcon_distutils_commands:/home/aarambh/my_robot_ws/install/bumperbot_py_examples/lib/python3.10/site-packages:${PYTHONPATH} /usr/bin/python3 -W ignore:setup.py install is deprecated -W ignore:easy_install command is deprecated setup.py egg_info --egg-base ../../build/bumperbot_py_examples build --build-base /home/aarambh/my_robot_ws/build/bumperbot_py_examples/build install --record /home/aarambh/my_robot_ws/build/bumperbot_py_examples/install.log --single-version-externally-managed install_data
[15.762s] Level 1:colcon.colcon_core.environment:checking '/home/aarambh/my_robot_ws/install/bumperbot_py_examples' for CMake config files
[15.767s] Level 1:colcon.colcon_core.environment:checking '/home/aarambh/my_robot_ws/install/bumperbot_py_examples/lib'
[15.767s] Level 1:colcon.colcon_core.environment:checking '/home/aarambh/my_robot_ws/install/bumperbot_py_examples/bin'
[15.767s] Level 1:colcon.colcon_core.environment:checking '/home/aarambh/my_robot_ws/install/bumperbot_py_examples/lib/pkgconfig/bumperbot_py_examples.pc'
[15.768s] Level 1:colcon.colcon_core.environment:checking '/home/aarambh/my_robot_ws/install/bumperbot_py_examples/lib/python3.10/site-packages'
[15.769s] Level 1:colcon.colcon_core.shell:create_environment_hook('bumperbot_py_examples', 'pythonpath')
[15.770s] INFO:colcon.colcon_core.shell:Creating environment hook '/home/aarambh/my_robot_ws/install/bumperbot_py_examples/share/bumperbot_py_examples/hook/pythonpath.ps1'
[15.772s] INFO:colcon.colcon_core.shell:Creating environment descriptor '/home/aarambh/my_robot_ws/install/bumperbot_py_examples/share/bumperbot_py_examples/hook/pythonpath.dsv'
[15.774s] INFO:colcon.colcon_core.shell:Creating environment hook '/home/aarambh/my_robot_ws/install/bumperbot_py_examples/share/bumperbot_py_examples/hook/pythonpath.sh'
[15.777s] Level 1:colcon.colcon_core.environment:checking '/home/aarambh/my_robot_ws/install/bumperbot_py_examples/bin'
[15.778s] Level 1:colcon.colcon_core.environment:create_environment_scripts_only(bumperbot_py_examples)
[15.779s] INFO:colcon.colcon_core.shell:Creating package script '/home/aarambh/my_robot_ws/install/bumperbot_py_examples/share/bumperbot_py_examples/package.ps1'
[15.782s] INFO:colcon.colcon_core.shell:Creating package descriptor '/home/aarambh/my_robot_ws/install/bumperbot_py_examples/share/bumperbot_py_examples/package.dsv'
[15.784s] INFO:colcon.colcon_core.shell:Creating package script '/home/aarambh/my_robot_ws/install/bumperbot_py_examples/share/bumperbot_py_examples/package.sh'
[15.786s] INFO:colcon.colcon_core.shell:Creating package script '/home/aarambh/my_robot_ws/install/bumperbot_py_examples/share/bumperbot_py_examples/package.bash'
[15.788s] INFO:colcon.colcon_core.shell:Creating package script '/home/aarambh/my_robot_ws/install/bumperbot_py_examples/share/bumperbot_py_examples/package.zsh'
[15.790s] Level 1:colcon.colcon_core.environment:create_file_with_runtime_dependencies(/home/aarambh/my_robot_ws/install/bumperbot_py_examples/share/colcon-core/packages/bumperbot_py_examples)
[15.791s] DEBUG:colcon.colcon_parallel_executor.executor.parallel:closing loop
[15.793s] DEBUG:colcon.colcon_parallel_executor.executor.parallel:loop closed
[15.793s] DEBUG:colcon.colcon_parallel_executor.executor.parallel:run_until_complete finished with '0'
[15.794s] DEBUG:colcon.colcon_core.event_reactor:joining thread
[15.817s] INFO:colcon.colcon_core.plugin_system:Skipping extension 'colcon_notification.desktop_notification.terminal_notifier': Not used on non-Darwin systems
[15.818s] INFO:colcon.colcon_core.plugin_system:Skipping extension 'colcon_notification.desktop_notification.win32': Not used on non-Windows systems
[15.818s] INFO:colcon.colcon_notification.desktop_notification:Sending desktop notification using 'notify2'
[15.823s] DEBUG:colcon.colcon_notification.desktop_notification.notify2:Failed to initialize notify2: org.freedesktop.DBus.Error.ServiceUnknown: The name org.freedesktop.Notifications was not provided by any .service files
[15.824s] DEBUG:colcon.colcon_core.event_reactor:joined thread
[15.824s] INFO:colcon.colcon_core.shell:Creating prefix script '/home/aarambh/my_robot_ws/install/local_setup.ps1'
[15.828s] INFO:colcon.colcon_core.shell:Creating prefix util module '/home/aarambh/my_robot_ws/install/_local_setup_util_ps1.py'
[15.835s] INFO:colcon.colcon_core.shell:Creating prefix chain script '/home/aarambh/my_robot_ws/install/setup.ps1'
[15.844s] INFO:colcon.colcon_core.shell:Creating prefix script '/home/aarambh/my_robot_ws/install/local_setup.sh'
[15.848s] INFO:colcon.colcon_core.shell:Creating prefix util module '/home/aarambh/my_robot_ws/install/_local_setup_util_sh.py'
[15.851s] INFO:colcon.colcon_core.shell:Creating prefix chain script '/home/aarambh/my_robot_ws/install/setup.sh'
[15.859s] INFO:colcon.colcon_core.shell:Creating prefix script '/home/aarambh/my_robot_ws/install/local_setup.bash'
[15.861s] INFO:colcon.colcon_core.shell:Creating prefix chain script '/home/aarambh/my_robot_ws/install/setup.bash'
[15.869s] INFO:colcon.colcon_core.shell:Creating prefix script '/home/aarambh/my_robot_ws/install/local_setup.zsh'
[15.871s] INFO:colcon.colcon_core.shell:Creating prefix chain script '/home/aarambh/my_robot_ws/install/setup.zsh'
