[0.497s] DEBUG:colcon:Command line arguments: ['/usr/bin/colcon', 'build']
[0.497s] DEBUG:colcon:Parsed command line arguments: Namespace(log_base=None, log_level=None, verb_name='build', build_base='build', install_base='install', merge_install=False, symlink_install=False, test_result_base=None, continue_on_error=False, executor='parallel', parallel_workers=4, event_handlers=None, ignore_user_meta=False, metas=['./colcon.meta'], base_paths=['.'], packages_ignore=None, packages_ignore_regex=None, paths=None, packages_up_to=None, packages_up_to_regex=None, packages_above=None, packages_above_and_dependencies=None, packages_above_depth=None, packages_select_by_dep=None, packages_skip_by_dep=None, packages_skip_up_to=None, packages_select_build_failed=False, packages_skip_build_finished=False, packages_select_test_failures=False, packages_skip_test_passed=False, packages_select=None, packages_skip=None, packages_select_regex=None, packages_skip_regex=None, packages_start=None, packages_end=None, allow_overriding=[], cmake_args=None, cmake_target=None, cmake_target_skip_unavailable=False, cmake_clean_cache=False, cmake_clean_first=False, cmake_force_configure=False, ament_cmake_args=None, catkin_cmake_args=None, catkin_skip_building_tests=False, mixin_files=None, mixin=None, verb_parser=<colcon_mixin.mixin.mixin_argument.MixinArgumentDecorator object at 0xffffa8487ee0>, verb_extension=<colcon_core.verb.build.BuildVerb object at 0xffffa8664e80>, main=<bound method BuildVerb.main of <colcon_core.verb.build.BuildVerb object at 0xffffa8664e80>>, mixin_verb=('build',))
[1.373s] Level 1:colcon.colcon_core.package_discovery:discover_packages(colcon_meta) check parameters
[1.374s] Level 1:colcon.colcon_core.package_discovery:discover_packages(recursive) check parameters
[1.374s] Level 1:colcon.colcon_core.package_discovery:discover_packages(ignore) check parameters
[1.374s] Level 1:colcon.colcon_core.package_discovery:discover_packages(path) check parameters
[1.374s] Level 1:colcon.colcon_core.package_discovery:discover_packages(colcon_meta) discover
[1.374s] Level 1:colcon.colcon_core.package_discovery:discover_packages(recursive) discover
[1.375s] INFO:colcon.colcon_core.package_discovery:Crawling recursively for packages in '/home/aarambh/my_robot_ws'
[1.375s] Level 1:colcon.colcon_core.package_identification:_identify(.) by extensions ['ignore', 'ignore_ament_install']
[1.375s] Level 1:colcon.colcon_core.package_identification:_identify(.) by extension 'ignore'
[1.376s] Level 1:colcon.colcon_core.package_identification:_identify(.) by extension 'ignore_ament_install'
[1.376s] Level 1:colcon.colcon_core.package_identification:_identify(.) by extensions ['colcon_pkg']
[1.376s] Level 1:colcon.colcon_core.package_identification:_identify(.) by extension 'colcon_pkg'
[1.376s] Level 1:colcon.colcon_core.package_identification:_identify(.) by extensions ['colcon_meta']
[1.376s] Level 1:colcon.colcon_core.package_identification:_identify(.) by extension 'colcon_meta'
[1.376s] Level 1:colcon.colcon_core.package_identification:_identify(.) by extensions ['ros']
[1.377s] Level 1:colcon.colcon_core.package_identification:_identify(.) by extension 'ros'
[1.421s] Level 1:colcon.colcon_core.package_identification:_identify(.) by extensions ['cmake', 'python']
[1.421s] Level 1:colcon.colcon_core.package_identification:_identify(.) by extension 'cmake'
[1.421s] Level 1:colcon.colcon_core.package_identification:_identify(.) by extension 'python'
[1.421s] Level 1:colcon.colcon_core.package_identification:_identify(.) by extensions ['python_setup_py']
[1.421s] Level 1:colcon.colcon_core.package_identification:_identify(.) by extension 'python_setup_py'
[1.422s] Level 1:colcon.colcon_core.package_identification:_identify(build) by extensions ['ignore', 'ignore_ament_install']
[1.423s] Level 1:colcon.colcon_core.package_identification:_identify(build) by extension 'ignore'
[1.423s] Level 1:colcon.colcon_core.package_identification:_identify(build) ignored
[1.424s] Level 1:colcon.colcon_core.package_identification:_identify(install) by extensions ['ignore', 'ignore_ament_install']
[1.424s] Level 1:colcon.colcon_core.package_identification:_identify(install) by extension 'ignore'
[1.425s] Level 1:colcon.colcon_core.package_identification:_identify(install) ignored
[1.425s] Level 1:colcon.colcon_core.package_identification:_identify(log) by extensions ['ignore', 'ignore_ament_install']
[1.425s] Level 1:colcon.colcon_core.package_identification:_identify(log) by extension 'ignore'
[1.425s] Level 1:colcon.colcon_core.package_identification:_identify(log) ignored
[1.426s] Level 1:colcon.colcon_core.package_identification:_identify(src) by extensions ['ignore', 'ignore_ament_install']
[1.426s] Level 1:colcon.colcon_core.package_identification:_identify(src) by extension 'ignore'
[1.426s] Level 1:colcon.colcon_core.package_identification:_identify(src) by extension 'ignore_ament_install'
[1.427s] Level 1:colcon.colcon_core.package_identification:_identify(src) by extensions ['colcon_pkg']
[1.427s] Level 1:colcon.colcon_core.package_identification:_identify(src) by extension 'colcon_pkg'
[1.427s] Level 1:colcon.colcon_core.package_identification:_identify(src) by extensions ['colcon_meta']
[1.427s] Level 1:colcon.colcon_core.package_identification:_identify(src) by extension 'colcon_meta'
[1.427s] Level 1:colcon.colcon_core.package_identification:_identify(src) by extensions ['ros']
[1.427s] Level 1:colcon.colcon_core.package_identification:_identify(src) by extension 'ros'
[1.428s] Level 1:colcon.colcon_core.package_identification:_identify(src) by extensions ['cmake', 'python']
[1.428s] Level 1:colcon.colcon_core.package_identification:_identify(src) by extension 'cmake'
[1.428s] Level 1:colcon.colcon_core.package_identification:_identify(src) by extension 'python'
[1.428s] Level 1:colcon.colcon_core.package_identification:_identify(src) by extensions ['python_setup_py']
[1.428s] Level 1:colcon.colcon_core.package_identification:_identify(src) by extension 'python_setup_py'
[1.429s] Level 1:colcon.colcon_core.package_identification:_identify(src/bumperbot_bringup) by extensions ['ignore', 'ignore_ament_install']
[1.429s] Level 1:colcon.colcon_core.package_identification:_identify(src/bumperbot_bringup) by extension 'ignore'
[1.429s] Level 1:colcon.colcon_core.package_identification:_identify(src/bumperbot_bringup) by extension 'ignore_ament_install'
[1.429s] Level 1:colcon.colcon_core.package_identification:_identify(src/bumperbot_bringup) by extensions ['colcon_pkg']
[1.429s] Level 1:colcon.colcon_core.package_identification:_identify(src/bumperbot_bringup) by extension 'colcon_pkg'
[1.430s] Level 1:colcon.colcon_core.package_identification:_identify(src/bumperbot_bringup) by extensions ['colcon_meta']
[1.430s] Level 1:colcon.colcon_core.package_identification:_identify(src/bumperbot_bringup) by extension 'colcon_meta'
[1.430s] Level 1:colcon.colcon_core.package_identification:_identify(src/bumperbot_bringup) by extensions ['ros']
[1.430s] Level 1:colcon.colcon_core.package_identification:_identify(src/bumperbot_bringup) by extension 'ros'
[1.438s] DEBUG:colcon.colcon_core.package_identification:Package 'src/bumperbot_bringup' with type 'ros.ament_cmake' and name 'bumperbot_bringup'
[1.439s] Level 1:colcon.colcon_core.package_identification:_identify(src/bumperbot_controller) by extensions ['ignore', 'ignore_ament_install']
[1.439s] Level 1:colcon.colcon_core.package_identification:_identify(src/bumperbot_controller) by extension 'ignore'
[1.440s] Level 1:colcon.colcon_core.package_identification:_identify(src/bumperbot_controller) by extension 'ignore_ament_install'
[1.440s] Level 1:colcon.colcon_core.package_identification:_identify(src/bumperbot_controller) by extensions ['colcon_pkg']
[1.440s] Level 1:colcon.colcon_core.package_identification:_identify(src/bumperbot_controller) by extension 'colcon_pkg'
[1.440s] Level 1:colcon.colcon_core.package_identification:_identify(src/bumperbot_controller) by extensions ['colcon_meta']
[1.440s] Level 1:colcon.colcon_core.package_identification:_identify(src/bumperbot_controller) by extension 'colcon_meta'
[1.441s] Level 1:colcon.colcon_core.package_identification:_identify(src/bumperbot_controller) by extensions ['ros']
[1.441s] Level 1:colcon.colcon_core.package_identification:_identify(src/bumperbot_controller) by extension 'ros'
[1.446s] DEBUG:colcon.colcon_core.package_identification:Package 'src/bumperbot_controller' with type 'ros.ament_cmake' and name 'bumperbot_controller'
[1.447s] Level 1:colcon.colcon_core.package_identification:_identify(src/bumperbot_cpp_examples) by extensions ['ignore', 'ignore_ament_install']
[1.447s] Level 1:colcon.colcon_core.package_identification:_identify(src/bumperbot_cpp_examples) by extension 'ignore'
[1.448s] Level 1:colcon.colcon_core.package_identification:_identify(src/bumperbot_cpp_examples) by extension 'ignore_ament_install'
[1.448s] Level 1:colcon.colcon_core.package_identification:_identify(src/bumperbot_cpp_examples) by extensions ['colcon_pkg']
[1.448s] Level 1:colcon.colcon_core.package_identification:_identify(src/bumperbot_cpp_examples) by extension 'colcon_pkg'
[1.448s] Level 1:colcon.colcon_core.package_identification:_identify(src/bumperbot_cpp_examples) by extensions ['colcon_meta']
[1.448s] Level 1:colcon.colcon_core.package_identification:_identify(src/bumperbot_cpp_examples) by extension 'colcon_meta'
[1.449s] Level 1:colcon.colcon_core.package_identification:_identify(src/bumperbot_cpp_examples) by extensions ['ros']
[1.449s] Level 1:colcon.colcon_core.package_identification:_identify(src/bumperbot_cpp_examples) by extension 'ros'
[1.454s] DEBUG:colcon.colcon_core.package_identification:Package 'src/bumperbot_cpp_examples' with type 'ros.ament_cmake' and name 'bumperbot_cpp_examples'
[1.454s] Level 1:colcon.colcon_core.package_identification:_identify(src/bumperbot_description) by extensions ['ignore', 'ignore_ament_install']
[1.455s] Level 1:colcon.colcon_core.package_identification:_identify(src/bumperbot_description) by extension 'ignore'
[1.455s] Level 1:colcon.colcon_core.package_identification:_identify(src/bumperbot_description) by extension 'ignore_ament_install'
[1.455s] Level 1:colcon.colcon_core.package_identification:_identify(src/bumperbot_description) by extensions ['colcon_pkg']
[1.455s] Level 1:colcon.colcon_core.package_identification:_identify(src/bumperbot_description) by extension 'colcon_pkg'
[1.455s] Level 1:colcon.colcon_core.package_identification:_identify(src/bumperbot_description) by extensions ['colcon_meta']
[1.455s] Level 1:colcon.colcon_core.package_identification:_identify(src/bumperbot_description) by extension 'colcon_meta'
[1.456s] Level 1:colcon.colcon_core.package_identification:_identify(src/bumperbot_description) by extensions ['ros']
[1.456s] Level 1:colcon.colcon_core.package_identification:_identify(src/bumperbot_description) by extension 'ros'
[1.470s] DEBUG:colcon.colcon_core.package_identification:Package 'src/bumperbot_description' with type 'ros.ament_cmake' and name 'bumperbot_description'
[1.470s] Level 1:colcon.colcon_core.package_identification:_identify(src/bumperbot_firmware) by extensions ['ignore', 'ignore_ament_install']
[1.471s] Level 1:colcon.colcon_core.package_identification:_identify(src/bumperbot_firmware) by extension 'ignore'
[1.471s] Level 1:colcon.colcon_core.package_identification:_identify(src/bumperbot_firmware) by extension 'ignore_ament_install'
[1.471s] Level 1:colcon.colcon_core.package_identification:_identify(src/bumperbot_firmware) by extensions ['colcon_pkg']
[1.471s] Level 1:colcon.colcon_core.package_identification:_identify(src/bumperbot_firmware) by extension 'colcon_pkg'
[1.471s] Level 1:colcon.colcon_core.package_identification:_identify(src/bumperbot_firmware) by extensions ['colcon_meta']
[1.472s] Level 1:colcon.colcon_core.package_identification:_identify(src/bumperbot_firmware) by extension 'colcon_meta'
[1.472s] Level 1:colcon.colcon_core.package_identification:_identify(src/bumperbot_firmware) by extensions ['ros']
[1.472s] Level 1:colcon.colcon_core.package_identification:_identify(src/bumperbot_firmware) by extension 'ros'
[1.476s] DEBUG:colcon.colcon_core.package_identification:Package 'src/bumperbot_firmware' with type 'ros.ament_cmake' and name 'bumperbot_firmware'
[1.477s] Level 1:colcon.colcon_core.package_identification:_identify(src/bumperbot_localization) by extensions ['ignore', 'ignore_ament_install']
[1.477s] Level 1:colcon.colcon_core.package_identification:_identify(src/bumperbot_localization) by extension 'ignore'
[1.477s] Level 1:colcon.colcon_core.package_identification:_identify(src/bumperbot_localization) by extension 'ignore_ament_install'
[1.477s] Level 1:colcon.colcon_core.package_identification:_identify(src/bumperbot_localization) by extensions ['colcon_pkg']
[1.478s] Level 1:colcon.colcon_core.package_identification:_identify(src/bumperbot_localization) by extension 'colcon_pkg'
[1.478s] Level 1:colcon.colcon_core.package_identification:_identify(src/bumperbot_localization) by extensions ['colcon_meta']
[1.478s] Level 1:colcon.colcon_core.package_identification:_identify(src/bumperbot_localization) by extension 'colcon_meta'
[1.478s] Level 1:colcon.colcon_core.package_identification:_identify(src/bumperbot_localization) by extensions ['ros']
[1.478s] Level 1:colcon.colcon_core.package_identification:_identify(src/bumperbot_localization) by extension 'ros'
[1.518s] DEBUG:colcon.colcon_core.package_identification:Package 'src/bumperbot_localization' with type 'ros.ament_cmake' and name 'bumperbot_localization'
[1.519s] Level 1:colcon.colcon_core.package_identification:_identify(src/bumperbot_mapping) by extensions ['ignore', 'ignore_ament_install']
[1.519s] Level 1:colcon.colcon_core.package_identification:_identify(src/bumperbot_mapping) by extension 'ignore'
[1.520s] Level 1:colcon.colcon_core.package_identification:_identify(src/bumperbot_mapping) by extension 'ignore_ament_install'
[1.520s] Level 1:colcon.colcon_core.package_identification:_identify(src/bumperbot_mapping) by extensions ['colcon_pkg']
[1.520s] Level 1:colcon.colcon_core.package_identification:_identify(src/bumperbot_mapping) by extension 'colcon_pkg'
[1.520s] Level 1:colcon.colcon_core.package_identification:_identify(src/bumperbot_mapping) by extensions ['colcon_meta']
[1.520s] Level 1:colcon.colcon_core.package_identification:_identify(src/bumperbot_mapping) by extension 'colcon_meta'
[1.521s] Level 1:colcon.colcon_core.package_identification:_identify(src/bumperbot_mapping) by extensions ['ros']
[1.521s] Level 1:colcon.colcon_core.package_identification:_identify(src/bumperbot_mapping) by extension 'ros'
[1.525s] DEBUG:colcon.colcon_core.package_identification:Package 'src/bumperbot_mapping' with type 'ros.ament_cmake' and name 'bumperbot_mapping'
[1.525s] Level 1:colcon.colcon_core.package_identification:_identify(src/bumperbot_motion) by extensions ['ignore', 'ignore_ament_install']
[1.526s] Level 1:colcon.colcon_core.package_identification:_identify(src/bumperbot_motion) by extension 'ignore'
[1.526s] Level 1:colcon.colcon_core.package_identification:_identify(src/bumperbot_motion) by extension 'ignore_ament_install'
[1.526s] Level 1:colcon.colcon_core.package_identification:_identify(src/bumperbot_motion) by extensions ['colcon_pkg']
[1.526s] Level 1:colcon.colcon_core.package_identification:_identify(src/bumperbot_motion) by extension 'colcon_pkg'
[1.526s] Level 1:colcon.colcon_core.package_identification:_identify(src/bumperbot_motion) by extensions ['colcon_meta']
[1.526s] Level 1:colcon.colcon_core.package_identification:_identify(src/bumperbot_motion) by extension 'colcon_meta'
[1.527s] Level 1:colcon.colcon_core.package_identification:_identify(src/bumperbot_motion) by extensions ['ros']
[1.527s] Level 1:colcon.colcon_core.package_identification:_identify(src/bumperbot_motion) by extension 'ros'
[1.532s] DEBUG:colcon.colcon_core.package_identification:Package 'src/bumperbot_motion' with type 'ros.ament_cmake' and name 'bumperbot_motion'
[1.532s] Level 1:colcon.colcon_core.package_identification:_identify(src/bumperbot_msgs) by extensions ['ignore', 'ignore_ament_install']
[1.533s] Level 1:colcon.colcon_core.package_identification:_identify(src/bumperbot_msgs) by extension 'ignore'
[1.533s] Level 1:colcon.colcon_core.package_identification:_identify(src/bumperbot_msgs) by extension 'ignore_ament_install'
[1.533s] Level 1:colcon.colcon_core.package_identification:_identify(src/bumperbot_msgs) by extensions ['colcon_pkg']
[1.533s] Level 1:colcon.colcon_core.package_identification:_identify(src/bumperbot_msgs) by extension 'colcon_pkg'
[1.533s] Level 1:colcon.colcon_core.package_identification:_identify(src/bumperbot_msgs) by extensions ['colcon_meta']
[1.534s] Level 1:colcon.colcon_core.package_identification:_identify(src/bumperbot_msgs) by extension 'colcon_meta'
[1.534s] Level 1:colcon.colcon_core.package_identification:_identify(src/bumperbot_msgs) by extensions ['ros']
[1.534s] Level 1:colcon.colcon_core.package_identification:_identify(src/bumperbot_msgs) by extension 'ros'
[1.536s] DEBUG:colcon.colcon_core.package_identification:Package 'src/bumperbot_msgs' with type 'ros.ament_cmake' and name 'bumperbot_msgs'
[1.537s] Level 1:colcon.colcon_core.package_identification:_identify(src/bumperbot_navigation) by extensions ['ignore', 'ignore_ament_install']
[1.537s] Level 1:colcon.colcon_core.package_identification:_identify(src/bumperbot_navigation) by extension 'ignore'
[1.537s] Level 1:colcon.colcon_core.package_identification:_identify(src/bumperbot_navigation) by extension 'ignore_ament_install'
[1.538s] Level 1:colcon.colcon_core.package_identification:_identify(src/bumperbot_navigation) by extensions ['colcon_pkg']
[1.538s] Level 1:colcon.colcon_core.package_identification:_identify(src/bumperbot_navigation) by extension 'colcon_pkg'
[1.538s] Level 1:colcon.colcon_core.package_identification:_identify(src/bumperbot_navigation) by extensions ['colcon_meta']
[1.538s] Level 1:colcon.colcon_core.package_identification:_identify(src/bumperbot_navigation) by extension 'colcon_meta'
[1.538s] Level 1:colcon.colcon_core.package_identification:_identify(src/bumperbot_navigation) by extensions ['ros']
[1.538s] Level 1:colcon.colcon_core.package_identification:_identify(src/bumperbot_navigation) by extension 'ros'
[1.541s] DEBUG:colcon.colcon_core.package_identification:Package 'src/bumperbot_navigation' with type 'ros.ament_cmake' and name 'bumperbot_navigation'
[1.542s] Level 1:colcon.colcon_core.package_identification:_identify(src/bumperbot_planning) by extensions ['ignore', 'ignore_ament_install']
[1.542s] Level 1:colcon.colcon_core.package_identification:_identify(src/bumperbot_planning) by extension 'ignore'
[1.542s] Level 1:colcon.colcon_core.package_identification:_identify(src/bumperbot_planning) by extension 'ignore_ament_install'
[1.542s] Level 1:colcon.colcon_core.package_identification:_identify(src/bumperbot_planning) by extensions ['colcon_pkg']
[1.542s] Level 1:colcon.colcon_core.package_identification:_identify(src/bumperbot_planning) by extension 'colcon_pkg'
[1.543s] Level 1:colcon.colcon_core.package_identification:_identify(src/bumperbot_planning) by extensions ['colcon_meta']
[1.543s] Level 1:colcon.colcon_core.package_identification:_identify(src/bumperbot_planning) by extension 'colcon_meta'
[1.543s] Level 1:colcon.colcon_core.package_identification:_identify(src/bumperbot_planning) by extensions ['ros']
[1.543s] Level 1:colcon.colcon_core.package_identification:_identify(src/bumperbot_planning) by extension 'ros'
[1.547s] DEBUG:colcon.colcon_core.package_identification:Package 'src/bumperbot_planning' with type 'ros.ament_cmake' and name 'bumperbot_planning'
[1.548s] Level 1:colcon.colcon_core.package_identification:_identify(src/bumperbot_py_examples) by extensions ['ignore', 'ignore_ament_install']
[1.548s] Level 1:colcon.colcon_core.package_identification:_identify(src/bumperbot_py_examples) by extension 'ignore'
[1.549s] Level 1:colcon.colcon_core.package_identification:_identify(src/bumperbot_py_examples) by extension 'ignore_ament_install'
[1.549s] Level 1:colcon.colcon_core.package_identification:_identify(src/bumperbot_py_examples) by extensions ['colcon_pkg']
[1.549s] Level 1:colcon.colcon_core.package_identification:_identify(src/bumperbot_py_examples) by extension 'colcon_pkg'
[1.549s] Level 1:colcon.colcon_core.package_identification:_identify(src/bumperbot_py_examples) by extensions ['colcon_meta']
[1.549s] Level 1:colcon.colcon_core.package_identification:_identify(src/bumperbot_py_examples) by extension 'colcon_meta'
[1.549s] Level 1:colcon.colcon_core.package_identification:_identify(src/bumperbot_py_examples) by extensions ['ros']
[1.550s] Level 1:colcon.colcon_core.package_identification:_identify(src/bumperbot_py_examples) by extension 'ros'
[1.553s] DEBUG:colcon.colcon_core.package_identification:Package 'src/bumperbot_py_examples' with type 'ros.ament_python' and name 'bumperbot_py_examples'
[1.554s] Level 1:colcon.colcon_core.package_identification:_identify(src/bumperbot_utils) by extensions ['ignore', 'ignore_ament_install']
[1.554s] Level 1:colcon.colcon_core.package_identification:_identify(src/bumperbot_utils) by extension 'ignore'
[1.555s] Level 1:colcon.colcon_core.package_identification:_identify(src/bumperbot_utils) by extension 'ignore_ament_install'
[1.555s] Level 1:colcon.colcon_core.package_identification:_identify(src/bumperbot_utils) by extensions ['colcon_pkg']
[1.555s] Level 1:colcon.colcon_core.package_identification:_identify(src/bumperbot_utils) by extension 'colcon_pkg'
[1.555s] Level 1:colcon.colcon_core.package_identification:_identify(src/bumperbot_utils) by extensions ['colcon_meta']
[1.555s] Level 1:colcon.colcon_core.package_identification:_identify(src/bumperbot_utils) by extension 'colcon_meta'
[1.555s] Level 1:colcon.colcon_core.package_identification:_identify(src/bumperbot_utils) by extensions ['ros']
[1.556s] Level 1:colcon.colcon_core.package_identification:_identify(src/bumperbot_utils) by extension 'ros'
[1.559s] DEBUG:colcon.colcon_core.package_identification:Package 'src/bumperbot_utils' with type 'ros.ament_cmake' and name 'bumperbot_utils'
[1.560s] Level 1:colcon.colcon_core.package_discovery:discover_packages(recursive) using defaults
[1.560s] Level 1:colcon.colcon_core.package_discovery:discover_packages(ignore) discover
[1.560s] Level 1:colcon.colcon_core.package_discovery:discover_packages(ignore) using defaults
[1.560s] Level 1:colcon.colcon_core.package_discovery:discover_packages(path) discover
[1.560s] Level 1:colcon.colcon_core.package_discovery:discover_packages(path) using defaults
[1.656s] Level 1:colcon.colcon_core.package_discovery:discover_packages(prefix_path) check parameters
[1.656s] Level 1:colcon.colcon_core.package_discovery:discover_packages(prefix_path) discover
[1.669s] DEBUG:colcon.colcon_installed_package_information.package_discovery:Found 13 installed packages in /home/aarambh/my_robot_ws/install
[1.682s] DEBUG:colcon.colcon_installed_package_information.package_discovery:Found 391 installed packages in /opt/ros/humble
[1.694s] Level 1:colcon.colcon_core.package_discovery:discover_packages(prefix_path) using defaults
[1.913s] Level 5:colcon.colcon_core.verb:set package 'bumperbot_controller' build argument 'cmake_args' from command line to 'None'
[1.913s] Level 5:colcon.colcon_core.verb:set package 'bumperbot_controller' build argument 'cmake_target' from command line to 'None'
[1.913s] Level 5:colcon.colcon_core.verb:set package 'bumperbot_controller' build argument 'cmake_target_skip_unavailable' from command line to 'False'
[1.914s] Level 5:colcon.colcon_core.verb:set package 'bumperbot_controller' build argument 'cmake_clean_cache' from command line to 'False'
[1.914s] Level 5:colcon.colcon_core.verb:set package 'bumperbot_controller' build argument 'cmake_clean_first' from command line to 'False'
[1.914s] Level 5:colcon.colcon_core.verb:set package 'bumperbot_controller' build argument 'cmake_force_configure' from command line to 'False'
[1.914s] Level 5:colcon.colcon_core.verb:set package 'bumperbot_controller' build argument 'ament_cmake_args' from command line to 'None'
[1.914s] Level 5:colcon.colcon_core.verb:set package 'bumperbot_controller' build argument 'catkin_cmake_args' from command line to 'None'
[1.914s] Level 5:colcon.colcon_core.verb:set package 'bumperbot_controller' build argument 'catkin_skip_building_tests' from command line to 'False'
[1.914s] DEBUG:colcon.colcon_core.verb:Building package 'bumperbot_controller' with the following arguments: {'ament_cmake_args': None, 'build_base': '/home/aarambh/my_robot_ws/build/bumperbot_controller', 'catkin_cmake_args': None, 'catkin_skip_building_tests': False, 'cmake_args': None, 'cmake_clean_cache': False, 'cmake_clean_first': False, 'cmake_force_configure': False, 'cmake_target': None, 'cmake_target_skip_unavailable': False, 'install_base': '/home/aarambh/my_robot_ws/install/bumperbot_controller', 'merge_install': False, 'path': '/home/aarambh/my_robot_ws/src/bumperbot_controller', 'symlink_install': False, 'test_result_base': None}
[1.916s] Level 5:colcon.colcon_core.verb:set package 'bumperbot_description' build argument 'cmake_args' from command line to 'None'
[1.916s] Level 5:colcon.colcon_core.verb:set package 'bumperbot_description' build argument 'cmake_target' from command line to 'None'
[1.916s] Level 5:colcon.colcon_core.verb:set package 'bumperbot_description' build argument 'cmake_target_skip_unavailable' from command line to 'False'
[1.916s] Level 5:colcon.colcon_core.verb:set package 'bumperbot_description' build argument 'cmake_clean_cache' from command line to 'False'
[1.916s] Level 5:colcon.colcon_core.verb:set package 'bumperbot_description' build argument 'cmake_clean_first' from command line to 'False'
[1.916s] Level 5:colcon.colcon_core.verb:set package 'bumperbot_description' build argument 'cmake_force_configure' from command line to 'False'
[1.916s] Level 5:colcon.colcon_core.verb:set package 'bumperbot_description' build argument 'ament_cmake_args' from command line to 'None'
[1.917s] Level 5:colcon.colcon_core.verb:set package 'bumperbot_description' build argument 'catkin_cmake_args' from command line to 'None'
[1.917s] Level 5:colcon.colcon_core.verb:set package 'bumperbot_description' build argument 'catkin_skip_building_tests' from command line to 'False'
[1.917s] DEBUG:colcon.colcon_core.verb:Building package 'bumperbot_description' with the following arguments: {'ament_cmake_args': None, 'build_base': '/home/aarambh/my_robot_ws/build/bumperbot_description', 'catkin_cmake_args': None, 'catkin_skip_building_tests': False, 'cmake_args': None, 'cmake_clean_cache': False, 'cmake_clean_first': False, 'cmake_force_configure': False, 'cmake_target': None, 'cmake_target_skip_unavailable': False, 'install_base': '/home/aarambh/my_robot_ws/install/bumperbot_description', 'merge_install': False, 'path': '/home/aarambh/my_robot_ws/src/bumperbot_description', 'symlink_install': False, 'test_result_base': None}
[1.918s] Level 5:colcon.colcon_core.verb:set package 'bumperbot_firmware' build argument 'cmake_args' from command line to 'None'
[1.918s] Level 5:colcon.colcon_core.verb:set package 'bumperbot_firmware' build argument 'cmake_target' from command line to 'None'
[1.918s] Level 5:colcon.colcon_core.verb:set package 'bumperbot_firmware' build argument 'cmake_target_skip_unavailable' from command line to 'False'
[1.919s] Level 5:colcon.colcon_core.verb:set package 'bumperbot_firmware' build argument 'cmake_clean_cache' from command line to 'False'
[1.919s] Level 5:colcon.colcon_core.verb:set package 'bumperbot_firmware' build argument 'cmake_clean_first' from command line to 'False'
[1.919s] Level 5:colcon.colcon_core.verb:set package 'bumperbot_firmware' build argument 'cmake_force_configure' from command line to 'False'
[1.919s] Level 5:colcon.colcon_core.verb:set package 'bumperbot_firmware' build argument 'ament_cmake_args' from command line to 'None'
[1.919s] Level 5:colcon.colcon_core.verb:set package 'bumperbot_firmware' build argument 'catkin_cmake_args' from command line to 'None'
[1.919s] Level 5:colcon.colcon_core.verb:set package 'bumperbot_firmware' build argument 'catkin_skip_building_tests' from command line to 'False'
[1.919s] DEBUG:colcon.colcon_core.verb:Building package 'bumperbot_firmware' with the following arguments: {'ament_cmake_args': None, 'build_base': '/home/aarambh/my_robot_ws/build/bumperbot_firmware', 'catkin_cmake_args': None, 'catkin_skip_building_tests': False, 'cmake_args': None, 'cmake_clean_cache': False, 'cmake_clean_first': False, 'cmake_force_configure': False, 'cmake_target': None, 'cmake_target_skip_unavailable': False, 'install_base': '/home/aarambh/my_robot_ws/install/bumperbot_firmware', 'merge_install': False, 'path': '/home/aarambh/my_robot_ws/src/bumperbot_firmware', 'symlink_install': False, 'test_result_base': None}
[1.921s] Level 5:colcon.colcon_core.verb:set package 'bumperbot_localization' build argument 'cmake_args' from command line to 'None'
[1.921s] Level 5:colcon.colcon_core.verb:set package 'bumperbot_localization' build argument 'cmake_target' from command line to 'None'
[1.921s] Level 5:colcon.colcon_core.verb:set package 'bumperbot_localization' build argument 'cmake_target_skip_unavailable' from command line to 'False'
[1.921s] Level 5:colcon.colcon_core.verb:set package 'bumperbot_localization' build argument 'cmake_clean_cache' from command line to 'False'
[1.921s] Level 5:colcon.colcon_core.verb:set package 'bumperbot_localization' build argument 'cmake_clean_first' from command line to 'False'
[1.921s] Level 5:colcon.colcon_core.verb:set package 'bumperbot_localization' build argument 'cmake_force_configure' from command line to 'False'
[1.921s] Level 5:colcon.colcon_core.verb:set package 'bumperbot_localization' build argument 'ament_cmake_args' from command line to 'None'
[1.921s] Level 5:colcon.colcon_core.verb:set package 'bumperbot_localization' build argument 'catkin_cmake_args' from command line to 'None'
[1.921s] Level 5:colcon.colcon_core.verb:set package 'bumperbot_localization' build argument 'catkin_skip_building_tests' from command line to 'False'
[1.922s] DEBUG:colcon.colcon_core.verb:Building package 'bumperbot_localization' with the following arguments: {'ament_cmake_args': None, 'build_base': '/home/aarambh/my_robot_ws/build/bumperbot_localization', 'catkin_cmake_args': None, 'catkin_skip_building_tests': False, 'cmake_args': None, 'cmake_clean_cache': False, 'cmake_clean_first': False, 'cmake_force_configure': False, 'cmake_target': None, 'cmake_target_skip_unavailable': False, 'install_base': '/home/aarambh/my_robot_ws/install/bumperbot_localization', 'merge_install': False, 'path': '/home/aarambh/my_robot_ws/src/bumperbot_localization', 'symlink_install': False, 'test_result_base': None}
[1.923s] Level 5:colcon.colcon_core.verb:set package 'bumperbot_mapping' build argument 'cmake_args' from command line to 'None'
[1.923s] Level 5:colcon.colcon_core.verb:set package 'bumperbot_mapping' build argument 'cmake_target' from command line to 'None'
[1.923s] Level 5:colcon.colcon_core.verb:set package 'bumperbot_mapping' build argument 'cmake_target_skip_unavailable' from command line to 'False'
[1.923s] Level 5:colcon.colcon_core.verb:set package 'bumperbot_mapping' build argument 'cmake_clean_cache' from command line to 'False'
[1.923s] Level 5:colcon.colcon_core.verb:set package 'bumperbot_mapping' build argument 'cmake_clean_first' from command line to 'False'
[1.923s] Level 5:colcon.colcon_core.verb:set package 'bumperbot_mapping' build argument 'cmake_force_configure' from command line to 'False'
[1.924s] Level 5:colcon.colcon_core.verb:set package 'bumperbot_mapping' build argument 'ament_cmake_args' from command line to 'None'
[1.924s] Level 5:colcon.colcon_core.verb:set package 'bumperbot_mapping' build argument 'catkin_cmake_args' from command line to 'None'
[1.924s] Level 5:colcon.colcon_core.verb:set package 'bumperbot_mapping' build argument 'catkin_skip_building_tests' from command line to 'False'
[1.924s] DEBUG:colcon.colcon_core.verb:Building package 'bumperbot_mapping' with the following arguments: {'ament_cmake_args': None, 'build_base': '/home/aarambh/my_robot_ws/build/bumperbot_mapping', 'catkin_cmake_args': None, 'catkin_skip_building_tests': False, 'cmake_args': None, 'cmake_clean_cache': False, 'cmake_clean_first': False, 'cmake_force_configure': False, 'cmake_target': None, 'cmake_target_skip_unavailable': False, 'install_base': '/home/aarambh/my_robot_ws/install/bumperbot_mapping', 'merge_install': False, 'path': '/home/aarambh/my_robot_ws/src/bumperbot_mapping', 'symlink_install': False, 'test_result_base': None}
[1.925s] Level 5:colcon.colcon_core.verb:set package 'bumperbot_motion' build argument 'cmake_args' from command line to 'None'
[1.925s] Level 5:colcon.colcon_core.verb:set package 'bumperbot_motion' build argument 'cmake_target' from command line to 'None'
[1.926s] Level 5:colcon.colcon_core.verb:set package 'bumperbot_motion' build argument 'cmake_target_skip_unavailable' from command line to 'False'
[1.926s] Level 5:colcon.colcon_core.verb:set package 'bumperbot_motion' build argument 'cmake_clean_cache' from command line to 'False'
[1.926s] Level 5:colcon.colcon_core.verb:set package 'bumperbot_motion' build argument 'cmake_clean_first' from command line to 'False'
[1.926s] Level 5:colcon.colcon_core.verb:set package 'bumperbot_motion' build argument 'cmake_force_configure' from command line to 'False'
[1.926s] Level 5:colcon.colcon_core.verb:set package 'bumperbot_motion' build argument 'ament_cmake_args' from command line to 'None'
[1.926s] Level 5:colcon.colcon_core.verb:set package 'bumperbot_motion' build argument 'catkin_cmake_args' from command line to 'None'
[1.926s] Level 5:colcon.colcon_core.verb:set package 'bumperbot_motion' build argument 'catkin_skip_building_tests' from command line to 'False'
[1.926s] DEBUG:colcon.colcon_core.verb:Building package 'bumperbot_motion' with the following arguments: {'ament_cmake_args': None, 'build_base': '/home/aarambh/my_robot_ws/build/bumperbot_motion', 'catkin_cmake_args': None, 'catkin_skip_building_tests': False, 'cmake_args': None, 'cmake_clean_cache': False, 'cmake_clean_first': False, 'cmake_force_configure': False, 'cmake_target': None, 'cmake_target_skip_unavailable': False, 'install_base': '/home/aarambh/my_robot_ws/install/bumperbot_motion', 'merge_install': False, 'path': '/home/aarambh/my_robot_ws/src/bumperbot_motion', 'symlink_install': False, 'test_result_base': None}
[1.928s] Level 5:colcon.colcon_core.verb:set package 'bumperbot_msgs' build argument 'cmake_args' from command line to 'None'
[1.928s] Level 5:colcon.colcon_core.verb:set package 'bumperbot_msgs' build argument 'cmake_target' from command line to 'None'
[1.928s] Level 5:colcon.colcon_core.verb:set package 'bumperbot_msgs' build argument 'cmake_target_skip_unavailable' from command line to 'False'
[1.928s] Level 5:colcon.colcon_core.verb:set package 'bumperbot_msgs' build argument 'cmake_clean_cache' from command line to 'False'
[1.928s] Level 5:colcon.colcon_core.verb:set package 'bumperbot_msgs' build argument 'cmake_clean_first' from command line to 'False'
[1.928s] Level 5:colcon.colcon_core.verb:set package 'bumperbot_msgs' build argument 'cmake_force_configure' from command line to 'False'
[1.928s] Level 5:colcon.colcon_core.verb:set package 'bumperbot_msgs' build argument 'ament_cmake_args' from command line to 'None'
[1.928s] Level 5:colcon.colcon_core.verb:set package 'bumperbot_msgs' build argument 'catkin_cmake_args' from command line to 'None'
[1.929s] Level 5:colcon.colcon_core.verb:set package 'bumperbot_msgs' build argument 'catkin_skip_building_tests' from command line to 'False'
[1.929s] DEBUG:colcon.colcon_core.verb:Building package 'bumperbot_msgs' with the following arguments: {'ament_cmake_args': None, 'build_base': '/home/aarambh/my_robot_ws/build/bumperbot_msgs', 'catkin_cmake_args': None, 'catkin_skip_building_tests': False, 'cmake_args': None, 'cmake_clean_cache': False, 'cmake_clean_first': False, 'cmake_force_configure': False, 'cmake_target': None, 'cmake_target_skip_unavailable': False, 'install_base': '/home/aarambh/my_robot_ws/install/bumperbot_msgs', 'merge_install': False, 'path': '/home/aarambh/my_robot_ws/src/bumperbot_msgs', 'symlink_install': False, 'test_result_base': None}
[1.930s] Level 5:colcon.colcon_core.verb:set package 'bumperbot_planning' build argument 'cmake_args' from command line to 'None'
[1.930s] Level 5:colcon.colcon_core.verb:set package 'bumperbot_planning' build argument 'cmake_target' from command line to 'None'
[1.930s] Level 5:colcon.colcon_core.verb:set package 'bumperbot_planning' build argument 'cmake_target_skip_unavailable' from command line to 'False'
[1.930s] Level 5:colcon.colcon_core.verb:set package 'bumperbot_planning' build argument 'cmake_clean_cache' from command line to 'False'
[1.931s] Level 5:colcon.colcon_core.verb:set package 'bumperbot_planning' build argument 'cmake_clean_first' from command line to 'False'
[1.931s] Level 5:colcon.colcon_core.verb:set package 'bumperbot_planning' build argument 'cmake_force_configure' from command line to 'False'
[1.931s] Level 5:colcon.colcon_core.verb:set package 'bumperbot_planning' build argument 'ament_cmake_args' from command line to 'None'
[1.931s] Level 5:colcon.colcon_core.verb:set package 'bumperbot_planning' build argument 'catkin_cmake_args' from command line to 'None'
[1.931s] Level 5:colcon.colcon_core.verb:set package 'bumperbot_planning' build argument 'catkin_skip_building_tests' from command line to 'False'
[1.931s] DEBUG:colcon.colcon_core.verb:Building package 'bumperbot_planning' with the following arguments: {'ament_cmake_args': None, 'build_base': '/home/aarambh/my_robot_ws/build/bumperbot_planning', 'catkin_cmake_args': None, 'catkin_skip_building_tests': False, 'cmake_args': None, 'cmake_clean_cache': False, 'cmake_clean_first': False, 'cmake_force_configure': False, 'cmake_target': None, 'cmake_target_skip_unavailable': False, 'install_base': '/home/aarambh/my_robot_ws/install/bumperbot_planning', 'merge_install': False, 'path': '/home/aarambh/my_robot_ws/src/bumperbot_planning', 'symlink_install': False, 'test_result_base': None}
[1.932s] Level 5:colcon.colcon_core.verb:set package 'bumperbot_utils' build argument 'cmake_args' from command line to 'None'
[1.933s] Level 5:colcon.colcon_core.verb:set package 'bumperbot_utils' build argument 'cmake_target' from command line to 'None'
[1.933s] Level 5:colcon.colcon_core.verb:set package 'bumperbot_utils' build argument 'cmake_target_skip_unavailable' from command line to 'False'
[1.933s] Level 5:colcon.colcon_core.verb:set package 'bumperbot_utils' build argument 'cmake_clean_cache' from command line to 'False'
[1.933s] Level 5:colcon.colcon_core.verb:set package 'bumperbot_utils' build argument 'cmake_clean_first' from command line to 'False'
[1.933s] Level 5:colcon.colcon_core.verb:set package 'bumperbot_utils' build argument 'cmake_force_configure' from command line to 'False'
[1.933s] Level 5:colcon.colcon_core.verb:set package 'bumperbot_utils' build argument 'ament_cmake_args' from command line to 'None'
[1.933s] Level 5:colcon.colcon_core.verb:set package 'bumperbot_utils' build argument 'catkin_cmake_args' from command line to 'None'
[1.933s] Level 5:colcon.colcon_core.verb:set package 'bumperbot_utils' build argument 'catkin_skip_building_tests' from command line to 'False'
[1.933s] DEBUG:colcon.colcon_core.verb:Building package 'bumperbot_utils' with the following arguments: {'ament_cmake_args': None, 'build_base': '/home/aarambh/my_robot_ws/build/bumperbot_utils', 'catkin_cmake_args': None, 'catkin_skip_building_tests': False, 'cmake_args': None, 'cmake_clean_cache': False, 'cmake_clean_first': False, 'cmake_force_configure': False, 'cmake_target': None, 'cmake_target_skip_unavailable': False, 'install_base': '/home/aarambh/my_robot_ws/install/bumperbot_utils', 'merge_install': False, 'path': '/home/aarambh/my_robot_ws/src/bumperbot_utils', 'symlink_install': False, 'test_result_base': None}
[1.935s] Level 5:colcon.colcon_core.verb:set package 'bumperbot_bringup' build argument 'cmake_args' from command line to 'None'
[1.935s] Level 5:colcon.colcon_core.verb:set package 'bumperbot_bringup' build argument 'cmake_target' from command line to 'None'
[1.935s] Level 5:colcon.colcon_core.verb:set package 'bumperbot_bringup' build argument 'cmake_target_skip_unavailable' from command line to 'False'
[1.935s] Level 5:colcon.colcon_core.verb:set package 'bumperbot_bringup' build argument 'cmake_clean_cache' from command line to 'False'
[1.935s] Level 5:colcon.colcon_core.verb:set package 'bumperbot_bringup' build argument 'cmake_clean_first' from command line to 'False'
[1.935s] Level 5:colcon.colcon_core.verb:set package 'bumperbot_bringup' build argument 'cmake_force_configure' from command line to 'False'
[1.935s] Level 5:colcon.colcon_core.verb:set package 'bumperbot_bringup' build argument 'ament_cmake_args' from command line to 'None'
[1.935s] Level 5:colcon.colcon_core.verb:set package 'bumperbot_bringup' build argument 'catkin_cmake_args' from command line to 'None'
[1.936s] Level 5:colcon.colcon_core.verb:set package 'bumperbot_bringup' build argument 'catkin_skip_building_tests' from command line to 'False'
[1.936s] DEBUG:colcon.colcon_core.verb:Building package 'bumperbot_bringup' with the following arguments: {'ament_cmake_args': None, 'build_base': '/home/aarambh/my_robot_ws/build/bumperbot_bringup', 'catkin_cmake_args': None, 'catkin_skip_building_tests': False, 'cmake_args': None, 'cmake_clean_cache': False, 'cmake_clean_first': False, 'cmake_force_configure': False, 'cmake_target': None, 'cmake_target_skip_unavailable': False, 'install_base': '/home/aarambh/my_robot_ws/install/bumperbot_bringup', 'merge_install': False, 'path': '/home/aarambh/my_robot_ws/src/bumperbot_bringup', 'symlink_install': False, 'test_result_base': None}
[1.937s] Level 5:colcon.colcon_core.verb:set package 'bumperbot_cpp_examples' build argument 'cmake_args' from command line to 'None'
[1.937s] Level 5:colcon.colcon_core.verb:set package 'bumperbot_cpp_examples' build argument 'cmake_target' from command line to 'None'
[1.937s] Level 5:colcon.colcon_core.verb:set package 'bumperbot_cpp_examples' build argument 'cmake_target_skip_unavailable' from command line to 'False'
[1.937s] Level 5:colcon.colcon_core.verb:set package 'bumperbot_cpp_examples' build argument 'cmake_clean_cache' from command line to 'False'
[1.938s] Level 5:colcon.colcon_core.verb:set package 'bumperbot_cpp_examples' build argument 'cmake_clean_first' from command line to 'False'
[1.938s] Level 5:colcon.colcon_core.verb:set package 'bumperbot_cpp_examples' build argument 'cmake_force_configure' from command line to 'False'
[1.938s] Level 5:colcon.colcon_core.verb:set package 'bumperbot_cpp_examples' build argument 'ament_cmake_args' from command line to 'None'
[1.938s] Level 5:colcon.colcon_core.verb:set package 'bumperbot_cpp_examples' build argument 'catkin_cmake_args' from command line to 'None'
[1.938s] Level 5:colcon.colcon_core.verb:set package 'bumperbot_cpp_examples' build argument 'catkin_skip_building_tests' from command line to 'False'
[1.938s] DEBUG:colcon.colcon_core.verb:Building package 'bumperbot_cpp_examples' with the following arguments: {'ament_cmake_args': None, 'build_base': '/home/aarambh/my_robot_ws/build/bumperbot_cpp_examples', 'catkin_cmake_args': None, 'catkin_skip_building_tests': False, 'cmake_args': None, 'cmake_clean_cache': False, 'cmake_clean_first': False, 'cmake_force_configure': False, 'cmake_target': None, 'cmake_target_skip_unavailable': False, 'install_base': '/home/aarambh/my_robot_ws/install/bumperbot_cpp_examples', 'merge_install': False, 'path': '/home/aarambh/my_robot_ws/src/bumperbot_cpp_examples', 'symlink_install': False, 'test_result_base': None}
[1.939s] Level 5:colcon.colcon_core.verb:set package 'bumperbot_navigation' build argument 'cmake_args' from command line to 'None'
[1.940s] Level 5:colcon.colcon_core.verb:set package 'bumperbot_navigation' build argument 'cmake_target' from command line to 'None'
[1.940s] Level 5:colcon.colcon_core.verb:set package 'bumperbot_navigation' build argument 'cmake_target_skip_unavailable' from command line to 'False'
[1.940s] Level 5:colcon.colcon_core.verb:set package 'bumperbot_navigation' build argument 'cmake_clean_cache' from command line to 'False'
[1.940s] Level 5:colcon.colcon_core.verb:set package 'bumperbot_navigation' build argument 'cmake_clean_first' from command line to 'False'
[1.940s] Level 5:colcon.colcon_core.verb:set package 'bumperbot_navigation' build argument 'cmake_force_configure' from command line to 'False'
[1.940s] Level 5:colcon.colcon_core.verb:set package 'bumperbot_navigation' build argument 'ament_cmake_args' from command line to 'None'
[1.940s] Level 5:colcon.colcon_core.verb:set package 'bumperbot_navigation' build argument 'catkin_cmake_args' from command line to 'None'
[1.940s] Level 5:colcon.colcon_core.verb:set package 'bumperbot_navigation' build argument 'catkin_skip_building_tests' from command line to 'False'
[1.940s] DEBUG:colcon.colcon_core.verb:Building package 'bumperbot_navigation' with the following arguments: {'ament_cmake_args': None, 'build_base': '/home/aarambh/my_robot_ws/build/bumperbot_navigation', 'catkin_cmake_args': None, 'catkin_skip_building_tests': False, 'cmake_args': None, 'cmake_clean_cache': False, 'cmake_clean_first': False, 'cmake_force_configure': False, 'cmake_target': None, 'cmake_target_skip_unavailable': False, 'install_base': '/home/aarambh/my_robot_ws/install/bumperbot_navigation', 'merge_install': False, 'path': '/home/aarambh/my_robot_ws/src/bumperbot_navigation', 'symlink_install': False, 'test_result_base': None}
[1.942s] Level 5:colcon.colcon_core.verb:set package 'bumperbot_py_examples' build argument 'cmake_args' from command line to 'None'
[1.942s] Level 5:colcon.colcon_core.verb:set package 'bumperbot_py_examples' build argument 'cmake_target' from command line to 'None'
[1.942s] Level 5:colcon.colcon_core.verb:set package 'bumperbot_py_examples' build argument 'cmake_target_skip_unavailable' from command line to 'False'
[1.942s] Level 5:colcon.colcon_core.verb:set package 'bumperbot_py_examples' build argument 'cmake_clean_cache' from command line to 'False'
[1.942s] Level 5:colcon.colcon_core.verb:set package 'bumperbot_py_examples' build argument 'cmake_clean_first' from command line to 'False'
[1.942s] Level 5:colcon.colcon_core.verb:set package 'bumperbot_py_examples' build argument 'cmake_force_configure' from command line to 'False'
[1.942s] Level 5:colcon.colcon_core.verb:set package 'bumperbot_py_examples' build argument 'ament_cmake_args' from command line to 'None'
[1.943s] Level 5:colcon.colcon_core.verb:set package 'bumperbot_py_examples' build argument 'catkin_cmake_args' from command line to 'None'
[1.943s] Level 5:colcon.colcon_core.verb:set package 'bumperbot_py_examples' build argument 'catkin_skip_building_tests' from command line to 'False'
[1.943s] DEBUG:colcon.colcon_core.verb:Building package 'bumperbot_py_examples' with the following arguments: {'ament_cmake_args': None, 'build_base': '/home/aarambh/my_robot_ws/build/bumperbot_py_examples', 'catkin_cmake_args': None, 'catkin_skip_building_tests': False, 'cmake_args': None, 'cmake_clean_cache': False, 'cmake_clean_first': False, 'cmake_force_configure': False, 'cmake_target': None, 'cmake_target_skip_unavailable': False, 'install_base': '/home/aarambh/my_robot_ws/install/bumperbot_py_examples', 'merge_install': False, 'path': '/home/aarambh/my_robot_ws/src/bumperbot_py_examples', 'symlink_install': False, 'test_result_base': None}
[1.943s] INFO:colcon.colcon_core.executor:Executing jobs using 'parallel' executor
[1.946s] DEBUG:colcon.colcon_parallel_executor.executor.parallel:run_until_complete
[1.947s] INFO:colcon.colcon_ros.task.ament_cmake.build:Building ROS package in '/home/aarambh/my_robot_ws/src/bumperbot_msgs' with build type 'ament_cmake'
[1.948s] INFO:colcon.colcon_cmake.task.cmake.build:Building CMake package in '/home/aarambh/my_robot_ws/src/bumperbot_msgs'
[1.960s] INFO:colcon.colcon_core.plugin_system:Skipping extension 'colcon_core.shell.bat': Not used on non-Windows systems
[1.961s] INFO:colcon.colcon_core.shell:Skip shell extension 'powershell' for command environment: Not usable outside of PowerShell
[1.961s] DEBUG:colcon.colcon_core.shell:Skip shell extension 'dsv' for command environment
[1.989s] INFO:colcon.colcon_ros.task.ament_cmake.build:Building ROS package in '/home/aarambh/my_robot_ws/src/bumperbot_controller' with build type 'ament_cmake'
[1.989s] INFO:colcon.colcon_cmake.task.cmake.build:Building CMake package in '/home/aarambh/my_robot_ws/src/bumperbot_controller'
[1.991s] INFO:colcon.colcon_core.shell:Skip shell extension 'powershell' for command environment: Not usable outside of PowerShell
[1.991s] DEBUG:colcon.colcon_core.shell:Skip shell extension 'dsv' for command environment
[2.019s] INFO:colcon.colcon_ros.task.ament_cmake.build:Building ROS package in '/home/aarambh/my_robot_ws/src/bumperbot_description' with build type 'ament_cmake'
[2.020s] INFO:colcon.colcon_cmake.task.cmake.build:Building CMake package in '/home/aarambh/my_robot_ws/src/bumperbot_description'
[2.021s] INFO:colcon.colcon_core.shell:Skip shell extension 'powershell' for command environment: Not usable outside of PowerShell
[2.021s] DEBUG:colcon.colcon_core.shell:Skip shell extension 'dsv' for command environment
[2.050s] INFO:colcon.colcon_ros.task.ament_cmake.build:Building ROS package in '/home/aarambh/my_robot_ws/src/bumperbot_firmware' with build type 'ament_cmake'
[2.050s] INFO:colcon.colcon_cmake.task.cmake.build:Building CMake package in '/home/aarambh/my_robot_ws/src/bumperbot_firmware'
[2.051s] INFO:colcon.colcon_core.shell:Skip shell extension 'powershell' for command environment: Not usable outside of PowerShell
[2.052s] DEBUG:colcon.colcon_core.shell:Skip shell extension 'dsv' for command environment
[2.097s] DEBUG:colcon.colcon_core.event_handler.log_command:Invoking command in '/home/aarambh/my_robot_ws/build/bumperbot_msgs': CMAKE_PREFIX_PATH=${CMAKE_PREFIX_PATH}:/home/aarambh/my_robot_ws/install/bumperbot_py_examples:/opt/ros/humble /usr/bin/cmake --build /home/aarambh/my_robot_ws/build/bumperbot_msgs -- -j4 -l4
[2.123s] DEBUG:colcon.colcon_core.event_handler.log_command:Invoking command in '/home/aarambh/my_robot_ws/build/bumperbot_controller': CMAKE_PREFIX_PATH=${CMAKE_PREFIX_PATH}:/home/aarambh/my_robot_ws/install/bumperbot_py_examples:/opt/ros/humble /usr/bin/cmake --build /home/aarambh/my_robot_ws/build/bumperbot_controller -- -j4 -l4
[2.139s] DEBUG:colcon.colcon_core.event_handler.log_command:Invoking command in '/home/aarambh/my_robot_ws/build/bumperbot_description': CMAKE_PREFIX_PATH=${CMAKE_PREFIX_PATH}:/home/aarambh/my_robot_ws/install/bumperbot_py_examples:/opt/ros/humble /usr/bin/cmake --build /home/aarambh/my_robot_ws/build/bumperbot_description -- -j4 -l4
[2.176s] DEBUG:colcon.colcon_core.event_handler.log_command:Invoking command in '/home/aarambh/my_robot_ws/build/bumperbot_firmware': CMAKE_PREFIX_PATH=${CMAKE_PREFIX_PATH}:/home/aarambh/my_robot_ws/install/bumperbot_py_examples:/opt/ros/humble /usr/bin/cmake --build /home/aarambh/my_robot_ws/build/bumperbot_firmware -- -j4 -l4
[2.432s] DEBUG:colcon.colcon_core.event_handler.log_command:Invoked command in '/home/aarambh/my_robot_ws/build/bumperbot_description' returned '0': CMAKE_PREFIX_PATH=${CMAKE_PREFIX_PATH}:/home/aarambh/my_robot_ws/install/bumperbot_py_examples:/opt/ros/humble /usr/bin/cmake --build /home/aarambh/my_robot_ws/build/bumperbot_description -- -j4 -l4
[2.605s] DEBUG:colcon.colcon_core.event_handler.log_command:Invoking command in '/home/aarambh/my_robot_ws/build/bumperbot_description': CMAKE_PREFIX_PATH=${CMAKE_PREFIX_PATH}:/home/aarambh/my_robot_ws/install/bumperbot_py_examples:/opt/ros/humble /usr/bin/cmake --install /home/aarambh/my_robot_ws/build/bumperbot_description
[3.583s] Level 1:colcon.colcon_core.environment:create_environment_scripts_only(bumperbot_description)
[3.633s] Level 1:colcon.colcon_core.environment:checking '/home/aarambh/my_robot_ws/install/bumperbot_description' for CMake module files
[3.637s] Level 1:colcon.colcon_core.environment:checking '/home/aarambh/my_robot_ws/install/bumperbot_description' for CMake config files
[3.797s] Level 1:colcon.colcon_core.shell:create_environment_hook('bumperbot_description', 'cmake_prefix_path')
[3.799s] INFO:colcon.colcon_core.shell:Creating environment hook '/home/aarambh/my_robot_ws/install/bumperbot_description/share/bumperbot_description/hook/cmake_prefix_path.ps1'
[3.812s] INFO:colcon.colcon_core.shell:Creating environment descriptor '/home/aarambh/my_robot_ws/install/bumperbot_description/share/bumperbot_description/hook/cmake_prefix_path.dsv'
[3.815s] INFO:colcon.colcon_core.shell:Creating environment hook '/home/aarambh/my_robot_ws/install/bumperbot_description/share/bumperbot_description/hook/cmake_prefix_path.sh'
[3.834s] Level 1:colcon.colcon_core.environment:checking '/home/aarambh/my_robot_ws/install/bumperbot_description/bin'
[3.834s] Level 1:colcon.colcon_core.environment:checking '/home/aarambh/my_robot_ws/install/bumperbot_description/lib/pkgconfig/bumperbot_description.pc'
[3.835s] Level 1:colcon.colcon_core.environment:checking '/home/aarambh/my_robot_ws/install/bumperbot_description/lib/python3.10/site-packages'
[3.838s] Level 1:colcon.colcon_core.environment:checking '/home/aarambh/my_robot_ws/install/bumperbot_description/bin'
[3.840s] INFO:colcon.colcon_core.shell:Creating package script '/home/aarambh/my_robot_ws/install/bumperbot_description/share/bumperbot_description/package.ps1'
[3.856s] INFO:colcon.colcon_core.shell:Creating package descriptor '/home/aarambh/my_robot_ws/install/bumperbot_description/share/bumperbot_description/package.dsv'
[3.859s] INFO:colcon.colcon_core.shell:Creating package script '/home/aarambh/my_robot_ws/install/bumperbot_description/share/bumperbot_description/package.sh'
[3.875s] INFO:colcon.colcon_core.shell:Creating package script '/home/aarambh/my_robot_ws/install/bumperbot_description/share/bumperbot_description/package.bash'
[3.890s] INFO:colcon.colcon_core.shell:Creating package script '/home/aarambh/my_robot_ws/install/bumperbot_description/share/bumperbot_description/package.zsh'
[3.894s] Level 1:colcon.colcon_core.environment:create_file_with_runtime_dependencies(/home/aarambh/my_robot_ws/install/bumperbot_description/share/colcon-core/packages/bumperbot_description)
[3.898s] Level 1:colcon.colcon_core.environment:create_environment_scripts_only(bumperbot_description)
[3.899s] Level 1:colcon.colcon_core.environment:checking '/home/aarambh/my_robot_ws/install/bumperbot_description' for CMake module files
[3.903s] Level 1:colcon.colcon_core.environment:checking '/home/aarambh/my_robot_ws/install/bumperbot_description' for CMake config files
[4.064s] Level 1:colcon.colcon_core.shell:create_environment_hook('bumperbot_description', 'cmake_prefix_path')
[4.065s] INFO:colcon.colcon_core.shell:Creating environment hook '/home/aarambh/my_robot_ws/install/bumperbot_description/share/bumperbot_description/hook/cmake_prefix_path.ps1'
[4.071s] DEBUG:colcon.colcon_core.event_handler.log_command:Invoked command in '/home/aarambh/my_robot_ws/build/bumperbot_description' returned '0': CMAKE_PREFIX_PATH=${CMAKE_PREFIX_PATH}:/home/aarambh/my_robot_ws/install/bumperbot_py_examples:/opt/ros/humble /usr/bin/cmake --install /home/aarambh/my_robot_ws/build/bumperbot_description
[4.075s] INFO:colcon.colcon_core.shell:Creating environment descriptor '/home/aarambh/my_robot_ws/install/bumperbot_description/share/bumperbot_description/hook/cmake_prefix_path.dsv'
[4.078s] INFO:colcon.colcon_core.shell:Creating environment hook '/home/aarambh/my_robot_ws/install/bumperbot_description/share/bumperbot_description/hook/cmake_prefix_path.sh'
[4.081s] Level 1:colcon.colcon_core.environment:checking '/home/aarambh/my_robot_ws/install/bumperbot_description/bin'
[4.082s] Level 1:colcon.colcon_core.environment:checking '/home/aarambh/my_robot_ws/install/bumperbot_description/lib/pkgconfig/bumperbot_description.pc'
[4.083s] Level 1:colcon.colcon_core.environment:checking '/home/aarambh/my_robot_ws/install/bumperbot_description/lib/python3.10/site-packages'
[4.085s] Level 1:colcon.colcon_core.environment:checking '/home/aarambh/my_robot_ws/install/bumperbot_description/bin'
[4.087s] INFO:colcon.colcon_core.shell:Creating package script '/home/aarambh/my_robot_ws/install/bumperbot_description/share/bumperbot_description/package.ps1'
[4.090s] INFO:colcon.colcon_core.shell:Creating package descriptor '/home/aarambh/my_robot_ws/install/bumperbot_description/share/bumperbot_description/package.dsv'
[4.094s] INFO:colcon.colcon_core.shell:Creating package script '/home/aarambh/my_robot_ws/install/bumperbot_description/share/bumperbot_description/package.sh'
[4.098s] INFO:colcon.colcon_core.shell:Creating package script '/home/aarambh/my_robot_ws/install/bumperbot_description/share/bumperbot_description/package.bash'
[4.101s] INFO:colcon.colcon_core.shell:Creating package script '/home/aarambh/my_robot_ws/install/bumperbot_description/share/bumperbot_description/package.zsh'
[4.105s] Level 1:colcon.colcon_core.environment:create_file_with_runtime_dependencies(/home/aarambh/my_robot_ws/install/bumperbot_description/share/colcon-core/packages/bumperbot_description)
[4.110s] INFO:colcon.colcon_ros.task.ament_cmake.build:Building ROS package in '/home/aarambh/my_robot_ws/src/bumperbot_localization' with build type 'ament_cmake'
[4.111s] INFO:colcon.colcon_cmake.task.cmake.build:Building CMake package in '/home/aarambh/my_robot_ws/src/bumperbot_localization'
[4.113s] INFO:colcon.colcon_core.shell:Skip shell extension 'powershell' for command environment: Not usable outside of PowerShell
[4.113s] DEBUG:colcon.colcon_core.shell:Skip shell extension 'dsv' for command environment
[4.206s] DEBUG:colcon.colcon_core.event_handler.log_command:Invoking command in '/home/aarambh/my_robot_ws/build/bumperbot_localization': CMAKE_PREFIX_PATH=${CMAKE_PREFIX_PATH}:/home/aarambh/my_robot_ws/install/bumperbot_py_examples:/opt/ros/humble /usr/bin/cmake --build /home/aarambh/my_robot_ws/build/bumperbot_localization -- -j4 -l4
[5.457s] DEBUG:colcon.colcon_core.event_handler.log_command:Invoked command in '/home/aarambh/my_robot_ws/build/bumperbot_msgs' returned '0': CMAKE_PREFIX_PATH=${CMAKE_PREFIX_PATH}:/home/aarambh/my_robot_ws/install/bumperbot_py_examples:/opt/ros/humble /usr/bin/cmake --build /home/aarambh/my_robot_ws/build/bumperbot_msgs -- -j4 -l4
[5.459s] DEBUG:colcon.colcon_core.event_handler.log_command:Invoking command in '/home/aarambh/my_robot_ws/build/bumperbot_msgs': CMAKE_PREFIX_PATH=${CMAKE_PREFIX_PATH}:/home/aarambh/my_robot_ws/install/bumperbot_py_examples:/opt/ros/humble /usr/bin/cmake --install /home/aarambh/my_robot_ws/build/bumperbot_msgs
[5.782s] DEBUG:colcon.colcon_core.event_handler.log_command:Invoked command in '/home/aarambh/my_robot_ws/build/bumperbot_controller' returned '0': CMAKE_PREFIX_PATH=${CMAKE_PREFIX_PATH}:/home/aarambh/my_robot_ws/install/bumperbot_py_examples:/opt/ros/humble /usr/bin/cmake --build /home/aarambh/my_robot_ws/build/bumperbot_controller -- -j4 -l4
[5.796s] DEBUG:colcon.colcon_core.event_handler.log_command:Invoking command in '/home/aarambh/my_robot_ws/build/bumperbot_controller': CMAKE_PREFIX_PATH=${CMAKE_PREFIX_PATH}:/home/aarambh/my_robot_ws/install/bumperbot_py_examples:/opt/ros/humble /usr/bin/cmake --install /home/aarambh/my_robot_ws/build/bumperbot_controller
[6.023s] DEBUG:colcon.colcon_core.event_handler.log_command:Invoked command in '/home/aarambh/my_robot_ws/build/bumperbot_firmware' returned '0': CMAKE_PREFIX_PATH=${CMAKE_PREFIX_PATH}:/home/aarambh/my_robot_ws/install/bumperbot_py_examples:/opt/ros/humble /usr/bin/cmake --build /home/aarambh/my_robot_ws/build/bumperbot_firmware -- -j4 -l4
[6.025s] DEBUG:colcon.colcon_core.event_handler.log_command:Invoking command in '/home/aarambh/my_robot_ws/build/bumperbot_firmware': CMAKE_PREFIX_PATH=${CMAKE_PREFIX_PATH}:/home/aarambh/my_robot_ws/install/bumperbot_py_examples:/opt/ros/humble /usr/bin/cmake --install /home/aarambh/my_robot_ws/build/bumperbot_firmware
[6.060s] Level 1:colcon.colcon_core.environment:create_environment_scripts_only(bumperbot_msgs)
[6.062s] Level 1:colcon.colcon_core.environment:checking '/home/aarambh/my_robot_ws/install/bumperbot_msgs' for CMake module files
[6.067s] Level 1:colcon.colcon_core.environment:checking '/home/aarambh/my_robot_ws/install/bumperbot_msgs' for CMake config files
[6.075s] Level 1:colcon.colcon_core.shell:create_environment_hook('bumperbot_msgs', 'cmake_prefix_path')
[6.077s] INFO:colcon.colcon_core.shell:Creating environment hook '/home/aarambh/my_robot_ws/install/bumperbot_msgs/share/bumperbot_msgs/hook/cmake_prefix_path.ps1'
[6.089s] DEBUG:colcon.colcon_core.event_handler.log_command:Invoked command in '/home/aarambh/my_robot_ws/build/bumperbot_msgs' returned '0': CMAKE_PREFIX_PATH=${CMAKE_PREFIX_PATH}:/home/aarambh/my_robot_ws/install/bumperbot_py_examples:/opt/ros/humble /usr/bin/cmake --install /home/aarambh/my_robot_ws/build/bumperbot_msgs
[6.097s] INFO:colcon.colcon_core.shell:Creating environment descriptor '/home/aarambh/my_robot_ws/install/bumperbot_msgs/share/bumperbot_msgs/hook/cmake_prefix_path.dsv'
[6.103s] INFO:colcon.colcon_core.shell:Creating environment hook '/home/aarambh/my_robot_ws/install/bumperbot_msgs/share/bumperbot_msgs/hook/cmake_prefix_path.sh'
[6.107s] Level 1:colcon.colcon_core.environment:checking '/home/aarambh/my_robot_ws/install/bumperbot_msgs/lib'
[6.109s] Level 1:colcon.colcon_core.shell:create_environment_hook('bumperbot_msgs', 'ld_library_path_lib')
[6.110s] INFO:colcon.colcon_core.shell:Creating environment hook '/home/aarambh/my_robot_ws/install/bumperbot_msgs/share/bumperbot_msgs/hook/ld_library_path_lib.ps1'
[6.113s] INFO:colcon.colcon_core.shell:Creating environment descriptor '/home/aarambh/my_robot_ws/install/bumperbot_msgs/share/bumperbot_msgs/hook/ld_library_path_lib.dsv'
[6.116s] INFO:colcon.colcon_core.shell:Creating environment hook '/home/aarambh/my_robot_ws/install/bumperbot_msgs/share/bumperbot_msgs/hook/ld_library_path_lib.sh'
[6.119s] Level 1:colcon.colcon_core.environment:checking '/home/aarambh/my_robot_ws/install/bumperbot_msgs/bin'
[6.120s] Level 1:colcon.colcon_core.environment:checking '/home/aarambh/my_robot_ws/install/bumperbot_msgs/lib/pkgconfig/bumperbot_msgs.pc'
[6.121s] Level 1:colcon.colcon_core.environment:checking '/home/aarambh/my_robot_ws/install/bumperbot_msgs/lib/python3.10/site-packages'
[6.123s] Level 1:colcon.colcon_core.environment:checking '/home/aarambh/my_robot_ws/install/bumperbot_msgs/bin'
[6.125s] INFO:colcon.colcon_core.shell:Creating package script '/home/aarambh/my_robot_ws/install/bumperbot_msgs/share/bumperbot_msgs/package.ps1'
[6.134s] INFO:colcon.colcon_core.shell:Creating package descriptor '/home/aarambh/my_robot_ws/install/bumperbot_msgs/share/bumperbot_msgs/package.dsv'
[6.138s] INFO:colcon.colcon_core.shell:Creating package script '/home/aarambh/my_robot_ws/install/bumperbot_msgs/share/bumperbot_msgs/package.sh'
[6.144s] INFO:colcon.colcon_core.shell:Creating package script '/home/aarambh/my_robot_ws/install/bumperbot_msgs/share/bumperbot_msgs/package.bash'
[6.148s] INFO:colcon.colcon_core.shell:Creating package script '/home/aarambh/my_robot_ws/install/bumperbot_msgs/share/bumperbot_msgs/package.zsh'
[6.151s] Level 1:colcon.colcon_core.environment:create_file_with_runtime_dependencies(/home/aarambh/my_robot_ws/install/bumperbot_msgs/share/colcon-core/packages/bumperbot_msgs)
[6.157s] Level 1:colcon.colcon_core.environment:create_environment_scripts_only(bumperbot_msgs)
[6.159s] Level 1:colcon.colcon_core.environment:checking '/home/aarambh/my_robot_ws/install/bumperbot_msgs' for CMake module files
[6.172s] Level 1:colcon.colcon_core.environment:checking '/home/aarambh/my_robot_ws/install/bumperbot_msgs' for CMake config files
[6.194s] Level 1:colcon.colcon_core.shell:create_environment_hook('bumperbot_msgs', 'cmake_prefix_path')
[6.195s] INFO:colcon.colcon_core.shell:Creating environment hook '/home/aarambh/my_robot_ws/install/bumperbot_msgs/share/bumperbot_msgs/hook/cmake_prefix_path.ps1'
[6.209s] INFO:colcon.colcon_core.shell:Creating environment descriptor '/home/aarambh/my_robot_ws/install/bumperbot_msgs/share/bumperbot_msgs/hook/cmake_prefix_path.dsv'
[6.211s] INFO:colcon.colcon_core.shell:Creating environment hook '/home/aarambh/my_robot_ws/install/bumperbot_msgs/share/bumperbot_msgs/hook/cmake_prefix_path.sh'
[6.214s] Level 1:colcon.colcon_core.environment:checking '/home/aarambh/my_robot_ws/install/bumperbot_msgs/lib'
[6.215s] Level 1:colcon.colcon_core.shell:create_environment_hook('bumperbot_msgs', 'ld_library_path_lib')
[6.216s] INFO:colcon.colcon_core.shell:Creating environment hook '/home/aarambh/my_robot_ws/install/bumperbot_msgs/share/bumperbot_msgs/hook/ld_library_path_lib.ps1'
[6.218s] INFO:colcon.colcon_core.shell:Creating environment descriptor '/home/aarambh/my_robot_ws/install/bumperbot_msgs/share/bumperbot_msgs/hook/ld_library_path_lib.dsv'
[6.220s] INFO:colcon.colcon_core.shell:Creating environment hook '/home/aarambh/my_robot_ws/install/bumperbot_msgs/share/bumperbot_msgs/hook/ld_library_path_lib.sh'
[6.223s] Level 1:colcon.colcon_core.environment:checking '/home/aarambh/my_robot_ws/install/bumperbot_msgs/bin'
[6.223s] Level 1:colcon.colcon_core.environment:checking '/home/aarambh/my_robot_ws/install/bumperbot_msgs/lib/pkgconfig/bumperbot_msgs.pc'
[6.224s] Level 1:colcon.colcon_core.environment:checking '/home/aarambh/my_robot_ws/install/bumperbot_msgs/lib/python3.10/site-packages'
[6.226s] Level 1:colcon.colcon_core.environment:checking '/home/aarambh/my_robot_ws/install/bumperbot_msgs/bin'
[6.228s] INFO:colcon.colcon_core.shell:Creating package script '/home/aarambh/my_robot_ws/install/bumperbot_msgs/share/bumperbot_msgs/package.ps1'
[6.231s] INFO:colcon.colcon_core.shell:Creating package descriptor '/home/aarambh/my_robot_ws/install/bumperbot_msgs/share/bumperbot_msgs/package.dsv'
[6.234s] INFO:colcon.colcon_core.shell:Creating package script '/home/aarambh/my_robot_ws/install/bumperbot_msgs/share/bumperbot_msgs/package.sh'
[6.237s] INFO:colcon.colcon_core.shell:Creating package script '/home/aarambh/my_robot_ws/install/bumperbot_msgs/share/bumperbot_msgs/package.bash'
[6.239s] INFO:colcon.colcon_core.shell:Creating package script '/home/aarambh/my_robot_ws/install/bumperbot_msgs/share/bumperbot_msgs/package.zsh'
[6.242s] Level 1:colcon.colcon_core.environment:create_file_with_runtime_dependencies(/home/aarambh/my_robot_ws/install/bumperbot_msgs/share/colcon-core/packages/bumperbot_msgs)
[6.245s] INFO:colcon.colcon_ros.task.ament_cmake.build:Building ROS package in '/home/aarambh/my_robot_ws/src/bumperbot_mapping' with build type 'ament_cmake'
[6.247s] INFO:colcon.colcon_cmake.task.cmake.build:Building CMake package in '/home/aarambh/my_robot_ws/src/bumperbot_mapping'
[6.248s] INFO:colcon.colcon_core.shell:Skip shell extension 'powershell' for command environment: Not usable outside of PowerShell
[6.249s] DEBUG:colcon.colcon_core.shell:Skip shell extension 'dsv' for command environment
[6.285s] Level 1:colcon.colcon_core.environment:create_environment_scripts_only(bumperbot_controller)
[6.287s] DEBUG:colcon.colcon_core.event_handler.log_command:Invoked command in '/home/aarambh/my_robot_ws/build/bumperbot_controller' returned '0': CMAKE_PREFIX_PATH=${CMAKE_PREFIX_PATH}:/home/aarambh/my_robot_ws/install/bumperbot_py_examples:/opt/ros/humble /usr/bin/cmake --install /home/aarambh/my_robot_ws/build/bumperbot_controller
[6.288s] Level 1:colcon.colcon_core.environment:checking '/home/aarambh/my_robot_ws/install/bumperbot_controller' for CMake module files
[6.292s] Level 1:colcon.colcon_core.environment:checking '/home/aarambh/my_robot_ws/install/bumperbot_controller' for CMake config files
[6.296s] Level 1:colcon.colcon_core.shell:create_environment_hook('bumperbot_controller', 'cmake_prefix_path')
[6.297s] INFO:colcon.colcon_core.shell:Creating environment hook '/home/aarambh/my_robot_ws/install/bumperbot_controller/share/bumperbot_controller/hook/cmake_prefix_path.ps1'
[6.300s] INFO:colcon.colcon_core.shell:Creating environment descriptor '/home/aarambh/my_robot_ws/install/bumperbot_controller/share/bumperbot_controller/hook/cmake_prefix_path.dsv'
[6.302s] INFO:colcon.colcon_core.shell:Creating environment hook '/home/aarambh/my_robot_ws/install/bumperbot_controller/share/bumperbot_controller/hook/cmake_prefix_path.sh'
[6.305s] Level 1:colcon.colcon_core.environment:checking '/home/aarambh/my_robot_ws/install/bumperbot_controller/lib'
[6.306s] Level 1:colcon.colcon_core.environment:checking '/home/aarambh/my_robot_ws/install/bumperbot_controller/bin'
[6.306s] Level 1:colcon.colcon_core.environment:checking '/home/aarambh/my_robot_ws/install/bumperbot_controller/lib/pkgconfig/bumperbot_controller.pc'
[6.307s] Level 1:colcon.colcon_core.environment:checking '/home/aarambh/my_robot_ws/install/bumperbot_controller/lib/python3.10/site-packages'
[6.309s] Level 1:colcon.colcon_core.environment:checking '/home/aarambh/my_robot_ws/install/bumperbot_controller/bin'
[6.311s] INFO:colcon.colcon_core.shell:Creating package script '/home/aarambh/my_robot_ws/install/bumperbot_controller/share/bumperbot_controller/package.ps1'
[6.314s] INFO:colcon.colcon_core.shell:Creating package descriptor '/home/aarambh/my_robot_ws/install/bumperbot_controller/share/bumperbot_controller/package.dsv'
[6.316s] INFO:colcon.colcon_core.shell:Creating package script '/home/aarambh/my_robot_ws/install/bumperbot_controller/share/bumperbot_controller/package.sh'
[6.322s] INFO:colcon.colcon_core.shell:Creating package script '/home/aarambh/my_robot_ws/install/bumperbot_controller/share/bumperbot_controller/package.bash'
[6.326s] INFO:colcon.colcon_core.shell:Creating package script '/home/aarambh/my_robot_ws/install/bumperbot_controller/share/bumperbot_controller/package.zsh'
[6.330s] Level 1:colcon.colcon_core.environment:create_file_with_runtime_dependencies(/home/aarambh/my_robot_ws/install/bumperbot_controller/share/colcon-core/packages/bumperbot_controller)
[6.336s] Level 1:colcon.colcon_core.environment:create_environment_scripts_only(bumperbot_controller)
[6.337s] Level 1:colcon.colcon_core.environment:checking '/home/aarambh/my_robot_ws/install/bumperbot_controller' for CMake module files
[6.342s] Level 1:colcon.colcon_core.environment:checking '/home/aarambh/my_robot_ws/install/bumperbot_controller' for CMake config files
[6.347s] Level 1:colcon.colcon_core.shell:create_environment_hook('bumperbot_controller', 'cmake_prefix_path')
[6.348s] INFO:colcon.colcon_core.shell:Creating environment hook '/home/aarambh/my_robot_ws/install/bumperbot_controller/share/bumperbot_controller/hook/cmake_prefix_path.ps1'
[6.354s] INFO:colcon.colcon_core.shell:Creating environment descriptor '/home/aarambh/my_robot_ws/install/bumperbot_controller/share/bumperbot_controller/hook/cmake_prefix_path.dsv'
[6.360s] INFO:colcon.colcon_core.shell:Creating environment hook '/home/aarambh/my_robot_ws/install/bumperbot_controller/share/bumperbot_controller/hook/cmake_prefix_path.sh'
[6.368s] Level 1:colcon.colcon_core.environment:checking '/home/aarambh/my_robot_ws/install/bumperbot_controller/lib'
[6.369s] Level 1:colcon.colcon_core.environment:checking '/home/aarambh/my_robot_ws/install/bumperbot_controller/bin'
[6.371s] Level 1:colcon.colcon_core.environment:checking '/home/aarambh/my_robot_ws/install/bumperbot_controller/lib/pkgconfig/bumperbot_controller.pc'
[6.373s] Level 1:colcon.colcon_core.environment:checking '/home/aarambh/my_robot_ws/install/bumperbot_controller/lib/python3.10/site-packages'
[6.375s] Level 1:colcon.colcon_core.environment:checking '/home/aarambh/my_robot_ws/install/bumperbot_controller/bin'
[6.377s] INFO:colcon.colcon_core.shell:Creating package script '/home/aarambh/my_robot_ws/install/bumperbot_controller/share/bumperbot_controller/package.ps1'
[6.381s] INFO:colcon.colcon_core.shell:Creating package descriptor '/home/aarambh/my_robot_ws/install/bumperbot_controller/share/bumperbot_controller/package.dsv'
[6.388s] INFO:colcon.colcon_core.shell:Creating package script '/home/aarambh/my_robot_ws/install/bumperbot_controller/share/bumperbot_controller/package.sh'
[6.390s] INFO:colcon.colcon_core.shell:Creating package script '/home/aarambh/my_robot_ws/install/bumperbot_controller/share/bumperbot_controller/package.bash'
[6.393s] INFO:colcon.colcon_core.shell:Creating package script '/home/aarambh/my_robot_ws/install/bumperbot_controller/share/bumperbot_controller/package.zsh'
[6.395s] Level 1:colcon.colcon_core.environment:create_file_with_runtime_dependencies(/home/aarambh/my_robot_ws/install/bumperbot_controller/share/colcon-core/packages/bumperbot_controller)
[6.399s] INFO:colcon.colcon_ros.task.ament_cmake.build:Building ROS package in '/home/aarambh/my_robot_ws/src/bumperbot_planning' with build type 'ament_cmake'
[6.399s] INFO:colcon.colcon_cmake.task.cmake.build:Building CMake package in '/home/aarambh/my_robot_ws/src/bumperbot_planning'
[6.400s] INFO:colcon.colcon_core.shell:Skip shell extension 'powershell' for command environment: Not usable outside of PowerShell
[6.401s] DEBUG:colcon.colcon_core.shell:Skip shell extension 'dsv' for command environment
[6.445s] DEBUG:colcon.colcon_core.event_handler.log_command:Invoking command in '/home/aarambh/my_robot_ws/build/bumperbot_mapping': CMAKE_PREFIX_PATH=${CMAKE_PREFIX_PATH}:/home/aarambh/my_robot_ws/install/bumperbot_py_examples:/opt/ros/humble /usr/bin/cmake --build /home/aarambh/my_robot_ws/build/bumperbot_mapping -- -j4 -l4
[6.448s] Level 1:colcon.colcon_core.environment:create_environment_scripts_only(bumperbot_firmware)
[6.449s] DEBUG:colcon.colcon_core.event_handler.log_command:Invoked command in '/home/aarambh/my_robot_ws/build/bumperbot_firmware' returned '0': CMAKE_PREFIX_PATH=${CMAKE_PREFIX_PATH}:/home/aarambh/my_robot_ws/install/bumperbot_py_examples:/opt/ros/humble /usr/bin/cmake --install /home/aarambh/my_robot_ws/build/bumperbot_firmware
[6.451s] Level 1:colcon.colcon_core.environment:checking '/home/aarambh/my_robot_ws/install/bumperbot_firmware' for CMake module files
[6.455s] Level 1:colcon.colcon_core.environment:checking '/home/aarambh/my_robot_ws/install/bumperbot_firmware' for CMake config files
[6.458s] Level 1:colcon.colcon_core.shell:create_environment_hook('bumperbot_firmware', 'cmake_prefix_path')
[6.460s] INFO:colcon.colcon_core.shell:Creating environment hook '/home/aarambh/my_robot_ws/install/bumperbot_firmware/share/bumperbot_firmware/hook/cmake_prefix_path.ps1'
[6.463s] INFO:colcon.colcon_core.shell:Creating environment descriptor '/home/aarambh/my_robot_ws/install/bumperbot_firmware/share/bumperbot_firmware/hook/cmake_prefix_path.dsv'
[6.465s] INFO:colcon.colcon_core.shell:Creating environment hook '/home/aarambh/my_robot_ws/install/bumperbot_firmware/share/bumperbot_firmware/hook/cmake_prefix_path.sh'
[6.470s] Level 1:colcon.colcon_core.environment:checking '/home/aarambh/my_robot_ws/install/bumperbot_firmware/lib'
[6.470s] Level 1:colcon.colcon_core.shell:create_environment_hook('bumperbot_firmware', 'ld_library_path_lib')
[6.471s] INFO:colcon.colcon_core.shell:Creating environment hook '/home/aarambh/my_robot_ws/install/bumperbot_firmware/share/bumperbot_firmware/hook/ld_library_path_lib.ps1'
[6.474s] INFO:colcon.colcon_core.shell:Creating environment descriptor '/home/aarambh/my_robot_ws/install/bumperbot_firmware/share/bumperbot_firmware/hook/ld_library_path_lib.dsv'
[6.476s] INFO:colcon.colcon_core.shell:Creating environment hook '/home/aarambh/my_robot_ws/install/bumperbot_firmware/share/bumperbot_firmware/hook/ld_library_path_lib.sh'
[6.479s] Level 1:colcon.colcon_core.environment:checking '/home/aarambh/my_robot_ws/install/bumperbot_firmware/bin'
[6.480s] Level 1:colcon.colcon_core.environment:checking '/home/aarambh/my_robot_ws/install/bumperbot_firmware/lib/pkgconfig/bumperbot_firmware.pc'
[6.481s] Level 1:colcon.colcon_core.environment:checking '/home/aarambh/my_robot_ws/install/bumperbot_firmware/lib/python3.10/site-packages'
[6.483s] Level 1:colcon.colcon_core.environment:checking '/home/aarambh/my_robot_ws/install/bumperbot_firmware/bin'
[6.485s] INFO:colcon.colcon_core.shell:Creating package script '/home/aarambh/my_robot_ws/install/bumperbot_firmware/share/bumperbot_firmware/package.ps1'
[6.488s] INFO:colcon.colcon_core.shell:Creating package descriptor '/home/aarambh/my_robot_ws/install/bumperbot_firmware/share/bumperbot_firmware/package.dsv'
[6.491s] INFO:colcon.colcon_core.shell:Creating package script '/home/aarambh/my_robot_ws/install/bumperbot_firmware/share/bumperbot_firmware/package.sh'
[6.493s] INFO:colcon.colcon_core.shell:Creating package script '/home/aarambh/my_robot_ws/install/bumperbot_firmware/share/bumperbot_firmware/package.bash'
[6.496s] INFO:colcon.colcon_core.shell:Creating package script '/home/aarambh/my_robot_ws/install/bumperbot_firmware/share/bumperbot_firmware/package.zsh'
[6.498s] Level 1:colcon.colcon_core.environment:create_file_with_runtime_dependencies(/home/aarambh/my_robot_ws/install/bumperbot_firmware/share/colcon-core/packages/bumperbot_firmware)
[6.501s] Level 1:colcon.colcon_core.environment:create_environment_scripts_only(bumperbot_firmware)
[6.502s] Level 1:colcon.colcon_core.environment:checking '/home/aarambh/my_robot_ws/install/bumperbot_firmware' for CMake module files
[6.506s] Level 1:colcon.colcon_core.environment:checking '/home/aarambh/my_robot_ws/install/bumperbot_firmware' for CMake config files
[6.510s] Level 1:colcon.colcon_core.shell:create_environment_hook('bumperbot_firmware', 'cmake_prefix_path')
[6.511s] INFO:colcon.colcon_core.shell:Creating environment hook '/home/aarambh/my_robot_ws/install/bumperbot_firmware/share/bumperbot_firmware/hook/cmake_prefix_path.ps1'
[6.514s] INFO:colcon.colcon_core.shell:Creating environment descriptor '/home/aarambh/my_robot_ws/install/bumperbot_firmware/share/bumperbot_firmware/hook/cmake_prefix_path.dsv'
[6.516s] INFO:colcon.colcon_core.shell:Creating environment hook '/home/aarambh/my_robot_ws/install/bumperbot_firmware/share/bumperbot_firmware/hook/cmake_prefix_path.sh'
[6.520s] Level 1:colcon.colcon_core.environment:checking '/home/aarambh/my_robot_ws/install/bumperbot_firmware/lib'
[6.521s] Level 1:colcon.colcon_core.shell:create_environment_hook('bumperbot_firmware', 'ld_library_path_lib')
[6.522s] INFO:colcon.colcon_core.shell:Creating environment hook '/home/aarambh/my_robot_ws/install/bumperbot_firmware/share/bumperbot_firmware/hook/ld_library_path_lib.ps1'
[6.525s] INFO:colcon.colcon_core.shell:Creating environment descriptor '/home/aarambh/my_robot_ws/install/bumperbot_firmware/share/bumperbot_firmware/hook/ld_library_path_lib.dsv'
[6.527s] INFO:colcon.colcon_core.shell:Creating environment hook '/home/aarambh/my_robot_ws/install/bumperbot_firmware/share/bumperbot_firmware/hook/ld_library_path_lib.sh'
[6.530s] Level 1:colcon.colcon_core.environment:checking '/home/aarambh/my_robot_ws/install/bumperbot_firmware/bin'
[6.530s] Level 1:colcon.colcon_core.environment:checking '/home/aarambh/my_robot_ws/install/bumperbot_firmware/lib/pkgconfig/bumperbot_firmware.pc'
[6.531s] Level 1:colcon.colcon_core.environment:checking '/home/aarambh/my_robot_ws/install/bumperbot_firmware/lib/python3.10/site-packages'
[6.533s] Level 1:colcon.colcon_core.environment:checking '/home/aarambh/my_robot_ws/install/bumperbot_firmware/bin'
[6.535s] INFO:colcon.colcon_core.shell:Creating package script '/home/aarambh/my_robot_ws/install/bumperbot_firmware/share/bumperbot_firmware/package.ps1'
[6.538s] INFO:colcon.colcon_core.shell:Creating package descriptor '/home/aarambh/my_robot_ws/install/bumperbot_firmware/share/bumperbot_firmware/package.dsv'
[6.541s] INFO:colcon.colcon_core.shell:Creating package script '/home/aarambh/my_robot_ws/install/bumperbot_firmware/share/bumperbot_firmware/package.sh'
[6.543s] INFO:colcon.colcon_core.shell:Creating package script '/home/aarambh/my_robot_ws/install/bumperbot_firmware/share/bumperbot_firmware/package.bash'
[6.546s] INFO:colcon.colcon_core.shell:Creating package script '/home/aarambh/my_robot_ws/install/bumperbot_firmware/share/bumperbot_firmware/package.zsh'
[6.548s] Level 1:colcon.colcon_core.environment:create_file_with_runtime_dependencies(/home/aarambh/my_robot_ws/install/bumperbot_firmware/share/colcon-core/packages/bumperbot_firmware)
[6.552s] INFO:colcon.colcon_ros.task.ament_cmake.build:Building ROS package in '/home/aarambh/my_robot_ws/src/bumperbot_motion' with build type 'ament_cmake'
[6.552s] INFO:colcon.colcon_cmake.task.cmake.build:Building CMake package in '/home/aarambh/my_robot_ws/src/bumperbot_motion'
[6.553s] INFO:colcon.colcon_core.shell:Skip shell extension 'powershell' for command environment: Not usable outside of PowerShell
[6.554s] DEBUG:colcon.colcon_core.shell:Skip shell extension 'dsv' for command environment
[6.608s] DEBUG:colcon.colcon_core.event_handler.log_command:Invoking command in '/home/aarambh/my_robot_ws/build/bumperbot_planning': CMAKE_PREFIX_PATH=${CMAKE_PREFIX_PATH}:/home/aarambh/my_robot_ws/install/bumperbot_py_examples:/opt/ros/humble /usr/bin/cmake --build /home/aarambh/my_robot_ws/build/bumperbot_planning -- -j4 -l4
[6.624s] DEBUG:colcon.colcon_core.event_handler.log_command:Invoking command in '/home/aarambh/my_robot_ws/build/bumperbot_motion': CMAKE_PREFIX_PATH=${CMAKE_PREFIX_PATH}:/home/aarambh/my_robot_ws/install/bumperbot_py_examples:/opt/ros/humble /usr/bin/cmake --build /home/aarambh/my_robot_ws/build/bumperbot_motion -- -j4 -l4
[7.334s] DEBUG:colcon.colcon_core.event_handler.log_command:Invoked command in '/home/aarambh/my_robot_ws/build/bumperbot_localization' returned '0': CMAKE_PREFIX_PATH=${CMAKE_PREFIX_PATH}:/home/aarambh/my_robot_ws/install/bumperbot_py_examples:/opt/ros/humble /usr/bin/cmake --build /home/aarambh/my_robot_ws/build/bumperbot_localization -- -j4 -l4
[7.336s] DEBUG:colcon.colcon_core.event_handler.log_command:Invoking command in '/home/aarambh/my_robot_ws/build/bumperbot_localization': CMAKE_PREFIX_PATH=${CMAKE_PREFIX_PATH}:/home/aarambh/my_robot_ws/install/bumperbot_py_examples:/opt/ros/humble /usr/bin/cmake --install /home/aarambh/my_robot_ws/build/bumperbot_localization
[7.795s] Level 1:colcon.colcon_core.environment:create_environment_scripts_only(bumperbot_localization)
[7.796s] Level 1:colcon.colcon_core.environment:checking '/home/aarambh/my_robot_ws/install/bumperbot_localization' for CMake module files
[7.800s] Level 1:colcon.colcon_core.environment:checking '/home/aarambh/my_robot_ws/install/bumperbot_localization' for CMake config files
[7.805s] DEBUG:colcon.colcon_core.event_handler.log_command:Invoked command in '/home/aarambh/my_robot_ws/build/bumperbot_localization' returned '0': CMAKE_PREFIX_PATH=${CMAKE_PREFIX_PATH}:/home/aarambh/my_robot_ws/install/bumperbot_py_examples:/opt/ros/humble /usr/bin/cmake --install /home/aarambh/my_robot_ws/build/bumperbot_localization
[7.809s] Level 1:colcon.colcon_core.shell:create_environment_hook('bumperbot_localization', 'cmake_prefix_path')
[7.811s] INFO:colcon.colcon_core.shell:Creating environment hook '/home/aarambh/my_robot_ws/install/bumperbot_localization/share/bumperbot_localization/hook/cmake_prefix_path.ps1'
[7.814s] INFO:colcon.colcon_core.shell:Creating environment descriptor '/home/aarambh/my_robot_ws/install/bumperbot_localization/share/bumperbot_localization/hook/cmake_prefix_path.dsv'
[7.817s] INFO:colcon.colcon_core.shell:Creating environment hook '/home/aarambh/my_robot_ws/install/bumperbot_localization/share/bumperbot_localization/hook/cmake_prefix_path.sh'
[7.822s] Level 1:colcon.colcon_core.environment:checking '/home/aarambh/my_robot_ws/install/bumperbot_localization/lib'
[7.822s] Level 1:colcon.colcon_core.environment:checking '/home/aarambh/my_robot_ws/install/bumperbot_localization/bin'
[7.823s] Level 1:colcon.colcon_core.shell:create_environment_hook('bumperbot_localization', 'path')
[7.824s] INFO:colcon.colcon_core.shell:Creating environment hook '/home/aarambh/my_robot_ws/install/bumperbot_localization/share/bumperbot_localization/hook/path.ps1'
[7.827s] INFO:colcon.colcon_core.shell:Creating environment descriptor '/home/aarambh/my_robot_ws/install/bumperbot_localization/share/bumperbot_localization/hook/path.dsv'
[7.830s] INFO:colcon.colcon_core.shell:Creating environment hook '/home/aarambh/my_robot_ws/install/bumperbot_localization/share/bumperbot_localization/hook/path.sh'
[7.834s] Level 1:colcon.colcon_core.environment:checking '/home/aarambh/my_robot_ws/install/bumperbot_localization/lib/pkgconfig/bumperbot_localization.pc'
[7.835s] Level 1:colcon.colcon_core.environment:checking '/home/aarambh/my_robot_ws/install/bumperbot_localization/lib/python3.10/site-packages'
[7.838s] Level 1:colcon.colcon_core.environment:checking '/home/aarambh/my_robot_ws/install/bumperbot_localization/bin'
[7.838s] Level 1:colcon.colcon_core.shell:create_environment_hook('bumperbot_localization', 'pythonscriptspath')
[7.840s] INFO:colcon.colcon_core.shell:Creating environment hook '/home/aarambh/my_robot_ws/install/bumperbot_localization/share/bumperbot_localization/hook/pythonscriptspath.ps1'
[7.842s] INFO:colcon.colcon_core.shell:Creating environment descriptor '/home/aarambh/my_robot_ws/install/bumperbot_localization/share/bumperbot_localization/hook/pythonscriptspath.dsv'
[7.845s] INFO:colcon.colcon_core.shell:Creating environment hook '/home/aarambh/my_robot_ws/install/bumperbot_localization/share/bumperbot_localization/hook/pythonscriptspath.sh'
[7.852s] INFO:colcon.colcon_core.shell:Creating package script '/home/aarambh/my_robot_ws/install/bumperbot_localization/share/bumperbot_localization/package.ps1'
[7.856s] INFO:colcon.colcon_core.shell:Creating package descriptor '/home/aarambh/my_robot_ws/install/bumperbot_localization/share/bumperbot_localization/package.dsv'
[7.859s] INFO:colcon.colcon_core.shell:Creating package script '/home/aarambh/my_robot_ws/install/bumperbot_localization/share/bumperbot_localization/package.sh'
[7.862s] INFO:colcon.colcon_core.shell:Creating package script '/home/aarambh/my_robot_ws/install/bumperbot_localization/share/bumperbot_localization/package.bash'
[7.866s] INFO:colcon.colcon_core.shell:Creating package script '/home/aarambh/my_robot_ws/install/bumperbot_localization/share/bumperbot_localization/package.zsh'
[7.868s] Level 1:colcon.colcon_core.environment:create_file_with_runtime_dependencies(/home/aarambh/my_robot_ws/install/bumperbot_localization/share/colcon-core/packages/bumperbot_localization)
[7.872s] Level 1:colcon.colcon_core.environment:create_environment_scripts_only(bumperbot_localization)
[7.874s] Level 1:colcon.colcon_core.environment:checking '/home/aarambh/my_robot_ws/install/bumperbot_localization' for CMake module files
[7.878s] Level 1:colcon.colcon_core.environment:checking '/home/aarambh/my_robot_ws/install/bumperbot_localization' for CMake config files
[7.883s] Level 1:colcon.colcon_core.shell:create_environment_hook('bumperbot_localization', 'cmake_prefix_path')
[7.885s] INFO:colcon.colcon_core.shell:Creating environment hook '/home/aarambh/my_robot_ws/install/bumperbot_localization/share/bumperbot_localization/hook/cmake_prefix_path.ps1'
[7.889s] INFO:colcon.colcon_core.shell:Creating environment descriptor '/home/aarambh/my_robot_ws/install/bumperbot_localization/share/bumperbot_localization/hook/cmake_prefix_path.dsv'
[7.892s] INFO:colcon.colcon_core.shell:Creating environment hook '/home/aarambh/my_robot_ws/install/bumperbot_localization/share/bumperbot_localization/hook/cmake_prefix_path.sh'
[7.896s] Level 1:colcon.colcon_core.environment:checking '/home/aarambh/my_robot_ws/install/bumperbot_localization/lib'
[7.896s] Level 1:colcon.colcon_core.environment:checking '/home/aarambh/my_robot_ws/install/bumperbot_localization/bin'
[7.897s] Level 1:colcon.colcon_core.shell:create_environment_hook('bumperbot_localization', 'path')
[7.898s] INFO:colcon.colcon_core.shell:Creating environment hook '/home/aarambh/my_robot_ws/install/bumperbot_localization/share/bumperbot_localization/hook/path.ps1'
[7.900s] INFO:colcon.colcon_core.shell:Creating environment descriptor '/home/aarambh/my_robot_ws/install/bumperbot_localization/share/bumperbot_localization/hook/path.dsv'
[7.903s] INFO:colcon.colcon_core.shell:Creating environment hook '/home/aarambh/my_robot_ws/install/bumperbot_localization/share/bumperbot_localization/hook/path.sh'
[7.906s] Level 1:colcon.colcon_core.environment:checking '/home/aarambh/my_robot_ws/install/bumperbot_localization/lib/pkgconfig/bumperbot_localization.pc'
[7.907s] Level 1:colcon.colcon_core.environment:checking '/home/aarambh/my_robot_ws/install/bumperbot_localization/lib/python3.10/site-packages'
[7.909s] Level 1:colcon.colcon_core.environment:checking '/home/aarambh/my_robot_ws/install/bumperbot_localization/bin'
[7.910s] Level 1:colcon.colcon_core.shell:create_environment_hook('bumperbot_localization', 'pythonscriptspath')
[7.911s] INFO:colcon.colcon_core.shell:Creating environment hook '/home/aarambh/my_robot_ws/install/bumperbot_localization/share/bumperbot_localization/hook/pythonscriptspath.ps1'
[7.914s] INFO:colcon.colcon_core.shell:Creating environment descriptor '/home/aarambh/my_robot_ws/install/bumperbot_localization/share/bumperbot_localization/hook/pythonscriptspath.dsv'
[7.918s] INFO:colcon.colcon_core.shell:Creating environment hook '/home/aarambh/my_robot_ws/install/bumperbot_localization/share/bumperbot_localization/hook/pythonscriptspath.sh'
[7.922s] INFO:colcon.colcon_core.shell:Creating package script '/home/aarambh/my_robot_ws/install/bumperbot_localization/share/bumperbot_localization/package.ps1'
[7.926s] INFO:colcon.colcon_core.shell:Creating package descriptor '/home/aarambh/my_robot_ws/install/bumperbot_localization/share/bumperbot_localization/package.dsv'
[7.930s] INFO:colcon.colcon_core.shell:Creating package script '/home/aarambh/my_robot_ws/install/bumperbot_localization/share/bumperbot_localization/package.sh'
[7.934s] INFO:colcon.colcon_core.shell:Creating package script '/home/aarambh/my_robot_ws/install/bumperbot_localization/share/bumperbot_localization/package.bash'
[7.937s] INFO:colcon.colcon_core.shell:Creating package script '/home/aarambh/my_robot_ws/install/bumperbot_localization/share/bumperbot_localization/package.zsh'
[7.940s] Level 1:colcon.colcon_core.environment:create_file_with_runtime_dependencies(/home/aarambh/my_robot_ws/install/bumperbot_localization/share/colcon-core/packages/bumperbot_localization)
[7.945s] INFO:colcon.colcon_ros.task.ament_cmake.build:Building ROS package in '/home/aarambh/my_robot_ws/src/bumperbot_utils' with build type 'ament_cmake'
[7.947s] INFO:colcon.colcon_cmake.task.cmake.build:Building CMake package in '/home/aarambh/my_robot_ws/src/bumperbot_utils'
[7.948s] INFO:colcon.colcon_core.shell:Skip shell extension 'powershell' for command environment: Not usable outside of PowerShell
[7.949s] DEBUG:colcon.colcon_core.shell:Skip shell extension 'dsv' for command environment
[8.007s] DEBUG:colcon.colcon_core.event_handler.log_command:Invoking command in '/home/aarambh/my_robot_ws/build/bumperbot_utils': CMAKE_PREFIX_PATH=${CMAKE_PREFIX_PATH}:/home/aarambh/my_robot_ws/install/bumperbot_py_examples:/opt/ros/humble /usr/bin/cmake --build /home/aarambh/my_robot_ws/build/bumperbot_utils -- -j4 -l4
[9.269s] DEBUG:colcon.colcon_core.event_handler.log_command:Invoked command in '/home/aarambh/my_robot_ws/build/bumperbot_mapping' returned '0': CMAKE_PREFIX_PATH=${CMAKE_PREFIX_PATH}:/home/aarambh/my_robot_ws/install/bumperbot_py_examples:/opt/ros/humble /usr/bin/cmake --build /home/aarambh/my_robot_ws/build/bumperbot_mapping -- -j4 -l4
[9.272s] DEBUG:colcon.colcon_core.event_handler.log_command:Invoking command in '/home/aarambh/my_robot_ws/build/bumperbot_mapping': CMAKE_PREFIX_PATH=${CMAKE_PREFIX_PATH}:/home/aarambh/my_robot_ws/install/bumperbot_py_examples:/opt/ros/humble /usr/bin/cmake --install /home/aarambh/my_robot_ws/build/bumperbot_mapping
[9.590s] DEBUG:colcon.colcon_core.event_handler.log_command:Invoked command in '/home/aarambh/my_robot_ws/build/bumperbot_motion' returned '0': CMAKE_PREFIX_PATH=${CMAKE_PREFIX_PATH}:/home/aarambh/my_robot_ws/install/bumperbot_py_examples:/opt/ros/humble /usr/bin/cmake --build /home/aarambh/my_robot_ws/build/bumperbot_motion -- -j4 -l4
[9.592s] DEBUG:colcon.colcon_core.event_handler.log_command:Invoking command in '/home/aarambh/my_robot_ws/build/bumperbot_motion': CMAKE_PREFIX_PATH=${CMAKE_PREFIX_PATH}:/home/aarambh/my_robot_ws/install/bumperbot_py_examples:/opt/ros/humble /usr/bin/cmake --install /home/aarambh/my_robot_ws/build/bumperbot_motion
[9.620s] DEBUG:colcon.colcon_core.event_handler.log_command:Invoked command in '/home/aarambh/my_robot_ws/build/bumperbot_planning' returned '0': CMAKE_PREFIX_PATH=${CMAKE_PREFIX_PATH}:/home/aarambh/my_robot_ws/install/bumperbot_py_examples:/opt/ros/humble /usr/bin/cmake --build /home/aarambh/my_robot_ws/build/bumperbot_planning -- -j4 -l4
[9.623s] DEBUG:colcon.colcon_core.event_handler.log_command:Invoking command in '/home/aarambh/my_robot_ws/build/bumperbot_planning': CMAKE_PREFIX_PATH=${CMAKE_PREFIX_PATH}:/home/aarambh/my_robot_ws/install/bumperbot_py_examples:/opt/ros/humble /usr/bin/cmake --install /home/aarambh/my_robot_ws/build/bumperbot_planning
[9.755s] Level 1:colcon.colcon_core.environment:create_environment_scripts_only(bumperbot_mapping)
[9.756s] Level 1:colcon.colcon_core.environment:checking '/home/aarambh/my_robot_ws/install/bumperbot_mapping' for CMake module files
[9.760s] Level 1:colcon.colcon_core.environment:checking '/home/aarambh/my_robot_ws/install/bumperbot_mapping' for CMake config files
[9.765s] DEBUG:colcon.colcon_core.event_handler.log_command:Invoked command in '/home/aarambh/my_robot_ws/build/bumperbot_mapping' returned '0': CMAKE_PREFIX_PATH=${CMAKE_PREFIX_PATH}:/home/aarambh/my_robot_ws/install/bumperbot_py_examples:/opt/ros/humble /usr/bin/cmake --install /home/aarambh/my_robot_ws/build/bumperbot_mapping
[9.768s] Level 1:colcon.colcon_core.shell:create_environment_hook('bumperbot_mapping', 'cmake_prefix_path')
[9.770s] INFO:colcon.colcon_core.shell:Creating environment hook '/home/aarambh/my_robot_ws/install/bumperbot_mapping/share/bumperbot_mapping/hook/cmake_prefix_path.ps1'
[9.772s] INFO:colcon.colcon_core.shell:Creating environment descriptor '/home/aarambh/my_robot_ws/install/bumperbot_mapping/share/bumperbot_mapping/hook/cmake_prefix_path.dsv'
[9.775s] INFO:colcon.colcon_core.shell:Creating environment hook '/home/aarambh/my_robot_ws/install/bumperbot_mapping/share/bumperbot_mapping/hook/cmake_prefix_path.sh'
[9.779s] Level 1:colcon.colcon_core.environment:checking '/home/aarambh/my_robot_ws/install/bumperbot_mapping/lib'
[9.780s] Level 1:colcon.colcon_core.environment:checking '/home/aarambh/my_robot_ws/install/bumperbot_mapping/bin'
[9.780s] Level 1:colcon.colcon_core.environment:checking '/home/aarambh/my_robot_ws/install/bumperbot_mapping/lib/pkgconfig/bumperbot_mapping.pc'
[9.781s] Level 1:colcon.colcon_core.environment:checking '/home/aarambh/my_robot_ws/install/bumperbot_mapping/lib/python3.10/site-packages'
[9.783s] Level 1:colcon.colcon_core.environment:checking '/home/aarambh/my_robot_ws/install/bumperbot_mapping/bin'
[9.785s] INFO:colcon.colcon_core.shell:Creating package script '/home/aarambh/my_robot_ws/install/bumperbot_mapping/share/bumperbot_mapping/package.ps1'
[9.788s] INFO:colcon.colcon_core.shell:Creating package descriptor '/home/aarambh/my_robot_ws/install/bumperbot_mapping/share/bumperbot_mapping/package.dsv'
[9.791s] INFO:colcon.colcon_core.shell:Creating package script '/home/aarambh/my_robot_ws/install/bumperbot_mapping/share/bumperbot_mapping/package.sh'
[9.794s] INFO:colcon.colcon_core.shell:Creating package script '/home/aarambh/my_robot_ws/install/bumperbot_mapping/share/bumperbot_mapping/package.bash'
[9.799s] INFO:colcon.colcon_core.shell:Creating package script '/home/aarambh/my_robot_ws/install/bumperbot_mapping/share/bumperbot_mapping/package.zsh'
[9.801s] Level 1:colcon.colcon_core.environment:create_file_with_runtime_dependencies(/home/aarambh/my_robot_ws/install/bumperbot_mapping/share/colcon-core/packages/bumperbot_mapping)
[9.805s] Level 1:colcon.colcon_core.environment:create_environment_scripts_only(bumperbot_mapping)
[9.806s] Level 1:colcon.colcon_core.environment:checking '/home/aarambh/my_robot_ws/install/bumperbot_mapping' for CMake module files
[9.809s] Level 1:colcon.colcon_core.environment:checking '/home/aarambh/my_robot_ws/install/bumperbot_mapping' for CMake config files
[9.815s] Level 1:colcon.colcon_core.shell:create_environment_hook('bumperbot_mapping', 'cmake_prefix_path')
[9.816s] INFO:colcon.colcon_core.shell:Creating environment hook '/home/aarambh/my_robot_ws/install/bumperbot_mapping/share/bumperbot_mapping/hook/cmake_prefix_path.ps1'
[9.819s] INFO:colcon.colcon_core.shell:Creating environment descriptor '/home/aarambh/my_robot_ws/install/bumperbot_mapping/share/bumperbot_mapping/hook/cmake_prefix_path.dsv'
[9.821s] INFO:colcon.colcon_core.shell:Creating environment hook '/home/aarambh/my_robot_ws/install/bumperbot_mapping/share/bumperbot_mapping/hook/cmake_prefix_path.sh'
[9.825s] Level 1:colcon.colcon_core.environment:checking '/home/aarambh/my_robot_ws/install/bumperbot_mapping/lib'
[9.826s] Level 1:colcon.colcon_core.environment:checking '/home/aarambh/my_robot_ws/install/bumperbot_mapping/bin'
[9.826s] Level 1:colcon.colcon_core.environment:checking '/home/aarambh/my_robot_ws/install/bumperbot_mapping/lib/pkgconfig/bumperbot_mapping.pc'
[9.828s] Level 1:colcon.colcon_core.environment:checking '/home/aarambh/my_robot_ws/install/bumperbot_mapping/lib/python3.10/site-packages'
[9.831s] Level 1:colcon.colcon_core.environment:checking '/home/aarambh/my_robot_ws/install/bumperbot_mapping/bin'
[9.833s] INFO:colcon.colcon_core.shell:Creating package script '/home/aarambh/my_robot_ws/install/bumperbot_mapping/share/bumperbot_mapping/package.ps1'
[9.840s] INFO:colcon.colcon_core.shell:Creating package descriptor '/home/aarambh/my_robot_ws/install/bumperbot_mapping/share/bumperbot_mapping/package.dsv'
[9.843s] INFO:colcon.colcon_core.shell:Creating package script '/home/aarambh/my_robot_ws/install/bumperbot_mapping/share/bumperbot_mapping/package.sh'
[9.845s] INFO:colcon.colcon_core.shell:Creating package script '/home/aarambh/my_robot_ws/install/bumperbot_mapping/share/bumperbot_mapping/package.bash'
[9.848s] INFO:colcon.colcon_core.shell:Creating package script '/home/aarambh/my_robot_ws/install/bumperbot_mapping/share/bumperbot_mapping/package.zsh'
[9.851s] Level 1:colcon.colcon_core.environment:create_file_with_runtime_dependencies(/home/aarambh/my_robot_ws/install/bumperbot_mapping/share/colcon-core/packages/bumperbot_mapping)
[9.856s] INFO:colcon.colcon_ros.task.ament_cmake.build:Building ROS package in '/home/aarambh/my_robot_ws/src/bumperbot_bringup' with build type 'ament_cmake'
[9.858s] INFO:colcon.colcon_cmake.task.cmake.build:Building CMake package in '/home/aarambh/my_robot_ws/src/bumperbot_bringup'
[9.859s] INFO:colcon.colcon_core.shell:Skip shell extension 'powershell' for command environment: Not usable outside of PowerShell
[9.859s] DEBUG:colcon.colcon_core.shell:Skip shell extension 'dsv' for command environment
[9.970s] DEBUG:colcon.colcon_core.event_handler.log_command:Invoking command in '/home/aarambh/my_robot_ws/build/bumperbot_bringup': CMAKE_PREFIX_PATH=/home/aarambh/my_robot_ws/install/bumperbot_mapping:/home/aarambh/my_robot_ws/install/bumperbot_localization:/home/aarambh/my_robot_ws/install/bumperbot_firmware:/home/aarambh/my_robot_ws/install/bumperbot_description:/home/aarambh/my_robot_ws/install/bumperbot_controller:/home/aarambh/my_robot_ws/install/bumperbot_utils:/home/aarambh/my_robot_ws/install/bumperbot_navigation:/home/aarambh/my_robot_ws/install/bumperbot_planning:/home/aarambh/my_robot_ws/install/bumperbot_cpp_examples:/home/aarambh/my_robot_ws/install/bumperbot_msgs:/home/aarambh/my_robot_ws/install/bumperbot_motion:/home/aarambh/my_robot_ws/install/bumperbot_bringup:/home/aarambh/my_robot_ws/install/bumperbot_py_examples:/opt/ros/humble LD_LIBRARY_PATH=/home/aarambh/my_robot_ws/install/bumperbot_firmware/lib:/home/aarambh/my_robot_ws/install/bumperbot_planning/lib:/home/aarambh/my_robot_ws/install/bumperbot_cpp_examples/lib:/home/aarambh/my_robot_ws/install/bumperbot_msgs/lib:/home/aarambh/my_robot_ws/install/bumperbot_motion/lib:/opt/ros/humble/opt/rviz_ogre_vendor/lib:/opt/ros/humble/lib/aarch64-linux-gnu:/opt/ros/humble/lib /usr/bin/cmake --build /home/aarambh/my_robot_ws/build/bumperbot_bringup -- -j4 -l4
[9.985s] Level 1:colcon.colcon_core.environment:create_environment_scripts_only(bumperbot_motion)
[9.987s] Level 1:colcon.colcon_core.environment:checking '/home/aarambh/my_robot_ws/install/bumperbot_motion' for CMake module files
[9.992s] Level 1:colcon.colcon_core.environment:checking '/home/aarambh/my_robot_ws/install/bumperbot_motion' for CMake config files
[10.015s] Level 1:colcon.colcon_core.shell:create_environment_hook('bumperbot_motion', 'cmake_prefix_path')
[10.028s] DEBUG:colcon.colcon_core.event_handler.log_command:Invoked command in '/home/aarambh/my_robot_ws/build/bumperbot_motion' returned '0': CMAKE_PREFIX_PATH=${CMAKE_PREFIX_PATH}:/home/aarambh/my_robot_ws/install/bumperbot_py_examples:/opt/ros/humble /usr/bin/cmake --install /home/aarambh/my_robot_ws/build/bumperbot_motion
[10.038s] INFO:colcon.colcon_core.shell:Creating environment hook '/home/aarambh/my_robot_ws/install/bumperbot_motion/share/bumperbot_motion/hook/cmake_prefix_path.ps1'
[10.047s] INFO:colcon.colcon_core.shell:Creating environment descriptor '/home/aarambh/my_robot_ws/install/bumperbot_motion/share/bumperbot_motion/hook/cmake_prefix_path.dsv'
[10.051s] INFO:colcon.colcon_core.shell:Creating environment hook '/home/aarambh/my_robot_ws/install/bumperbot_motion/share/bumperbot_motion/hook/cmake_prefix_path.sh'
[10.057s] Level 1:colcon.colcon_core.environment:checking '/home/aarambh/my_robot_ws/install/bumperbot_motion/lib'
[10.058s] Level 1:colcon.colcon_core.shell:create_environment_hook('bumperbot_motion', 'ld_library_path_lib')
[10.059s] INFO:colcon.colcon_core.shell:Creating environment hook '/home/aarambh/my_robot_ws/install/bumperbot_motion/share/bumperbot_motion/hook/ld_library_path_lib.ps1'
[10.062s] INFO:colcon.colcon_core.shell:Creating environment descriptor '/home/aarambh/my_robot_ws/install/bumperbot_motion/share/bumperbot_motion/hook/ld_library_path_lib.dsv'
[10.064s] INFO:colcon.colcon_core.shell:Creating environment hook '/home/aarambh/my_robot_ws/install/bumperbot_motion/share/bumperbot_motion/hook/ld_library_path_lib.sh'
[10.067s] Level 1:colcon.colcon_core.environment:checking '/home/aarambh/my_robot_ws/install/bumperbot_motion/bin'
[10.067s] Level 1:colcon.colcon_core.environment:checking '/home/aarambh/my_robot_ws/install/bumperbot_motion/lib/pkgconfig/bumperbot_motion.pc'
[10.068s] Level 1:colcon.colcon_core.environment:checking '/home/aarambh/my_robot_ws/install/bumperbot_motion/lib/python3.10/site-packages'
[10.070s] Level 1:colcon.colcon_core.environment:checking '/home/aarambh/my_robot_ws/install/bumperbot_motion/bin'
[10.071s] INFO:colcon.colcon_core.shell:Creating package script '/home/aarambh/my_robot_ws/install/bumperbot_motion/share/bumperbot_motion/package.ps1'
[10.074s] INFO:colcon.colcon_core.shell:Creating package descriptor '/home/aarambh/my_robot_ws/install/bumperbot_motion/share/bumperbot_motion/package.dsv'
[10.077s] INFO:colcon.colcon_core.shell:Creating package script '/home/aarambh/my_robot_ws/install/bumperbot_motion/share/bumperbot_motion/package.sh'
[10.080s] INFO:colcon.colcon_core.shell:Creating package script '/home/aarambh/my_robot_ws/install/bumperbot_motion/share/bumperbot_motion/package.bash'
[10.082s] INFO:colcon.colcon_core.shell:Creating package script '/home/aarambh/my_robot_ws/install/bumperbot_motion/share/bumperbot_motion/package.zsh'
[10.084s] Level 1:colcon.colcon_core.environment:create_file_with_runtime_dependencies(/home/aarambh/my_robot_ws/install/bumperbot_motion/share/colcon-core/packages/bumperbot_motion)
[10.088s] Level 1:colcon.colcon_core.environment:create_environment_scripts_only(bumperbot_motion)
[10.089s] Level 1:colcon.colcon_core.environment:checking '/home/aarambh/my_robot_ws/install/bumperbot_motion' for CMake module files
[10.092s] Level 1:colcon.colcon_core.environment:checking '/home/aarambh/my_robot_ws/install/bumperbot_motion' for CMake config files
[10.095s] Level 1:colcon.colcon_core.shell:create_environment_hook('bumperbot_motion', 'cmake_prefix_path')
[10.097s] INFO:colcon.colcon_core.shell:Creating environment hook '/home/aarambh/my_robot_ws/install/bumperbot_motion/share/bumperbot_motion/hook/cmake_prefix_path.ps1'
[10.100s] INFO:colcon.colcon_core.shell:Creating environment descriptor '/home/aarambh/my_robot_ws/install/bumperbot_motion/share/bumperbot_motion/hook/cmake_prefix_path.dsv'
[10.103s] INFO:colcon.colcon_core.shell:Creating environment hook '/home/aarambh/my_robot_ws/install/bumperbot_motion/share/bumperbot_motion/hook/cmake_prefix_path.sh'
[10.106s] Level 1:colcon.colcon_core.environment:checking '/home/aarambh/my_robot_ws/install/bumperbot_motion/lib'
[10.107s] Level 1:colcon.colcon_core.shell:create_environment_hook('bumperbot_motion', 'ld_library_path_lib')
[10.108s] INFO:colcon.colcon_core.shell:Creating environment hook '/home/aarambh/my_robot_ws/install/bumperbot_motion/share/bumperbot_motion/hook/ld_library_path_lib.ps1'
[10.111s] INFO:colcon.colcon_core.shell:Creating environment descriptor '/home/aarambh/my_robot_ws/install/bumperbot_motion/share/bumperbot_motion/hook/ld_library_path_lib.dsv'
[10.113s] INFO:colcon.colcon_core.shell:Creating environment hook '/home/aarambh/my_robot_ws/install/bumperbot_motion/share/bumperbot_motion/hook/ld_library_path_lib.sh'
[10.116s] Level 1:colcon.colcon_core.environment:checking '/home/aarambh/my_robot_ws/install/bumperbot_motion/bin'
[10.116s] Level 1:colcon.colcon_core.environment:checking '/home/aarambh/my_robot_ws/install/bumperbot_motion/lib/pkgconfig/bumperbot_motion.pc'
[10.118s] Level 1:colcon.colcon_core.environment:checking '/home/aarambh/my_robot_ws/install/bumperbot_motion/lib/python3.10/site-packages'
[10.120s] Level 1:colcon.colcon_core.environment:checking '/home/aarambh/my_robot_ws/install/bumperbot_motion/bin'
[10.122s] INFO:colcon.colcon_core.shell:Creating package script '/home/aarambh/my_robot_ws/install/bumperbot_motion/share/bumperbot_motion/package.ps1'
[10.124s] INFO:colcon.colcon_core.shell:Creating package descriptor '/home/aarambh/my_robot_ws/install/bumperbot_motion/share/bumperbot_motion/package.dsv'
[10.127s] INFO:colcon.colcon_core.shell:Creating package script '/home/aarambh/my_robot_ws/install/bumperbot_motion/share/bumperbot_motion/package.sh'
[10.130s] INFO:colcon.colcon_core.shell:Creating package script '/home/aarambh/my_robot_ws/install/bumperbot_motion/share/bumperbot_motion/package.bash'
[10.132s] INFO:colcon.colcon_core.shell:Creating package script '/home/aarambh/my_robot_ws/install/bumperbot_motion/share/bumperbot_motion/package.zsh'
[10.135s] Level 1:colcon.colcon_core.environment:create_file_with_runtime_dependencies(/home/aarambh/my_robot_ws/install/bumperbot_motion/share/colcon-core/packages/bumperbot_motion)
[10.138s] INFO:colcon.colcon_ros.task.ament_cmake.build:Building ROS package in '/home/aarambh/my_robot_ws/src/bumperbot_cpp_examples' with build type 'ament_cmake'
[10.153s] INFO:colcon.colcon_cmake.task.cmake.build:Building CMake package in '/home/aarambh/my_robot_ws/src/bumperbot_cpp_examples'
[10.154s] INFO:colcon.colcon_core.shell:Skip shell extension 'powershell' for command environment: Not usable outside of PowerShell
[10.155s] DEBUG:colcon.colcon_core.shell:Skip shell extension 'dsv' for command environment
[10.192s] Level 1:colcon.colcon_core.environment:create_environment_scripts_only(bumperbot_planning)
[10.193s] Level 1:colcon.colcon_core.environment:checking '/home/aarambh/my_robot_ws/install/bumperbot_planning' for CMake module files
[10.195s] DEBUG:colcon.colcon_core.event_handler.log_command:Invoked command in '/home/aarambh/my_robot_ws/build/bumperbot_planning' returned '0': CMAKE_PREFIX_PATH=${CMAKE_PREFIX_PATH}:/home/aarambh/my_robot_ws/install/bumperbot_py_examples:/opt/ros/humble /usr/bin/cmake --install /home/aarambh/my_robot_ws/build/bumperbot_planning
[10.199s] Level 1:colcon.colcon_core.environment:checking '/home/aarambh/my_robot_ws/install/bumperbot_planning' for CMake config files
[10.203s] Level 1:colcon.colcon_core.shell:create_environment_hook('bumperbot_planning', 'cmake_prefix_path')
[10.204s] INFO:colcon.colcon_core.shell:Creating environment hook '/home/aarambh/my_robot_ws/install/bumperbot_planning/share/bumperbot_planning/hook/cmake_prefix_path.ps1'
[10.207s] INFO:colcon.colcon_core.shell:Creating environment descriptor '/home/aarambh/my_robot_ws/install/bumperbot_planning/share/bumperbot_planning/hook/cmake_prefix_path.dsv'
[10.209s] INFO:colcon.colcon_core.shell:Creating environment hook '/home/aarambh/my_robot_ws/install/bumperbot_planning/share/bumperbot_planning/hook/cmake_prefix_path.sh'
[10.212s] Level 1:colcon.colcon_core.environment:checking '/home/aarambh/my_robot_ws/install/bumperbot_planning/lib'
[10.212s] Level 1:colcon.colcon_core.shell:create_environment_hook('bumperbot_planning', 'ld_library_path_lib')
[10.213s] INFO:colcon.colcon_core.shell:Creating environment hook '/home/aarambh/my_robot_ws/install/bumperbot_planning/share/bumperbot_planning/hook/ld_library_path_lib.ps1'
[10.216s] INFO:colcon.colcon_core.shell:Creating environment descriptor '/home/aarambh/my_robot_ws/install/bumperbot_planning/share/bumperbot_planning/hook/ld_library_path_lib.dsv'
[10.218s] INFO:colcon.colcon_core.shell:Creating environment hook '/home/aarambh/my_robot_ws/install/bumperbot_planning/share/bumperbot_planning/hook/ld_library_path_lib.sh'
[10.220s] Level 1:colcon.colcon_core.environment:checking '/home/aarambh/my_robot_ws/install/bumperbot_planning/bin'
[10.220s] Level 1:colcon.colcon_core.environment:checking '/home/aarambh/my_robot_ws/install/bumperbot_planning/lib/pkgconfig/bumperbot_planning.pc'
[10.221s] Level 1:colcon.colcon_core.environment:checking '/home/aarambh/my_robot_ws/install/bumperbot_planning/lib/python3.10/site-packages'
[10.223s] Level 1:colcon.colcon_core.environment:checking '/home/aarambh/my_robot_ws/install/bumperbot_planning/bin'
[10.224s] INFO:colcon.colcon_core.shell:Creating package script '/home/aarambh/my_robot_ws/install/bumperbot_planning/share/bumperbot_planning/package.ps1'
[10.227s] INFO:colcon.colcon_core.shell:Creating package descriptor '/home/aarambh/my_robot_ws/install/bumperbot_planning/share/bumperbot_planning/package.dsv'
[10.229s] INFO:colcon.colcon_core.shell:Creating package script '/home/aarambh/my_robot_ws/install/bumperbot_planning/share/bumperbot_planning/package.sh'
[10.231s] INFO:colcon.colcon_core.shell:Creating package script '/home/aarambh/my_robot_ws/install/bumperbot_planning/share/bumperbot_planning/package.bash'
[10.233s] INFO:colcon.colcon_core.shell:Creating package script '/home/aarambh/my_robot_ws/install/bumperbot_planning/share/bumperbot_planning/package.zsh'
[10.235s] Level 1:colcon.colcon_core.environment:create_file_with_runtime_dependencies(/home/aarambh/my_robot_ws/install/bumperbot_planning/share/colcon-core/packages/bumperbot_planning)
[10.238s] Level 1:colcon.colcon_core.environment:create_environment_scripts_only(bumperbot_planning)
[10.239s] Level 1:colcon.colcon_core.environment:checking '/home/aarambh/my_robot_ws/install/bumperbot_planning' for CMake module files
[10.242s] Level 1:colcon.colcon_core.environment:checking '/home/aarambh/my_robot_ws/install/bumperbot_planning' for CMake config files
[10.246s] Level 1:colcon.colcon_core.shell:create_environment_hook('bumperbot_planning', 'cmake_prefix_path')
[10.247s] INFO:colcon.colcon_core.shell:Creating environment hook '/home/aarambh/my_robot_ws/install/bumperbot_planning/share/bumperbot_planning/hook/cmake_prefix_path.ps1'
[10.249s] INFO:colcon.colcon_core.shell:Creating environment descriptor '/home/aarambh/my_robot_ws/install/bumperbot_planning/share/bumperbot_planning/hook/cmake_prefix_path.dsv'
[10.251s] INFO:colcon.colcon_core.shell:Creating environment hook '/home/aarambh/my_robot_ws/install/bumperbot_planning/share/bumperbot_planning/hook/cmake_prefix_path.sh'
[10.254s] Level 1:colcon.colcon_core.environment:checking '/home/aarambh/my_robot_ws/install/bumperbot_planning/lib'
[10.254s] Level 1:colcon.colcon_core.shell:create_environment_hook('bumperbot_planning', 'ld_library_path_lib')
[10.255s] INFO:colcon.colcon_core.shell:Creating environment hook '/home/aarambh/my_robot_ws/install/bumperbot_planning/share/bumperbot_planning/hook/ld_library_path_lib.ps1'
[10.257s] INFO:colcon.colcon_core.shell:Creating environment descriptor '/home/aarambh/my_robot_ws/install/bumperbot_planning/share/bumperbot_planning/hook/ld_library_path_lib.dsv'
[10.259s] INFO:colcon.colcon_core.shell:Creating environment hook '/home/aarambh/my_robot_ws/install/bumperbot_planning/share/bumperbot_planning/hook/ld_library_path_lib.sh'
[10.261s] Level 1:colcon.colcon_core.environment:checking '/home/aarambh/my_robot_ws/install/bumperbot_planning/bin'
[10.261s] Level 1:colcon.colcon_core.environment:checking '/home/aarambh/my_robot_ws/install/bumperbot_planning/lib/pkgconfig/bumperbot_planning.pc'
[10.262s] Level 1:colcon.colcon_core.environment:checking '/home/aarambh/my_robot_ws/install/bumperbot_planning/lib/python3.10/site-packages'
[10.264s] Level 1:colcon.colcon_core.environment:checking '/home/aarambh/my_robot_ws/install/bumperbot_planning/bin'
[10.265s] INFO:colcon.colcon_core.shell:Creating package script '/home/aarambh/my_robot_ws/install/bumperbot_planning/share/bumperbot_planning/package.ps1'
[10.268s] INFO:colcon.colcon_core.shell:Creating package descriptor '/home/aarambh/my_robot_ws/install/bumperbot_planning/share/bumperbot_planning/package.dsv'
[10.270s] INFO:colcon.colcon_core.shell:Creating package script '/home/aarambh/my_robot_ws/install/bumperbot_planning/share/bumperbot_planning/package.sh'
[10.273s] INFO:colcon.colcon_core.shell:Creating package script '/home/aarambh/my_robot_ws/install/bumperbot_planning/share/bumperbot_planning/package.bash'
[10.275s] INFO:colcon.colcon_core.shell:Creating package script '/home/aarambh/my_robot_ws/install/bumperbot_planning/share/bumperbot_planning/package.zsh'
[10.277s] Level 1:colcon.colcon_core.environment:create_file_with_runtime_dependencies(/home/aarambh/my_robot_ws/install/bumperbot_planning/share/colcon-core/packages/bumperbot_planning)
[10.289s] DEBUG:colcon.colcon_core.event_handler.log_command:Invoked command in '/home/aarambh/my_robot_ws/build/bumperbot_bringup' returned '0': CMAKE_PREFIX_PATH=/home/aarambh/my_robot_ws/install/bumperbot_mapping:/home/aarambh/my_robot_ws/install/bumperbot_localization:/home/aarambh/my_robot_ws/install/bumperbot_firmware:/home/aarambh/my_robot_ws/install/bumperbot_description:/home/aarambh/my_robot_ws/install/bumperbot_controller:/home/aarambh/my_robot_ws/install/bumperbot_utils:/home/aarambh/my_robot_ws/install/bumperbot_navigation:/home/aarambh/my_robot_ws/install/bumperbot_planning:/home/aarambh/my_robot_ws/install/bumperbot_cpp_examples:/home/aarambh/my_robot_ws/install/bumperbot_msgs:/home/aarambh/my_robot_ws/install/bumperbot_motion:/home/aarambh/my_robot_ws/install/bumperbot_bringup:/home/aarambh/my_robot_ws/install/bumperbot_py_examples:/opt/ros/humble LD_LIBRARY_PATH=/home/aarambh/my_robot_ws/install/bumperbot_firmware/lib:/home/aarambh/my_robot_ws/install/bumperbot_planning/lib:/home/aarambh/my_robot_ws/install/bumperbot_cpp_examples/lib:/home/aarambh/my_robot_ws/install/bumperbot_msgs/lib:/home/aarambh/my_robot_ws/install/bumperbot_motion/lib:/opt/ros/humble/opt/rviz_ogre_vendor/lib:/opt/ros/humble/lib/aarch64-linux-gnu:/opt/ros/humble/lib /usr/bin/cmake --build /home/aarambh/my_robot_ws/build/bumperbot_bringup -- -j4 -l4
[10.290s] DEBUG:colcon.colcon_core.event_handler.log_command:Invoking command in '/home/aarambh/my_robot_ws/build/bumperbot_bringup': CMAKE_PREFIX_PATH=/home/aarambh/my_robot_ws/install/bumperbot_mapping:/home/aarambh/my_robot_ws/install/bumperbot_localization:/home/aarambh/my_robot_ws/install/bumperbot_firmware:/home/aarambh/my_robot_ws/install/bumperbot_description:/home/aarambh/my_robot_ws/install/bumperbot_controller:/home/aarambh/my_robot_ws/install/bumperbot_utils:/home/aarambh/my_robot_ws/install/bumperbot_navigation:/home/aarambh/my_robot_ws/install/bumperbot_planning:/home/aarambh/my_robot_ws/install/bumperbot_cpp_examples:/home/aarambh/my_robot_ws/install/bumperbot_msgs:/home/aarambh/my_robot_ws/install/bumperbot_motion:/home/aarambh/my_robot_ws/install/bumperbot_bringup:/home/aarambh/my_robot_ws/install/bumperbot_py_examples:/opt/ros/humble LD_LIBRARY_PATH=/home/aarambh/my_robot_ws/install/bumperbot_firmware/lib:/home/aarambh/my_robot_ws/install/bumperbot_planning/lib:/home/aarambh/my_robot_ws/install/bumperbot_cpp_examples/lib:/home/aarambh/my_robot_ws/install/bumperbot_msgs/lib:/home/aarambh/my_robot_ws/install/bumperbot_motion/lib:/opt/ros/humble/opt/rviz_ogre_vendor/lib:/opt/ros/humble/lib/aarch64-linux-gnu:/opt/ros/humble/lib /usr/bin/cmake --install /home/aarambh/my_robot_ws/build/bumperbot_bringup
[10.292s] INFO:colcon.colcon_ros.task.ament_cmake.build:Building ROS package in '/home/aarambh/my_robot_ws/src/bumperbot_navigation' with build type 'ament_cmake'
[10.293s] INFO:colcon.colcon_cmake.task.cmake.build:Building CMake package in '/home/aarambh/my_robot_ws/src/bumperbot_navigation'
[10.294s] INFO:colcon.colcon_core.shell:Skip shell extension 'powershell' for command environment: Not usable outside of PowerShell
[10.295s] DEBUG:colcon.colcon_core.shell:Skip shell extension 'dsv' for command environment
[10.363s] DEBUG:colcon.colcon_core.event_handler.log_command:Invoking command in '/home/aarambh/my_robot_ws/build/bumperbot_cpp_examples': CMAKE_PREFIX_PATH=/home/aarambh/my_robot_ws/install/bumperbot_msgs:/home/aarambh/my_robot_ws/install/bumperbot_utils:/home/aarambh/my_robot_ws/install/bumperbot_navigation:/home/aarambh/my_robot_ws/install/bumperbot_planning:/home/aarambh/my_robot_ws/install/bumperbot_cpp_examples:/home/aarambh/my_robot_ws/install/bumperbot_motion:/home/aarambh/my_robot_ws/install/bumperbot_bringup:/home/aarambh/my_robot_ws/install/bumperbot_mapping:/home/aarambh/my_robot_ws/install/bumperbot_localization:/home/aarambh/my_robot_ws/install/bumperbot_firmware:/home/aarambh/my_robot_ws/install/bumperbot_description:/home/aarambh/my_robot_ws/install/bumperbot_controller:/home/aarambh/my_robot_ws/install/bumperbot_py_examples:/opt/ros/humble LD_LIBRARY_PATH=/home/aarambh/my_robot_ws/install/bumperbot_msgs/lib:/home/aarambh/my_robot_ws/install/bumperbot_planning/lib:/home/aarambh/my_robot_ws/install/bumperbot_cpp_examples/lib:/home/aarambh/my_robot_ws/install/bumperbot_motion/lib:/home/aarambh/my_robot_ws/install/bumperbot_firmware/lib:/opt/ros/humble/opt/rviz_ogre_vendor/lib:/opt/ros/humble/lib/aarch64-linux-gnu:/opt/ros/humble/lib /usr/bin/cmake --build /home/aarambh/my_robot_ws/build/bumperbot_cpp_examples -- -j4 -l4
[10.367s] Level 1:colcon.colcon_core.environment:create_environment_scripts_only(bumperbot_bringup)
[10.368s] DEBUG:colcon.colcon_core.event_handler.log_command:Invoked command in '/home/aarambh/my_robot_ws/build/bumperbot_bringup' returned '0': CMAKE_PREFIX_PATH=/home/aarambh/my_robot_ws/install/bumperbot_mapping:/home/aarambh/my_robot_ws/install/bumperbot_localization:/home/aarambh/my_robot_ws/install/bumperbot_firmware:/home/aarambh/my_robot_ws/install/bumperbot_description:/home/aarambh/my_robot_ws/install/bumperbot_controller:/home/aarambh/my_robot_ws/install/bumperbot_utils:/home/aarambh/my_robot_ws/install/bumperbot_navigation:/home/aarambh/my_robot_ws/install/bumperbot_planning:/home/aarambh/my_robot_ws/install/bumperbot_cpp_examples:/home/aarambh/my_robot_ws/install/bumperbot_msgs:/home/aarambh/my_robot_ws/install/bumperbot_motion:/home/aarambh/my_robot_ws/install/bumperbot_bringup:/home/aarambh/my_robot_ws/install/bumperbot_py_examples:/opt/ros/humble LD_LIBRARY_PATH=/home/aarambh/my_robot_ws/install/bumperbot_firmware/lib:/home/aarambh/my_robot_ws/install/bumperbot_planning/lib:/home/aarambh/my_robot_ws/install/bumperbot_cpp_examples/lib:/home/aarambh/my_robot_ws/install/bumperbot_msgs/lib:/home/aarambh/my_robot_ws/install/bumperbot_motion/lib:/opt/ros/humble/opt/rviz_ogre_vendor/lib:/opt/ros/humble/lib/aarch64-linux-gnu:/opt/ros/humble/lib /usr/bin/cmake --install /home/aarambh/my_robot_ws/build/bumperbot_bringup
[10.369s] Level 1:colcon.colcon_core.environment:checking '/home/aarambh/my_robot_ws/install/bumperbot_bringup' for CMake module files
[10.373s] Level 1:colcon.colcon_core.environment:checking '/home/aarambh/my_robot_ws/install/bumperbot_bringup' for CMake config files
[10.375s] Level 1:colcon.colcon_core.shell:create_environment_hook('bumperbot_bringup', 'cmake_prefix_path')
[10.376s] INFO:colcon.colcon_core.shell:Creating environment hook '/home/aarambh/my_robot_ws/install/bumperbot_bringup/share/bumperbot_bringup/hook/cmake_prefix_path.ps1'
[10.379s] INFO:colcon.colcon_core.shell:Creating environment descriptor '/home/aarambh/my_robot_ws/install/bumperbot_bringup/share/bumperbot_bringup/hook/cmake_prefix_path.dsv'
[10.381s] INFO:colcon.colcon_core.shell:Creating environment hook '/home/aarambh/my_robot_ws/install/bumperbot_bringup/share/bumperbot_bringup/hook/cmake_prefix_path.sh'
[10.385s] Level 1:colcon.colcon_core.environment:checking '/home/aarambh/my_robot_ws/install/bumperbot_bringup/bin'
[10.386s] Level 1:colcon.colcon_core.environment:checking '/home/aarambh/my_robot_ws/install/bumperbot_bringup/lib/pkgconfig/bumperbot_bringup.pc'
[10.387s] Level 1:colcon.colcon_core.environment:checking '/home/aarambh/my_robot_ws/install/bumperbot_bringup/lib/python3.10/site-packages'
[10.389s] Level 1:colcon.colcon_core.environment:checking '/home/aarambh/my_robot_ws/install/bumperbot_bringup/bin'
[10.391s] INFO:colcon.colcon_core.shell:Creating package script '/home/aarambh/my_robot_ws/install/bumperbot_bringup/share/bumperbot_bringup/package.ps1'
[10.394s] INFO:colcon.colcon_core.shell:Creating package descriptor '/home/aarambh/my_robot_ws/install/bumperbot_bringup/share/bumperbot_bringup/package.dsv'
[10.396s] INFO:colcon.colcon_core.shell:Creating package script '/home/aarambh/my_robot_ws/install/bumperbot_bringup/share/bumperbot_bringup/package.sh'
[10.399s] INFO:colcon.colcon_core.shell:Creating package script '/home/aarambh/my_robot_ws/install/bumperbot_bringup/share/bumperbot_bringup/package.bash'
[10.402s] INFO:colcon.colcon_core.shell:Creating package script '/home/aarambh/my_robot_ws/install/bumperbot_bringup/share/bumperbot_bringup/package.zsh'
[10.404s] Level 1:colcon.colcon_core.environment:create_file_with_runtime_dependencies(/home/aarambh/my_robot_ws/install/bumperbot_bringup/share/colcon-core/packages/bumperbot_bringup)
[10.407s] Level 1:colcon.colcon_core.environment:create_environment_scripts_only(bumperbot_bringup)
[10.408s] Level 1:colcon.colcon_core.environment:checking '/home/aarambh/my_robot_ws/install/bumperbot_bringup' for CMake module files
[10.412s] Level 1:colcon.colcon_core.environment:checking '/home/aarambh/my_robot_ws/install/bumperbot_bringup' for CMake config files
[10.413s] Level 1:colcon.colcon_core.shell:create_environment_hook('bumperbot_bringup', 'cmake_prefix_path')
[10.415s] INFO:colcon.colcon_core.shell:Creating environment hook '/home/aarambh/my_robot_ws/install/bumperbot_bringup/share/bumperbot_bringup/hook/cmake_prefix_path.ps1'
[10.506s] INFO:colcon.colcon_core.shell:Creating environment descriptor '/home/aarambh/my_robot_ws/install/bumperbot_bringup/share/bumperbot_bringup/hook/cmake_prefix_path.dsv'
[10.508s] INFO:colcon.colcon_core.shell:Creating environment hook '/home/aarambh/my_robot_ws/install/bumperbot_bringup/share/bumperbot_bringup/hook/cmake_prefix_path.sh'
[10.511s] Level 1:colcon.colcon_core.environment:checking '/home/aarambh/my_robot_ws/install/bumperbot_bringup/bin'
[10.511s] Level 1:colcon.colcon_core.environment:checking '/home/aarambh/my_robot_ws/install/bumperbot_bringup/lib/pkgconfig/bumperbot_bringup.pc'
[10.512s] Level 1:colcon.colcon_core.environment:checking '/home/aarambh/my_robot_ws/install/bumperbot_bringup/lib/python3.10/site-packages'
[10.514s] Level 1:colcon.colcon_core.environment:checking '/home/aarambh/my_robot_ws/install/bumperbot_bringup/bin'
[10.515s] INFO:colcon.colcon_core.shell:Creating package script '/home/aarambh/my_robot_ws/install/bumperbot_bringup/share/bumperbot_bringup/package.ps1'
[10.556s] INFO:colcon.colcon_core.shell:Creating package descriptor '/home/aarambh/my_robot_ws/install/bumperbot_bringup/share/bumperbot_bringup/package.dsv'
[10.559s] INFO:colcon.colcon_core.shell:Creating package script '/home/aarambh/my_robot_ws/install/bumperbot_bringup/share/bumperbot_bringup/package.sh'
[10.561s] INFO:colcon.colcon_core.shell:Creating package script '/home/aarambh/my_robot_ws/install/bumperbot_bringup/share/bumperbot_bringup/package.bash'
[10.564s] INFO:colcon.colcon_core.shell:Creating package script '/home/aarambh/my_robot_ws/install/bumperbot_bringup/share/bumperbot_bringup/package.zsh'
[10.566s] Level 1:colcon.colcon_core.environment:create_file_with_runtime_dependencies(/home/aarambh/my_robot_ws/install/bumperbot_bringup/share/colcon-core/packages/bumperbot_bringup)
[10.595s] DEBUG:colcon.colcon_core.event_handler.log_command:Invoking command in '/home/aarambh/my_robot_ws/build/bumperbot_navigation': CMAKE_PREFIX_PATH=/home/aarambh/my_robot_ws/install/bumperbot_planning:/home/aarambh/my_robot_ws/install/bumperbot_utils:/home/aarambh/my_robot_ws/install/bumperbot_navigation:/home/aarambh/my_robot_ws/install/bumperbot_cpp_examples:/home/aarambh/my_robot_ws/install/bumperbot_msgs:/home/aarambh/my_robot_ws/install/bumperbot_motion:/home/aarambh/my_robot_ws/install/bumperbot_bringup:/home/aarambh/my_robot_ws/install/bumperbot_mapping:/home/aarambh/my_robot_ws/install/bumperbot_localization:/home/aarambh/my_robot_ws/install/bumperbot_firmware:/home/aarambh/my_robot_ws/install/bumperbot_description:/home/aarambh/my_robot_ws/install/bumperbot_controller:/home/aarambh/my_robot_ws/install/bumperbot_py_examples:/opt/ros/humble /usr/bin/cmake --build /home/aarambh/my_robot_ws/build/bumperbot_navigation -- -j4 -l4
[10.629s] INFO:colcon.colcon_ros.task.ament_python.build:Building ROS package in '/home/aarambh/my_robot_ws/src/bumperbot_py_examples' with build type 'ament_python'
[10.630s] Level 1:colcon.colcon_core.shell:create_environment_hook('bumperbot_py_examples', 'ament_prefix_path')
[10.632s] INFO:colcon.colcon_core.shell:Creating environment hook '/home/aarambh/my_robot_ws/install/bumperbot_py_examples/share/bumperbot_py_examples/hook/ament_prefix_path.ps1'
[10.634s] INFO:colcon.colcon_core.shell:Creating environment descriptor '/home/aarambh/my_robot_ws/install/bumperbot_py_examples/share/bumperbot_py_examples/hook/ament_prefix_path.dsv'
[10.637s] INFO:colcon.colcon_core.shell:Creating environment hook '/home/aarambh/my_robot_ws/install/bumperbot_py_examples/share/bumperbot_py_examples/hook/ament_prefix_path.sh'
[10.639s] INFO:colcon.colcon_core.shell:Skip shell extension 'powershell' for command environment: Not usable outside of PowerShell
[10.640s] DEBUG:colcon.colcon_core.shell:Skip shell extension 'dsv' for command environment
[12.382s] INFO:colcon.colcon_core.task.python.build:Building Python package in '/home/aarambh/my_robot_ws/src/bumperbot_py_examples'
[12.383s] INFO:colcon.colcon_core.shell:Skip shell extension 'powershell' for command environment: Not usable outside of PowerShell
[12.384s] DEBUG:colcon.colcon_core.shell:Skip shell extension 'dsv' for command environment
[12.418s] DEBUG:colcon.colcon_core.event_handler.log_command:Invoked command in '/home/aarambh/my_robot_ws/build/bumperbot_navigation' returned '0': CMAKE_PREFIX_PATH=/home/aarambh/my_robot_ws/install/bumperbot_planning:/home/aarambh/my_robot_ws/install/bumperbot_utils:/home/aarambh/my_robot_ws/install/bumperbot_navigation:/home/aarambh/my_robot_ws/install/bumperbot_cpp_examples:/home/aarambh/my_robot_ws/install/bumperbot_msgs:/home/aarambh/my_robot_ws/install/bumperbot_motion:/home/aarambh/my_robot_ws/install/bumperbot_bringup:/home/aarambh/my_robot_ws/install/bumperbot_mapping:/home/aarambh/my_robot_ws/install/bumperbot_localization:/home/aarambh/my_robot_ws/install/bumperbot_firmware:/home/aarambh/my_robot_ws/install/bumperbot_description:/home/aarambh/my_robot_ws/install/bumperbot_controller:/home/aarambh/my_robot_ws/install/bumperbot_py_examples:/opt/ros/humble /usr/bin/cmake --build /home/aarambh/my_robot_ws/build/bumperbot_navigation -- -j4 -l4
[12.430s] DEBUG:colcon.colcon_core.event_handler.log_command:Invoking command in '/home/aarambh/my_robot_ws/build/bumperbot_navigation': CMAKE_PREFIX_PATH=/home/aarambh/my_robot_ws/install/bumperbot_planning:/home/aarambh/my_robot_ws/install/bumperbot_utils:/home/aarambh/my_robot_ws/install/bumperbot_navigation:/home/aarambh/my_robot_ws/install/bumperbot_cpp_examples:/home/aarambh/my_robot_ws/install/bumperbot_msgs:/home/aarambh/my_robot_ws/install/bumperbot_motion:/home/aarambh/my_robot_ws/install/bumperbot_bringup:/home/aarambh/my_robot_ws/install/bumperbot_mapping:/home/aarambh/my_robot_ws/install/bumperbot_localization:/home/aarambh/my_robot_ws/install/bumperbot_firmware:/home/aarambh/my_robot_ws/install/bumperbot_description:/home/aarambh/my_robot_ws/install/bumperbot_controller:/home/aarambh/my_robot_ws/install/bumperbot_py_examples:/opt/ros/humble /usr/bin/cmake --install /home/aarambh/my_robot_ws/build/bumperbot_navigation
[12.441s] DEBUG:colcon.colcon_core.event_handler.log_command:Invoked command in '/home/aarambh/my_robot_ws/build/bumperbot_utils' returned '0': CMAKE_PREFIX_PATH=${CMAKE_PREFIX_PATH}:/home/aarambh/my_robot_ws/install/bumperbot_py_examples:/opt/ros/humble /usr/bin/cmake --build /home/aarambh/my_robot_ws/build/bumperbot_utils -- -j4 -l4
[12.443s] DEBUG:colcon.colcon_core.event_handler.log_command:Invoking command in '/home/aarambh/my_robot_ws/build/bumperbot_utils': CMAKE_PREFIX_PATH=${CMAKE_PREFIX_PATH}:/home/aarambh/my_robot_ws/install/bumperbot_py_examples:/opt/ros/humble /usr/bin/cmake --install /home/aarambh/my_robot_ws/build/bumperbot_utils
[12.445s] DEBUG:colcon.colcon_core.event_handler.log_command:Invoked command in '/home/aarambh/my_robot_ws/build/bumperbot_cpp_examples' returned '0': CMAKE_PREFIX_PATH=/home/aarambh/my_robot_ws/install/bumperbot_msgs:/home/aarambh/my_robot_ws/install/bumperbot_utils:/home/aarambh/my_robot_ws/install/bumperbot_navigation:/home/aarambh/my_robot_ws/install/bumperbot_planning:/home/aarambh/my_robot_ws/install/bumperbot_cpp_examples:/home/aarambh/my_robot_ws/install/bumperbot_motion:/home/aarambh/my_robot_ws/install/bumperbot_bringup:/home/aarambh/my_robot_ws/install/bumperbot_mapping:/home/aarambh/my_robot_ws/install/bumperbot_localization:/home/aarambh/my_robot_ws/install/bumperbot_firmware:/home/aarambh/my_robot_ws/install/bumperbot_description:/home/aarambh/my_robot_ws/install/bumperbot_controller:/home/aarambh/my_robot_ws/install/bumperbot_py_examples:/opt/ros/humble LD_LIBRARY_PATH=/home/aarambh/my_robot_ws/install/bumperbot_msgs/lib:/home/aarambh/my_robot_ws/install/bumperbot_planning/lib:/home/aarambh/my_robot_ws/install/bumperbot_cpp_examples/lib:/home/aarambh/my_robot_ws/install/bumperbot_motion/lib:/home/aarambh/my_robot_ws/install/bumperbot_firmware/lib:/opt/ros/humble/opt/rviz_ogre_vendor/lib:/opt/ros/humble/lib/aarch64-linux-gnu:/opt/ros/humble/lib /usr/bin/cmake --build /home/aarambh/my_robot_ws/build/bumperbot_cpp_examples -- -j4 -l4
[12.455s] DEBUG:colcon.colcon_core.event_handler.log_command:Invoking command in '/home/aarambh/my_robot_ws/build/bumperbot_cpp_examples': CMAKE_PREFIX_PATH=/home/aarambh/my_robot_ws/install/bumperbot_msgs:/home/aarambh/my_robot_ws/install/bumperbot_utils:/home/aarambh/my_robot_ws/install/bumperbot_navigation:/home/aarambh/my_robot_ws/install/bumperbot_planning:/home/aarambh/my_robot_ws/install/bumperbot_cpp_examples:/home/aarambh/my_robot_ws/install/bumperbot_motion:/home/aarambh/my_robot_ws/install/bumperbot_bringup:/home/aarambh/my_robot_ws/install/bumperbot_mapping:/home/aarambh/my_robot_ws/install/bumperbot_localization:/home/aarambh/my_robot_ws/install/bumperbot_firmware:/home/aarambh/my_robot_ws/install/bumperbot_description:/home/aarambh/my_robot_ws/install/bumperbot_controller:/home/aarambh/my_robot_ws/install/bumperbot_py_examples:/opt/ros/humble LD_LIBRARY_PATH=/home/aarambh/my_robot_ws/install/bumperbot_msgs/lib:/home/aarambh/my_robot_ws/install/bumperbot_planning/lib:/home/aarambh/my_robot_ws/install/bumperbot_cpp_examples/lib:/home/aarambh/my_robot_ws/install/bumperbot_motion/lib:/home/aarambh/my_robot_ws/install/bumperbot_firmware/lib:/opt/ros/humble/opt/rviz_ogre_vendor/lib:/opt/ros/humble/lib/aarch64-linux-gnu:/opt/ros/humble/lib /usr/bin/cmake --install /home/aarambh/my_robot_ws/build/bumperbot_cpp_examples
[12.491s] Level 1:colcon.colcon_core.environment:create_environment_scripts_only(bumperbot_navigation)
[12.493s] Level 1:colcon.colcon_core.environment:checking '/home/aarambh/my_robot_ws/install/bumperbot_navigation' for CMake module files
[12.499s] Level 1:colcon.colcon_core.environment:checking '/home/aarambh/my_robot_ws/install/bumperbot_navigation' for CMake config files
[12.510s] Level 1:colcon.colcon_core.shell:create_environment_hook('bumperbot_navigation', 'cmake_prefix_path')
[12.511s] INFO:colcon.colcon_core.shell:Creating environment hook '/home/aarambh/my_robot_ws/install/bumperbot_navigation/share/bumperbot_navigation/hook/cmake_prefix_path.ps1'
[12.517s] DEBUG:colcon.colcon_core.event_handler.log_command:Invoked command in '/home/aarambh/my_robot_ws/build/bumperbot_navigation' returned '0': CMAKE_PREFIX_PATH=/home/aarambh/my_robot_ws/install/bumperbot_planning:/home/aarambh/my_robot_ws/install/bumperbot_utils:/home/aarambh/my_robot_ws/install/bumperbot_navigation:/home/aarambh/my_robot_ws/install/bumperbot_cpp_examples:/home/aarambh/my_robot_ws/install/bumperbot_msgs:/home/aarambh/my_robot_ws/install/bumperbot_motion:/home/aarambh/my_robot_ws/install/bumperbot_bringup:/home/aarambh/my_robot_ws/install/bumperbot_mapping:/home/aarambh/my_robot_ws/install/bumperbot_localization:/home/aarambh/my_robot_ws/install/bumperbot_firmware:/home/aarambh/my_robot_ws/install/bumperbot_description:/home/aarambh/my_robot_ws/install/bumperbot_controller:/home/aarambh/my_robot_ws/install/bumperbot_py_examples:/opt/ros/humble /usr/bin/cmake --install /home/aarambh/my_robot_ws/build/bumperbot_navigation
[12.519s] INFO:colcon.colcon_core.shell:Creating environment descriptor '/home/aarambh/my_robot_ws/install/bumperbot_navigation/share/bumperbot_navigation/hook/cmake_prefix_path.dsv'
[12.522s] INFO:colcon.colcon_core.shell:Creating environment hook '/home/aarambh/my_robot_ws/install/bumperbot_navigation/share/bumperbot_navigation/hook/cmake_prefix_path.sh'
[12.535s] Level 1:colcon.colcon_core.environment:checking '/home/aarambh/my_robot_ws/install/bumperbot_navigation/bin'
[12.536s] Level 1:colcon.colcon_core.environment:checking '/home/aarambh/my_robot_ws/install/bumperbot_navigation/lib/pkgconfig/bumperbot_navigation.pc'
[12.537s] Level 1:colcon.colcon_core.environment:checking '/home/aarambh/my_robot_ws/install/bumperbot_navigation/lib/python3.10/site-packages'
[12.538s] Level 1:colcon.colcon_core.environment:checking '/home/aarambh/my_robot_ws/install/bumperbot_navigation/bin'
[12.540s] INFO:colcon.colcon_core.shell:Creating package script '/home/aarambh/my_robot_ws/install/bumperbot_navigation/share/bumperbot_navigation/package.ps1'
[12.550s] INFO:colcon.colcon_core.shell:Creating package descriptor '/home/aarambh/my_robot_ws/install/bumperbot_navigation/share/bumperbot_navigation/package.dsv'
[12.557s] INFO:colcon.colcon_core.shell:Creating package script '/home/aarambh/my_robot_ws/install/bumperbot_navigation/share/bumperbot_navigation/package.sh'
[12.567s] INFO:colcon.colcon_core.shell:Creating package script '/home/aarambh/my_robot_ws/install/bumperbot_navigation/share/bumperbot_navigation/package.bash'
[12.572s] INFO:colcon.colcon_core.shell:Creating package script '/home/aarambh/my_robot_ws/install/bumperbot_navigation/share/bumperbot_navigation/package.zsh'
[12.576s] Level 1:colcon.colcon_core.environment:create_file_with_runtime_dependencies(/home/aarambh/my_robot_ws/install/bumperbot_navigation/share/colcon-core/packages/bumperbot_navigation)
[12.582s] Level 1:colcon.colcon_core.environment:create_environment_scripts_only(bumperbot_navigation)
[12.584s] Level 1:colcon.colcon_core.environment:checking '/home/aarambh/my_robot_ws/install/bumperbot_navigation' for CMake module files
[12.587s] Level 1:colcon.colcon_core.environment:checking '/home/aarambh/my_robot_ws/install/bumperbot_navigation' for CMake config files
[12.589s] Level 1:colcon.colcon_core.shell:create_environment_hook('bumperbot_navigation', 'cmake_prefix_path')
[12.590s] INFO:colcon.colcon_core.shell:Creating environment hook '/home/aarambh/my_robot_ws/install/bumperbot_navigation/share/bumperbot_navigation/hook/cmake_prefix_path.ps1'
[12.593s] INFO:colcon.colcon_core.shell:Creating environment descriptor '/home/aarambh/my_robot_ws/install/bumperbot_navigation/share/bumperbot_navigation/hook/cmake_prefix_path.dsv'
[12.596s] INFO:colcon.colcon_core.shell:Creating environment hook '/home/aarambh/my_robot_ws/install/bumperbot_navigation/share/bumperbot_navigation/hook/cmake_prefix_path.sh'
[12.601s] Level 1:colcon.colcon_core.environment:checking '/home/aarambh/my_robot_ws/install/bumperbot_navigation/bin'
[12.601s] Level 1:colcon.colcon_core.environment:checking '/home/aarambh/my_robot_ws/install/bumperbot_navigation/lib/pkgconfig/bumperbot_navigation.pc'
[12.603s] Level 1:colcon.colcon_core.environment:checking '/home/aarambh/my_robot_ws/install/bumperbot_navigation/lib/python3.10/site-packages'
[12.605s] Level 1:colcon.colcon_core.environment:checking '/home/aarambh/my_robot_ws/install/bumperbot_navigation/bin'
[12.606s] INFO:colcon.colcon_core.shell:Creating package script '/home/aarambh/my_robot_ws/install/bumperbot_navigation/share/bumperbot_navigation/package.ps1'
[12.609s] INFO:colcon.colcon_core.shell:Creating package descriptor '/home/aarambh/my_robot_ws/install/bumperbot_navigation/share/bumperbot_navigation/package.dsv'
[12.612s] INFO:colcon.colcon_core.shell:Creating package script '/home/aarambh/my_robot_ws/install/bumperbot_navigation/share/bumperbot_navigation/package.sh'
[12.615s] INFO:colcon.colcon_core.shell:Creating package script '/home/aarambh/my_robot_ws/install/bumperbot_navigation/share/bumperbot_navigation/package.bash'
[12.617s] INFO:colcon.colcon_core.shell:Creating package script '/home/aarambh/my_robot_ws/install/bumperbot_navigation/share/bumperbot_navigation/package.zsh'
[12.620s] Level 1:colcon.colcon_core.environment:create_file_with_runtime_dependencies(/home/aarambh/my_robot_ws/install/bumperbot_navigation/share/colcon-core/packages/bumperbot_navigation)
[12.627s] Level 1:colcon.colcon_core.environment:create_environment_scripts_only(bumperbot_cpp_examples)
[12.628s] Level 1:colcon.colcon_core.environment:checking '/home/aarambh/my_robot_ws/install/bumperbot_cpp_examples' for CMake module files
[12.630s] DEBUG:colcon.colcon_core.event_handler.log_command:Invoked command in '/home/aarambh/my_robot_ws/build/bumperbot_cpp_examples' returned '0': CMAKE_PREFIX_PATH=/home/aarambh/my_robot_ws/install/bumperbot_msgs:/home/aarambh/my_robot_ws/install/bumperbot_utils:/home/aarambh/my_robot_ws/install/bumperbot_navigation:/home/aarambh/my_robot_ws/install/bumperbot_planning:/home/aarambh/my_robot_ws/install/bumperbot_cpp_examples:/home/aarambh/my_robot_ws/install/bumperbot_motion:/home/aarambh/my_robot_ws/install/bumperbot_bringup:/home/aarambh/my_robot_ws/install/bumperbot_mapping:/home/aarambh/my_robot_ws/install/bumperbot_localization:/home/aarambh/my_robot_ws/install/bumperbot_firmware:/home/aarambh/my_robot_ws/install/bumperbot_description:/home/aarambh/my_robot_ws/install/bumperbot_controller:/home/aarambh/my_robot_ws/install/bumperbot_py_examples:/opt/ros/humble LD_LIBRARY_PATH=/home/aarambh/my_robot_ws/install/bumperbot_msgs/lib:/home/aarambh/my_robot_ws/install/bumperbot_planning/lib:/home/aarambh/my_robot_ws/install/bumperbot_cpp_examples/lib:/home/aarambh/my_robot_ws/install/bumperbot_motion/lib:/home/aarambh/my_robot_ws/install/bumperbot_firmware/lib:/opt/ros/humble/opt/rviz_ogre_vendor/lib:/opt/ros/humble/lib/aarch64-linux-gnu:/opt/ros/humble/lib /usr/bin/cmake --install /home/aarambh/my_robot_ws/build/bumperbot_cpp_examples
[12.634s] Level 1:colcon.colcon_core.environment:checking '/home/aarambh/my_robot_ws/install/bumperbot_cpp_examples' for CMake config files
[12.636s] Level 1:colcon.colcon_core.shell:create_environment_hook('bumperbot_cpp_examples', 'cmake_prefix_path')
[12.638s] INFO:colcon.colcon_core.shell:Creating environment hook '/home/aarambh/my_robot_ws/install/bumperbot_cpp_examples/share/bumperbot_cpp_examples/hook/cmake_prefix_path.ps1'
[12.640s] INFO:colcon.colcon_core.shell:Creating environment descriptor '/home/aarambh/my_robot_ws/install/bumperbot_cpp_examples/share/bumperbot_cpp_examples/hook/cmake_prefix_path.dsv'
[12.643s] INFO:colcon.colcon_core.shell:Creating environment hook '/home/aarambh/my_robot_ws/install/bumperbot_cpp_examples/share/bumperbot_cpp_examples/hook/cmake_prefix_path.sh'
[12.648s] Level 1:colcon.colcon_core.environment:checking '/home/aarambh/my_robot_ws/install/bumperbot_cpp_examples/lib'
[12.648s] Level 1:colcon.colcon_core.shell:create_environment_hook('bumperbot_cpp_examples', 'ld_library_path_lib')
[12.649s] INFO:colcon.colcon_core.shell:Creating environment hook '/home/aarambh/my_robot_ws/install/bumperbot_cpp_examples/share/bumperbot_cpp_examples/hook/ld_library_path_lib.ps1'
[12.652s] INFO:colcon.colcon_core.shell:Creating environment descriptor '/home/aarambh/my_robot_ws/install/bumperbot_cpp_examples/share/bumperbot_cpp_examples/hook/ld_library_path_lib.dsv'
[12.654s] INFO:colcon.colcon_core.shell:Creating environment hook '/home/aarambh/my_robot_ws/install/bumperbot_cpp_examples/share/bumperbot_cpp_examples/hook/ld_library_path_lib.sh'
[12.657s] Level 1:colcon.colcon_core.environment:checking '/home/aarambh/my_robot_ws/install/bumperbot_cpp_examples/bin'
[12.658s] Level 1:colcon.colcon_core.environment:checking '/home/aarambh/my_robot_ws/install/bumperbot_cpp_examples/lib/pkgconfig/bumperbot_cpp_examples.pc'
[12.659s] Level 1:colcon.colcon_core.environment:checking '/home/aarambh/my_robot_ws/install/bumperbot_cpp_examples/lib/python3.10/site-packages'
[12.661s] Level 1:colcon.colcon_core.environment:checking '/home/aarambh/my_robot_ws/install/bumperbot_cpp_examples/bin'
[12.662s] INFO:colcon.colcon_core.shell:Creating package script '/home/aarambh/my_robot_ws/install/bumperbot_cpp_examples/share/bumperbot_cpp_examples/package.ps1'
[12.665s] INFO:colcon.colcon_core.shell:Creating package descriptor '/home/aarambh/my_robot_ws/install/bumperbot_cpp_examples/share/bumperbot_cpp_examples/package.dsv'
[12.668s] INFO:colcon.colcon_core.shell:Creating package script '/home/aarambh/my_robot_ws/install/bumperbot_cpp_examples/share/bumperbot_cpp_examples/package.sh'
[12.671s] INFO:colcon.colcon_core.shell:Creating package script '/home/aarambh/my_robot_ws/install/bumperbot_cpp_examples/share/bumperbot_cpp_examples/package.bash'
[12.674s] INFO:colcon.colcon_core.shell:Creating package script '/home/aarambh/my_robot_ws/install/bumperbot_cpp_examples/share/bumperbot_cpp_examples/package.zsh'
[12.676s] Level 1:colcon.colcon_core.environment:create_file_with_runtime_dependencies(/home/aarambh/my_robot_ws/install/bumperbot_cpp_examples/share/colcon-core/packages/bumperbot_cpp_examples)
[12.680s] Level 1:colcon.colcon_core.environment:create_environment_scripts_only(bumperbot_cpp_examples)
[12.682s] Level 1:colcon.colcon_core.environment:checking '/home/aarambh/my_robot_ws/install/bumperbot_cpp_examples' for CMake module files
[12.686s] Level 1:colcon.colcon_core.environment:checking '/home/aarambh/my_robot_ws/install/bumperbot_cpp_examples' for CMake config files
[12.688s] Level 1:colcon.colcon_core.shell:create_environment_hook('bumperbot_cpp_examples', 'cmake_prefix_path')
[12.690s] INFO:colcon.colcon_core.shell:Creating environment hook '/home/aarambh/my_robot_ws/install/bumperbot_cpp_examples/share/bumperbot_cpp_examples/hook/cmake_prefix_path.ps1'
[12.692s] INFO:colcon.colcon_core.shell:Creating environment descriptor '/home/aarambh/my_robot_ws/install/bumperbot_cpp_examples/share/bumperbot_cpp_examples/hook/cmake_prefix_path.dsv'
[12.695s] INFO:colcon.colcon_core.shell:Creating environment hook '/home/aarambh/my_robot_ws/install/bumperbot_cpp_examples/share/bumperbot_cpp_examples/hook/cmake_prefix_path.sh'
[12.698s] Level 1:colcon.colcon_core.environment:checking '/home/aarambh/my_robot_ws/install/bumperbot_cpp_examples/lib'
[12.699s] Level 1:colcon.colcon_core.shell:create_environment_hook('bumperbot_cpp_examples', 'ld_library_path_lib')
[12.700s] INFO:colcon.colcon_core.shell:Creating environment hook '/home/aarambh/my_robot_ws/install/bumperbot_cpp_examples/share/bumperbot_cpp_examples/hook/ld_library_path_lib.ps1'
[12.702s] INFO:colcon.colcon_core.shell:Creating environment descriptor '/home/aarambh/my_robot_ws/install/bumperbot_cpp_examples/share/bumperbot_cpp_examples/hook/ld_library_path_lib.dsv'
[12.705s] INFO:colcon.colcon_core.shell:Creating environment hook '/home/aarambh/my_robot_ws/install/bumperbot_cpp_examples/share/bumperbot_cpp_examples/hook/ld_library_path_lib.sh'
[12.707s] Level 1:colcon.colcon_core.environment:checking '/home/aarambh/my_robot_ws/install/bumperbot_cpp_examples/bin'
[12.708s] Level 1:colcon.colcon_core.environment:checking '/home/aarambh/my_robot_ws/install/bumperbot_cpp_examples/lib/pkgconfig/bumperbot_cpp_examples.pc'
[12.709s] Level 1:colcon.colcon_core.environment:checking '/home/aarambh/my_robot_ws/install/bumperbot_cpp_examples/lib/python3.10/site-packages'
[12.711s] Level 1:colcon.colcon_core.environment:checking '/home/aarambh/my_robot_ws/install/bumperbot_cpp_examples/bin'
[12.712s] INFO:colcon.colcon_core.shell:Creating package script '/home/aarambh/my_robot_ws/install/bumperbot_cpp_examples/share/bumperbot_cpp_examples/package.ps1'
[12.720s] INFO:colcon.colcon_core.shell:Creating package descriptor '/home/aarambh/my_robot_ws/install/bumperbot_cpp_examples/share/bumperbot_cpp_examples/package.dsv'
[12.727s] INFO:colcon.colcon_core.shell:Creating package script '/home/aarambh/my_robot_ws/install/bumperbot_cpp_examples/share/bumperbot_cpp_examples/package.sh'
[12.732s] INFO:colcon.colcon_core.shell:Creating package script '/home/aarambh/my_robot_ws/install/bumperbot_cpp_examples/share/bumperbot_cpp_examples/package.bash'
[12.737s] INFO:colcon.colcon_core.shell:Creating package script '/home/aarambh/my_robot_ws/install/bumperbot_cpp_examples/share/bumperbot_cpp_examples/package.zsh'
[12.740s] Level 1:colcon.colcon_core.environment:create_file_with_runtime_dependencies(/home/aarambh/my_robot_ws/install/bumperbot_cpp_examples/share/colcon-core/packages/bumperbot_cpp_examples)
[12.766s] Level 1:colcon.colcon_core.environment:create_environment_scripts_only(bumperbot_utils)
[12.768s] Level 1:colcon.colcon_core.environment:checking '/home/aarambh/my_robot_ws/install/bumperbot_utils' for CMake module files
[12.769s] DEBUG:colcon.colcon_core.event_handler.log_command:Invoked command in '/home/aarambh/my_robot_ws/build/bumperbot_utils' returned '0': CMAKE_PREFIX_PATH=${CMAKE_PREFIX_PATH}:/home/aarambh/my_robot_ws/install/bumperbot_py_examples:/opt/ros/humble /usr/bin/cmake --install /home/aarambh/my_robot_ws/build/bumperbot_utils
[12.772s] Level 1:colcon.colcon_core.environment:checking '/home/aarambh/my_robot_ws/install/bumperbot_utils' for CMake config files
[12.775s] Level 1:colcon.colcon_core.shell:create_environment_hook('bumperbot_utils', 'cmake_prefix_path')
[12.776s] INFO:colcon.colcon_core.shell:Creating environment hook '/home/aarambh/my_robot_ws/install/bumperbot_utils/share/bumperbot_utils/hook/cmake_prefix_path.ps1'
[12.778s] INFO:colcon.colcon_core.shell:Creating environment descriptor '/home/aarambh/my_robot_ws/install/bumperbot_utils/share/bumperbot_utils/hook/cmake_prefix_path.dsv'
[12.780s] INFO:colcon.colcon_core.shell:Creating environment hook '/home/aarambh/my_robot_ws/install/bumperbot_utils/share/bumperbot_utils/hook/cmake_prefix_path.sh'
[12.783s] Level 1:colcon.colcon_core.environment:checking '/home/aarambh/my_robot_ws/install/bumperbot_utils/lib'
[12.784s] Level 1:colcon.colcon_core.environment:checking '/home/aarambh/my_robot_ws/install/bumperbot_utils/bin'
[12.784s] Level 1:colcon.colcon_core.environment:checking '/home/aarambh/my_robot_ws/install/bumperbot_utils/lib/pkgconfig/bumperbot_utils.pc'
[12.785s] Level 1:colcon.colcon_core.environment:checking '/home/aarambh/my_robot_ws/install/bumperbot_utils/lib/python3.10/site-packages'
[12.787s] Level 1:colcon.colcon_core.environment:checking '/home/aarambh/my_robot_ws/install/bumperbot_utils/bin'
[12.788s] INFO:colcon.colcon_core.shell:Creating package script '/home/aarambh/my_robot_ws/install/bumperbot_utils/share/bumperbot_utils/package.ps1'
[12.791s] INFO:colcon.colcon_core.shell:Creating package descriptor '/home/aarambh/my_robot_ws/install/bumperbot_utils/share/bumperbot_utils/package.dsv'
[12.793s] INFO:colcon.colcon_core.shell:Creating package script '/home/aarambh/my_robot_ws/install/bumperbot_utils/share/bumperbot_utils/package.sh'
[12.795s] INFO:colcon.colcon_core.shell:Creating package script '/home/aarambh/my_robot_ws/install/bumperbot_utils/share/bumperbot_utils/package.bash'
[12.798s] INFO:colcon.colcon_core.shell:Creating package script '/home/aarambh/my_robot_ws/install/bumperbot_utils/share/bumperbot_utils/package.zsh'
[12.800s] Level 1:colcon.colcon_core.environment:create_file_with_runtime_dependencies(/home/aarambh/my_robot_ws/install/bumperbot_utils/share/colcon-core/packages/bumperbot_utils)
[12.803s] Level 1:colcon.colcon_core.environment:create_environment_scripts_only(bumperbot_utils)
[12.804s] Level 1:colcon.colcon_core.environment:checking '/home/aarambh/my_robot_ws/install/bumperbot_utils' for CMake module files
[12.807s] Level 1:colcon.colcon_core.environment:checking '/home/aarambh/my_robot_ws/install/bumperbot_utils' for CMake config files
[12.810s] Level 1:colcon.colcon_core.shell:create_environment_hook('bumperbot_utils', 'cmake_prefix_path')
[12.811s] INFO:colcon.colcon_core.shell:Creating environment hook '/home/aarambh/my_robot_ws/install/bumperbot_utils/share/bumperbot_utils/hook/cmake_prefix_path.ps1'
[12.813s] INFO:colcon.colcon_core.shell:Creating environment descriptor '/home/aarambh/my_robot_ws/install/bumperbot_utils/share/bumperbot_utils/hook/cmake_prefix_path.dsv'
[12.815s] INFO:colcon.colcon_core.shell:Creating environment hook '/home/aarambh/my_robot_ws/install/bumperbot_utils/share/bumperbot_utils/hook/cmake_prefix_path.sh'
[12.818s] Level 1:colcon.colcon_core.environment:checking '/home/aarambh/my_robot_ws/install/bumperbot_utils/lib'
[12.819s] Level 1:colcon.colcon_core.environment:checking '/home/aarambh/my_robot_ws/install/bumperbot_utils/bin'
[12.820s] Level 1:colcon.colcon_core.environment:checking '/home/aarambh/my_robot_ws/install/bumperbot_utils/lib/pkgconfig/bumperbot_utils.pc'
[12.821s] Level 1:colcon.colcon_core.environment:checking '/home/aarambh/my_robot_ws/install/bumperbot_utils/lib/python3.10/site-packages'
[12.822s] Level 1:colcon.colcon_core.environment:checking '/home/aarambh/my_robot_ws/install/bumperbot_utils/bin'
[12.824s] INFO:colcon.colcon_core.shell:Creating package script '/home/aarambh/my_robot_ws/install/bumperbot_utils/share/bumperbot_utils/package.ps1'
[12.827s] INFO:colcon.colcon_core.shell:Creating package descriptor '/home/aarambh/my_robot_ws/install/bumperbot_utils/share/bumperbot_utils/package.dsv'
[12.830s] INFO:colcon.colcon_core.shell:Creating package script '/home/aarambh/my_robot_ws/install/bumperbot_utils/share/bumperbot_utils/package.sh'
[12.832s] INFO:colcon.colcon_core.shell:Creating package script '/home/aarambh/my_robot_ws/install/bumperbot_utils/share/bumperbot_utils/package.bash'
[12.835s] INFO:colcon.colcon_core.shell:Creating package script '/home/aarambh/my_robot_ws/install/bumperbot_utils/share/bumperbot_utils/package.zsh'
[12.839s] Level 1:colcon.colcon_core.environment:create_file_with_runtime_dependencies(/home/aarambh/my_robot_ws/install/bumperbot_utils/share/colcon-core/packages/bumperbot_utils)
[14.292s] DEBUG:colcon.colcon_core.event_handler.log_command:Invoking command in '/home/aarambh/my_robot_ws/src/bumperbot_py_examples': CMAKE_PREFIX_PATH=/home/aarambh/my_robot_ws/install/bumperbot_msgs:/home/aarambh/my_robot_ws/install/bumperbot_utils:/home/aarambh/my_robot_ws/install/bumperbot_navigation:/home/aarambh/my_robot_ws/install/bumperbot_planning:/home/aarambh/my_robot_ws/install/bumperbot_cpp_examples:/home/aarambh/my_robot_ws/install/bumperbot_motion:/home/aarambh/my_robot_ws/install/bumperbot_bringup:/home/aarambh/my_robot_ws/install/bumperbot_mapping:/home/aarambh/my_robot_ws/install/bumperbot_localization:/home/aarambh/my_robot_ws/install/bumperbot_firmware:/home/aarambh/my_robot_ws/install/bumperbot_description:/home/aarambh/my_robot_ws/install/bumperbot_controller LD_LIBRARY_PATH=/home/aarambh/my_robot_ws/install/bumperbot_msgs/lib:/home/aarambh/my_robot_ws/install/bumperbot_planning/lib:/home/aarambh/my_robot_ws/install/bumperbot_cpp_examples/lib:/home/aarambh/my_robot_ws/install/bumperbot_motion/lib:/home/aarambh/my_robot_ws/install/bumperbot_firmware/lib:/opt/ros/humble/opt/rviz_ogre_vendor/lib:/opt/ros/humble/lib/aarch64-linux-gnu:/opt/ros/humble/lib PYTHONPATH=/home/aarambh/my_robot_ws/build/bumperbot_py_examples/prefix_override:/usr/lib/python3/dist-packages/colcon_core/task/python/colcon_distutils_commands:/home/aarambh/my_robot_ws/install/bumperbot_py_examples/lib/python3.10/site-packages:${PYTHONPATH} /usr/bin/python3 -W ignore:setup.py install is deprecated -W ignore:easy_install command is deprecated setup.py egg_info --egg-base ../../build/bumperbot_py_examples build --build-base /home/aarambh/my_robot_ws/build/bumperbot_py_examples/build install --record /home/aarambh/my_robot_ws/build/bumperbot_py_examples/install.log --single-version-externally-managed install_data
[15.780s] Level 1:colcon.colcon_core.environment:checking '/home/aarambh/my_robot_ws/install/bumperbot_py_examples' for CMake module files
[15.781s] DEBUG:colcon.colcon_core.event_handler.log_command:Invoked command in '/home/aarambh/my_robot_ws/src/bumperbot_py_examples' returned '0': CMAKE_PREFIX_PATH=/home/aarambh/my_robot_ws/install/bumperbot_msgs:/home/aarambh/my_robot_ws/install/bumperbot_utils:/home/aarambh/my_robot_ws/install/bumperbot_navigation:/home/aarambh/my_robot_ws/install/bumperbot_planning:/home/aarambh/my_robot_ws/install/bumperbot_cpp_examples:/home/aarambh/my_robot_ws/install/bumperbot_motion:/home/aarambh/my_robot_ws/install/bumperbot_bringup:/home/aarambh/my_robot_ws/install/bumperbot_mapping:/home/aarambh/my_robot_ws/install/bumperbot_localization:/home/aarambh/my_robot_ws/install/bumperbot_firmware:/home/aarambh/my_robot_ws/install/bumperbot_description:/home/aarambh/my_robot_ws/install/bumperbot_controller LD_LIBRARY_PATH=/home/aarambh/my_robot_ws/install/bumperbot_msgs/lib:/home/aarambh/my_robot_ws/install/bumperbot_planning/lib:/home/aarambh/my_robot_ws/install/bumperbot_cpp_examples/lib:/home/aarambh/my_robot_ws/install/bumperbot_motion/lib:/home/aarambh/my_robot_ws/install/bumperbot_firmware/lib:/opt/ros/humble/opt/rviz_ogre_vendor/lib:/opt/ros/humble/lib/aarch64-linux-gnu:/opt/ros/humble/lib PYTHONPATH=/home/aarambh/my_robot_ws/build/bumperbot_py_examples/prefix_override:/usr/lib/python3/dist-packages/colcon_core/task/python/colcon_distutils_commands:/home/aarambh/my_robot_ws/install/bumperbot_py_examples/lib/python3.10/site-packages:${PYTHONPATH} /usr/bin/python3 -W ignore:setup.py install is deprecated -W ignore:easy_install command is deprecated setup.py egg_info --egg-base ../../build/bumperbot_py_examples build --build-base /home/aarambh/my_robot_ws/build/bumperbot_py_examples/build install --record /home/aarambh/my_robot_ws/build/bumperbot_py_examples/install.log --single-version-externally-managed install_data
[15.784s] Level 1:colcon.colcon_core.environment:checking '/home/aarambh/my_robot_ws/install/bumperbot_py_examples' for CMake config files
[15.788s] Level 1:colcon.colcon_core.environment:checking '/home/aarambh/my_robot_ws/install/bumperbot_py_examples/lib'
[15.789s] Level 1:colcon.colcon_core.environment:checking '/home/aarambh/my_robot_ws/install/bumperbot_py_examples/bin'
[15.789s] Level 1:colcon.colcon_core.environment:checking '/home/aarambh/my_robot_ws/install/bumperbot_py_examples/lib/pkgconfig/bumperbot_py_examples.pc'
[15.790s] Level 1:colcon.colcon_core.environment:checking '/home/aarambh/my_robot_ws/install/bumperbot_py_examples/lib/python3.10/site-packages'
[15.791s] Level 1:colcon.colcon_core.shell:create_environment_hook('bumperbot_py_examples', 'pythonpath')
[15.792s] INFO:colcon.colcon_core.shell:Creating environment hook '/home/aarambh/my_robot_ws/install/bumperbot_py_examples/share/bumperbot_py_examples/hook/pythonpath.ps1'
[15.794s] INFO:colcon.colcon_core.shell:Creating environment descriptor '/home/aarambh/my_robot_ws/install/bumperbot_py_examples/share/bumperbot_py_examples/hook/pythonpath.dsv'
[15.797s] INFO:colcon.colcon_core.shell:Creating environment hook '/home/aarambh/my_robot_ws/install/bumperbot_py_examples/share/bumperbot_py_examples/hook/pythonpath.sh'
[15.800s] Level 1:colcon.colcon_core.environment:checking '/home/aarambh/my_robot_ws/install/bumperbot_py_examples/bin'
[15.800s] Level 1:colcon.colcon_core.environment:create_environment_scripts_only(bumperbot_py_examples)
[15.802s] INFO:colcon.colcon_core.shell:Creating package script '/home/aarambh/my_robot_ws/install/bumperbot_py_examples/share/bumperbot_py_examples/package.ps1'
[15.804s] INFO:colcon.colcon_core.shell:Creating package descriptor '/home/aarambh/my_robot_ws/install/bumperbot_py_examples/share/bumperbot_py_examples/package.dsv'
[15.806s] INFO:colcon.colcon_core.shell:Creating package script '/home/aarambh/my_robot_ws/install/bumperbot_py_examples/share/bumperbot_py_examples/package.sh'
[15.808s] INFO:colcon.colcon_core.shell:Creating package script '/home/aarambh/my_robot_ws/install/bumperbot_py_examples/share/bumperbot_py_examples/package.bash'
[15.810s] INFO:colcon.colcon_core.shell:Creating package script '/home/aarambh/my_robot_ws/install/bumperbot_py_examples/share/bumperbot_py_examples/package.zsh'
[15.812s] Level 1:colcon.colcon_core.environment:create_file_with_runtime_dependencies(/home/aarambh/my_robot_ws/install/bumperbot_py_examples/share/colcon-core/packages/bumperbot_py_examples)
[15.813s] DEBUG:colcon.colcon_parallel_executor.executor.parallel:closing loop
[15.814s] DEBUG:colcon.colcon_parallel_executor.executor.parallel:loop closed
[15.815s] DEBUG:colcon.colcon_parallel_executor.executor.parallel:run_until_complete finished with '0'
[15.815s] DEBUG:colcon.colcon_core.event_reactor:joining thread
[15.841s] INFO:colcon.colcon_core.plugin_system:Skipping extension 'colcon_notification.desktop_notification.terminal_notifier': Not used on non-Darwin systems
[15.841s] INFO:colcon.colcon_core.plugin_system:Skipping extension 'colcon_notification.desktop_notification.win32': Not used on non-Windows systems
[15.841s] INFO:colcon.colcon_notification.desktop_notification:Sending desktop notification using 'notify2'
[15.846s] DEBUG:colcon.colcon_notification.desktop_notification.notify2:Failed to initialize notify2: org.freedesktop.DBus.Error.ServiceUnknown: The name org.freedesktop.Notifications was not provided by any .service files
[15.847s] DEBUG:colcon.colcon_core.event_reactor:joined thread
[15.848s] INFO:colcon.colcon_core.shell:Creating prefix script '/home/aarambh/my_robot_ws/install/local_setup.ps1'
[15.851s] INFO:colcon.colcon_core.shell:Creating prefix util module '/home/aarambh/my_robot_ws/install/_local_setup_util_ps1.py'
[15.858s] INFO:colcon.colcon_core.shell:Creating prefix chain script '/home/aarambh/my_robot_ws/install/setup.ps1'
[15.867s] INFO:colcon.colcon_core.shell:Creating prefix script '/home/aarambh/my_robot_ws/install/local_setup.sh'
[15.870s] INFO:colcon.colcon_core.shell:Creating prefix util module '/home/aarambh/my_robot_ws/install/_local_setup_util_sh.py'
[15.873s] INFO:colcon.colcon_core.shell:Creating prefix chain script '/home/aarambh/my_robot_ws/install/setup.sh'
[15.881s] INFO:colcon.colcon_core.shell:Creating prefix script '/home/aarambh/my_robot_ws/install/local_setup.bash'
[15.884s] INFO:colcon.colcon_core.shell:Creating prefix chain script '/home/aarambh/my_robot_ws/install/setup.bash'
[15.892s] INFO:colcon.colcon_core.shell:Creating prefix script '/home/aarambh/my_robot_ws/install/local_setup.zsh'
[15.894s] INFO:colcon.colcon_core.shell:Creating prefix chain script '/home/aarambh/my_robot_ws/install/setup.zsh'
