[0.123s] Invoking command in '/home/aarambh/my_robot_ws/build/bumperbot_description': CMAKE_PREFIX_PATH=${CMAKE_PREFIX_PATH}:/home/aarambh/my_robot_ws/install/bumperbot_py_examples:/opt/ros/humble /usr/bin/cmake --build /home/aarambh/my_robot_ws/build/bumperbot_description -- -j4 -l4
[0.369s] Invoked command in '/home/aarambh/my_robot_ws/build/bumperbot_description' returned '0': CMAKE_PREFIX_PATH=${CMAKE_PREFIX_PATH}:/home/aarambh/my_robot_ws/install/bumperbot_py_examples:/opt/ros/humble /usr/bin/cmake --build /home/aarambh/my_robot_ws/build/bumperbot_description -- -j4 -l4
[0.482s] Invoking command in '/home/aarambh/my_robot_ws/build/bumperbot_description': CMAKE_PREFIX_PATH=${CMAKE_PREFIX_PATH}:/home/aarambh/my_robot_ws/install/bumperbot_py_examples:/opt/ros/humble /usr/bin/cmake --install /home/aarambh/my_robot_ws/build/bumperbot_description
[0.599s] -- Install configuration: ""
[0.603s] -- Up-to-date: /home/aarambh/my_robot_ws/install/bumperbot_description/share/bumperbot_description/launch
[0.604s] -- Up-to-date: /home/aarambh/my_robot_ws/install/bumperbot_description/share/bumperbot_description/launch/display.launch.py
[0.605s] -- Up-to-date: /home/aarambh/my_robot_ws/install/bumperbot_description/share/bumperbot_description/launch/gazebo.launch.py
[0.614s] -- Up-to-date: /home/aarambh/my_robot_ws/install/bumperbot_description/share/bumperbot_description/meshes
[0.615s] -- Up-to-date: /home/aarambh/my_robot_ws/install/bumperbot_description/share/bumperbot_description/meshes/caster_front_link.STL
[0.617s] -- Up-to-date: /home/aarambh/my_robot_ws/install/bumperbot_description/share/bumperbot_description/meshes/caster_rear_link.STL
[0.618s] -- Up-to-date: /home/aarambh/my_robot_ws/install/bumperbot_description/share/bumperbot_description/meshes/wheel_left_link.STL
[0.620s] -- Up-to-date: /home/aarambh/my_robot_ws/install/bumperbot_description/share/bumperbot_description/meshes/base_link.STL
[0.621s] -- Up-to-date: /home/aarambh/my_robot_ws/install/bumperbot_description/share/bumperbot_description/meshes/wheel_right_link.STL
[0.622s] -- Up-to-date: /home/aarambh/my_robot_ws/install/bumperbot_description/share/bumperbot_description/meshes/imu_link.STL
[0.632s] -- Up-to-date: /home/aarambh/my_robot_ws/install/bumperbot_description/share/bumperbot_description/meshes/laser_link.STL
[0.634s] -- Up-to-date: /home/aarambh/my_robot_ws/install/bumperbot_description/share/bumperbot_description/models
[0.637s] -- Up-to-date: /home/aarambh/my_robot_ws/install/bumperbot_description/share/bumperbot_description/models/aws_robomaker_warehouse_ShelfF_01
[0.640s] -- Up-to-date: /home/aarambh/my_robot_ws/install/bumperbot_description/share/bumperbot_description/models/aws_robomaker_warehouse_ShelfF_01/model.sdf
[0.641s] -- Up-to-date: /home/aarambh/my_robot_ws/install/bumperbot_description/share/bumperbot_description/models/aws_robomaker_warehouse_ShelfF_01/materials
[0.644s] -- Up-to-date: /home/aarambh/my_robot_ws/install/bumperbot_description/share/bumperbot_description/models/aws_robomaker_warehouse_ShelfF_01/materials/textures
[0.645s] -- Up-to-date: /home/aarambh/my_robot_ws/install/bumperbot_description/share/bumperbot_description/models/aws_robomaker_warehouse_ShelfF_01/materials/textures/aws_robomaker_warehouse_ShelfF_02.png
[0.647s] -- Up-to-date: /home/aarambh/my_robot_ws/install/bumperbot_description/share/bumperbot_description/models/aws_robomaker_warehouse_ShelfF_01/materials/textures/aws_robomaker_warehouse_ShelfF_01.png
[0.649s] -- Up-to-date: /home/aarambh/my_robot_ws/install/bumperbot_description/share/bumperbot_description/models/aws_robomaker_warehouse_ShelfF_01/materials/textures/aws_robomaker_warehouse_ShelfF_03.png
[0.654s] -- Up-to-date: /home/aarambh/my_robot_ws/install/bumperbot_description/share/bumperbot_description/models/aws_robomaker_warehouse_ShelfF_01/model.config
[0.655s] -- Up-to-date: /home/aarambh/my_robot_ws/install/bumperbot_description/share/bumperbot_description/models/aws_robomaker_warehouse_ShelfF_01/meshes
[0.662s] -- Up-to-date: /home/aarambh/my_robot_ws/install/bumperbot_description/share/bumperbot_description/models/aws_robomaker_warehouse_ShelfF_01/meshes/aws_robomaker_warehouse_ShelfF_01_collision.DAE
[0.664s] -- Up-to-date: /home/aarambh/my_robot_ws/install/bumperbot_description/share/bumperbot_description/models/aws_robomaker_warehouse_ShelfF_01/meshes/aws_robomaker_warehouse_ShelfF_01_visual.DAE
[0.675s] -- Up-to-date: /home/aarambh/my_robot_ws/install/bumperbot_description/share/bumperbot_description/models/aws_robomaker_residential_Vase_01
[0.676s] -- Up-to-date: /home/aarambh/my_robot_ws/install/bumperbot_description/share/bumperbot_description/models/aws_robomaker_residential_Vase_01/model.sdf
[0.677s] -- Up-to-date: /home/aarambh/my_robot_ws/install/bumperbot_description/share/bumperbot_description/models/aws_robomaker_residential_Vase_01/materials
[0.678s] -- Up-to-date: /home/aarambh/my_robot_ws/install/bumperbot_description/share/bumperbot_description/models/aws_robomaker_residential_Vase_01/materials/textures
[0.678s] -- Up-to-date: /home/aarambh/my_robot_ws/install/bumperbot_description/share/bumperbot_description/models/aws_robomaker_residential_Vase_01/materials/textures/aws_Vase_01.png
[0.679s] -- Up-to-date: /home/aarambh/my_robot_ws/install/bumperbot_description/share/bumperbot_description/models/aws_robomaker_residential_Vase_01/model.config
[0.679s] -- Up-to-date: /home/aarambh/my_robot_ws/install/bumperbot_description/share/bumperbot_description/models/aws_robomaker_residential_Vase_01/meshes
[0.680s] -- Up-to-date: /home/aarambh/my_robot_ws/install/bumperbot_description/share/bumperbot_description/models/aws_robomaker_residential_Vase_01/meshes/aws_Vase_01_visual.DAE
[0.711s] -- Up-to-date: /home/aarambh/my_robot_ws/install/bumperbot_description/share/bumperbot_description/models/aws_robomaker_residential_Vase_01/meshes/aws_Vase_01_collision.DAE
[0.712s] -- Up-to-date: /home/aarambh/my_robot_ws/install/bumperbot_description/share/bumperbot_description/models/aws_robomaker_residential_PortraitA_01
[0.721s] -- Up-to-date: /home/aarambh/my_robot_ws/install/bumperbot_description/share/bumperbot_description/models/aws_robomaker_residential_PortraitA_01/model.sdf
[0.722s] -- Up-to-date: /home/aarambh/my_robot_ws/install/bumperbot_description/share/bumperbot_description/models/aws_robomaker_residential_PortraitA_01/materials
[0.722s] -- Up-to-date: /home/aarambh/my_robot_ws/install/bumperbot_description/share/bumperbot_description/models/aws_robomaker_residential_PortraitA_01/materials/textures
[0.723s] -- Up-to-date: /home/aarambh/my_robot_ws/install/bumperbot_description/share/bumperbot_description/models/aws_robomaker_residential_PortraitA_01/materials/textures/aws_PortraitA_01.png
[0.723s] -- Up-to-date: /home/aarambh/my_robot_ws/install/bumperbot_description/share/bumperbot_description/models/aws_robomaker_residential_PortraitA_01/materials/textures/aws_PortraitA_02.png
[0.724s] -- Up-to-date: /home/aarambh/my_robot_ws/install/bumperbot_description/share/bumperbot_description/models/aws_robomaker_residential_PortraitA_01/model.config
[0.725s] -- Up-to-date: /home/aarambh/my_robot_ws/install/bumperbot_description/share/bumperbot_description/models/aws_robomaker_residential_PortraitA_01/meshes
[0.725s] -- Up-to-date: /home/aarambh/my_robot_ws/install/bumperbot_description/share/bumperbot_description/models/aws_robomaker_residential_PortraitA_01/meshes/aws_PortraitA_01_visual.DAE
[0.726s] -- Up-to-date: /home/aarambh/my_robot_ws/install/bumperbot_description/share/bumperbot_description/models/aws_robomaker_residential_PortraitA_01/meshes/aws_PortraitA_01_collision.DAE
[0.727s] -- Up-to-date: /home/aarambh/my_robot_ws/install/bumperbot_description/share/bumperbot_description/models/aws_robomaker_residential_FoldingDoor_02
[0.727s] -- Up-to-date: /home/aarambh/my_robot_ws/install/bumperbot_description/share/bumperbot_description/models/aws_robomaker_residential_FoldingDoor_02/model.sdf
[0.728s] -- Up-to-date: /home/aarambh/my_robot_ws/install/bumperbot_description/share/bumperbot_description/models/aws_robomaker_residential_FoldingDoor_02/materials
[0.753s] -- Up-to-date: /home/aarambh/my_robot_ws/install/bumperbot_description/share/bumperbot_description/models/aws_robomaker_residential_FoldingDoor_02/materials/textures
[0.756s] -- Up-to-date: /home/aarambh/my_robot_ws/install/bumperbot_description/share/bumperbot_description/models/aws_robomaker_residential_FoldingDoor_02/materials/textures/aws_FoldingDoor_02.png
[0.757s] -- Up-to-date: /home/aarambh/my_robot_ws/install/bumperbot_description/share/bumperbot_description/models/aws_robomaker_residential_FoldingDoor_02/model.config
[0.757s] -- Up-to-date: /home/aarambh/my_robot_ws/install/bumperbot_description/share/bumperbot_description/models/aws_robomaker_residential_FoldingDoor_02/meshes
[0.757s] -- Up-to-date: /home/aarambh/my_robot_ws/install/bumperbot_description/share/bumperbot_description/models/aws_robomaker_residential_FoldingDoor_02/meshes/aws_FoldingDoor_02_visual.DAE
[0.758s] -- Up-to-date: /home/aarambh/my_robot_ws/install/bumperbot_description/share/bumperbot_description/models/aws_robomaker_residential_FoldingDoor_02/meshes/aws_FoldingDoor_02_collision.DAE
[0.758s] -- Up-to-date: /home/aarambh/my_robot_ws/install/bumperbot_description/share/bumperbot_description/models/aws_robomaker_residential_PortraitE_01
[0.759s] -- Up-to-date: /home/aarambh/my_robot_ws/install/bumperbot_description/share/bumperbot_description/models/aws_robomaker_residential_PortraitE_01/model.sdf
[0.759s] -- Up-to-date: /home/aarambh/my_robot_ws/install/bumperbot_description/share/bumperbot_description/models/aws_robomaker_residential_PortraitE_01/materials
[0.759s] -- Up-to-date: /home/aarambh/my_robot_ws/install/bumperbot_description/share/bumperbot_description/models/aws_robomaker_residential_PortraitE_01/materials/textures
[0.760s] -- Up-to-date: /home/aarambh/my_robot_ws/install/bumperbot_description/share/bumperbot_description/models/aws_robomaker_residential_PortraitE_01/materials/textures/aws_PortraitE_02.png
[0.760s] -- Up-to-date: /home/aarambh/my_robot_ws/install/bumperbot_description/share/bumperbot_description/models/aws_robomaker_residential_PortraitE_01/materials/textures/aws_PortraitE_01.png
[0.768s] -- Up-to-date: /home/aarambh/my_robot_ws/install/bumperbot_description/share/bumperbot_description/models/aws_robomaker_residential_PortraitE_01/model.config
[0.768s] -- Up-to-date: /home/aarambh/my_robot_ws/install/bumperbot_description/share/bumperbot_description/models/aws_robomaker_residential_PortraitE_01/meshes
[0.769s] -- Up-to-date: /home/aarambh/my_robot_ws/install/bumperbot_description/share/bumperbot_description/models/aws_robomaker_residential_PortraitE_01/meshes/aws_PortraitE_01_collision.DAE
[0.769s] -- Up-to-date: /home/aarambh/my_robot_ws/install/bumperbot_description/share/bumperbot_description/models/aws_robomaker_residential_PortraitE_01/meshes/aws_PortraitE_01_visual.DAE
[0.770s] -- Up-to-date: /home/aarambh/my_robot_ws/install/bumperbot_description/share/bumperbot_description/models/aws_robomaker_residential_TV_01
[0.783s] -- Up-to-date: /home/aarambh/my_robot_ws/install/bumperbot_description/share/bumperbot_description/models/aws_robomaker_residential_TV_01/model.sdf
[0.783s] -- Up-to-date: /home/aarambh/my_robot_ws/install/bumperbot_description/share/bumperbot_description/models/aws_robomaker_residential_TV_01/materials
[0.784s] -- Up-to-date: /home/aarambh/my_robot_ws/install/bumperbot_description/share/bumperbot_description/models/aws_robomaker_residential_TV_01/materials/textures
[0.784s] -- Up-to-date: /home/aarambh/my_robot_ws/install/bumperbot_description/share/bumperbot_description/models/aws_robomaker_residential_TV_01/materials/textures/aws_TV_01.png
[0.784s] -- Up-to-date: /home/aarambh/my_robot_ws/install/bumperbot_description/share/bumperbot_description/models/aws_robomaker_residential_TV_01/model.config
[0.785s] -- Up-to-date: /home/aarambh/my_robot_ws/install/bumperbot_description/share/bumperbot_description/models/aws_robomaker_residential_TV_01/meshes
[0.785s] -- Up-to-date: /home/aarambh/my_robot_ws/install/bumperbot_description/share/bumperbot_description/models/aws_robomaker_residential_TV_01/meshes/aws_TV_01_collision.DAE
[0.786s] -- Up-to-date: /home/aarambh/my_robot_ws/install/bumperbot_description/share/bumperbot_description/models/aws_robomaker_residential_TV_01/meshes/aws_TV_01_visual.DAE
[0.786s] -- Up-to-date: /home/aarambh/my_robot_ws/install/bumperbot_description/share/bumperbot_description/models/aws_robomaker_warehouse_TrashCanC_01
[0.786s] -- Up-to-date: /home/aarambh/my_robot_ws/install/bumperbot_description/share/bumperbot_description/models/aws_robomaker_warehouse_TrashCanC_01/model.sdf
[0.787s] -- Up-to-date: /home/aarambh/my_robot_ws/install/bumperbot_description/share/bumperbot_description/models/aws_robomaker_warehouse_TrashCanC_01/materials
[0.787s] -- Up-to-date: /home/aarambh/my_robot_ws/install/bumperbot_description/share/bumperbot_description/models/aws_robomaker_warehouse_TrashCanC_01/materials/textures
[0.787s] -- Up-to-date: /home/aarambh/my_robot_ws/install/bumperbot_description/share/bumperbot_description/models/aws_robomaker_warehouse_TrashCanC_01/materials/textures/aws_robomaker_warehouse_TrashCanC_01.png
[0.787s] -- Up-to-date: /home/aarambh/my_robot_ws/install/bumperbot_description/share/bumperbot_description/models/aws_robomaker_warehouse_TrashCanC_01/model.config
[0.788s] -- Up-to-date: /home/aarambh/my_robot_ws/install/bumperbot_description/share/bumperbot_description/models/aws_robomaker_warehouse_TrashCanC_01/meshes
[0.788s] -- Up-to-date: /home/aarambh/my_robot_ws/install/bumperbot_description/share/bumperbot_description/models/aws_robomaker_warehouse_TrashCanC_01/meshes/aws_robomaker_warehouse_TrashCanC_01_visual.DAE
[0.811s] -- Up-to-date: /home/aarambh/my_robot_ws/install/bumperbot_description/share/bumperbot_description/models/aws_robomaker_warehouse_TrashCanC_01/meshes/aws_robomaker_warehouse_TrashCanC_01_collision.DAE
[0.812s] -- Up-to-date: /home/aarambh/my_robot_ws/install/bumperbot_description/share/bumperbot_description/models/aws_robomaker_residential_Wardrobe_01
[0.822s] -- Up-to-date: /home/aarambh/my_robot_ws/install/bumperbot_description/share/bumperbot_description/models/aws_robomaker_residential_Wardrobe_01/model.sdf
[0.822s] -- Up-to-date: /home/aarambh/my_robot_ws/install/bumperbot_description/share/bumperbot_description/models/aws_robomaker_residential_Wardrobe_01/materials
[0.823s] -- Up-to-date: /home/aarambh/my_robot_ws/install/bumperbot_description/share/bumperbot_description/models/aws_robomaker_residential_Wardrobe_01/materials/textures
[0.823s] -- Up-to-date: /home/aarambh/my_robot_ws/install/bumperbot_description/share/bumperbot_description/models/aws_robomaker_residential_Wardrobe_01/materials/textures/aws_Wardrobe_01.png
[0.824s] -- Up-to-date: /home/aarambh/my_robot_ws/install/bumperbot_description/share/bumperbot_description/models/aws_robomaker_residential_Wardrobe_01/model.config
[0.835s] -- Up-to-date: /home/aarambh/my_robot_ws/install/bumperbot_description/share/bumperbot_description/models/aws_robomaker_residential_Wardrobe_01/meshes
[0.836s] -- Up-to-date: /home/aarambh/my_robot_ws/install/bumperbot_description/share/bumperbot_description/models/aws_robomaker_residential_Wardrobe_01/meshes/aws_Wardrobe_01_collision.DAE
[0.836s] -- Up-to-date: /home/aarambh/my_robot_ws/install/bumperbot_description/share/bumperbot_description/models/aws_robomaker_residential_Wardrobe_01/meshes/aws_Wardrobe_01_visual.DAE
[0.837s] -- Up-to-date: /home/aarambh/my_robot_ws/install/bumperbot_description/share/bumperbot_description/models/aws_robomaker_residential_SofaB_01
[0.838s] -- Up-to-date: /home/aarambh/my_robot_ws/install/bumperbot_description/share/bumperbot_description/models/aws_robomaker_residential_SofaB_01/model.sdf
[0.846s] -- Up-to-date: /home/aarambh/my_robot_ws/install/bumperbot_description/share/bumperbot_description/models/aws_robomaker_residential_SofaB_01/materials
[0.847s] -- Up-to-date: /home/aarambh/my_robot_ws/install/bumperbot_description/share/bumperbot_description/models/aws_robomaker_residential_SofaB_01/materials/textures
[0.847s] -- Up-to-date: /home/aarambh/my_robot_ws/install/bumperbot_description/share/bumperbot_description/models/aws_robomaker_residential_SofaB_01/materials/textures/aws_SofaB_01.png
[0.848s] -- Up-to-date: /home/aarambh/my_robot_ws/install/bumperbot_description/share/bumperbot_description/models/aws_robomaker_residential_SofaB_01/model.config
[0.848s] -- Up-to-date: /home/aarambh/my_robot_ws/install/bumperbot_description/share/bumperbot_description/models/aws_robomaker_residential_SofaB_01/meshes
[0.848s] -- Up-to-date: /home/aarambh/my_robot_ws/install/bumperbot_description/share/bumperbot_description/models/aws_robomaker_residential_SofaB_01/meshes/aws_SofaB_01_collision.DAE
[0.849s] -- Up-to-date: /home/aarambh/my_robot_ws/install/bumperbot_description/share/bumperbot_description/models/aws_robomaker_residential_SofaB_01/meshes/aws_SofaB_01_visual.DAE
[0.849s] -- Up-to-date: /home/aarambh/my_robot_ws/install/bumperbot_description/share/bumperbot_description/models/aws_robomaker_residential_AirconditionerB_01
[0.850s] -- Up-to-date: /home/aarambh/my_robot_ws/install/bumperbot_description/share/bumperbot_description/models/aws_robomaker_residential_AirconditionerB_01/model.sdf
[0.850s] -- Up-to-date: /home/aarambh/my_robot_ws/install/bumperbot_description/share/bumperbot_description/models/aws_robomaker_residential_AirconditionerB_01/materials
[0.851s] -- Up-to-date: /home/aarambh/my_robot_ws/install/bumperbot_description/share/bumperbot_description/models/aws_robomaker_residential_AirconditionerB_01/materials/textures
[0.851s] -- Up-to-date: /home/aarambh/my_robot_ws/install/bumperbot_description/share/bumperbot_description/models/aws_robomaker_residential_AirconditionerB_01/materials/textures/aws_AirconditionerB_01.png
[0.852s] -- Up-to-date: /home/aarambh/my_robot_ws/install/bumperbot_description/share/bumperbot_description/models/aws_robomaker_residential_AirconditionerB_01/model.config
[0.852s] -- Up-to-date: /home/aarambh/my_robot_ws/install/bumperbot_description/share/bumperbot_description/models/aws_robomaker_residential_AirconditionerB_01/meshes
[0.870s] -- Up-to-date: /home/aarambh/my_robot_ws/install/bumperbot_description/share/bumperbot_description/models/aws_robomaker_residential_AirconditionerB_01/meshes/aws_AirconditionerB_01_visual.DAE
[0.874s] -- Up-to-date: /home/aarambh/my_robot_ws/install/bumperbot_description/share/bumperbot_description/models/aws_robomaker_residential_AirconditionerB_01/meshes/aws_AirconditionerB_01_collision.DAE
[0.876s] -- Up-to-date: /home/aarambh/my_robot_ws/install/bumperbot_description/share/bumperbot_description/models/aws_robomaker_residential_DeskPortraitD_01
[0.877s] -- Up-to-date: /home/aarambh/my_robot_ws/install/bumperbot_description/share/bumperbot_description/models/aws_robomaker_residential_DeskPortraitD_01/model.sdf
[0.877s] -- Up-to-date: /home/aarambh/my_robot_ws/install/bumperbot_description/share/bumperbot_description/models/aws_robomaker_residential_DeskPortraitD_01/materials
[0.878s] -- Up-to-date: /home/aarambh/my_robot_ws/install/bumperbot_description/share/bumperbot_description/models/aws_robomaker_residential_DeskPortraitD_01/materials/textures
[0.879s] -- Up-to-date: /home/aarambh/my_robot_ws/install/bumperbot_description/share/bumperbot_description/models/aws_robomaker_residential_DeskPortraitD_01/materials/textures/aws_DeskPortraitD_01.png
[0.879s] -- Up-to-date: /home/aarambh/my_robot_ws/install/bumperbot_description/share/bumperbot_description/models/aws_robomaker_residential_DeskPortraitD_01/materials/textures/aws_DeskPortraitD_02.png
[0.880s] -- Up-to-date: /home/aarambh/my_robot_ws/install/bumperbot_description/share/bumperbot_description/models/aws_robomaker_residential_DeskPortraitD_01/model.config
[0.880s] -- Up-to-date: /home/aarambh/my_robot_ws/install/bumperbot_description/share/bumperbot_description/models/aws_robomaker_residential_DeskPortraitD_01/meshes
[0.899s] -- Up-to-date: /home/aarambh/my_robot_ws/install/bumperbot_description/share/bumperbot_description/models/aws_robomaker_residential_DeskPortraitD_01/meshes/aws_DeskPortraitD_01_collision.DAE
[0.899s] -- Up-to-date: /home/aarambh/my_robot_ws/install/bumperbot_description/share/bumperbot_description/models/aws_robomaker_residential_DeskPortraitD_01/meshes/aws_DeskPortraitD_01_visual.DAE
[0.900s] -- Up-to-date: /home/aarambh/my_robot_ws/install/bumperbot_description/share/bumperbot_description/models/aws_robomaker_residential_ShoeRack_01
[0.900s] -- Up-to-date: /home/aarambh/my_robot_ws/install/bumperbot_description/share/bumperbot_description/models/aws_robomaker_residential_ShoeRack_01/model.sdf
[0.900s] -- Up-to-date: /home/aarambh/my_robot_ws/install/bumperbot_description/share/bumperbot_description/models/aws_robomaker_residential_ShoeRack_01/materials
[0.901s] -- Up-to-date: /home/aarambh/my_robot_ws/install/bumperbot_description/share/bumperbot_description/models/aws_robomaker_residential_ShoeRack_01/materials/textures
[0.901s] -- Up-to-date: /home/aarambh/my_robot_ws/install/bumperbot_description/share/bumperbot_description/models/aws_robomaker_residential_ShoeRack_01/materials/textures/aws_ShoeRack_01.png
[0.902s] -- Up-to-date: /home/aarambh/my_robot_ws/install/bumperbot_description/share/bumperbot_description/models/aws_robomaker_residential_ShoeRack_01/model.config
[0.902s] -- Up-to-date: /home/aarambh/my_robot_ws/install/bumperbot_description/share/bumperbot_description/models/aws_robomaker_residential_ShoeRack_01/meshes
[0.903s] -- Up-to-date: /home/aarambh/my_robot_ws/install/bumperbot_description/share/bumperbot_description/models/aws_robomaker_residential_ShoeRack_01/meshes/aws_ShoeRack_01_visual.DAE
[0.903s] -- Up-to-date: /home/aarambh/my_robot_ws/install/bumperbot_description/share/bumperbot_description/models/aws_robomaker_residential_ShoeRack_01/meshes/aws_ShoeRack_01_collision.DAE
[0.904s] -- Up-to-date: /home/aarambh/my_robot_ws/install/bumperbot_description/share/bumperbot_description/models/aws_robomaker_residential_RoomWindow_01
[0.919s] -- Up-to-date: /home/aarambh/my_robot_ws/install/bumperbot_description/share/bumperbot_description/models/aws_robomaker_residential_RoomWindow_01/model.sdf
[0.920s] -- Up-to-date: /home/aarambh/my_robot_ws/install/bumperbot_description/share/bumperbot_description/models/aws_robomaker_residential_RoomWindow_01/materials
[0.927s] -- Up-to-date: /home/aarambh/my_robot_ws/install/bumperbot_description/share/bumperbot_description/models/aws_robomaker_residential_RoomWindow_01/materials/textures
[0.928s] -- Up-to-date: /home/aarambh/my_robot_ws/install/bumperbot_description/share/bumperbot_description/models/aws_robomaker_residential_RoomWindow_01/materials/textures/aws_RoomWindow_01.png
[0.928s] -- Up-to-date: /home/aarambh/my_robot_ws/install/bumperbot_description/share/bumperbot_description/models/aws_robomaker_residential_RoomWindow_01/model.config
[0.929s] -- Up-to-date: /home/aarambh/my_robot_ws/install/bumperbot_description/share/bumperbot_description/models/aws_robomaker_residential_RoomWindow_01/meshes
[0.929s] -- Up-to-date: /home/aarambh/my_robot_ws/install/bumperbot_description/share/bumperbot_description/models/aws_robomaker_residential_RoomWindow_01/meshes/aws_RoomWindow_01_collision.DAE
[0.930s] -- Up-to-date: /home/aarambh/my_robot_ws/install/bumperbot_description/share/bumperbot_description/models/aws_robomaker_residential_RoomWindow_01/meshes/aws_RoomWindow_01_visual.DAE
[0.930s] -- Up-to-date: /home/aarambh/my_robot_ws/install/bumperbot_description/share/bumperbot_description/models/aws_robomaker_residential_Pillow_01
[0.931s] -- Up-to-date: /home/aarambh/my_robot_ws/install/bumperbot_description/share/bumperbot_description/models/aws_robomaker_residential_Pillow_01/model.sdf
[0.931s] -- Up-to-date: /home/aarambh/my_robot_ws/install/bumperbot_description/share/bumperbot_description/models/aws_robomaker_residential_Pillow_01/materials
[0.932s] -- Up-to-date: /home/aarambh/my_robot_ws/install/bumperbot_description/share/bumperbot_description/models/aws_robomaker_residential_Pillow_01/materials/textures
[0.945s] -- Up-to-date: /home/aarambh/my_robot_ws/install/bumperbot_description/share/bumperbot_description/models/aws_robomaker_residential_Pillow_01/materials/textures/aws_Pillow_01.png
[0.946s] -- Up-to-date: /home/aarambh/my_robot_ws/install/bumperbot_description/share/bumperbot_description/models/aws_robomaker_residential_Pillow_01/model.config
[0.946s] -- Up-to-date: /home/aarambh/my_robot_ws/install/bumperbot_description/share/bumperbot_description/models/aws_robomaker_residential_Pillow_01/meshes
[0.947s] -- Up-to-date: /home/aarambh/my_robot_ws/install/bumperbot_description/share/bumperbot_description/models/aws_robomaker_residential_Pillow_01/meshes/aws_Pillow_01_visual.DAE
[0.947s] -- Up-to-date: /home/aarambh/my_robot_ws/install/bumperbot_description/share/bumperbot_description/models/aws_robomaker_residential_Pillow_01/meshes/aws_Pillow_01_collision.DAE
[0.947s] -- Up-to-date: /home/aarambh/my_robot_ws/install/bumperbot_description/share/bumperbot_description/models/aws_robomaker_warehouse_ClutteringC_01
[0.948s] -- Up-to-date: /home/aarambh/my_robot_ws/install/bumperbot_description/share/bumperbot_description/models/aws_robomaker_warehouse_ClutteringC_01/model.sdf
[0.949s] -- Up-to-date: /home/aarambh/my_robot_ws/install/bumperbot_description/share/bumperbot_description/models/aws_robomaker_warehouse_ClutteringC_01/materials
[0.949s] -- Up-to-date: /home/aarambh/my_robot_ws/install/bumperbot_description/share/bumperbot_description/models/aws_robomaker_warehouse_ClutteringC_01/materials/textures
[0.949s] -- Up-to-date: /home/aarambh/my_robot_ws/install/bumperbot_description/share/bumperbot_description/models/aws_robomaker_warehouse_ClutteringC_01/materials/textures/aws_robomaker_warehouse_ClutteringC_02.png
[0.950s] -- Up-to-date: /home/aarambh/my_robot_ws/install/bumperbot_description/share/bumperbot_description/models/aws_robomaker_warehouse_ClutteringC_01/materials/textures/aws_robomaker_warehouse_ClutteringC_01.png
[0.951s] -- Up-to-date: /home/aarambh/my_robot_ws/install/bumperbot_description/share/bumperbot_description/models/aws_robomaker_warehouse_ClutteringC_01/model.config
[0.951s] -- Up-to-date: /home/aarambh/my_robot_ws/install/bumperbot_description/share/bumperbot_description/models/aws_robomaker_warehouse_ClutteringC_01/meshes
[0.966s] -- Up-to-date: /home/aarambh/my_robot_ws/install/bumperbot_description/share/bumperbot_description/models/aws_robomaker_warehouse_ClutteringC_01/meshes/aws_robomaker_warehouse_ClutteringC_01_visual.DAE
[0.967s] -- Up-to-date: /home/aarambh/my_robot_ws/install/bumperbot_description/share/bumperbot_description/models/aws_robomaker_warehouse_ClutteringC_01/meshes/aws_robomaker_warehouse_ClutteringC_01_collision.DAE
[0.967s] -- Up-to-date: /home/aarambh/my_robot_ws/install/bumperbot_description/share/bumperbot_description/models/aws_robomaker_residential_Carpet_01
[0.968s] -- Up-to-date: /home/aarambh/my_robot_ws/install/bumperbot_description/share/bumperbot_description/models/aws_robomaker_residential_Carpet_01/model.sdf
[0.974s] -- Up-to-date: /home/aarambh/my_robot_ws/install/bumperbot_description/share/bumperbot_description/models/aws_robomaker_residential_Carpet_01/materials
[0.977s] -- Up-to-date: /home/aarambh/my_robot_ws/install/bumperbot_description/share/bumperbot_description/models/aws_robomaker_residential_Carpet_01/materials/textures
[0.978s] -- Up-to-date: /home/aarambh/my_robot_ws/install/bumperbot_description/share/bumperbot_description/models/aws_robomaker_residential_Carpet_01/materials/textures/aws_Carpet_01.png
[0.978s] -- Up-to-date: /home/aarambh/my_robot_ws/install/bumperbot_description/share/bumperbot_description/models/aws_robomaker_residential_Carpet_01/model.config
[0.980s] -- Up-to-date: /home/aarambh/my_robot_ws/install/bumperbot_description/share/bumperbot_description/models/aws_robomaker_residential_Carpet_01/meshes
[0.980s] -- Up-to-date: /home/aarambh/my_robot_ws/install/bumperbot_description/share/bumperbot_description/models/aws_robomaker_residential_Carpet_01/meshes/aws_Carpet_01_collision.DAE
[0.981s] -- Up-to-date: /home/aarambh/my_robot_ws/install/bumperbot_description/share/bumperbot_description/models/aws_robomaker_residential_Carpet_01/meshes/aws_Carpet_01_visual.DAE
[0.981s] -- Up-to-date: /home/aarambh/my_robot_ws/install/bumperbot_description/share/bumperbot_description/models/aws_robomaker_residential_DeskPortraitC_01
[0.982s] -- Up-to-date: /home/aarambh/my_robot_ws/install/bumperbot_description/share/bumperbot_description/models/aws_robomaker_residential_DeskPortraitC_01/model.sdf
[0.983s] -- Up-to-date: /home/aarambh/my_robot_ws/install/bumperbot_description/share/bumperbot_description/models/aws_robomaker_residential_DeskPortraitC_01/materials
[0.983s] -- Up-to-date: /home/aarambh/my_robot_ws/install/bumperbot_description/share/bumperbot_description/models/aws_robomaker_residential_DeskPortraitC_01/materials/textures
[0.984s] -- Up-to-date: /home/aarambh/my_robot_ws/install/bumperbot_description/share/bumperbot_description/models/aws_robomaker_residential_DeskPortraitC_01/materials/textures/aws_DeskPortraitC_02.png
[0.984s] -- Up-to-date: /home/aarambh/my_robot_ws/install/bumperbot_description/share/bumperbot_description/models/aws_robomaker_residential_DeskPortraitC_01/materials/textures/aws_DeskPortraitC_01.png
[0.996s] -- Up-to-date: /home/aarambh/my_robot_ws/install/bumperbot_description/share/bumperbot_description/models/aws_robomaker_residential_DeskPortraitC_01/model.config
[0.996s] -- Up-to-date: /home/aarambh/my_robot_ws/install/bumperbot_description/share/bumperbot_description/models/aws_robomaker_residential_DeskPortraitC_01/meshes
[0.997s] -- Up-to-date: /home/aarambh/my_robot_ws/install/bumperbot_description/share/bumperbot_description/models/aws_robomaker_residential_DeskPortraitC_01/meshes/aws_DeskPortraitC_01_collision.DAE
[0.997s] -- Up-to-date: /home/aarambh/my_robot_ws/install/bumperbot_description/share/bumperbot_description/models/aws_robomaker_residential_DeskPortraitC_01/meshes/aws_DeskPortraitC_01_visual.DAE
[0.998s] -- Up-to-date: /home/aarambh/my_robot_ws/install/bumperbot_description/share/bumperbot_description/models/aws_robomaker_residential_SeasoningBox_01
[0.998s] -- Up-to-date: /home/aarambh/my_robot_ws/install/bumperbot_description/share/bumperbot_description/models/aws_robomaker_residential_SeasoningBox_01/model.sdf
[0.999s] -- Up-to-date: /home/aarambh/my_robot_ws/install/bumperbot_description/share/bumperbot_description/models/aws_robomaker_residential_SeasoningBox_01/materials
[0.999s] -- Up-to-date: /home/aarambh/my_robot_ws/install/bumperbot_description/share/bumperbot_description/models/aws_robomaker_residential_SeasoningBox_01/materials/textures
[1.000s] -- Up-to-date: /home/aarambh/my_robot_ws/install/bumperbot_description/share/bumperbot_description/models/aws_robomaker_residential_SeasoningBox_01/materials/textures/aws_SeasoningBox_01.png
[1.008s] -- Up-to-date: /home/aarambh/my_robot_ws/install/bumperbot_description/share/bumperbot_description/models/aws_robomaker_residential_SeasoningBox_01/model.config
[1.008s] -- Up-to-date: /home/aarambh/my_robot_ws/install/bumperbot_description/share/bumperbot_description/models/aws_robomaker_residential_SeasoningBox_01/meshes
[1.009s] -- Up-to-date: /home/aarambh/my_robot_ws/install/bumperbot_description/share/bumperbot_description/models/aws_robomaker_residential_SeasoningBox_01/meshes/aws_SeasoningBox_01_visual.DAE
[1.009s] -- Up-to-date: /home/aarambh/my_robot_ws/install/bumperbot_description/share/bumperbot_description/models/aws_robomaker_residential_SeasoningBox_01/meshes/aws_SeasoningBox_01_collision.DAE
[1.010s] -- Up-to-date: /home/aarambh/my_robot_ws/install/bumperbot_description/share/bumperbot_description/models/aws_robomaker_residential_Refrigerator_01
[1.010s] -- Up-to-date: /home/aarambh/my_robot_ws/install/bumperbot_description/share/bumperbot_description/models/aws_robomaker_residential_Refrigerator_01/model.sdf
[1.011s] -- Up-to-date: /home/aarambh/my_robot_ws/install/bumperbot_description/share/bumperbot_description/models/aws_robomaker_residential_Refrigerator_01/materials
[1.012s] -- Up-to-date: /home/aarambh/my_robot_ws/install/bumperbot_description/share/bumperbot_description/models/aws_robomaker_residential_Refrigerator_01/materials/textures
[1.013s] -- Up-to-date: /home/aarambh/my_robot_ws/install/bumperbot_description/share/bumperbot_description/models/aws_robomaker_residential_Refrigerator_01/materials/textures/aws_Refrigerator_01.png
[1.014s] -- Up-to-date: /home/aarambh/my_robot_ws/install/bumperbot_description/share/bumperbot_description/models/aws_robomaker_residential_Refrigerator_01/materials/textures/aws_Refrigerator_02.png
[1.014s] -- Up-to-date: /home/aarambh/my_robot_ws/install/bumperbot_description/share/bumperbot_description/models/aws_robomaker_residential_Refrigerator_01/model.config
[1.015s] -- Up-to-date: /home/aarambh/my_robot_ws/install/bumperbot_description/share/bumperbot_description/models/aws_robomaker_residential_Refrigerator_01/meshes
[1.016s] -- Up-to-date: /home/aarambh/my_robot_ws/install/bumperbot_description/share/bumperbot_description/models/aws_robomaker_residential_Refrigerator_01/meshes/aws_Refrigerator_01_visual.DAE
[1.032s] -- Up-to-date: /home/aarambh/my_robot_ws/install/bumperbot_description/share/bumperbot_description/models/aws_robomaker_residential_Refrigerator_01/meshes/aws_Refrigerator_01.DAE
[1.033s] -- Up-to-date: /home/aarambh/my_robot_ws/install/bumperbot_description/share/bumperbot_description/models/aws_robomaker_residential_Refrigerator_01/meshes/aws_Refrigerator_01_collision.DAE
[1.033s] -- Up-to-date: /home/aarambh/my_robot_ws/install/bumperbot_description/share/bumperbot_description/models/aws_robomaker_residential_SofaC_01
[1.034s] -- Up-to-date: /home/aarambh/my_robot_ws/install/bumperbot_description/share/bumperbot_description/models/aws_robomaker_residential_SofaC_01/model.sdf
[1.034s] -- Up-to-date: /home/aarambh/my_robot_ws/install/bumperbot_description/share/bumperbot_description/models/aws_robomaker_residential_SofaC_01/materials
[1.035s] -- Up-to-date: /home/aarambh/my_robot_ws/install/bumperbot_description/share/bumperbot_description/models/aws_robomaker_residential_SofaC_01/materials/textures
[1.035s] -- Up-to-date: /home/aarambh/my_robot_ws/install/bumperbot_description/share/bumperbot_description/models/aws_robomaker_residential_SofaC_01/materials/textures/aws_SofaC_01.png
[1.036s] -- Up-to-date: /home/aarambh/my_robot_ws/install/bumperbot_description/share/bumperbot_description/models/aws_robomaker_residential_SofaC_01/model.config
[1.036s] -- Up-to-date: /home/aarambh/my_robot_ws/install/bumperbot_description/share/bumperbot_description/models/aws_robomaker_residential_SofaC_01/meshes
[1.037s] -- Up-to-date: /home/aarambh/my_robot_ws/install/bumperbot_description/share/bumperbot_description/models/aws_robomaker_residential_SofaC_01/meshes/aws_SofaC_01_collision.DAE
[1.037s] -- Up-to-date: /home/aarambh/my_robot_ws/install/bumperbot_description/share/bumperbot_description/models/aws_robomaker_residential_SofaC_01/meshes/aws_SofaC_01_visual.DAE
[1.038s] -- Up-to-date: /home/aarambh/my_robot_ws/install/bumperbot_description/share/bumperbot_description/models/aws_robomaker_residential_AirconditionerA_01
[1.038s] -- Up-to-date: /home/aarambh/my_robot_ws/install/bumperbot_description/share/bumperbot_description/models/aws_robomaker_residential_AirconditionerA_01/model.sdf
[1.039s] -- Up-to-date: /home/aarambh/my_robot_ws/install/bumperbot_description/share/bumperbot_description/models/aws_robomaker_residential_AirconditionerA_01/materials
[1.039s] -- Up-to-date: /home/aarambh/my_robot_ws/install/bumperbot_description/share/bumperbot_description/models/aws_robomaker_residential_AirconditionerA_01/materials/textures
[1.040s] -- Up-to-date: /home/aarambh/my_robot_ws/install/bumperbot_description/share/bumperbot_description/models/aws_robomaker_residential_AirconditionerA_01/materials/textures/aws_AirconditionerA_01.png
[1.040s] -- Up-to-date: /home/aarambh/my_robot_ws/install/bumperbot_description/share/bumperbot_description/models/aws_robomaker_residential_AirconditionerA_01/model.config
[1.040s] -- Up-to-date: /home/aarambh/my_robot_ws/install/bumperbot_description/share/bumperbot_description/models/aws_robomaker_residential_AirconditionerA_01/meshes
[1.052s] -- Up-to-date: /home/aarambh/my_robot_ws/install/bumperbot_description/share/bumperbot_description/models/aws_robomaker_residential_AirconditionerA_01/meshes/aws_AirconditionerA_01_collision.DAE
[1.052s] -- Up-to-date: /home/aarambh/my_robot_ws/install/bumperbot_description/share/bumperbot_description/models/aws_robomaker_residential_AirconditionerA_01/meshes/aws_AirconditionerA_01_visual.DAE
[1.053s] -- Up-to-date: /home/aarambh/my_robot_ws/install/bumperbot_description/share/bumperbot_description/models/aws_robomaker_residential_AirconditionerA_01/meshes/aws__Air conditioner_01.DAE
[1.057s] -- Up-to-date: /home/aarambh/my_robot_ws/install/bumperbot_description/share/bumperbot_description/models/aws_robomaker_residential_ChairA_01
[1.058s] -- Up-to-date: /home/aarambh/my_robot_ws/install/bumperbot_description/share/bumperbot_description/models/aws_robomaker_residential_ChairA_01/model.sdf
[1.058s] -- Up-to-date: /home/aarambh/my_robot_ws/install/bumperbot_description/share/bumperbot_description/models/aws_robomaker_residential_ChairA_01/materials
[1.058s] -- Up-to-date: /home/aarambh/my_robot_ws/install/bumperbot_description/share/bumperbot_description/models/aws_robomaker_residential_ChairA_01/materials/textures
[1.059s] -- Up-to-date: /home/aarambh/my_robot_ws/install/bumperbot_description/share/bumperbot_description/models/aws_robomaker_residential_ChairA_01/materials/textures/aws_ChairA_01.png
[1.059s] -- Up-to-date: /home/aarambh/my_robot_ws/install/bumperbot_description/share/bumperbot_description/models/aws_robomaker_residential_ChairA_01/model.config
[1.060s] -- Up-to-date: /home/aarambh/my_robot_ws/install/bumperbot_description/share/bumperbot_description/models/aws_robomaker_residential_ChairA_01/meshes
[1.060s] -- Up-to-date: /home/aarambh/my_robot_ws/install/bumperbot_description/share/bumperbot_description/models/aws_robomaker_residential_ChairA_01/meshes/aws_ChairA_01_visual.DAE
[1.060s] -- Up-to-date: /home/aarambh/my_robot_ws/install/bumperbot_description/share/bumperbot_description/models/aws_robomaker_residential_ChairA_01/meshes/aws_ChairA_01_collision.DAE
[1.061s] -- Up-to-date: /home/aarambh/my_robot_ws/install/bumperbot_description/share/bumperbot_description/models/aws_robomaker_residential_DeskPortraitB_01
[1.061s] -- Up-to-date: /home/aarambh/my_robot_ws/install/bumperbot_description/share/bumperbot_description/models/aws_robomaker_residential_DeskPortraitB_01/model.sdf
[1.062s] -- Up-to-date: /home/aarambh/my_robot_ws/install/bumperbot_description/share/bumperbot_description/models/aws_robomaker_residential_DeskPortraitB_01/materials
[1.062s] -- Up-to-date: /home/aarambh/my_robot_ws/install/bumperbot_description/share/bumperbot_description/models/aws_robomaker_residential_DeskPortraitB_01/materials/textures
[1.062s] -- Up-to-date: /home/aarambh/my_robot_ws/install/bumperbot_description/share/bumperbot_description/models/aws_robomaker_residential_DeskPortraitB_01/materials/textures/aws_DeskPortraitB_02.png
[1.063s] -- Up-to-date: /home/aarambh/my_robot_ws/install/bumperbot_description/share/bumperbot_description/models/aws_robomaker_residential_DeskPortraitB_01/materials/textures/aws_DeskPortraitB_01.png
[1.063s] -- Up-to-date: /home/aarambh/my_robot_ws/install/bumperbot_description/share/bumperbot_description/models/aws_robomaker_residential_DeskPortraitB_01/model.config
[1.063s] -- Up-to-date: /home/aarambh/my_robot_ws/install/bumperbot_description/share/bumperbot_description/models/aws_robomaker_residential_DeskPortraitB_01/meshes
[1.064s] -- Up-to-date: /home/aarambh/my_robot_ws/install/bumperbot_description/share/bumperbot_description/models/aws_robomaker_residential_DeskPortraitB_01/meshes/aws_DeskPortraitB_01_visual.DAE
[1.064s] -- Up-to-date: /home/aarambh/my_robot_ws/install/bumperbot_description/share/bumperbot_description/models/aws_robomaker_residential_DeskPortraitB_01/meshes/aws_DeskPortraitB_01_collision.DAE
[1.065s] -- Up-to-date: /home/aarambh/my_robot_ws/install/bumperbot_description/share/bumperbot_description/models/aws_robomaker_residential_FloorB_01
[1.065s] -- Up-to-date: /home/aarambh/my_robot_ws/install/bumperbot_description/share/bumperbot_description/models/aws_robomaker_residential_FloorB_01/model.sdf
[1.065s] -- Up-to-date: /home/aarambh/my_robot_ws/install/bumperbot_description/share/bumperbot_description/models/aws_robomaker_residential_FloorB_01/materials
[1.066s] -- Up-to-date: /home/aarambh/my_robot_ws/install/bumperbot_description/share/bumperbot_description/models/aws_robomaker_residential_FloorB_01/materials/textures
[1.066s] -- Up-to-date: /home/aarambh/my_robot_ws/install/bumperbot_description/share/bumperbot_description/models/aws_robomaker_residential_FloorB_01/materials/textures/aws_FloorB_01.png
[1.067s] -- Up-to-date: /home/aarambh/my_robot_ws/install/bumperbot_description/share/bumperbot_description/models/aws_robomaker_residential_FloorB_01/model.config
[1.067s] -- Up-to-date: /home/aarambh/my_robot_ws/install/bumperbot_description/share/bumperbot_description/models/aws_robomaker_residential_FloorB_01/meshes
[1.068s] -- Up-to-date: /home/aarambh/my_robot_ws/install/bumperbot_description/share/bumperbot_description/models/aws_robomaker_residential_FloorB_01/meshes/aws_FloorB_01_collision.DAE
[1.068s] -- Up-to-date: /home/aarambh/my_robot_ws/install/bumperbot_description/share/bumperbot_description/models/aws_robomaker_residential_FloorB_01/meshes/aws_FloorB_01_visual.DAE
[1.085s] -- Up-to-date: /home/aarambh/my_robot_ws/install/bumperbot_description/share/bumperbot_description/models/aws_robomaker_residential_RoomCeiling_01
[1.086s] -- Up-to-date: /home/aarambh/my_robot_ws/install/bumperbot_description/share/bumperbot_description/models/aws_robomaker_residential_RoomCeiling_01/model.sdf
[1.086s] -- Up-to-date: /home/aarambh/my_robot_ws/install/bumperbot_description/share/bumperbot_description/models/aws_robomaker_residential_RoomCeiling_01/materials
[1.087s] -- Up-to-date: /home/aarambh/my_robot_ws/install/bumperbot_description/share/bumperbot_description/models/aws_robomaker_residential_RoomCeiling_01/materials/textures
[1.087s] -- Up-to-date: /home/aarambh/my_robot_ws/install/bumperbot_description/share/bumperbot_description/models/aws_robomaker_residential_RoomCeiling_01/materials/textures/aws_RoomCeiling_01.png
[1.088s] -- Up-to-date: /home/aarambh/my_robot_ws/install/bumperbot_description/share/bumperbot_description/models/aws_robomaker_residential_RoomCeiling_01/model.config
[1.089s] -- Up-to-date: /home/aarambh/my_robot_ws/install/bumperbot_description/share/bumperbot_description/models/aws_robomaker_residential_RoomCeiling_01/meshes
[1.090s] -- Up-to-date: /home/aarambh/my_robot_ws/install/bumperbot_description/share/bumperbot_description/models/aws_robomaker_residential_RoomCeiling_01/meshes/aws_RoomCeiling_01_collision.DAE
[1.090s] -- Up-to-date: /home/aarambh/my_robot_ws/install/bumperbot_description/share/bumperbot_description/models/aws_robomaker_residential_RoomCeiling_01/meshes/aws_RoomCeiling_01_visual.DAE
[1.091s] -- Up-to-date: /home/aarambh/my_robot_ws/install/bumperbot_description/share/bumperbot_description/models/aws_robomaker_warehouse_Bucket_01
[1.092s] -- Up-to-date: /home/aarambh/my_robot_ws/install/bumperbot_description/share/bumperbot_description/models/aws_robomaker_warehouse_Bucket_01/model.sdf
[1.093s] -- Up-to-date: /home/aarambh/my_robot_ws/install/bumperbot_description/share/bumperbot_description/models/aws_robomaker_warehouse_Bucket_01/materials
[1.093s] -- Up-to-date: /home/aarambh/my_robot_ws/install/bumperbot_description/share/bumperbot_description/models/aws_robomaker_warehouse_Bucket_01/materials/.DS_Store
[1.094s] -- Up-to-date: /home/aarambh/my_robot_ws/install/bumperbot_description/share/bumperbot_description/models/aws_robomaker_warehouse_Bucket_01/materials/textures
[1.095s] -- Up-to-date: /home/aarambh/my_robot_ws/install/bumperbot_description/share/bumperbot_description/models/aws_robomaker_warehouse_Bucket_01/materials/textures/aws_robomaker_warehouse_Bucket_01.png
[1.095s] -- Up-to-date: /home/aarambh/my_robot_ws/install/bumperbot_description/share/bumperbot_description/models/aws_robomaker_warehouse_Bucket_01/.DS_Store
[1.096s] -- Up-to-date: /home/aarambh/my_robot_ws/install/bumperbot_description/share/bumperbot_description/models/aws_robomaker_warehouse_Bucket_01/model.config
[1.096s] -- Up-to-date: /home/aarambh/my_robot_ws/install/bumperbot_description/share/bumperbot_description/models/aws_robomaker_warehouse_Bucket_01/meshes
[1.112s] -- Up-to-date: /home/aarambh/my_robot_ws/install/bumperbot_description/share/bumperbot_description/models/aws_robomaker_warehouse_Bucket_01/meshes/aws_robomaker_warehouse_Bucket_01_visual.DAE
[1.113s] -- Up-to-date: /home/aarambh/my_robot_ws/install/bumperbot_description/share/bumperbot_description/models/aws_robomaker_warehouse_Bucket_01/meshes/aws_robomaker_warehouse_Bucket_01_collision.DAE
[1.114s] -- Up-to-date: /home/aarambh/my_robot_ws/install/bumperbot_description/share/bumperbot_description/models/aws_robomaker_residential_PortraitD_01
[1.115s] -- Up-to-date: /home/aarambh/my_robot_ws/install/bumperbot_description/share/bumperbot_description/models/aws_robomaker_residential_PortraitD_01/model.sdf
[1.116s] -- Up-to-date: /home/aarambh/my_robot_ws/install/bumperbot_description/share/bumperbot_description/models/aws_robomaker_residential_PortraitD_01/materials
[1.117s] -- Up-to-date: /home/aarambh/my_robot_ws/install/bumperbot_description/share/bumperbot_description/models/aws_robomaker_residential_PortraitD_01/materials/textures
[1.117s] -- Up-to-date: /home/aarambh/my_robot_ws/install/bumperbot_description/share/bumperbot_description/models/aws_robomaker_residential_PortraitD_01/materials/textures/aws_PortraitD_01.png
[1.118s] -- Up-to-date: /home/aarambh/my_robot_ws/install/bumperbot_description/share/bumperbot_description/models/aws_robomaker_residential_PortraitD_01/materials/textures/aws_PortraitD_02.png
[1.118s] -- Up-to-date: /home/aarambh/my_robot_ws/install/bumperbot_description/share/bumperbot_description/models/aws_robomaker_residential_PortraitD_01/model.config
[1.119s] -- Up-to-date: /home/aarambh/my_robot_ws/install/bumperbot_description/share/bumperbot_description/models/aws_robomaker_residential_PortraitD_01/meshes
[1.132s] -- Up-to-date: /home/aarambh/my_robot_ws/install/bumperbot_description/share/bumperbot_description/models/aws_robomaker_residential_PortraitD_01/meshes/aws_PortraitD_01_visual.DAE
[1.133s] -- Up-to-date: /home/aarambh/my_robot_ws/install/bumperbot_description/share/bumperbot_description/models/aws_robomaker_residential_PortraitD_01/meshes/aws_PortraitD_01_collision.DAE
[1.134s] -- Up-to-date: /home/aarambh/my_robot_ws/install/bumperbot_description/share/bumperbot_description/models/aws_robomaker_residential_TVCabinet_01
[1.134s] -- Up-to-date: /home/aarambh/my_robot_ws/install/bumperbot_description/share/bumperbot_description/models/aws_robomaker_residential_TVCabinet_01/model.sdf
[1.135s] -- Up-to-date: /home/aarambh/my_robot_ws/install/bumperbot_description/share/bumperbot_description/models/aws_robomaker_residential_TVCabinet_01/materials
[1.136s] -- Up-to-date: /home/aarambh/my_robot_ws/install/bumperbot_description/share/bumperbot_description/models/aws_robomaker_residential_TVCabinet_01/materials/textures
[1.136s] -- Up-to-date: /home/aarambh/my_robot_ws/install/bumperbot_description/share/bumperbot_description/models/aws_robomaker_residential_TVCabinet_01/materials/textures/aws_TVCabinet_01.png
[1.137s] -- Up-to-date: /home/aarambh/my_robot_ws/install/bumperbot_description/share/bumperbot_description/models/aws_robomaker_residential_TVCabinet_01/model.config
[1.138s] -- Up-to-date: /home/aarambh/my_robot_ws/install/bumperbot_description/share/bumperbot_description/models/aws_robomaker_residential_TVCabinet_01/meshes
[1.139s] -- Up-to-date: /home/aarambh/my_robot_ws/install/bumperbot_description/share/bumperbot_description/models/aws_robomaker_residential_TVCabinet_01/meshes/aws_TVCabinet_01_visual.DAE
[1.140s] -- Up-to-date: /home/aarambh/my_robot_ws/install/bumperbot_description/share/bumperbot_description/models/aws_robomaker_residential_TVCabinet_01/meshes/aws_TVCabinet_01_collision.DAE
[1.152s] -- Up-to-date: /home/aarambh/my_robot_ws/install/bumperbot_description/share/bumperbot_description/models/aws_robomaker_residential_DeskPortraitA_01
[1.152s] -- Up-to-date: /home/aarambh/my_robot_ws/install/bumperbot_description/share/bumperbot_description/models/aws_robomaker_residential_DeskPortraitA_01/model.sdf
[1.155s] -- Up-to-date: /home/aarambh/my_robot_ws/install/bumperbot_description/share/bumperbot_description/models/aws_robomaker_residential_DeskPortraitA_01/materials
[1.155s] -- Up-to-date: /home/aarambh/my_robot_ws/install/bumperbot_description/share/bumperbot_description/models/aws_robomaker_residential_DeskPortraitA_01/materials/textures
[1.156s] -- Up-to-date: /home/aarambh/my_robot_ws/install/bumperbot_description/share/bumperbot_description/models/aws_robomaker_residential_DeskPortraitA_01/materials/textures/aws_DeskPortraitA_01.png
[1.156s] -- Up-to-date: /home/aarambh/my_robot_ws/install/bumperbot_description/share/bumperbot_description/models/aws_robomaker_residential_DeskPortraitA_01/materials/textures/aws_DeskPortraitA_02.png
[1.157s] -- Up-to-date: /home/aarambh/my_robot_ws/install/bumperbot_description/share/bumperbot_description/models/aws_robomaker_residential_DeskPortraitA_01/model.config
[1.157s] -- Up-to-date: /home/aarambh/my_robot_ws/install/bumperbot_description/share/bumperbot_description/models/aws_robomaker_residential_DeskPortraitA_01/meshes
[1.157s] -- Up-to-date: /home/aarambh/my_robot_ws/install/bumperbot_description/share/bumperbot_description/models/aws_robomaker_residential_DeskPortraitA_01/meshes/aws_DeskPortraitA_01_visual.DAE
[1.158s] -- Up-to-date: /home/aarambh/my_robot_ws/install/bumperbot_description/share/bumperbot_description/models/aws_robomaker_residential_DeskPortraitA_01/meshes/aws_DeskPortraitA_01_collision.DAE
[1.158s] -- Up-to-date: /home/aarambh/my_robot_ws/install/bumperbot_description/share/bumperbot_description/models/aws_robomaker_residential_PortraitB_03
[1.159s] -- Up-to-date: /home/aarambh/my_robot_ws/install/bumperbot_description/share/bumperbot_description/models/aws_robomaker_residential_PortraitB_03/model.sdf
[1.159s] -- Up-to-date: /home/aarambh/my_robot_ws/install/bumperbot_description/share/bumperbot_description/models/aws_robomaker_residential_PortraitB_03/materials
[1.159s] -- Up-to-date: /home/aarambh/my_robot_ws/install/bumperbot_description/share/bumperbot_description/models/aws_robomaker_residential_PortraitB_03/materials/textures
[1.160s] -- Up-to-date: /home/aarambh/my_robot_ws/install/bumperbot_description/share/bumperbot_description/models/aws_robomaker_residential_PortraitB_03/materials/textures/aws_PortraitB_01.png
[1.160s] -- Up-to-date: /home/aarambh/my_robot_ws/install/bumperbot_description/share/bumperbot_description/models/aws_robomaker_residential_PortraitB_03/materials/textures/aws_PortraitB_02.png
[1.161s] -- Up-to-date: /home/aarambh/my_robot_ws/install/bumperbot_description/share/bumperbot_description/models/aws_robomaker_residential_PortraitB_03/model.config
[1.161s] -- Up-to-date: /home/aarambh/my_robot_ws/install/bumperbot_description/share/bumperbot_description/models/aws_robomaker_residential_PortraitB_03/meshes
[1.162s] -- Up-to-date: /home/aarambh/my_robot_ws/install/bumperbot_description/share/bumperbot_description/models/aws_robomaker_residential_PortraitB_03/meshes/aws_PortraitB_01_collision.DAE
[1.162s] -- Up-to-date: /home/aarambh/my_robot_ws/install/bumperbot_description/share/bumperbot_description/models/aws_robomaker_residential_PortraitB_03/meshes/aws_PortraitB_01_visual.DAE
[1.162s] -- Up-to-date: /home/aarambh/my_robot_ws/install/bumperbot_description/share/bumperbot_description/models/aws_robomaker_warehouse_DeskC_01
[1.163s] -- Up-to-date: /home/aarambh/my_robot_ws/install/bumperbot_description/share/bumperbot_description/models/aws_robomaker_warehouse_DeskC_01/model.sdf
[1.163s] -- Up-to-date: /home/aarambh/my_robot_ws/install/bumperbot_description/share/bumperbot_description/models/aws_robomaker_warehouse_DeskC_01/materials
[1.164s] -- Up-to-date: /home/aarambh/my_robot_ws/install/bumperbot_description/share/bumperbot_description/models/aws_robomaker_warehouse_DeskC_01/materials/.DS_Store
[1.177s] -- Up-to-date: /home/aarambh/my_robot_ws/install/bumperbot_description/share/bumperbot_description/models/aws_robomaker_warehouse_DeskC_01/materials/textures
[1.178s] -- Up-to-date: /home/aarambh/my_robot_ws/install/bumperbot_description/share/bumperbot_description/models/aws_robomaker_warehouse_DeskC_01/materials/textures/aws_robomaker_warehouse_DeskC_03.psd
[1.178s] -- Up-to-date: /home/aarambh/my_robot_ws/install/bumperbot_description/share/bumperbot_description/models/aws_robomaker_warehouse_DeskC_01/materials/textures/aws_robomaker_warehouse_DeskC_03.png
[1.179s] -- Up-to-date: /home/aarambh/my_robot_ws/install/bumperbot_description/share/bumperbot_description/models/aws_robomaker_warehouse_DeskC_01/materials/textures/aws_robomaker_warehouse_DeskC_01.png
[1.179s] -- Up-to-date: /home/aarambh/my_robot_ws/install/bumperbot_description/share/bumperbot_description/models/aws_robomaker_warehouse_DeskC_01/materials/textures/aws_robomaker_warehouse_DeskC_02.png
[1.180s] -- Up-to-date: /home/aarambh/my_robot_ws/install/bumperbot_description/share/bumperbot_description/models/aws_robomaker_warehouse_DeskC_01/materials/textures/aws_robomaker_warehouse_DeskC_04.png
[1.180s] -- Up-to-date: /home/aarambh/my_robot_ws/install/bumperbot_description/share/bumperbot_description/models/aws_robomaker_warehouse_DeskC_01/model.config
[1.181s] -- Up-to-date: /home/aarambh/my_robot_ws/install/bumperbot_description/share/bumperbot_description/models/aws_robomaker_warehouse_DeskC_01/meshes
[1.181s] -- Up-to-date: /home/aarambh/my_robot_ws/install/bumperbot_description/share/bumperbot_description/models/aws_robomaker_warehouse_DeskC_01/meshes/aws_robomaker_warehouse_DeskC_01_visual.DAE
[1.182s] -- Up-to-date: /home/aarambh/my_robot_ws/install/bumperbot_description/share/bumperbot_description/models/aws_robomaker_warehouse_DeskC_01/meshes/aws_robomaker_warehouse_DeskC_01_collision.DAE
[1.182s] -- Up-to-date: /home/aarambh/my_robot_ws/install/bumperbot_description/share/bumperbot_description/models/aws_robomaker_residential_NightStand_01
[1.183s] -- Up-to-date: /home/aarambh/my_robot_ws/install/bumperbot_description/share/bumperbot_description/models/aws_robomaker_residential_NightStand_01/model.sdf
[1.195s] -- Up-to-date: /home/aarambh/my_robot_ws/install/bumperbot_description/share/bumperbot_description/models/aws_robomaker_residential_NightStand_01/materials
[1.195s] -- Up-to-date: /home/aarambh/my_robot_ws/install/bumperbot_description/share/bumperbot_description/models/aws_robomaker_residential_NightStand_01/materials/textures
[1.196s] -- Up-to-date: /home/aarambh/my_robot_ws/install/bumperbot_description/share/bumperbot_description/models/aws_robomaker_residential_NightStand_01/materials/textures/aws_NightStand_01.png
[1.197s] -- Up-to-date: /home/aarambh/my_robot_ws/install/bumperbot_description/share/bumperbot_description/models/aws_robomaker_residential_NightStand_01/model.config
[1.197s] -- Up-to-date: /home/aarambh/my_robot_ws/install/bumperbot_description/share/bumperbot_description/models/aws_robomaker_residential_NightStand_01/meshes
[1.197s] -- Up-to-date: /home/aarambh/my_robot_ws/install/bumperbot_description/share/bumperbot_description/models/aws_robomaker_residential_NightStand_01/meshes/aws_NightStand_01_collision.DAE
[1.198s] -- Up-to-date: /home/aarambh/my_robot_ws/install/bumperbot_description/share/bumperbot_description/models/aws_robomaker_residential_NightStand_01/meshes/aws_NightStand_01_visual.DAE
[1.198s] -- Up-to-date: /home/aarambh/my_robot_ws/install/bumperbot_description/share/bumperbot_description/models/aws_robomaker_residential_KitchenUtensils_01
[1.199s] -- Up-to-date: /home/aarambh/my_robot_ws/install/bumperbot_description/share/bumperbot_description/models/aws_robomaker_residential_KitchenUtensils_01/model.sdf
[1.199s] -- Up-to-date: /home/aarambh/my_robot_ws/install/bumperbot_description/share/bumperbot_description/models/aws_robomaker_residential_KitchenUtensils_01/materials
[1.200s] -- Up-to-date: /home/aarambh/my_robot_ws/install/bumperbot_description/share/bumperbot_description/models/aws_robomaker_residential_KitchenUtensils_01/materials/textures
[1.201s] -- Up-to-date: /home/aarambh/my_robot_ws/install/bumperbot_description/share/bumperbot_description/models/aws_robomaker_residential_KitchenUtensils_01/materials/textures/aws_KitchenUtensils_01.png
[1.202s] -- Up-to-date: /home/aarambh/my_robot_ws/install/bumperbot_description/share/bumperbot_description/models/aws_robomaker_residential_KitchenUtensils_01/model.config
[1.202s] -- Up-to-date: /home/aarambh/my_robot_ws/install/bumperbot_description/share/bumperbot_description/models/aws_robomaker_residential_KitchenUtensils_01/meshes
[1.203s] -- Up-to-date: /home/aarambh/my_robot_ws/install/bumperbot_description/share/bumperbot_description/models/aws_robomaker_residential_KitchenUtensils_01/meshes/aws_KitchenUtensils_01_collision.DAE
[1.204s] -- Up-to-date: /home/aarambh/my_robot_ws/install/bumperbot_description/share/bumperbot_description/models/aws_robomaker_residential_KitchenUtensils_01/meshes/aws_KitchenUtensils_01_visual.DAE
[1.204s] -- Up-to-date: /home/aarambh/my_robot_ws/install/bumperbot_description/share/bumperbot_description/models/aws_robomaker_residential_Bed_01
[1.204s] -- Up-to-date: /home/aarambh/my_robot_ws/install/bumperbot_description/share/bumperbot_description/models/aws_robomaker_residential_Bed_01/model.sdf
[1.219s] -- Up-to-date: /home/aarambh/my_robot_ws/install/bumperbot_description/share/bumperbot_description/models/aws_robomaker_residential_Bed_01/materials
[1.220s] -- Up-to-date: /home/aarambh/my_robot_ws/install/bumperbot_description/share/bumperbot_description/models/aws_robomaker_residential_Bed_01/materials/textures
[1.220s] -- Up-to-date: /home/aarambh/my_robot_ws/install/bumperbot_description/share/bumperbot_description/models/aws_robomaker_residential_Bed_01/materials/textures/aws_Bed_01.png
[1.221s] -- Up-to-date: /home/aarambh/my_robot_ws/install/bumperbot_description/share/bumperbot_description/models/aws_robomaker_residential_Bed_01/materials/textures/aws_BedB_01.png
[1.221s] -- Up-to-date: /home/aarambh/my_robot_ws/install/bumperbot_description/share/bumperbot_description/models/aws_robomaker_residential_Bed_01/materials/textures/aws_BedC_01.png
[1.222s] -- Up-to-date: /home/aarambh/my_robot_ws/install/bumperbot_description/share/bumperbot_description/models/aws_robomaker_residential_Bed_01/materials/textures/aws_BedA_01.png
[1.223s] -- Up-to-date: /home/aarambh/my_robot_ws/install/bumperbot_description/share/bumperbot_description/models/aws_robomaker_residential_Bed_01/model.config
[1.223s] -- Up-to-date: /home/aarambh/my_robot_ws/install/bumperbot_description/share/bumperbot_description/models/aws_robomaker_residential_Bed_01/meshes
[1.224s] -- Up-to-date: /home/aarambh/my_robot_ws/install/bumperbot_description/share/bumperbot_description/models/aws_robomaker_residential_Bed_01/meshes/aws_Bed_01_visual.DAE
[1.225s] -- Up-to-date: /home/aarambh/my_robot_ws/install/bumperbot_description/share/bumperbot_description/models/aws_robomaker_residential_Bed_01/meshes/aws_Bed_01_collision.DAE
[1.226s] -- Up-to-date: /home/aarambh/my_robot_ws/install/bumperbot_description/share/bumperbot_description/models/aws_robomaker_warehouse_Lamp_01
[1.226s] -- Up-to-date: /home/aarambh/my_robot_ws/install/bumperbot_description/share/bumperbot_description/models/aws_robomaker_warehouse_Lamp_01/model.sdf
[1.227s] -- Up-to-date: /home/aarambh/my_robot_ws/install/bumperbot_description/share/bumperbot_description/models/aws_robomaker_warehouse_Lamp_01/materials
[1.227s] -- Up-to-date: /home/aarambh/my_robot_ws/install/bumperbot_description/share/bumperbot_description/models/aws_robomaker_warehouse_Lamp_01/materials/textures
[1.228s] -- Up-to-date: /home/aarambh/my_robot_ws/install/bumperbot_description/share/bumperbot_description/models/aws_robomaker_warehouse_Lamp_01/materials/textures/aws_robomaker_warehouse_Lamp_01.png
[1.241s] -- Up-to-date: /home/aarambh/my_robot_ws/install/bumperbot_description/share/bumperbot_description/models/aws_robomaker_warehouse_Lamp_01/model.config
[1.242s] -- Up-to-date: /home/aarambh/my_robot_ws/install/bumperbot_description/share/bumperbot_description/models/aws_robomaker_warehouse_Lamp_01/meshes
[1.242s] -- Up-to-date: /home/aarambh/my_robot_ws/install/bumperbot_description/share/bumperbot_description/models/aws_robomaker_warehouse_Lamp_01/meshes/aws_robomaker_warehouse_Lamp_01_collision.DAE
[1.243s] -- Up-to-date: /home/aarambh/my_robot_ws/install/bumperbot_description/share/bumperbot_description/models/aws_robomaker_warehouse_Lamp_01/meshes/aws_robomaker_warehouse_Lamp_01_visual.DAE
[1.243s] -- Up-to-date: /home/aarambh/my_robot_ws/install/bumperbot_description/share/bumperbot_description/models/aws_robomaker_residential_Dumbbell_01
[1.244s] -- Up-to-date: /home/aarambh/my_robot_ws/install/bumperbot_description/share/bumperbot_description/models/aws_robomaker_residential_Dumbbell_01/model.sdf
[1.245s] -- Up-to-date: /home/aarambh/my_robot_ws/install/bumperbot_description/share/bumperbot_description/models/aws_robomaker_residential_Dumbbell_01/materials
[1.245s] -- Up-to-date: /home/aarambh/my_robot_ws/install/bumperbot_description/share/bumperbot_description/models/aws_robomaker_residential_Dumbbell_01/materials/textures
[1.246s] -- Up-to-date: /home/aarambh/my_robot_ws/install/bumperbot_description/share/bumperbot_description/models/aws_robomaker_residential_Dumbbell_01/materials/textures/aws_Dumbbell_01.png
[1.246s] -- Up-to-date: /home/aarambh/my_robot_ws/install/bumperbot_description/share/bumperbot_description/models/aws_robomaker_residential_Dumbbell_01/model.config
[1.247s] -- Up-to-date: /home/aarambh/my_robot_ws/install/bumperbot_description/share/bumperbot_description/models/aws_robomaker_residential_Dumbbell_01/meshes
[1.249s] -- Up-to-date: /home/aarambh/my_robot_ws/install/bumperbot_description/share/bumperbot_description/models/aws_robomaker_residential_Dumbbell_01/meshes/aws_Dumbbell_01_collision.DAE
[1.250s] -- Up-to-date: /home/aarambh/my_robot_ws/install/bumperbot_description/share/bumperbot_description/models/aws_robomaker_residential_Dumbbell_01/meshes/aws_Dumbbell_01_visual.DAE
[1.250s] -- Up-to-date: /home/aarambh/my_robot_ws/install/bumperbot_description/share/bumperbot_description/models/aws_robomaker_residential_DeskPortraitD_02
[1.251s] -- Up-to-date: /home/aarambh/my_robot_ws/install/bumperbot_description/share/bumperbot_description/models/aws_robomaker_residential_DeskPortraitD_02/model.sdf
[1.252s] -- Up-to-date: /home/aarambh/my_robot_ws/install/bumperbot_description/share/bumperbot_description/models/aws_robomaker_residential_DeskPortraitD_02/materials
[1.267s] -- Up-to-date: /home/aarambh/my_robot_ws/install/bumperbot_description/share/bumperbot_description/models/aws_robomaker_residential_DeskPortraitD_02/materials/textures
[1.268s] -- Up-to-date: /home/aarambh/my_robot_ws/install/bumperbot_description/share/bumperbot_description/models/aws_robomaker_residential_DeskPortraitD_02/materials/textures/aws_DeskPortraitD_01.png
[1.272s] -- Up-to-date: /home/aarambh/my_robot_ws/install/bumperbot_description/share/bumperbot_description/models/aws_robomaker_residential_DeskPortraitD_02/materials/textures/aws_DeskPortraitD_02.png
[1.272s] -- Up-to-date: /home/aarambh/my_robot_ws/install/bumperbot_description/share/bumperbot_description/models/aws_robomaker_residential_DeskPortraitD_02/model.config
[1.273s] -- Up-to-date: /home/aarambh/my_robot_ws/install/bumperbot_description/share/bumperbot_description/models/aws_robomaker_residential_DeskPortraitD_02/meshes
[1.273s] -- Up-to-date: /home/aarambh/my_robot_ws/install/bumperbot_description/share/bumperbot_description/models/aws_robomaker_residential_DeskPortraitD_02/meshes/aws_DeskPortraitD_01_collision.DAE
[1.274s] -- Up-to-date: /home/aarambh/my_robot_ws/install/bumperbot_description/share/bumperbot_description/models/aws_robomaker_residential_DeskPortraitD_02/meshes/aws_DeskPortraitD_01_visual.DAE
[1.274s] -- Up-to-date: /home/aarambh/my_robot_ws/install/bumperbot_description/share/bumperbot_description/models/aws_robomaker_residential_PortraitA_02
[1.275s] -- Up-to-date: /home/aarambh/my_robot_ws/install/bumperbot_description/share/bumperbot_description/models/aws_robomaker_residential_PortraitA_02/model.sdf
[1.275s] -- Up-to-date: /home/aarambh/my_robot_ws/install/bumperbot_description/share/bumperbot_description/models/aws_robomaker_residential_PortraitA_02/materials
[1.276s] -- Up-to-date: /home/aarambh/my_robot_ws/install/bumperbot_description/share/bumperbot_description/models/aws_robomaker_residential_PortraitA_02/materials/textures
[1.283s] -- Up-to-date: /home/aarambh/my_robot_ws/install/bumperbot_description/share/bumperbot_description/models/aws_robomaker_residential_PortraitA_02/materials/textures/aws_PortraitA_01.png
[1.283s] -- Up-to-date: /home/aarambh/my_robot_ws/install/bumperbot_description/share/bumperbot_description/models/aws_robomaker_residential_PortraitA_02/materials/textures/aws_PortraitA_02.png
[1.288s] -- Up-to-date: /home/aarambh/my_robot_ws/install/bumperbot_description/share/bumperbot_description/models/aws_robomaker_residential_PortraitA_02/model.config
[1.288s] -- Up-to-date: /home/aarambh/my_robot_ws/install/bumperbot_description/share/bumperbot_description/models/aws_robomaker_residential_PortraitA_02/meshes
[1.289s] -- Up-to-date: /home/aarambh/my_robot_ws/install/bumperbot_description/share/bumperbot_description/models/aws_robomaker_residential_PortraitA_02/meshes/aws_PortraitA_01_visual.DAE
[1.289s] -- Up-to-date: /home/aarambh/my_robot_ws/install/bumperbot_description/share/bumperbot_description/models/aws_robomaker_residential_PortraitA_02/meshes/aws_PortraitA_01_collision.DAE
[1.290s] -- Up-to-date: /home/aarambh/my_robot_ws/install/bumperbot_description/share/bumperbot_description/models/aws_robomaker_residential_PortraitE_02
[1.290s] -- Up-to-date: /home/aarambh/my_robot_ws/install/bumperbot_description/share/bumperbot_description/models/aws_robomaker_residential_PortraitE_02/model.sdf
[1.291s] -- Up-to-date: /home/aarambh/my_robot_ws/install/bumperbot_description/share/bumperbot_description/models/aws_robomaker_residential_PortraitE_02/materials
[1.293s] -- Up-to-date: /home/aarambh/my_robot_ws/install/bumperbot_description/share/bumperbot_description/models/aws_robomaker_residential_PortraitE_02/materials/textures
[1.294s] -- Up-to-date: /home/aarambh/my_robot_ws/install/bumperbot_description/share/bumperbot_description/models/aws_robomaker_residential_PortraitE_02/materials/textures/aws_PortraitE_02.png
[1.295s] -- Up-to-date: /home/aarambh/my_robot_ws/install/bumperbot_description/share/bumperbot_description/models/aws_robomaker_residential_PortraitE_02/materials/textures/aws_PortraitE_01.png
[1.296s] -- Up-to-date: /home/aarambh/my_robot_ws/install/bumperbot_description/share/bumperbot_description/models/aws_robomaker_residential_PortraitE_02/model.config
[1.310s] -- Up-to-date: /home/aarambh/my_robot_ws/install/bumperbot_description/share/bumperbot_description/models/aws_robomaker_residential_PortraitE_02/meshes
[1.311s] -- Up-to-date: /home/aarambh/my_robot_ws/install/bumperbot_description/share/bumperbot_description/models/aws_robomaker_residential_PortraitE_02/meshes/aws_PortraitE_01_collision.DAE
[1.312s] -- Up-to-date: /home/aarambh/my_robot_ws/install/bumperbot_description/share/bumperbot_description/models/aws_robomaker_residential_PortraitE_02/meshes/aws_PortraitE_01_visual.DAE
[1.312s] -- Up-to-date: /home/aarambh/my_robot_ws/install/bumperbot_description/share/bumperbot_description/models/aws_robomaker_residential_Ball_01
[1.313s] -- Up-to-date: /home/aarambh/my_robot_ws/install/bumperbot_description/share/bumperbot_description/models/aws_robomaker_residential_Ball_01/model.sdf
[1.314s] -- Up-to-date: /home/aarambh/my_robot_ws/install/bumperbot_description/share/bumperbot_description/models/aws_robomaker_residential_Ball_01/materials
[1.314s] -- Up-to-date: /home/aarambh/my_robot_ws/install/bumperbot_description/share/bumperbot_description/models/aws_robomaker_residential_Ball_01/materials/textures
[1.314s] -- Up-to-date: /home/aarambh/my_robot_ws/install/bumperbot_description/share/bumperbot_description/models/aws_robomaker_residential_Ball_01/materials/textures/aws_Ball_01.png
[1.315s] -- Up-to-date: /home/aarambh/my_robot_ws/install/bumperbot_description/share/bumperbot_description/models/aws_robomaker_residential_Ball_01/model.config
[1.315s] -- Up-to-date: /home/aarambh/my_robot_ws/install/bumperbot_description/share/bumperbot_description/models/aws_robomaker_residential_Ball_01/meshes
[1.316s] -- Up-to-date: /home/aarambh/my_robot_ws/install/bumperbot_description/share/bumperbot_description/models/aws_robomaker_residential_Ball_01/meshes/aws_Ball_01_collision.DAE
[1.317s] -- Up-to-date: /home/aarambh/my_robot_ws/install/bumperbot_description/share/bumperbot_description/models/aws_robomaker_residential_Ball_01/meshes/aws_Ball_01_visual.DAE
[1.317s] -- Up-to-date: /home/aarambh/my_robot_ws/install/bumperbot_description/share/bumperbot_description/models/aws_robomaker_residential_Tablet_01
[1.318s] -- Up-to-date: /home/aarambh/my_robot_ws/install/bumperbot_description/share/bumperbot_description/models/aws_robomaker_residential_Tablet_01/model.sdf
[1.318s] -- Up-to-date: /home/aarambh/my_robot_ws/install/bumperbot_description/share/bumperbot_description/models/aws_robomaker_residential_Tablet_01/materials
[1.319s] -- Up-to-date: /home/aarambh/my_robot_ws/install/bumperbot_description/share/bumperbot_description/models/aws_robomaker_residential_Tablet_01/materials/textures
[1.320s] -- Up-to-date: /home/aarambh/my_robot_ws/install/bumperbot_description/share/bumperbot_description/models/aws_robomaker_residential_Tablet_01/materials/textures/aws_Tablet_01_nologo.png
[1.320s] -- Up-to-date: /home/aarambh/my_robot_ws/install/bumperbot_description/share/bumperbot_description/models/aws_robomaker_residential_Tablet_01/model.config
[1.334s] -- Up-to-date: /home/aarambh/my_robot_ws/install/bumperbot_description/share/bumperbot_description/models/aws_robomaker_residential_Tablet_01/meshes
[1.334s] -- Up-to-date: /home/aarambh/my_robot_ws/install/bumperbot_description/share/bumperbot_description/models/aws_robomaker_residential_Tablet_01/meshes/aws_Tablet_01_collision.DAE
[1.335s] -- Up-to-date: /home/aarambh/my_robot_ws/install/bumperbot_description/share/bumperbot_description/models/aws_robomaker_residential_Tablet_01/meshes/aws_Tablet_01_visual.DAE
[1.335s] -- Up-to-date: /home/aarambh/my_robot_ws/install/bumperbot_description/share/bumperbot_description/models/aws_robomaker_residential_BalconyTable_01
[1.335s] -- Up-to-date: /home/aarambh/my_robot_ws/install/bumperbot_description/share/bumperbot_description/models/aws_robomaker_residential_BalconyTable_01/model.sdf
[1.336s] -- Up-to-date: /home/aarambh/my_robot_ws/install/bumperbot_description/share/bumperbot_description/models/aws_robomaker_residential_BalconyTable_01/materials
[1.337s] -- Up-to-date: /home/aarambh/my_robot_ws/install/bumperbot_description/share/bumperbot_description/models/aws_robomaker_residential_BalconyTable_01/materials/textures
[1.337s] -- Up-to-date: /home/aarambh/my_robot_ws/install/bumperbot_description/share/bumperbot_description/models/aws_robomaker_residential_BalconyTable_01/materials/textures/aws_BalconyTable_01.png
[1.338s] -- Up-to-date: /home/aarambh/my_robot_ws/install/bumperbot_description/share/bumperbot_description/models/aws_robomaker_residential_BalconyTable_01/model.config
[1.338s] -- Up-to-date: /home/aarambh/my_robot_ws/install/bumperbot_description/share/bumperbot_description/models/aws_robomaker_residential_BalconyTable_01/meshes
[1.338s] -- Up-to-date: /home/aarambh/my_robot_ws/install/bumperbot_description/share/bumperbot_description/models/aws_robomaker_residential_BalconyTable_01/meshes/aws_BalconyTable_01_visual.DAE
[1.339s] -- Up-to-date: /home/aarambh/my_robot_ws/install/bumperbot_description/share/bumperbot_description/models/aws_robomaker_residential_BalconyTable_01/meshes/aws_BalconyTable_01_collision.DAE
[1.339s] -- Up-to-date: /home/aarambh/my_robot_ws/install/bumperbot_description/share/bumperbot_description/models/aws_robomaker_residential_LightC_01
[1.340s] -- Up-to-date: /home/aarambh/my_robot_ws/install/bumperbot_description/share/bumperbot_description/models/aws_robomaker_residential_LightC_01/model.sdf
[1.341s] -- Up-to-date: /home/aarambh/my_robot_ws/install/bumperbot_description/share/bumperbot_description/models/aws_robomaker_residential_LightC_01/materials
[1.342s] -- Up-to-date: /home/aarambh/my_robot_ws/install/bumperbot_description/share/bumperbot_description/models/aws_robomaker_residential_LightC_01/materials/textures
[1.343s] -- Up-to-date: /home/aarambh/my_robot_ws/install/bumperbot_description/share/bumperbot_description/models/aws_robomaker_residential_LightC_01/materials/textures/aws_LightC_01.png
[1.344s] -- Up-to-date: /home/aarambh/my_robot_ws/install/bumperbot_description/share/bumperbot_description/models/aws_robomaker_residential_LightC_01/model.config
[1.344s] -- Up-to-date: /home/aarambh/my_robot_ws/install/bumperbot_description/share/bumperbot_description/models/aws_robomaker_residential_LightC_01/meshes
[1.359s] -- Up-to-date: /home/aarambh/my_robot_ws/install/bumperbot_description/share/bumperbot_description/models/aws_robomaker_residential_LightC_01/meshes/aws_LightC_01_collision.DAE
[1.359s] -- Up-to-date: /home/aarambh/my_robot_ws/install/bumperbot_description/share/bumperbot_description/models/aws_robomaker_residential_LightC_01/meshes/aws_LightC_01_visual.DAE
[1.360s] -- Up-to-date: /home/aarambh/my_robot_ws/install/bumperbot_description/share/bumperbot_description/models/aws_robomaker_residential_Quilt_01
[1.360s] -- Up-to-date: /home/aarambh/my_robot_ws/install/bumperbot_description/share/bumperbot_description/models/aws_robomaker_residential_Quilt_01/model.sdf
[1.361s] -- Up-to-date: /home/aarambh/my_robot_ws/install/bumperbot_description/share/bumperbot_description/models/aws_robomaker_residential_Quilt_01/materials
[1.361s] -- Up-to-date: /home/aarambh/my_robot_ws/install/bumperbot_description/share/bumperbot_description/models/aws_robomaker_residential_Quilt_01/materials/textures
[1.362s] -- Up-to-date: /home/aarambh/my_robot_ws/install/bumperbot_description/share/bumperbot_description/models/aws_robomaker_residential_Quilt_01/materials/textures/aws_Quilt_01.png
[1.363s] -- Up-to-date: /home/aarambh/my_robot_ws/install/bumperbot_description/share/bumperbot_description/models/aws_robomaker_residential_Quilt_01/model.config
[1.363s] -- Up-to-date: /home/aarambh/my_robot_ws/install/bumperbot_description/share/bumperbot_description/models/aws_robomaker_residential_Quilt_01/meshes
[1.364s] -- Up-to-date: /home/aarambh/my_robot_ws/install/bumperbot_description/share/bumperbot_description/models/aws_robomaker_residential_Quilt_01/meshes/aws_Quilt_01_visual.DAE
[1.365s] -- Up-to-date: /home/aarambh/my_robot_ws/install/bumperbot_description/share/bumperbot_description/models/aws_robomaker_residential_Quilt_01/meshes/aws_Quilt_01_collision.DAE
[1.365s] -- Up-to-date: /home/aarambh/my_robot_ws/install/bumperbot_description/share/bumperbot_description/models/aws_robomaker_residential_FoldingDoor_01
[1.366s] -- Up-to-date: /home/aarambh/my_robot_ws/install/bumperbot_description/share/bumperbot_description/models/aws_robomaker_residential_FoldingDoor_01/model.sdf
[1.366s] -- Up-to-date: /home/aarambh/my_robot_ws/install/bumperbot_description/share/bumperbot_description/models/aws_robomaker_residential_FoldingDoor_01/materials
[1.367s] -- Up-to-date: /home/aarambh/my_robot_ws/install/bumperbot_description/share/bumperbot_description/models/aws_robomaker_residential_FoldingDoor_01/materials/textures
[1.368s] -- Up-to-date: /home/aarambh/my_robot_ws/install/bumperbot_description/share/bumperbot_description/models/aws_robomaker_residential_FoldingDoor_01/materials/textures/aws_FoldingDoor_01.png
[1.368s] -- Up-to-date: /home/aarambh/my_robot_ws/install/bumperbot_description/share/bumperbot_description/models/aws_robomaker_residential_FoldingDoor_01/model.config
[1.381s] -- Up-to-date: /home/aarambh/my_robot_ws/install/bumperbot_description/share/bumperbot_description/models/aws_robomaker_residential_FoldingDoor_01/meshes
[1.382s] -- Up-to-date: /home/aarambh/my_robot_ws/install/bumperbot_description/share/bumperbot_description/models/aws_robomaker_residential_FoldingDoor_01/meshes/aws_FoldingDoor_01_visual.DAE
[1.382s] -- Up-to-date: /home/aarambh/my_robot_ws/install/bumperbot_description/share/bumperbot_description/models/aws_robomaker_residential_FoldingDoor_01/meshes/aws_FoldingDoor_01_collision.DAE
[1.384s] -- Up-to-date: /home/aarambh/my_robot_ws/install/bumperbot_description/share/bumperbot_description/models/aws_robomaker_residential_CookingBench_01
[1.393s] -- Up-to-date: /home/aarambh/my_robot_ws/install/bumperbot_description/share/bumperbot_description/models/aws_robomaker_residential_CookingBench_01/model.sdf
[1.394s] -- Up-to-date: /home/aarambh/my_robot_ws/install/bumperbot_description/share/bumperbot_description/models/aws_robomaker_residential_CookingBench_01/materials
[1.395s] -- Up-to-date: /home/aarambh/my_robot_ws/install/bumperbot_description/share/bumperbot_description/models/aws_robomaker_residential_CookingBench_01/materials/textures
[1.396s] -- Up-to-date: /home/aarambh/my_robot_ws/install/bumperbot_description/share/bumperbot_description/models/aws_robomaker_residential_CookingBench_01/materials/textures/aws_CookingBench_01.png
[1.397s] -- Up-to-date: /home/aarambh/my_robot_ws/install/bumperbot_description/share/bumperbot_description/models/aws_robomaker_residential_CookingBench_01/model.config
[1.398s] -- Up-to-date: /home/aarambh/my_robot_ws/install/bumperbot_description/share/bumperbot_description/models/aws_robomaker_residential_CookingBench_01/meshes
[1.399s] -- Up-to-date: /home/aarambh/my_robot_ws/install/bumperbot_description/share/bumperbot_description/models/aws_robomaker_residential_CookingBench_01/meshes/aws_CookingBench_01_visual.DAE
[1.399s] -- Up-to-date: /home/aarambh/my_robot_ws/install/bumperbot_description/share/bumperbot_description/models/aws_robomaker_residential_CookingBench_01/meshes/aws_CookingBench_01.DAE
[1.400s] -- Up-to-date: /home/aarambh/my_robot_ws/install/bumperbot_description/share/bumperbot_description/models/aws_robomaker_residential_CookingBench_01/meshes/aws_CookingBench_01_collision.DAE
[1.400s] -- Up-to-date: /home/aarambh/my_robot_ws/install/bumperbot_description/share/bumperbot_description/models/aws_robomaker_residential_Door_01
[1.402s] -- Up-to-date: /home/aarambh/my_robot_ws/install/bumperbot_description/share/bumperbot_description/models/aws_robomaker_residential_Door_01/model.sdf
[1.403s] -- Up-to-date: /home/aarambh/my_robot_ws/install/bumperbot_description/share/bumperbot_description/models/aws_robomaker_residential_Door_01/materials
[1.404s] -- Up-to-date: /home/aarambh/my_robot_ws/install/bumperbot_description/share/bumperbot_description/models/aws_robomaker_residential_Door_01/materials/textures
[1.405s] -- Up-to-date: /home/aarambh/my_robot_ws/install/bumperbot_description/share/bumperbot_description/models/aws_robomaker_residential_Door_01/materials/textures/aws_Door_01.png
[1.406s] -- Up-to-date: /home/aarambh/my_robot_ws/install/bumperbot_description/share/bumperbot_description/models/aws_robomaker_residential_Door_01/model.config
[1.407s] -- Up-to-date: /home/aarambh/my_robot_ws/install/bumperbot_description/share/bumperbot_description/models/aws_robomaker_residential_Door_01/meshes
[1.408s] -- Up-to-date: /home/aarambh/my_robot_ws/install/bumperbot_description/share/bumperbot_description/models/aws_robomaker_residential_Door_01/meshes/aws_Door_01_visual.DAE
[1.409s] -- Up-to-date: /home/aarambh/my_robot_ws/install/bumperbot_description/share/bumperbot_description/models/aws_robomaker_residential_Door_01/meshes/aws_Door_01_collision.DAE
[1.409s] -- Up-to-date: /home/aarambh/my_robot_ws/install/bumperbot_description/share/bumperbot_description/models/aws_robomaker_residential_Tableware_01
[1.410s] -- Up-to-date: /home/aarambh/my_robot_ws/install/bumperbot_description/share/bumperbot_description/models/aws_robomaker_residential_Tableware_01/model.sdf
[1.411s] -- Up-to-date: /home/aarambh/my_robot_ws/install/bumperbot_description/share/bumperbot_description/models/aws_robomaker_residential_Tableware_01/materials
[1.411s] -- Up-to-date: /home/aarambh/my_robot_ws/install/bumperbot_description/share/bumperbot_description/models/aws_robomaker_residential_Tableware_01/materials/textures
[1.412s] -- Up-to-date: /home/aarambh/my_robot_ws/install/bumperbot_description/share/bumperbot_description/models/aws_robomaker_residential_Tableware_01/materials/textures/aws_Tableware_01.png
[1.413s] -- Up-to-date: /home/aarambh/my_robot_ws/install/bumperbot_description/share/bumperbot_description/models/aws_robomaker_residential_Tableware_01/model.config
[1.413s] -- Up-to-date: /home/aarambh/my_robot_ws/install/bumperbot_description/share/bumperbot_description/models/aws_robomaker_residential_Tableware_01/meshes
[1.414s] -- Up-to-date: /home/aarambh/my_robot_ws/install/bumperbot_description/share/bumperbot_description/models/aws_robomaker_residential_Tableware_01/meshes/aws_Tableware_01_collision.DAE
[1.414s] -- Up-to-date: /home/aarambh/my_robot_ws/install/bumperbot_description/share/bumperbot_description/models/aws_robomaker_residential_Tableware_01/meshes/aws_Tableware_01_visual.DAE
[1.415s] -- Up-to-date: /home/aarambh/my_robot_ws/install/bumperbot_description/share/bumperbot_description/models/aws_robomaker_warehouse_RoofB_01
[1.416s] -- Up-to-date: /home/aarambh/my_robot_ws/install/bumperbot_description/share/bumperbot_description/models/aws_robomaker_warehouse_RoofB_01/model.sdf
[1.416s] -- Up-to-date: /home/aarambh/my_robot_ws/install/bumperbot_description/share/bumperbot_description/models/aws_robomaker_warehouse_RoofB_01/materials
[1.417s] -- Up-to-date: /home/aarambh/my_robot_ws/install/bumperbot_description/share/bumperbot_description/models/aws_robomaker_warehouse_RoofB_01/materials/textures
[1.418s] -- Up-to-date: /home/aarambh/my_robot_ws/install/bumperbot_description/share/bumperbot_description/models/aws_robomaker_warehouse_RoofB_01/materials/textures/aws_robomaker_warehouse_RoofB_01.png
[1.420s] -- Up-to-date: /home/aarambh/my_robot_ws/install/bumperbot_description/share/bumperbot_description/models/aws_robomaker_warehouse_RoofB_01/model.config
[1.422s] -- Up-to-date: /home/aarambh/my_robot_ws/install/bumperbot_description/share/bumperbot_description/models/aws_robomaker_warehouse_RoofB_01/meshes
[1.423s] -- Up-to-date: /home/aarambh/my_robot_ws/install/bumperbot_description/share/bumperbot_description/models/aws_robomaker_warehouse_RoofB_01/meshes/aws_robomaker_warehouse_RoofB_01_collision.DAE
[1.424s] -- Up-to-date: /home/aarambh/my_robot_ws/install/bumperbot_description/share/bumperbot_description/models/aws_robomaker_warehouse_RoofB_01/meshes/aws_robomaker_warehouse_RoofB_01_visual.DAE
[1.424s] -- Up-to-date: /home/aarambh/my_robot_ws/install/bumperbot_description/share/bumperbot_description/models/aws_robomaker_warehouse_GroundB_01
[1.425s] -- Up-to-date: /home/aarambh/my_robot_ws/install/bumperbot_description/share/bumperbot_description/models/aws_robomaker_warehouse_GroundB_01/model.sdf
[1.426s] -- Up-to-date: /home/aarambh/my_robot_ws/install/bumperbot_description/share/bumperbot_description/models/aws_robomaker_warehouse_GroundB_01/materials
[1.426s] -- Up-to-date: /home/aarambh/my_robot_ws/install/bumperbot_description/share/bumperbot_description/models/aws_robomaker_warehouse_GroundB_01/materials/textures
[1.427s] -- Up-to-date: /home/aarambh/my_robot_ws/install/bumperbot_description/share/bumperbot_description/models/aws_robomaker_warehouse_GroundB_01/materials/textures/aws_robomaker_warehouse_GroundB_01.png
[1.428s] -- Up-to-date: /home/aarambh/my_robot_ws/install/bumperbot_description/share/bumperbot_description/models/aws_robomaker_warehouse_GroundB_01/materials/textures/aws_robomaker_warehouse_GroundB_02.png
[1.429s] -- Up-to-date: /home/aarambh/my_robot_ws/install/bumperbot_description/share/bumperbot_description/models/aws_robomaker_warehouse_GroundB_01/model.config
[1.430s] -- Up-to-date: /home/aarambh/my_robot_ws/install/bumperbot_description/share/bumperbot_description/models/aws_robomaker_warehouse_GroundB_01/meshes
[1.430s] -- Up-to-date: /home/aarambh/my_robot_ws/install/bumperbot_description/share/bumperbot_description/models/aws_robomaker_warehouse_GroundB_01/meshes/aws_robomaker_warehouse_GroundB_01_visual.DAE
[1.431s] -- Up-to-date: /home/aarambh/my_robot_ws/install/bumperbot_description/share/bumperbot_description/models/aws_robomaker_warehouse_GroundB_01/meshes/aws_robomaker_warehouse_GroundB_01_collision.DAE
[1.432s] -- Up-to-date: /home/aarambh/my_robot_ws/install/bumperbot_description/share/bumperbot_description/models/aws_robomaker_residential_Curtain_01
[1.433s] -- Up-to-date: /home/aarambh/my_robot_ws/install/bumperbot_description/share/bumperbot_description/models/aws_robomaker_residential_Curtain_01/model.sdf
[1.434s] -- Up-to-date: /home/aarambh/my_robot_ws/install/bumperbot_description/share/bumperbot_description/models/aws_robomaker_residential_Curtain_01/materials
[1.434s] -- Up-to-date: /home/aarambh/my_robot_ws/install/bumperbot_description/share/bumperbot_description/models/aws_robomaker_residential_Curtain_01/materials/textures
[1.435s] -- Up-to-date: /home/aarambh/my_robot_ws/install/bumperbot_description/share/bumperbot_description/models/aws_robomaker_residential_Curtain_01/materials/textures/aws_Curtain_01.png
[1.436s] -- Up-to-date: /home/aarambh/my_robot_ws/install/bumperbot_description/share/bumperbot_description/models/aws_robomaker_residential_Curtain_01/model.config
[1.437s] -- Up-to-date: /home/aarambh/my_robot_ws/install/bumperbot_description/share/bumperbot_description/models/aws_robomaker_residential_Curtain_01/meshes
[1.438s] -- Up-to-date: /home/aarambh/my_robot_ws/install/bumperbot_description/share/bumperbot_description/models/aws_robomaker_residential_Curtain_01/meshes/aws_Curtain_01_visual.DAE
[1.439s] -- Up-to-date: /home/aarambh/my_robot_ws/install/bumperbot_description/share/bumperbot_description/models/aws_robomaker_residential_Curtain_01/meshes/aws_Curtain_01_collision.DAE
[1.440s] -- Up-to-date: /home/aarambh/my_robot_ws/install/bumperbot_description/share/bumperbot_description/models/aws_robomaker_warehouse_PalletJackB_01
[1.441s] -- Up-to-date: /home/aarambh/my_robot_ws/install/bumperbot_description/share/bumperbot_description/models/aws_robomaker_warehouse_PalletJackB_01/model.sdf
[1.453s] -- Up-to-date: /home/aarambh/my_robot_ws/install/bumperbot_description/share/bumperbot_description/models/aws_robomaker_warehouse_PalletJackB_01/materials
[1.454s] -- Up-to-date: /home/aarambh/my_robot_ws/install/bumperbot_description/share/bumperbot_description/models/aws_robomaker_warehouse_PalletJackB_01/materials/.DS_Store
[1.454s] -- Up-to-date: /home/aarambh/my_robot_ws/install/bumperbot_description/share/bumperbot_description/models/aws_robomaker_warehouse_PalletJackB_01/materials/textures
[1.455s] -- Up-to-date: /home/aarambh/my_robot_ws/install/bumperbot_description/share/bumperbot_description/models/aws_robomaker_warehouse_PalletJackB_01/materials/textures/aws_robomaker_warehouse_PalletJackB_01.png
[1.456s] -- Up-to-date: /home/aarambh/my_robot_ws/install/bumperbot_description/share/bumperbot_description/models/aws_robomaker_warehouse_PalletJackB_01/materials/textures/aws_robomaker_warehouse_PalletJackB_02.png
[1.456s] -- Up-to-date: /home/aarambh/my_robot_ws/install/bumperbot_description/share/bumperbot_description/models/aws_robomaker_warehouse_PalletJackB_01/.DS_Store
[1.457s] -- Up-to-date: /home/aarambh/my_robot_ws/install/bumperbot_description/share/bumperbot_description/models/aws_robomaker_warehouse_PalletJackB_01/model.config
[1.457s] -- Up-to-date: /home/aarambh/my_robot_ws/install/bumperbot_description/share/bumperbot_description/models/aws_robomaker_warehouse_PalletJackB_01/meshes
[1.458s] -- Up-to-date: /home/aarambh/my_robot_ws/install/bumperbot_description/share/bumperbot_description/models/aws_robomaker_warehouse_PalletJackB_01/meshes/aws_robomaker_warehouse_PalletJackB_01_visual.DAE
[1.458s] -- Up-to-date: /home/aarambh/my_robot_ws/install/bumperbot_description/share/bumperbot_description/models/aws_robomaker_warehouse_PalletJackB_01/meshes/aws_robomaker_warehouse_PalletJackB_01_collision.DAE
[1.459s] -- Up-to-date: /home/aarambh/my_robot_ws/install/bumperbot_description/share/bumperbot_description/models/aws_robomaker_residential_ChairD_01
[1.459s] -- Up-to-date: /home/aarambh/my_robot_ws/install/bumperbot_description/share/bumperbot_description/models/aws_robomaker_residential_ChairD_01/model.sdf
[1.460s] -- Up-to-date: /home/aarambh/my_robot_ws/install/bumperbot_description/share/bumperbot_description/models/aws_robomaker_residential_ChairD_01/materials
[1.461s] -- Up-to-date: /home/aarambh/my_robot_ws/install/bumperbot_description/share/bumperbot_description/models/aws_robomaker_residential_ChairD_01/materials/textures
[1.461s] -- Up-to-date: /home/aarambh/my_robot_ws/install/bumperbot_description/share/bumperbot_description/models/aws_robomaker_residential_ChairD_01/materials/textures/aws_ChairD_01.png
[1.462s] -- Up-to-date: /home/aarambh/my_robot_ws/install/bumperbot_description/share/bumperbot_description/models/aws_robomaker_residential_ChairD_01/model.config
[1.462s] -- Up-to-date: /home/aarambh/my_robot_ws/install/bumperbot_description/share/bumperbot_description/models/aws_robomaker_residential_ChairD_01/meshes
[1.463s] -- Up-to-date: /home/aarambh/my_robot_ws/install/bumperbot_description/share/bumperbot_description/models/aws_robomaker_residential_ChairD_01/meshes/aws_ChairD_01_collision.DAE
[1.463s] -- Up-to-date: /home/aarambh/my_robot_ws/install/bumperbot_description/share/bumperbot_description/models/aws_robomaker_residential_ChairD_01/meshes/aws_ChairD_01_visual.DAE
[1.473s] -- Up-to-date: /home/aarambh/my_robot_ws/install/bumperbot_description/share/bumperbot_description/models/aws_robomaker_warehouse_WallB_01
[1.474s] -- Up-to-date: /home/aarambh/my_robot_ws/install/bumperbot_description/share/bumperbot_description/models/aws_robomaker_warehouse_WallB_01/model.sdf
[1.474s] -- Up-to-date: /home/aarambh/my_robot_ws/install/bumperbot_description/share/bumperbot_description/models/aws_robomaker_warehouse_WallB_01/materials
[1.475s] -- Up-to-date: /home/aarambh/my_robot_ws/install/bumperbot_description/share/bumperbot_description/models/aws_robomaker_warehouse_WallB_01/materials/textures
[1.476s] -- Up-to-date: /home/aarambh/my_robot_ws/install/bumperbot_description/share/bumperbot_description/models/aws_robomaker_warehouse_WallB_01/materials/textures/aws_robomaker_warehouse_WallB_01.png
[1.477s] -- Up-to-date: /home/aarambh/my_robot_ws/install/bumperbot_description/share/bumperbot_description/models/aws_robomaker_warehouse_WallB_01/model.config
[1.477s] -- Up-to-date: /home/aarambh/my_robot_ws/install/bumperbot_description/share/bumperbot_description/models/aws_robomaker_warehouse_WallB_01/meshes
[1.478s] -- Up-to-date: /home/aarambh/my_robot_ws/install/bumperbot_description/share/bumperbot_description/models/aws_robomaker_warehouse_WallB_01/meshes/aws_robomaker_warehouse_WallB_01_collision.DAE
[1.479s] -- Up-to-date: /home/aarambh/my_robot_ws/install/bumperbot_description/share/bumperbot_description/models/aws_robomaker_warehouse_WallB_01/meshes/aws_robomaker_warehouse_WallB_01_visual.DAE
[1.489s] -- Up-to-date: /home/aarambh/my_robot_ws/install/bumperbot_description/share/bumperbot_description/models/aws_robomaker_residential_DeskPortraitD_04
[1.490s] -- Up-to-date: /home/aarambh/my_robot_ws/install/bumperbot_description/share/bumperbot_description/models/aws_robomaker_residential_DeskPortraitD_04/model.sdf
[1.491s] -- Up-to-date: /home/aarambh/my_robot_ws/install/bumperbot_description/share/bumperbot_description/models/aws_robomaker_residential_DeskPortraitD_04/materials
[1.492s] -- Up-to-date: /home/aarambh/my_robot_ws/install/bumperbot_description/share/bumperbot_description/models/aws_robomaker_residential_DeskPortraitD_04/materials/textures
[1.493s] -- Up-to-date: /home/aarambh/my_robot_ws/install/bumperbot_description/share/bumperbot_description/models/aws_robomaker_residential_DeskPortraitD_04/materials/textures/aws_DeskPortraitD_01.png
[1.494s] -- Up-to-date: /home/aarambh/my_robot_ws/install/bumperbot_description/share/bumperbot_description/models/aws_robomaker_residential_DeskPortraitD_04/materials/textures/aws_DeskPortraitD_02.png
[1.494s] -- Up-to-date: /home/aarambh/my_robot_ws/install/bumperbot_description/share/bumperbot_description/models/aws_robomaker_residential_DeskPortraitD_04/model.config
[1.496s] -- Up-to-date: /home/aarambh/my_robot_ws/install/bumperbot_description/share/bumperbot_description/models/aws_robomaker_residential_DeskPortraitD_04/meshes
[1.505s] -- Up-to-date: /home/aarambh/my_robot_ws/install/bumperbot_description/share/bumperbot_description/models/aws_robomaker_residential_DeskPortraitD_04/meshes/aws_DeskPortraitD_01_collision.DAE
[1.506s] -- Up-to-date: /home/aarambh/my_robot_ws/install/bumperbot_description/share/bumperbot_description/models/aws_robomaker_residential_DeskPortraitD_04/meshes/aws_DeskPortraitD_01_visual.DAE
[1.506s] -- Up-to-date: /home/aarambh/my_robot_ws/install/bumperbot_description/share/bumperbot_description/models/aws_robomaker_warehouse_ShelfD_01
[1.507s] -- Up-to-date: /home/aarambh/my_robot_ws/install/bumperbot_description/share/bumperbot_description/models/aws_robomaker_warehouse_ShelfD_01/model.sdf
[1.508s] -- Up-to-date: /home/aarambh/my_robot_ws/install/bumperbot_description/share/bumperbot_description/models/aws_robomaker_warehouse_ShelfD_01/materials
[1.508s] -- Up-to-date: /home/aarambh/my_robot_ws/install/bumperbot_description/share/bumperbot_description/models/aws_robomaker_warehouse_ShelfD_01/materials/textures
[1.509s] -- Up-to-date: /home/aarambh/my_robot_ws/install/bumperbot_description/share/bumperbot_description/models/aws_robomaker_warehouse_ShelfD_01/materials/textures/aws_robomaker_warehouse_ShelfD_01.png
[1.510s] -- Up-to-date: /home/aarambh/my_robot_ws/install/bumperbot_description/share/bumperbot_description/models/aws_robomaker_warehouse_ShelfD_01/materials/textures/aws_robomaker_warehouse_ShelfD_03.png
[1.512s] -- Up-to-date: /home/aarambh/my_robot_ws/install/bumperbot_description/share/bumperbot_description/models/aws_robomaker_warehouse_ShelfD_01/materials/textures/aws_robomaker_warehouse_ShelfD_02.png
[1.513s] -- Up-to-date: /home/aarambh/my_robot_ws/install/bumperbot_description/share/bumperbot_description/models/aws_robomaker_warehouse_ShelfD_01/materials/textures/aws_robomaker_warehouse_ShelfD_04.png
[1.521s] -- Up-to-date: /home/aarambh/my_robot_ws/install/bumperbot_description/share/bumperbot_description/models/aws_robomaker_warehouse_ShelfD_01/model.config
[1.522s] -- Up-to-date: /home/aarambh/my_robot_ws/install/bumperbot_description/share/bumperbot_description/models/aws_robomaker_warehouse_ShelfD_01/meshes
[1.524s] -- Up-to-date: /home/aarambh/my_robot_ws/install/bumperbot_description/share/bumperbot_description/models/aws_robomaker_warehouse_ShelfD_01/meshes/aws_robomaker_warehouse_ShelfD_01_collision.DAE
[1.525s] -- Up-to-date: /home/aarambh/my_robot_ws/install/bumperbot_description/share/bumperbot_description/models/aws_robomaker_warehouse_ShelfD_01/meshes/aws_robomaker_warehouse_ShelfD_01_visual.DAE
[1.525s] -- Up-to-date: /home/aarambh/my_robot_ws/install/bumperbot_description/share/bumperbot_description/models/aws_robomaker_warehouse_ClutteringA_01
[1.526s] -- Up-to-date: /home/aarambh/my_robot_ws/install/bumperbot_description/share/bumperbot_description/models/aws_robomaker_warehouse_ClutteringA_01/model.sdf
[1.526s] -- Up-to-date: /home/aarambh/my_robot_ws/install/bumperbot_description/share/bumperbot_description/models/aws_robomaker_warehouse_ClutteringA_01/materials
[1.527s] -- Up-to-date: /home/aarambh/my_robot_ws/install/bumperbot_description/share/bumperbot_description/models/aws_robomaker_warehouse_ClutteringA_01/materials/.DS_Store
[1.528s] -- Up-to-date: /home/aarambh/my_robot_ws/install/bumperbot_description/share/bumperbot_description/models/aws_robomaker_warehouse_ClutteringA_01/materials/textures
[1.537s] -- Up-to-date: /home/aarambh/my_robot_ws/install/bumperbot_description/share/bumperbot_description/models/aws_robomaker_warehouse_ClutteringA_01/materials/textures/.DS_Store
[1.538s] -- Up-to-date: /home/aarambh/my_robot_ws/install/bumperbot_description/share/bumperbot_description/models/aws_robomaker_warehouse_ClutteringA_01/materials/textures/aws_robomaker_warehouse_ClutteringA_01.png
[1.538s] -- Up-to-date: /home/aarambh/my_robot_ws/install/bumperbot_description/share/bumperbot_description/models/aws_robomaker_warehouse_ClutteringA_01/materials/textures/aws_robomaker_warehouse_ClutteringA_03.png
[1.539s] -- Up-to-date: /home/aarambh/my_robot_ws/install/bumperbot_description/share/bumperbot_description/models/aws_robomaker_warehouse_ClutteringA_01/materials/textures/aws_robomaker_warehouse_ClutteringA_02.png
[1.540s] -- Up-to-date: /home/aarambh/my_robot_ws/install/bumperbot_description/share/bumperbot_description/models/aws_robomaker_warehouse_ClutteringA_01/.DS_Store
[1.541s] -- Up-to-date: /home/aarambh/my_robot_ws/install/bumperbot_description/share/bumperbot_description/models/aws_robomaker_warehouse_ClutteringA_01/model.config
[1.542s] -- Up-to-date: /home/aarambh/my_robot_ws/install/bumperbot_description/share/bumperbot_description/models/aws_robomaker_warehouse_ClutteringA_01/meshes
[1.543s] -- Up-to-date: /home/aarambh/my_robot_ws/install/bumperbot_description/share/bumperbot_description/models/aws_robomaker_warehouse_ClutteringA_01/meshes/aws_robomaker_warehouse_ClutteringA_01_visual.DAE
[1.544s] -- Up-to-date: /home/aarambh/my_robot_ws/install/bumperbot_description/share/bumperbot_description/models/aws_robomaker_warehouse_ClutteringA_01/meshes/aws_robomaker_warehouse_ClutteringA_01_collision.DAE
[1.545s] -- Up-to-date: /home/aarambh/my_robot_ws/install/bumperbot_description/share/bumperbot_description/models/aws_robomaker_residential_Handle_01
[1.553s] -- Up-to-date: /home/aarambh/my_robot_ws/install/bumperbot_description/share/bumperbot_description/models/aws_robomaker_residential_Handle_01/model.sdf
[1.554s] -- Up-to-date: /home/aarambh/my_robot_ws/install/bumperbot_description/share/bumperbot_description/models/aws_robomaker_residential_Handle_01/materials
[1.555s] -- Up-to-date: /home/aarambh/my_robot_ws/install/bumperbot_description/share/bumperbot_description/models/aws_robomaker_residential_Handle_01/materials/textures
[1.556s] -- Up-to-date: /home/aarambh/my_robot_ws/install/bumperbot_description/share/bumperbot_description/models/aws_robomaker_residential_Handle_01/materials/textures/aws_Handle_01.png
[1.557s] -- Up-to-date: /home/aarambh/my_robot_ws/install/bumperbot_description/share/bumperbot_description/models/aws_robomaker_residential_Handle_01/model.config
[1.557s] -- Up-to-date: /home/aarambh/my_robot_ws/install/bumperbot_description/share/bumperbot_description/models/aws_robomaker_residential_Handle_01/meshes
[1.558s] -- Up-to-date: /home/aarambh/my_robot_ws/install/bumperbot_description/share/bumperbot_description/models/aws_robomaker_residential_Handle_01/meshes/aws_ handle_01_collision.DAE
[1.560s] -- Up-to-date: /home/aarambh/my_robot_ws/install/bumperbot_description/share/bumperbot_description/models/aws_robomaker_residential_Handle_01/meshes/aws_Handle_01_collision.DAE
[1.560s] -- Up-to-date: /home/aarambh/my_robot_ws/install/bumperbot_description/share/bumperbot_description/models/aws_robomaker_residential_Handle_01/meshes/aws_Handle_01_visual.DAE
[1.561s] -- Up-to-date: /home/aarambh/my_robot_ws/install/bumperbot_description/share/bumperbot_description/models/aws_robomaker_residential_DeskPortraitB_02
[1.573s] -- Up-to-date: /home/aarambh/my_robot_ws/install/bumperbot_description/share/bumperbot_description/models/aws_robomaker_residential_DeskPortraitB_02/model.sdf
[1.575s] -- Up-to-date: /home/aarambh/my_robot_ws/install/bumperbot_description/share/bumperbot_description/models/aws_robomaker_residential_DeskPortraitB_02/materials
[1.579s] -- Up-to-date: /home/aarambh/my_robot_ws/install/bumperbot_description/share/bumperbot_description/models/aws_robomaker_residential_DeskPortraitB_02/materials/textures
[1.579s] -- Up-to-date: /home/aarambh/my_robot_ws/install/bumperbot_description/share/bumperbot_description/models/aws_robomaker_residential_DeskPortraitB_02/materials/textures/aws_DeskPortraitB_02.png
[1.581s] -- Up-to-date: /home/aarambh/my_robot_ws/install/bumperbot_description/share/bumperbot_description/models/aws_robomaker_residential_DeskPortraitB_02/materials/textures/aws_DeskPortraitB_01.png
[1.582s] -- Up-to-date: /home/aarambh/my_robot_ws/install/bumperbot_description/share/bumperbot_description/models/aws_robomaker_residential_DeskPortraitB_02/model.config
[1.583s] -- Up-to-date: /home/aarambh/my_robot_ws/install/bumperbot_description/share/bumperbot_description/models/aws_robomaker_residential_DeskPortraitB_02/meshes
[1.584s] -- Up-to-date: /home/aarambh/my_robot_ws/install/bumperbot_description/share/bumperbot_description/models/aws_robomaker_residential_DeskPortraitB_02/meshes/aws_DeskPortraitB_01_visual.DAE
[1.586s] -- Up-to-date: /home/aarambh/my_robot_ws/install/bumperbot_description/share/bumperbot_description/models/aws_robomaker_residential_DeskPortraitB_02/meshes/aws_DeskPortraitB_01_collision.DAE
[1.587s] -- Up-to-date: /home/aarambh/my_robot_ws/install/bumperbot_description/share/bumperbot_description/models/aws_robomaker_residential_DeskPortraitC_02
[1.588s] -- Up-to-date: /home/aarambh/my_robot_ws/install/bumperbot_description/share/bumperbot_description/models/aws_robomaker_residential_DeskPortraitC_02/model.sdf
[1.601s] -- Up-to-date: /home/aarambh/my_robot_ws/install/bumperbot_description/share/bumperbot_description/models/aws_robomaker_residential_DeskPortraitC_02/materials
[1.603s] -- Up-to-date: /home/aarambh/my_robot_ws/install/bumperbot_description/share/bumperbot_description/models/aws_robomaker_residential_DeskPortraitC_02/materials/textures
[1.603s] -- Up-to-date: /home/aarambh/my_robot_ws/install/bumperbot_description/share/bumperbot_description/models/aws_robomaker_residential_DeskPortraitC_02/materials/textures/aws_DeskPortraitC_02.png
[1.604s] -- Up-to-date: /home/aarambh/my_robot_ws/install/bumperbot_description/share/bumperbot_description/models/aws_robomaker_residential_DeskPortraitC_02/materials/textures/aws_DeskPortraitC_01.png
[1.604s] -- Up-to-date: /home/aarambh/my_robot_ws/install/bumperbot_description/share/bumperbot_description/models/aws_robomaker_residential_DeskPortraitC_02/model.config
[1.605s] -- Up-to-date: /home/aarambh/my_robot_ws/install/bumperbot_description/share/bumperbot_description/models/aws_robomaker_residential_DeskPortraitC_02/meshes
[1.605s] -- Up-to-date: /home/aarambh/my_robot_ws/install/bumperbot_description/share/bumperbot_description/models/aws_robomaker_residential_DeskPortraitC_02/meshes/aws_DeskPortraitC_01_collision.DAE
[1.606s] -- Up-to-date: /home/aarambh/my_robot_ws/install/bumperbot_description/share/bumperbot_description/models/aws_robomaker_residential_DeskPortraitC_02/meshes/aws_DeskPortraitC_01_visual.DAE
[1.606s] -- Up-to-date: /home/aarambh/my_robot_ws/install/bumperbot_description/share/bumperbot_description/models/aws_robomaker_residential_KitchenTable_01
[1.608s] -- Up-to-date: /home/aarambh/my_robot_ws/install/bumperbot_description/share/bumperbot_description/models/aws_robomaker_residential_KitchenTable_01/model.sdf
[1.608s] -- Up-to-date: /home/aarambh/my_robot_ws/install/bumperbot_description/share/bumperbot_description/models/aws_robomaker_residential_KitchenTable_01/materials
[1.617s] -- Up-to-date: /home/aarambh/my_robot_ws/install/bumperbot_description/share/bumperbot_description/models/aws_robomaker_residential_KitchenTable_01/materials/textures
[1.617s] -- Up-to-date: /home/aarambh/my_robot_ws/install/bumperbot_description/share/bumperbot_description/models/aws_robomaker_residential_KitchenTable_01/materials/textures/aws_KitchenTable_01.png
[1.618s] -- Up-to-date: /home/aarambh/my_robot_ws/install/bumperbot_description/share/bumperbot_description/models/aws_robomaker_residential_KitchenTable_01/model.config
[1.619s] -- Up-to-date: /home/aarambh/my_robot_ws/install/bumperbot_description/share/bumperbot_description/models/aws_robomaker_residential_KitchenTable_01/meshes
[1.619s] -- Up-to-date: /home/aarambh/my_robot_ws/install/bumperbot_description/share/bumperbot_description/models/aws_robomaker_residential_KitchenTable_01/meshes/aws_KitchenTable_01_visual.DAE
[1.620s] -- Up-to-date: /home/aarambh/my_robot_ws/install/bumperbot_description/share/bumperbot_description/models/aws_robomaker_residential_KitchenTable_01/meshes/aws_KitchenTable_01_collision.DAE
[1.620s] -- Up-to-date: /home/aarambh/my_robot_ws/install/bumperbot_description/share/bumperbot_description/models/aws_robomaker_residential_Board_01
[1.621s] -- Up-to-date: /home/aarambh/my_robot_ws/install/bumperbot_description/share/bumperbot_description/models/aws_robomaker_residential_Board_01/model.sdf
[1.622s] -- Up-to-date: /home/aarambh/my_robot_ws/install/bumperbot_description/share/bumperbot_description/models/aws_robomaker_residential_Board_01/materials
[1.622s] -- Up-to-date: /home/aarambh/my_robot_ws/install/bumperbot_description/share/bumperbot_description/models/aws_robomaker_residential_Board_01/materials/textures
[1.623s] -- Up-to-date: /home/aarambh/my_robot_ws/install/bumperbot_description/share/bumperbot_description/models/aws_robomaker_residential_Board_01/materials/textures/aws_Board_01.png
[1.624s] -- Up-to-date: /home/aarambh/my_robot_ws/install/bumperbot_description/share/bumperbot_description/models/aws_robomaker_residential_Board_01/model.config
[1.624s] -- Up-to-date: /home/aarambh/my_robot_ws/install/bumperbot_description/share/bumperbot_description/models/aws_robomaker_residential_Board_01/meshes
[1.641s] -- Up-to-date: /home/aarambh/my_robot_ws/install/bumperbot_description/share/bumperbot_description/models/aws_robomaker_residential_Board_01/meshes/aws_Board_01_visual.DAE
[1.642s] -- Up-to-date: /home/aarambh/my_robot_ws/install/bumperbot_description/share/bumperbot_description/models/aws_robomaker_residential_Board_01/meshes/aws_Board_01_collision.DAE
[1.642s] -- Up-to-date: /home/aarambh/my_robot_ws/install/bumperbot_description/share/bumperbot_description/models/aws_robomaker_residential_KitchenCabinet_01
[1.642s] -- Up-to-date: /home/aarambh/my_robot_ws/install/bumperbot_description/share/bumperbot_description/models/aws_robomaker_residential_KitchenCabinet_01/model.sdf
[1.643s] -- Up-to-date: /home/aarambh/my_robot_ws/install/bumperbot_description/share/bumperbot_description/models/aws_robomaker_residential_KitchenCabinet_01/materials
[1.643s] -- Up-to-date: /home/aarambh/my_robot_ws/install/bumperbot_description/share/bumperbot_description/models/aws_robomaker_residential_KitchenCabinet_01/materials/textures
[1.661s] -- Up-to-date: /home/aarambh/my_robot_ws/install/bumperbot_description/share/bumperbot_description/models/aws_robomaker_residential_KitchenCabinet_01/materials/textures/aws_KitchenCabinet_01.png
[1.662s] -- Up-to-date: /home/aarambh/my_robot_ws/install/bumperbot_description/share/bumperbot_description/models/aws_robomaker_residential_KitchenCabinet_01/model.config
[1.662s] -- Up-to-date: /home/aarambh/my_robot_ws/install/bumperbot_description/share/bumperbot_description/models/aws_robomaker_residential_KitchenCabinet_01/meshes
[1.663s] -- Up-to-date: /home/aarambh/my_robot_ws/install/bumperbot_description/share/bumperbot_description/models/aws_robomaker_residential_KitchenCabinet_01/meshes/aws_KitchenCabinet_01_collision.DAE
[1.663s] -- Up-to-date: /home/aarambh/my_robot_ws/install/bumperbot_description/share/bumperbot_description/models/aws_robomaker_residential_KitchenCabinet_01/meshes/aws_KitchenCabinet_01_visual.DAE
[1.664s] -- Up-to-date: /home/aarambh/my_robot_ws/install/bumperbot_description/share/bumperbot_description/models/aws_robomaker_residential_DeskPortraitD_03
[1.665s] -- Up-to-date: /home/aarambh/my_robot_ws/install/bumperbot_description/share/bumperbot_description/models/aws_robomaker_residential_DeskPortraitD_03/model.sdf
[1.665s] -- Up-to-date: /home/aarambh/my_robot_ws/install/bumperbot_description/share/bumperbot_description/models/aws_robomaker_residential_DeskPortraitD_03/materials
[1.666s] -- Up-to-date: /home/aarambh/my_robot_ws/install/bumperbot_description/share/bumperbot_description/models/aws_robomaker_residential_DeskPortraitD_03/materials/textures
[1.667s] -- Up-to-date: /home/aarambh/my_robot_ws/install/bumperbot_description/share/bumperbot_description/models/aws_robomaker_residential_DeskPortraitD_03/materials/textures/aws_DeskPortraitD_01.png
[1.668s] -- Up-to-date: /home/aarambh/my_robot_ws/install/bumperbot_description/share/bumperbot_description/models/aws_robomaker_residential_DeskPortraitD_03/materials/textures/aws_DeskPortraitD_02.png
[1.668s] -- Up-to-date: /home/aarambh/my_robot_ws/install/bumperbot_description/share/bumperbot_description/models/aws_robomaker_residential_DeskPortraitD_03/model.config
[1.669s] -- Up-to-date: /home/aarambh/my_robot_ws/install/bumperbot_description/share/bumperbot_description/models/aws_robomaker_residential_DeskPortraitD_03/meshes
[1.670s] -- Up-to-date: /home/aarambh/my_robot_ws/install/bumperbot_description/share/bumperbot_description/models/aws_robomaker_residential_DeskPortraitD_03/meshes/aws_DeskPortraitD_01_collision.DAE
[1.670s] -- Up-to-date: /home/aarambh/my_robot_ws/install/bumperbot_description/share/bumperbot_description/models/aws_robomaker_residential_DeskPortraitD_03/meshes/aws_DeskPortraitD_01_visual.DAE
[1.671s] -- Up-to-date: /home/aarambh/my_robot_ws/install/bumperbot_description/share/bumperbot_description/models/aws_robomaker_residential_FitnessEquipment_01
[1.671s] -- Up-to-date: /home/aarambh/my_robot_ws/install/bumperbot_description/share/bumperbot_description/models/aws_robomaker_residential_FitnessEquipment_01/model.sdf
[1.672s] -- Up-to-date: /home/aarambh/my_robot_ws/install/bumperbot_description/share/bumperbot_description/models/aws_robomaker_residential_FitnessEquipment_01/materials
[1.685s] -- Up-to-date: /home/aarambh/my_robot_ws/install/bumperbot_description/share/bumperbot_description/models/aws_robomaker_residential_FitnessEquipment_01/materials/textures
[1.686s] -- Up-to-date: /home/aarambh/my_robot_ws/install/bumperbot_description/share/bumperbot_description/models/aws_robomaker_residential_FitnessEquipment_01/materials/textures/aws_FitnessEquipment_01.png
[1.686s] -- Up-to-date: /home/aarambh/my_robot_ws/install/bumperbot_description/share/bumperbot_description/models/aws_robomaker_residential_FitnessEquipment_01/model.config
[1.687s] -- Up-to-date: /home/aarambh/my_robot_ws/install/bumperbot_description/share/bumperbot_description/models/aws_robomaker_residential_FitnessEquipment_01/meshes
[1.687s] -- Up-to-date: /home/aarambh/my_robot_ws/install/bumperbot_description/share/bumperbot_description/models/aws_robomaker_residential_FitnessEquipment_01/meshes/aws_FitnessEquipment_01_visual.DAE
[1.687s] -- Up-to-date: /home/aarambh/my_robot_ws/install/bumperbot_description/share/bumperbot_description/models/aws_robomaker_residential_FitnessEquipment_01/meshes/aws_FitnessEquipment_01_collision.DAE
[1.688s] -- Up-to-date: /home/aarambh/my_robot_ws/install/bumperbot_description/share/bumperbot_description/models/aws_robomaker_warehouse_ShelfE_01
[1.689s] -- Up-to-date: /home/aarambh/my_robot_ws/install/bumperbot_description/share/bumperbot_description/models/aws_robomaker_warehouse_ShelfE_01/model.sdf
[1.689s] -- Up-to-date: /home/aarambh/my_robot_ws/install/bumperbot_description/share/bumperbot_description/models/aws_robomaker_warehouse_ShelfE_01/materials
[1.690s] -- Up-to-date: /home/aarambh/my_robot_ws/install/bumperbot_description/share/bumperbot_description/models/aws_robomaker_warehouse_ShelfE_01/materials/.DS_Store
[1.690s] -- Up-to-date: /home/aarambh/my_robot_ws/install/bumperbot_description/share/bumperbot_description/models/aws_robomaker_warehouse_ShelfE_01/materials/textures
[1.691s] -- Up-to-date: /home/aarambh/my_robot_ws/install/bumperbot_description/share/bumperbot_description/models/aws_robomaker_warehouse_ShelfE_01/materials/textures/aws_robomaker_warehouse_ShelfE_02.png
[1.691s] -- Up-to-date: /home/aarambh/my_robot_ws/install/bumperbot_description/share/bumperbot_description/models/aws_robomaker_warehouse_ShelfE_01/materials/textures/aws_robomaker_warehouse_ShelfE_04.png
[1.692s] -- Up-to-date: /home/aarambh/my_robot_ws/install/bumperbot_description/share/bumperbot_description/models/aws_robomaker_warehouse_ShelfE_01/materials/textures/aws_robomaker_warehouse_ShelfE_03.png
[1.693s] -- Up-to-date: /home/aarambh/my_robot_ws/install/bumperbot_description/share/bumperbot_description/models/aws_robomaker_warehouse_ShelfE_01/materials/textures/aws_robomaker_warehouse_ShelfE_01.png
[1.693s] -- Up-to-date: /home/aarambh/my_robot_ws/install/bumperbot_description/share/bumperbot_description/models/aws_robomaker_warehouse_ShelfE_01/.DS_Store
[1.694s] -- Up-to-date: /home/aarambh/my_robot_ws/install/bumperbot_description/share/bumperbot_description/models/aws_robomaker_warehouse_ShelfE_01/model.config
[1.694s] -- Up-to-date: /home/aarambh/my_robot_ws/install/bumperbot_description/share/bumperbot_description/models/aws_robomaker_warehouse_ShelfE_01/meshes
[1.695s] -- Up-to-date: /home/aarambh/my_robot_ws/install/bumperbot_description/share/bumperbot_description/models/aws_robomaker_warehouse_ShelfE_01/meshes/aws_robomaker_warehouse_ShelfE_01_collision.DAE
[1.696s] -- Up-to-date: /home/aarambh/my_robot_ws/install/bumperbot_description/share/bumperbot_description/models/aws_robomaker_warehouse_ShelfE_01/meshes/aws_robomaker_warehouse_ShelfE_01_visual.DAE
[1.696s] -- Up-to-date: /home/aarambh/my_robot_ws/install/bumperbot_description/share/bumperbot_description/models/aws_robomaker_residential_ReadingDesk_01
[1.713s] -- Up-to-date: /home/aarambh/my_robot_ws/install/bumperbot_description/share/bumperbot_description/models/aws_robomaker_residential_ReadingDesk_01/model.sdf
[1.714s] -- Up-to-date: /home/aarambh/my_robot_ws/install/bumperbot_description/share/bumperbot_description/models/aws_robomaker_residential_ReadingDesk_01/materials
[1.715s] -- Up-to-date: /home/aarambh/my_robot_ws/install/bumperbot_description/share/bumperbot_description/models/aws_robomaker_residential_ReadingDesk_01/materials/textures
[1.715s] -- Up-to-date: /home/aarambh/my_robot_ws/install/bumperbot_description/share/bumperbot_description/models/aws_robomaker_residential_ReadingDesk_01/materials/textures/aws_ReadingDesk_01.png
[1.716s] -- Up-to-date: /home/aarambh/my_robot_ws/install/bumperbot_description/share/bumperbot_description/models/aws_robomaker_residential_ReadingDesk_01/model.config
[1.716s] -- Up-to-date: /home/aarambh/my_robot_ws/install/bumperbot_description/share/bumperbot_description/models/aws_robomaker_residential_ReadingDesk_01/meshes
[1.717s] -- Up-to-date: /home/aarambh/my_robot_ws/install/bumperbot_description/share/bumperbot_description/models/aws_robomaker_residential_ReadingDesk_01/meshes/aws_ReadingDesk_01_visual.DAE
[1.717s] -- Up-to-date: /home/aarambh/my_robot_ws/install/bumperbot_description/share/bumperbot_description/models/aws_robomaker_residential_ReadingDesk_01/meshes/aws_ReadingDesk_01_collision.DAE
[1.718s] -- Up-to-date: /home/aarambh/my_robot_ws/install/bumperbot_description/share/bumperbot_description/models/aws_robomaker_residential_CoffeeTable_01
[1.719s] -- Up-to-date: /home/aarambh/my_robot_ws/install/bumperbot_description/share/bumperbot_description/models/aws_robomaker_residential_CoffeeTable_01/model.sdf
[1.719s] -- Up-to-date: /home/aarambh/my_robot_ws/install/bumperbot_description/share/bumperbot_description/models/aws_robomaker_residential_CoffeeTable_01/materials
[1.720s] -- Up-to-date: /home/aarambh/my_robot_ws/install/bumperbot_description/share/bumperbot_description/models/aws_robomaker_residential_CoffeeTable_01/materials/textures
[1.721s] -- Up-to-date: /home/aarambh/my_robot_ws/install/bumperbot_description/share/bumperbot_description/models/aws_robomaker_residential_CoffeeTable_01/materials/textures/aws_CoffeeTable_01.png
[1.721s] -- Up-to-date: /home/aarambh/my_robot_ws/install/bumperbot_description/share/bumperbot_description/models/aws_robomaker_residential_CoffeeTable_01/model.config
[1.722s] -- Up-to-date: /home/aarambh/my_robot_ws/install/bumperbot_description/share/bumperbot_description/models/aws_robomaker_residential_CoffeeTable_01/meshes
[1.722s] -- Up-to-date: /home/aarambh/my_robot_ws/install/bumperbot_description/share/bumperbot_description/models/aws_robomaker_residential_CoffeeTable_01/meshes/aws_CoffeeTable_01_visual.DAE
[1.723s] -- Up-to-date: /home/aarambh/my_robot_ws/install/bumperbot_description/share/bumperbot_description/models/aws_robomaker_residential_CoffeeTable_01/meshes/aws_CoffeeTable_01_collision.DAE
[1.724s] -- Up-to-date: /home/aarambh/my_robot_ws/install/bumperbot_description/share/bumperbot_description/models/aws_robomaker_residential_Rangehood_01
[1.724s] -- Up-to-date: /home/aarambh/my_robot_ws/install/bumperbot_description/share/bumperbot_description/models/aws_robomaker_residential_Rangehood_01/model.sdf
[1.725s] -- Up-to-date: /home/aarambh/my_robot_ws/install/bumperbot_description/share/bumperbot_description/models/aws_robomaker_residential_Rangehood_01/materials
[1.726s] -- Up-to-date: /home/aarambh/my_robot_ws/install/bumperbot_description/share/bumperbot_description/models/aws_robomaker_residential_Rangehood_01/materials/textures
[1.727s] -- Up-to-date: /home/aarambh/my_robot_ws/install/bumperbot_description/share/bumperbot_description/models/aws_robomaker_residential_Rangehood_01/materials/textures/aws_Rangehood_01.png
[1.727s] -- Up-to-date: /home/aarambh/my_robot_ws/install/bumperbot_description/share/bumperbot_description/models/aws_robomaker_residential_Rangehood_01/model.config
[1.728s] -- Up-to-date: /home/aarambh/my_robot_ws/install/bumperbot_description/share/bumperbot_description/models/aws_robomaker_residential_Rangehood_01/meshes
[1.728s] -- Up-to-date: /home/aarambh/my_robot_ws/install/bumperbot_description/share/bumperbot_description/models/aws_robomaker_residential_Rangehood_01/meshes/aws_Rangehood_01_collision.DAE
[1.729s] -- Up-to-date: /home/aarambh/my_robot_ws/install/bumperbot_description/share/bumperbot_description/models/aws_robomaker_residential_Rangehood_01/meshes/aws_Rangehood_01_visual.DAE
[1.729s] -- Up-to-date: /home/aarambh/my_robot_ws/install/bumperbot_description/share/bumperbot_description/models/aws_robomaker_residential_HouseWallB_01
[1.730s] -- Up-to-date: /home/aarambh/my_robot_ws/install/bumperbot_description/share/bumperbot_description/models/aws_robomaker_residential_HouseWallB_01/model.sdf
[1.731s] -- Up-to-date: /home/aarambh/my_robot_ws/install/bumperbot_description/share/bumperbot_description/models/aws_robomaker_residential_HouseWallB_01/materials
[1.731s] -- Up-to-date: /home/aarambh/my_robot_ws/install/bumperbot_description/share/bumperbot_description/models/aws_robomaker_residential_HouseWallB_01/materials/textures
[1.732s] -- Up-to-date: /home/aarambh/my_robot_ws/install/bumperbot_description/share/bumperbot_description/models/aws_robomaker_residential_HouseWallB_01/materials/textures/aws_HouseWallB_01.png
[1.732s] -- Up-to-date: /home/aarambh/my_robot_ws/install/bumperbot_description/share/bumperbot_description/models/aws_robomaker_residential_HouseWallB_01/model.config
[1.733s] -- Up-to-date: /home/aarambh/my_robot_ws/install/bumperbot_description/share/bumperbot_description/models/aws_robomaker_residential_HouseWallB_01/meshes
[1.733s] -- Up-to-date: /home/aarambh/my_robot_ws/install/bumperbot_description/share/bumperbot_description/models/aws_robomaker_residential_HouseWallB_01/meshes/aws_HouseWallB_01_visual.DAE
[1.734s] -- Up-to-date: /home/aarambh/my_robot_ws/install/bumperbot_description/share/bumperbot_description/models/aws_robomaker_residential_HouseWallB_01/meshes/aws_HouseWallB_01_collision.DAE
[1.735s] -- Up-to-date: /home/aarambh/my_robot_ws/install/bumperbot_description/share/bumperbot_description/models/aws_robomaker_residential_PortraitB_01
[1.735s] -- Up-to-date: /home/aarambh/my_robot_ws/install/bumperbot_description/share/bumperbot_description/models/aws_robomaker_residential_PortraitB_01/model.sdf
[1.736s] -- Up-to-date: /home/aarambh/my_robot_ws/install/bumperbot_description/share/bumperbot_description/models/aws_robomaker_residential_PortraitB_01/materials
[1.749s] -- Up-to-date: /home/aarambh/my_robot_ws/install/bumperbot_description/share/bumperbot_description/models/aws_robomaker_residential_PortraitB_01/materials/textures
[1.749s] -- Up-to-date: /home/aarambh/my_robot_ws/install/bumperbot_description/share/bumperbot_description/models/aws_robomaker_residential_PortraitB_01/materials/textures/aws_PortraitB_01.png
[1.750s] -- Up-to-date: /home/aarambh/my_robot_ws/install/bumperbot_description/share/bumperbot_description/models/aws_robomaker_residential_PortraitB_01/materials/textures/aws_PortraitB_02.png
[1.751s] -- Up-to-date: /home/aarambh/my_robot_ws/install/bumperbot_description/share/bumperbot_description/models/aws_robomaker_residential_PortraitB_01/model.config
[1.752s] -- Up-to-date: /home/aarambh/my_robot_ws/install/bumperbot_description/share/bumperbot_description/models/aws_robomaker_residential_PortraitB_01/meshes
[1.752s] -- Up-to-date: /home/aarambh/my_robot_ws/install/bumperbot_description/share/bumperbot_description/models/aws_robomaker_residential_PortraitB_01/meshes/aws_PortraitB_01_collision.DAE
[1.753s] -- Up-to-date: /home/aarambh/my_robot_ws/install/bumperbot_description/share/bumperbot_description/models/aws_robomaker_residential_PortraitB_01/meshes/aws_PortraitB_01_visual.DAE
[1.753s] -- Up-to-date: /home/aarambh/my_robot_ws/install/bumperbot_description/share/bumperbot_description/models/aws_robomaker_residential_PortraitB_02
[1.754s] -- Up-to-date: /home/aarambh/my_robot_ws/install/bumperbot_description/share/bumperbot_description/models/aws_robomaker_residential_PortraitB_02/model.sdf
[1.754s] -- Up-to-date: /home/aarambh/my_robot_ws/install/bumperbot_description/share/bumperbot_description/models/aws_robomaker_residential_PortraitB_02/materials
[1.755s] -- Up-to-date: /home/aarambh/my_robot_ws/install/bumperbot_description/share/bumperbot_description/models/aws_robomaker_residential_PortraitB_02/materials/textures
[1.755s] -- Up-to-date: /home/aarambh/my_robot_ws/install/bumperbot_description/share/bumperbot_description/models/aws_robomaker_residential_PortraitB_02/materials/textures/aws_PortraitB_01.png
[1.756s] -- Up-to-date: /home/aarambh/my_robot_ws/install/bumperbot_description/share/bumperbot_description/models/aws_robomaker_residential_PortraitB_02/materials/textures/aws_PortraitB_02.png
[1.756s] -- Up-to-date: /home/aarambh/my_robot_ws/install/bumperbot_description/share/bumperbot_description/models/aws_robomaker_residential_PortraitB_02/model.config
[1.757s] -- Up-to-date: /home/aarambh/my_robot_ws/install/bumperbot_description/share/bumperbot_description/models/aws_robomaker_residential_PortraitB_02/meshes
[1.757s] -- Up-to-date: /home/aarambh/my_robot_ws/install/bumperbot_description/share/bumperbot_description/models/aws_robomaker_residential_PortraitB_02/meshes/aws_PortraitB_01_collision.DAE
[1.758s] -- Up-to-date: /home/aarambh/my_robot_ws/install/bumperbot_description/share/bumperbot_description/models/aws_robomaker_residential_PortraitB_02/meshes/aws_PortraitB_01_visual.DAE
[1.758s] -- Up-to-date: /home/aarambh/my_robot_ws/install/bumperbot_description/share/bumperbot_description/models/aws_robomaker_residential_DeskPortraitA_02
[1.759s] -- Up-to-date: /home/aarambh/my_robot_ws/install/bumperbot_description/share/bumperbot_description/models/aws_robomaker_residential_DeskPortraitA_02/model.sdf
[1.760s] -- Up-to-date: /home/aarambh/my_robot_ws/install/bumperbot_description/share/bumperbot_description/models/aws_robomaker_residential_DeskPortraitA_02/materials
[1.760s] -- Up-to-date: /home/aarambh/my_robot_ws/install/bumperbot_description/share/bumperbot_description/models/aws_robomaker_residential_DeskPortraitA_02/materials/textures
[1.773s] -- Up-to-date: /home/aarambh/my_robot_ws/install/bumperbot_description/share/bumperbot_description/models/aws_robomaker_residential_DeskPortraitA_02/materials/textures/aws_DeskPortraitA_01.png
[1.774s] -- Up-to-date: /home/aarambh/my_robot_ws/install/bumperbot_description/share/bumperbot_description/models/aws_robomaker_residential_DeskPortraitA_02/materials/textures/aws_DeskPortraitA_02.png
[1.774s] -- Up-to-date: /home/aarambh/my_robot_ws/install/bumperbot_description/share/bumperbot_description/models/aws_robomaker_residential_DeskPortraitA_02/model.config
[1.775s] -- Up-to-date: /home/aarambh/my_robot_ws/install/bumperbot_description/share/bumperbot_description/models/aws_robomaker_residential_DeskPortraitA_02/meshes
[1.775s] -- Up-to-date: /home/aarambh/my_robot_ws/install/bumperbot_description/share/bumperbot_description/models/aws_robomaker_residential_DeskPortraitA_02/meshes/aws_DeskPortraitA_01_visual.DAE
[1.776s] -- Up-to-date: /home/aarambh/my_robot_ws/install/bumperbot_description/share/bumperbot_description/models/aws_robomaker_residential_DeskPortraitA_02/meshes/aws_DeskPortraitA_01_collision.DAE
[1.777s] -- Up-to-date: /home/aarambh/my_robot_ws/install/bumperbot_description/share/bumperbot_description/models/aws_robomaker_residential_Sofa_01
[1.777s] -- Up-to-date: /home/aarambh/my_robot_ws/install/bumperbot_description/share/bumperbot_description/models/aws_robomaker_residential_Sofa_01/model.sdf
[1.778s] -- Up-to-date: /home/aarambh/my_robot_ws/install/bumperbot_description/share/bumperbot_description/models/aws_robomaker_residential_Sofa_01/materials
[1.778s] -- Up-to-date: /home/aarambh/my_robot_ws/install/bumperbot_description/share/bumperbot_description/models/aws_robomaker_residential_Sofa_01/materials/textures
[1.779s] -- Up-to-date: /home/aarambh/my_robot_ws/install/bumperbot_description/share/bumperbot_description/models/aws_robomaker_residential_Sofa_01/materials/textures/aws_Sofa_01.png
[1.779s] -- Up-to-date: /home/aarambh/my_robot_ws/install/bumperbot_description/share/bumperbot_description/models/aws_robomaker_residential_Sofa_01/model.config
[1.779s] -- Up-to-date: /home/aarambh/my_robot_ws/install/bumperbot_description/share/bumperbot_description/models/aws_robomaker_residential_Sofa_01/meshes
[1.780s] -- Up-to-date: /home/aarambh/my_robot_ws/install/bumperbot_description/share/bumperbot_description/models/aws_robomaker_residential_Sofa_01/meshes/aws_Sofa_01_visual.DAE
[1.780s] -- Up-to-date: /home/aarambh/my_robot_ws/install/bumperbot_description/share/bumperbot_description/models/aws_robomaker_residential_Sofa_01/meshes/aws_Sofa_01_collision.DAE
[1.781s] -- Up-to-date: /home/aarambh/my_robot_ws/install/bumperbot_description/share/bumperbot_description/models/aws_robomaker_residential_Sofa_01/meshes/aws_Sofa_01.DAE
[1.781s] -- Up-to-date: /home/aarambh/my_robot_ws/install/bumperbot_description/share/bumperbot_description/models/aws_robomaker_residential_Trash_01
[1.782s] -- Up-to-date: /home/aarambh/my_robot_ws/install/bumperbot_description/share/bumperbot_description/models/aws_robomaker_residential_Trash_01/model.sdf
[1.782s] -- Up-to-date: /home/aarambh/my_robot_ws/install/bumperbot_description/share/bumperbot_description/models/aws_robomaker_residential_Trash_01/materials
[1.782s] -- Up-to-date: /home/aarambh/my_robot_ws/install/bumperbot_description/share/bumperbot_description/models/aws_robomaker_residential_Trash_01/materials/textures
[1.783s] -- Up-to-date: /home/aarambh/my_robot_ws/install/bumperbot_description/share/bumperbot_description/models/aws_robomaker_residential_Trash_01/materials/textures/aws_Trash_01.png
[1.784s] -- Up-to-date: /home/aarambh/my_robot_ws/install/bumperbot_description/share/bumperbot_description/models/aws_robomaker_residential_Trash_01/model.config
[1.784s] -- Up-to-date: /home/aarambh/my_robot_ws/install/bumperbot_description/share/bumperbot_description/models/aws_robomaker_residential_Trash_01/meshes
[1.797s] -- Up-to-date: /home/aarambh/my_robot_ws/install/bumperbot_description/share/bumperbot_description/models/aws_robomaker_residential_Trash_01/meshes/aws_Trash_01_collision.DAE
[1.797s] -- Up-to-date: /home/aarambh/my_robot_ws/install/bumperbot_description/share/bumperbot_description/models/aws_robomaker_residential_Trash_01/meshes/aws_Trash_01_visual.DAE
[1.798s] -- Up-to-date: /home/aarambh/my_robot_ws/install/bumperbot_description/share/bumperbot_description/models/aws_robomaker_residential_Chandelier_01
[1.798s] -- Up-to-date: /home/aarambh/my_robot_ws/install/bumperbot_description/share/bumperbot_description/models/aws_robomaker_residential_Chandelier_01/model.sdf
[1.799s] -- Up-to-date: /home/aarambh/my_robot_ws/install/bumperbot_description/share/bumperbot_description/models/aws_robomaker_residential_Chandelier_01/materials
[1.799s] -- Up-to-date: /home/aarambh/my_robot_ws/install/bumperbot_description/share/bumperbot_description/models/aws_robomaker_residential_Chandelier_01/materials/textures
[1.800s] -- Up-to-date: /home/aarambh/my_robot_ws/install/bumperbot_description/share/bumperbot_description/models/aws_robomaker_residential_Chandelier_01/materials/textures/aws_Chandelier_01.png
[1.800s] -- Up-to-date: /home/aarambh/my_robot_ws/install/bumperbot_description/share/bumperbot_description/models/aws_robomaker_residential_Chandelier_01/model.config
[1.801s] -- Up-to-date: /home/aarambh/my_robot_ws/install/bumperbot_description/share/bumperbot_description/models/aws_robomaker_residential_Chandelier_01/meshes
[1.801s] -- Up-to-date: /home/aarambh/my_robot_ws/install/bumperbot_description/share/bumperbot_description/models/aws_robomaker_residential_Chandelier_01/meshes/aws_Chandelier_01_visual.DAE
[1.802s] -- Up-to-date: /home/aarambh/my_robot_ws/install/bumperbot_description/share/bumperbot_description/models/aws_robomaker_residential_Chandelier_01/meshes/aws_Chandelier_01.DAE
[1.802s] -- Up-to-date: /home/aarambh/my_robot_ws/install/bumperbot_description/share/bumperbot_description/models/aws_robomaker_residential_Chandelier_01/meshes/aws_Chandelier_01_collision.DAE
[1.803s] -- Up-to-date: /home/aarambh/my_robot_ws/install/bumperbot_description/share/bumperbot_description/models/aws_robomaker_residential_RoomWall_01
[1.803s] -- Up-to-date: /home/aarambh/my_robot_ws/install/bumperbot_description/share/bumperbot_description/models/aws_robomaker_residential_RoomWall_01/model.sdf
[1.804s] -- Up-to-date: /home/aarambh/my_robot_ws/install/bumperbot_description/share/bumperbot_description/models/aws_robomaker_residential_RoomWall_01/materials
[1.804s] -- Up-to-date: /home/aarambh/my_robot_ws/install/bumperbot_description/share/bumperbot_description/models/aws_robomaker_residential_RoomWall_01/materials/textures
[1.804s] -- Up-to-date: /home/aarambh/my_robot_ws/install/bumperbot_description/share/bumperbot_description/models/aws_robomaker_residential_RoomWall_01/materials/textures/aws_RoomWall_01.png
[1.805s] -- Up-to-date: /home/aarambh/my_robot_ws/install/bumperbot_description/share/bumperbot_description/models/aws_robomaker_residential_RoomWall_01/model.config
[1.805s] -- Up-to-date: /home/aarambh/my_robot_ws/install/bumperbot_description/share/bumperbot_description/models/aws_robomaker_residential_RoomWall_01/meshes
[1.806s] -- Up-to-date: /home/aarambh/my_robot_ws/install/bumperbot_description/share/bumperbot_description/models/aws_robomaker_residential_RoomWall_01/meshes/aws_RoomWall_01_visual.DAE
[1.806s] -- Up-to-date: /home/aarambh/my_robot_ws/install/bumperbot_description/share/bumperbot_description/models/aws_robomaker_residential_RoomWall_01/meshes/aws_RoomWall_01_collision.DAE
[1.807s] -- Up-to-date: /home/aarambh/my_robot_ws/install/bumperbot_description/share/bumperbot_description/models/aws_robomaker_residential_TV_02
[1.807s] -- Up-to-date: /home/aarambh/my_robot_ws/install/bumperbot_description/share/bumperbot_description/models/aws_robomaker_residential_TV_02/model.sdf
[1.807s] -- Up-to-date: /home/aarambh/my_robot_ws/install/bumperbot_description/share/bumperbot_description/models/aws_robomaker_residential_TV_02/materials
[1.808s] -- Up-to-date: /home/aarambh/my_robot_ws/install/bumperbot_description/share/bumperbot_description/models/aws_robomaker_residential_TV_02/materials/textures
[1.821s] -- Up-to-date: /home/aarambh/my_robot_ws/install/bumperbot_description/share/bumperbot_description/models/aws_robomaker_residential_TV_02/materials/textures/aws_TV_01.png
[1.822s] -- Up-to-date: /home/aarambh/my_robot_ws/install/bumperbot_description/share/bumperbot_description/models/aws_robomaker_residential_TV_02/model.config
[1.823s] -- Up-to-date: /home/aarambh/my_robot_ws/install/bumperbot_description/share/bumperbot_description/models/aws_robomaker_residential_TV_02/meshes
[1.823s] -- Up-to-date: /home/aarambh/my_robot_ws/install/bumperbot_description/share/bumperbot_description/models/aws_robomaker_residential_TV_02/meshes/aws_TV_01_collision.DAE
[1.824s] -- Up-to-date: /home/aarambh/my_robot_ws/install/bumperbot_description/share/bumperbot_description/models/aws_robomaker_residential_TV_02/meshes/aws_TV_01_visual.DAE
[1.824s] -- Up-to-date: /home/aarambh/my_robot_ws/install/bumperbot_description/share/bumperbot_description/models/aws_robomaker_warehouse_ClutteringD_01
[1.825s] -- Up-to-date: /home/aarambh/my_robot_ws/install/bumperbot_description/share/bumperbot_description/models/aws_robomaker_warehouse_ClutteringD_01/model.sdf
[1.825s] -- Up-to-date: /home/aarambh/my_robot_ws/install/bumperbot_description/share/bumperbot_description/models/aws_robomaker_warehouse_ClutteringD_01/materials
[1.826s] -- Up-to-date: /home/aarambh/my_robot_ws/install/bumperbot_description/share/bumperbot_description/models/aws_robomaker_warehouse_ClutteringD_01/materials/textures
[1.826s] -- Up-to-date: /home/aarambh/my_robot_ws/install/bumperbot_description/share/bumperbot_description/models/aws_robomaker_warehouse_ClutteringD_01/materials/textures/aws_robomaker_warehouse_ClutteringD_01.png
[1.826s] -- Up-to-date: /home/aarambh/my_robot_ws/install/bumperbot_description/share/bumperbot_description/models/aws_robomaker_warehouse_ClutteringD_01/materials/textures/aws_robomaker_warehouse_ClutteringD_02.png
[1.827s] -- Up-to-date: /home/aarambh/my_robot_ws/install/bumperbot_description/share/bumperbot_description/models/aws_robomaker_warehouse_ClutteringD_01/model.config
[1.827s] -- Up-to-date: /home/aarambh/my_robot_ws/install/bumperbot_description/share/bumperbot_description/models/aws_robomaker_warehouse_ClutteringD_01/meshes
[1.828s] -- Up-to-date: /home/aarambh/my_robot_ws/install/bumperbot_description/share/bumperbot_description/models/aws_robomaker_warehouse_ClutteringD_01/meshes/aws_robomaker_warehouse_ClutteringD_01_collision.DAE
[1.828s] -- Up-to-date: /home/aarambh/my_robot_ws/install/bumperbot_description/share/bumperbot_description/models/aws_robomaker_warehouse_ClutteringD_01/meshes/aws_robomaker_warehouse_ClutteringD_01_visual.DAE
[1.829s] -- Up-to-date: /home/aarambh/my_robot_ws/install/bumperbot_description/share/bumperbot_description/models/aws_robomaker_residential_PortraitD_02
[1.829s] -- Up-to-date: /home/aarambh/my_robot_ws/install/bumperbot_description/share/bumperbot_description/models/aws_robomaker_residential_PortraitD_02/model.sdf
[1.830s] -- Up-to-date: /home/aarambh/my_robot_ws/install/bumperbot_description/share/bumperbot_description/models/aws_robomaker_residential_PortraitD_02/materials
[1.830s] -- Up-to-date: /home/aarambh/my_robot_ws/install/bumperbot_description/share/bumperbot_description/models/aws_robomaker_residential_PortraitD_02/materials/textures
[1.831s] -- Up-to-date: /home/aarambh/my_robot_ws/install/bumperbot_description/share/bumperbot_description/models/aws_robomaker_residential_PortraitD_02/materials/textures/aws_PortraitD_01.png
[1.831s] -- Up-to-date: /home/aarambh/my_robot_ws/install/bumperbot_description/share/bumperbot_description/models/aws_robomaker_residential_PortraitD_02/materials/textures/aws_PortraitD_02.png
[1.832s] -- Up-to-date: /home/aarambh/my_robot_ws/install/bumperbot_description/share/bumperbot_description/models/aws_robomaker_residential_PortraitD_02/model.config
[1.832s] -- Up-to-date: /home/aarambh/my_robot_ws/install/bumperbot_description/share/bumperbot_description/models/aws_robomaker_residential_PortraitD_02/meshes
[1.844s] -- Up-to-date: /home/aarambh/my_robot_ws/install/bumperbot_description/share/bumperbot_description/models/aws_robomaker_residential_PortraitD_02/meshes/aws_PortraitD_01_visual.DAE
[1.844s] -- Up-to-date: /home/aarambh/my_robot_ws/install/bumperbot_description/share/bumperbot_description/models/aws_robomaker_residential_PortraitD_02/meshes/aws_PortraitD_01_collision.DAE
[1.845s] -- Up-to-date: /home/aarambh/my_robot_ws/install/bumperbot_description/share/bumperbot_description/models/aws_robomaker_residential_SecurityCamera_01
[1.846s] -- Up-to-date: /home/aarambh/my_robot_ws/install/bumperbot_description/share/bumperbot_description/models/aws_robomaker_residential_SecurityCamera_01/model.sdf
[1.846s] -- Up-to-date: /home/aarambh/my_robot_ws/install/bumperbot_description/share/bumperbot_description/models/aws_robomaker_residential_SecurityCamera_01/materials
[1.847s] -- Up-to-date: /home/aarambh/my_robot_ws/install/bumperbot_description/share/bumperbot_description/models/aws_robomaker_residential_SecurityCamera_01/materials/textures
[1.847s] -- Up-to-date: /home/aarambh/my_robot_ws/install/bumperbot_description/share/bumperbot_description/models/aws_robomaker_residential_SecurityCamera_01/materials/textures/aws_SecurityCamera_01.png
[1.848s] -- Up-to-date: /home/aarambh/my_robot_ws/install/bumperbot_description/share/bumperbot_description/models/aws_robomaker_residential_SecurityCamera_01/model.config
[1.848s] -- Up-to-date: /home/aarambh/my_robot_ws/install/bumperbot_description/share/bumperbot_description/models/aws_robomaker_residential_SecurityCamera_01/meshes
[1.849s] -- Up-to-date: /home/aarambh/my_robot_ws/install/bumperbot_description/share/bumperbot_description/models/aws_robomaker_residential_SecurityCamera_01/meshes/aws_SecurityCamera_01_collision.DAE
[1.849s] -- Up-to-date: /home/aarambh/my_robot_ws/install/bumperbot_description/share/bumperbot_description/models/aws_robomaker_residential_SecurityCamera_01/meshes/aws_SecurityCamera_01_visual.DAE
[1.850s] -- Up-to-date: /home/aarambh/my_robot_ws/install/bumperbot_description/share/bumperbot_description/models/aws_robomaker_residential_PortraitC_01
[1.850s] -- Up-to-date: /home/aarambh/my_robot_ws/install/bumperbot_description/share/bumperbot_description/models/aws_robomaker_residential_PortraitC_01/model.sdf
[1.851s] -- Up-to-date: /home/aarambh/my_robot_ws/install/bumperbot_description/share/bumperbot_description/models/aws_robomaker_residential_PortraitC_01/materials
[1.851s] -- Up-to-date: /home/aarambh/my_robot_ws/install/bumperbot_description/share/bumperbot_description/models/aws_robomaker_residential_PortraitC_01/materials/textures
[1.852s] -- Up-to-date: /home/aarambh/my_robot_ws/install/bumperbot_description/share/bumperbot_description/models/aws_robomaker_residential_PortraitC_01/materials/textures/aws_PortraitC_02.png
[1.852s] -- Up-to-date: /home/aarambh/my_robot_ws/install/bumperbot_description/share/bumperbot_description/models/aws_robomaker_residential_PortraitC_01/materials/textures/aws_PortraitC_01.png
[1.867s] -- Up-to-date: /home/aarambh/my_robot_ws/install/bumperbot_description/share/bumperbot_description/models/aws_robomaker_residential_PortraitC_01/model.config
[1.868s] -- Up-to-date: /home/aarambh/my_robot_ws/install/bumperbot_description/share/bumperbot_description/models/aws_robomaker_residential_PortraitC_01/meshes
[1.869s] -- Up-to-date: /home/aarambh/my_robot_ws/install/bumperbot_description/share/bumperbot_description/models/aws_robomaker_residential_PortraitC_01/meshes/aws_PortraitC_01_visual.DAE
[1.869s] -- Up-to-date: /home/aarambh/my_robot_ws/install/bumperbot_description/share/bumperbot_description/models/aws_robomaker_residential_PortraitC_01/meshes/aws_PortraitC_01_collision.DAE
[1.870s] -- Up-to-date: /home/aarambh/my_robot_ws/install/bumperbot_description/share/bumperbot_description/photos
[1.870s] -- Up-to-date: /home/aarambh/my_robot_ws/install/bumperbot_description/share/bumperbot_description/photos/DeskPortraitC_01.jpg
[1.871s] -- Up-to-date: /home/aarambh/my_robot_ws/install/bumperbot_description/share/bumperbot_description/photos/DeskPortraitA_02.jpg
[1.872s] -- Up-to-date: /home/aarambh/my_robot_ws/install/bumperbot_description/share/bumperbot_description/photos/PortraitC_01.jpg
[1.872s] -- Up-to-date: /home/aarambh/my_robot_ws/install/bumperbot_description/share/bumperbot_description/photos/DeskPortraitD_04.jpg
[1.873s] -- Up-to-date: /home/aarambh/my_robot_ws/install/bumperbot_description/share/bumperbot_description/photos/PortraitD_01.jpg
[1.873s] -- Up-to-date: /home/aarambh/my_robot_ws/install/bumperbot_description/share/bumperbot_description/photos/PortraitB_01.jpg
[1.874s] -- Up-to-date: /home/aarambh/my_robot_ws/install/bumperbot_description/share/bumperbot_description/photos/DeskPortraitD_02.jpg
[1.874s] -- Up-to-date: /home/aarambh/my_robot_ws/install/bumperbot_description/share/bumperbot_description/photos/DeskPortraitC_02.jpg
[1.875s] -- Up-to-date: /home/aarambh/my_robot_ws/install/bumperbot_description/share/bumperbot_description/photos/PortraitA_01.jpg
[1.876s] -- Up-to-date: /home/aarambh/my_robot_ws/install/bumperbot_description/share/bumperbot_description/photos/PortraitE_01.jpg
[1.876s] -- Up-to-date: /home/aarambh/my_robot_ws/install/bumperbot_description/share/bumperbot_description/photos/PortraitA_02.jpg
[1.884s] -- Up-to-date: /home/aarambh/my_robot_ws/install/bumperbot_description/share/bumperbot_description/photos/DeskPortraitB_02.jpg
[1.885s] -- Up-to-date: /home/aarambh/my_robot_ws/install/bumperbot_description/share/bumperbot_description/photos/DeskPortraitA_01.jpg
[1.885s] -- Up-to-date: /home/aarambh/my_robot_ws/install/bumperbot_description/share/bumperbot_description/photos/PortraitB_03.jpg
[1.886s] -- Up-to-date: /home/aarambh/my_robot_ws/install/bumperbot_description/share/bumperbot_description/photos/PortraitE_02.jpg
[1.887s] -- Up-to-date: /home/aarambh/my_robot_ws/install/bumperbot_description/share/bumperbot_description/photos/DeskPortraitD_03.jpg
[1.887s] -- Up-to-date: /home/aarambh/my_robot_ws/install/bumperbot_description/share/bumperbot_description/photos/DeskPortraitB_01.jpg
[1.888s] -- Up-to-date: /home/aarambh/my_robot_ws/install/bumperbot_description/share/bumperbot_description/photos/PortraitB_02.jpg
[1.889s] -- Up-to-date: /home/aarambh/my_robot_ws/install/bumperbot_description/share/bumperbot_description/photos/PortraitD_02.jpg
[1.889s] -- Up-to-date: /home/aarambh/my_robot_ws/install/bumperbot_description/share/bumperbot_description/photos/DeskPortraitD_01.jpg
[1.890s] -- Up-to-date: /home/aarambh/my_robot_ws/install/bumperbot_description/share/bumperbot_description/urdf
[1.890s] -- Up-to-date: /home/aarambh/my_robot_ws/install/bumperbot_description/share/bumperbot_description/urdf/bumperbot_gazebo.xacro
[1.891s] -- Up-to-date: /home/aarambh/my_robot_ws/install/bumperbot_description/share/bumperbot_description/urdf/bumperbot_ros2_control.xacro
[1.891s] -- Up-to-date: /home/aarambh/my_robot_ws/install/bumperbot_description/share/bumperbot_description/urdf/bumperbot.urdf.xacro
[1.892s] -- Up-to-date: /home/aarambh/my_robot_ws/install/bumperbot_description/share/bumperbot_description/rviz
[1.892s] -- Up-to-date: /home/aarambh/my_robot_ws/install/bumperbot_description/share/bumperbot_description/rviz/display.rviz
[1.893s] -- Up-to-date: /home/aarambh/my_robot_ws/install/bumperbot_description/share/bumperbot_description/worlds
[1.893s] -- Up-to-date: /home/aarambh/my_robot_ws/install/bumperbot_description/share/bumperbot_description/worlds/empty.world
[1.893s] -- Up-to-date: /home/aarambh/my_robot_ws/install/bumperbot_description/share/bumperbot_description/worlds/small_warehouse.world
[1.894s] -- Up-to-date: /home/aarambh/my_robot_ws/install/bumperbot_description/share/bumperbot_description/worlds/small_house.world
[1.894s] -- Up-to-date: /home/aarambh/my_robot_ws/install/bumperbot_description/share/ament_index/resource_index/package_run_dependencies/bumperbot_description
[1.895s] -- Up-to-date: /home/aarambh/my_robot_ws/install/bumperbot_description/share/ament_index/resource_index/parent_prefix_path/bumperbot_description
[1.896s] -- Up-to-date: /home/aarambh/my_robot_ws/install/bumperbot_description/share/bumperbot_description/environment/ament_prefix_path.sh
[1.896s] -- Up-to-date: /home/aarambh/my_robot_ws/install/bumperbot_description/share/bumperbot_description/environment/ament_prefix_path.dsv
[1.907s] -- Up-to-date: /home/aarambh/my_robot_ws/install/bumperbot_description/share/bumperbot_description/environment/path.sh
[1.908s] -- Up-to-date: /home/aarambh/my_robot_ws/install/bumperbot_description/share/bumperbot_description/environment/path.dsv
[1.908s] -- Up-to-date: /home/aarambh/my_robot_ws/install/bumperbot_description/share/bumperbot_description/local_setup.bash
[1.909s] -- Up-to-date: /home/aarambh/my_robot_ws/install/bumperbot_description/share/bumperbot_description/local_setup.sh
[1.910s] -- Up-to-date: /home/aarambh/my_robot_ws/install/bumperbot_description/share/bumperbot_description/local_setup.zsh
[1.910s] -- Up-to-date: /home/aarambh/my_robot_ws/install/bumperbot_description/share/bumperbot_description/local_setup.dsv
[1.911s] -- Installing: /home/aarambh/my_robot_ws/install/bumperbot_description/share/bumperbot_description/package.dsv
[1.911s] -- Up-to-date: /home/aarambh/my_robot_ws/install/bumperbot_description/share/ament_index/resource_index/packages/bumperbot_description
[1.912s] -- Up-to-date: /home/aarambh/my_robot_ws/install/bumperbot_description/share/bumperbot_description/cmake/bumperbot_descriptionConfig.cmake
[1.913s] -- Up-to-date: /home/aarambh/my_robot_ws/install/bumperbot_description/share/bumperbot_description/cmake/bumperbot_descriptionConfig-version.cmake
[1.913s] -- Up-to-date: /home/aarambh/my_robot_ws/install/bumperbot_description/share/bumperbot_description/package.xml
[1.914s] Invoked command in '/home/aarambh/my_robot_ws/build/bumperbot_description' returned '0': CMAKE_PREFIX_PATH=${CMAKE_PREFIX_PATH}:/home/aarambh/my_robot_ws/install/bumperbot_py_examples:/opt/ros/humble /usr/bin/cmake --install /home/aarambh/my_robot_ws/build/bumperbot_description
