[0.498s] DEBUG:colcon:Command line arguments: ['/usr/bin/colcon', 'build']
[0.498s] DEBUG:colcon:Parsed command line arguments: Namespace(log_base=None, log_level=None, verb_name='build', build_base='build', install_base='install', merge_install=False, symlink_install=False, test_result_base=None, continue_on_error=False, executor='parallel', parallel_workers=4, event_handlers=None, ignore_user_meta=False, metas=['./colcon.meta'], base_paths=['.'], packages_ignore=None, packages_ignore_regex=None, paths=None, packages_up_to=None, packages_up_to_regex=None, packages_above=None, packages_above_and_dependencies=None, packages_above_depth=None, packages_select_by_dep=None, packages_skip_by_dep=None, packages_skip_up_to=None, packages_select_build_failed=False, packages_skip_build_finished=False, packages_select_test_failures=False, packages_skip_test_passed=False, packages_select=None, packages_skip=None, packages_select_regex=None, packages_skip_regex=None, packages_start=None, packages_end=None, allow_overriding=[], cmake_args=None, cmake_target=None, cmake_target_skip_unavailable=False, cmake_clean_cache=False, cmake_clean_first=False, cmake_force_configure=False, ament_cmake_args=None, catkin_cmake_args=None, catkin_skip_building_tests=False, mixin_files=None, mixin=None, verb_parser=<colcon_mixin.mixin.mixin_argument.MixinArgumentDecorator object at 0xffffbb697ee0>, verb_extension=<colcon_core.verb.build.BuildVerb object at 0xffffbb874e80>, main=<bound method BuildVerb.main of <colcon_core.verb.build.BuildVerb object at 0xffffbb874e80>>, mixin_verb=('build',))
[1.377s] Level 1:colcon.colcon_core.package_discovery:discover_packages(colcon_meta) check parameters
[1.377s] Level 1:colcon.colcon_core.package_discovery:discover_packages(recursive) check parameters
[1.378s] Level 1:colcon.colcon_core.package_discovery:discover_packages(ignore) check parameters
[1.378s] Level 1:colcon.colcon_core.package_discovery:discover_packages(path) check parameters
[1.378s] Level 1:colcon.colcon_core.package_discovery:discover_packages(colcon_meta) discover
[1.378s] Level 1:colcon.colcon_core.package_discovery:discover_packages(recursive) discover
[1.378s] INFO:colcon.colcon_core.package_discovery:Crawling recursively for packages in '/home/aarambh/my_robot_ws'
[1.379s] Level 1:colcon.colcon_core.package_identification:_identify(.) by extensions ['ignore', 'ignore_ament_install']
[1.379s] Level 1:colcon.colcon_core.package_identification:_identify(.) by extension 'ignore'
[1.379s] Level 1:colcon.colcon_core.package_identification:_identify(.) by extension 'ignore_ament_install'
[1.379s] Level 1:colcon.colcon_core.package_identification:_identify(.) by extensions ['colcon_pkg']
[1.379s] Level 1:colcon.colcon_core.package_identification:_identify(.) by extension 'colcon_pkg'
[1.380s] Level 1:colcon.colcon_core.package_identification:_identify(.) by extensions ['colcon_meta']
[1.380s] Level 1:colcon.colcon_core.package_identification:_identify(.) by extension 'colcon_meta'
[1.380s] Level 1:colcon.colcon_core.package_identification:_identify(.) by extensions ['ros']
[1.380s] Level 1:colcon.colcon_core.package_identification:_identify(.) by extension 'ros'
[1.425s] Level 1:colcon.colcon_core.package_identification:_identify(.) by extensions ['cmake', 'python']
[1.425s] Level 1:colcon.colcon_core.package_identification:_identify(.) by extension 'cmake'
[1.425s] Level 1:colcon.colcon_core.package_identification:_identify(.) by extension 'python'
[1.425s] Level 1:colcon.colcon_core.package_identification:_identify(.) by extensions ['python_setup_py']
[1.425s] Level 1:colcon.colcon_core.package_identification:_identify(.) by extension 'python_setup_py'
[1.426s] Level 1:colcon.colcon_core.package_identification:_identify(build) by extensions ['ignore', 'ignore_ament_install']
[1.427s] Level 1:colcon.colcon_core.package_identification:_identify(build) by extension 'ignore'
[1.427s] Level 1:colcon.colcon_core.package_identification:_identify(build) ignored
[1.428s] Level 1:colcon.colcon_core.package_identification:_identify(install) by extensions ['ignore', 'ignore_ament_install']
[1.428s] Level 1:colcon.colcon_core.package_identification:_identify(install) by extension 'ignore'
[1.428s] Level 1:colcon.colcon_core.package_identification:_identify(install) ignored
[1.429s] Level 1:colcon.colcon_core.package_identification:_identify(log) by extensions ['ignore', 'ignore_ament_install']
[1.429s] Level 1:colcon.colcon_core.package_identification:_identify(log) by extension 'ignore'
[1.430s] Level 1:colcon.colcon_core.package_identification:_identify(log) ignored
[1.430s] Level 1:colcon.colcon_core.package_identification:_identify(src) by extensions ['ignore', 'ignore_ament_install']
[1.430s] Level 1:colcon.colcon_core.package_identification:_identify(src) by extension 'ignore'
[1.430s] Level 1:colcon.colcon_core.package_identification:_identify(src) by extension 'ignore_ament_install'
[1.431s] Level 1:colcon.colcon_core.package_identification:_identify(src) by extensions ['colcon_pkg']
[1.431s] Level 1:colcon.colcon_core.package_identification:_identify(src) by extension 'colcon_pkg'
[1.431s] Level 1:colcon.colcon_core.package_identification:_identify(src) by extensions ['colcon_meta']
[1.431s] Level 1:colcon.colcon_core.package_identification:_identify(src) by extension 'colcon_meta'
[1.431s] Level 1:colcon.colcon_core.package_identification:_identify(src) by extensions ['ros']
[1.431s] Level 1:colcon.colcon_core.package_identification:_identify(src) by extension 'ros'
[1.432s] Level 1:colcon.colcon_core.package_identification:_identify(src) by extensions ['cmake', 'python']
[1.432s] Level 1:colcon.colcon_core.package_identification:_identify(src) by extension 'cmake'
[1.432s] Level 1:colcon.colcon_core.package_identification:_identify(src) by extension 'python'
[1.432s] Level 1:colcon.colcon_core.package_identification:_identify(src) by extensions ['python_setup_py']
[1.432s] Level 1:colcon.colcon_core.package_identification:_identify(src) by extension 'python_setup_py'
[1.433s] Level 1:colcon.colcon_core.package_identification:_identify(src/bumperbot_bringup) by extensions ['ignore', 'ignore_ament_install']
[1.433s] Level 1:colcon.colcon_core.package_identification:_identify(src/bumperbot_bringup) by extension 'ignore'
[1.433s] Level 1:colcon.colcon_core.package_identification:_identify(src/bumperbot_bringup) by extension 'ignore_ament_install'
[1.433s] Level 1:colcon.colcon_core.package_identification:_identify(src/bumperbot_bringup) by extensions ['colcon_pkg']
[1.434s] Level 1:colcon.colcon_core.package_identification:_identify(src/bumperbot_bringup) by extension 'colcon_pkg'
[1.434s] Level 1:colcon.colcon_core.package_identification:_identify(src/bumperbot_bringup) by extensions ['colcon_meta']
[1.434s] Level 1:colcon.colcon_core.package_identification:_identify(src/bumperbot_bringup) by extension 'colcon_meta'
[1.434s] Level 1:colcon.colcon_core.package_identification:_identify(src/bumperbot_bringup) by extensions ['ros']
[1.434s] Level 1:colcon.colcon_core.package_identification:_identify(src/bumperbot_bringup) by extension 'ros'
[1.442s] DEBUG:colcon.colcon_core.package_identification:Package 'src/bumperbot_bringup' with type 'ros.ament_cmake' and name 'bumperbot_bringup'
[1.443s] Level 1:colcon.colcon_core.package_identification:_identify(src/bumperbot_controller) by extensions ['ignore', 'ignore_ament_install']
[1.444s] Level 1:colcon.colcon_core.package_identification:_identify(src/bumperbot_controller) by extension 'ignore'
[1.444s] Level 1:colcon.colcon_core.package_identification:_identify(src/bumperbot_controller) by extension 'ignore_ament_install'
[1.444s] Level 1:colcon.colcon_core.package_identification:_identify(src/bumperbot_controller) by extensions ['colcon_pkg']
[1.444s] Level 1:colcon.colcon_core.package_identification:_identify(src/bumperbot_controller) by extension 'colcon_pkg'
[1.444s] Level 1:colcon.colcon_core.package_identification:_identify(src/bumperbot_controller) by extensions ['colcon_meta']
[1.444s] Level 1:colcon.colcon_core.package_identification:_identify(src/bumperbot_controller) by extension 'colcon_meta'
[1.445s] Level 1:colcon.colcon_core.package_identification:_identify(src/bumperbot_controller) by extensions ['ros']
[1.445s] Level 1:colcon.colcon_core.package_identification:_identify(src/bumperbot_controller) by extension 'ros'
[1.451s] DEBUG:colcon.colcon_core.package_identification:Package 'src/bumperbot_controller' with type 'ros.ament_cmake' and name 'bumperbot_controller'
[1.451s] Level 1:colcon.colcon_core.package_identification:_identify(src/bumperbot_cpp_examples) by extensions ['ignore', 'ignore_ament_install']
[1.452s] Level 1:colcon.colcon_core.package_identification:_identify(src/bumperbot_cpp_examples) by extension 'ignore'
[1.452s] Level 1:colcon.colcon_core.package_identification:_identify(src/bumperbot_cpp_examples) by extension 'ignore_ament_install'
[1.452s] Level 1:colcon.colcon_core.package_identification:_identify(src/bumperbot_cpp_examples) by extensions ['colcon_pkg']
[1.452s] Level 1:colcon.colcon_core.package_identification:_identify(src/bumperbot_cpp_examples) by extension 'colcon_pkg'
[1.452s] Level 1:colcon.colcon_core.package_identification:_identify(src/bumperbot_cpp_examples) by extensions ['colcon_meta']
[1.452s] Level 1:colcon.colcon_core.package_identification:_identify(src/bumperbot_cpp_examples) by extension 'colcon_meta'
[1.453s] Level 1:colcon.colcon_core.package_identification:_identify(src/bumperbot_cpp_examples) by extensions ['ros']
[1.453s] Level 1:colcon.colcon_core.package_identification:_identify(src/bumperbot_cpp_examples) by extension 'ros'
[1.458s] DEBUG:colcon.colcon_core.package_identification:Package 'src/bumperbot_cpp_examples' with type 'ros.ament_cmake' and name 'bumperbot_cpp_examples'
[1.458s] Level 1:colcon.colcon_core.package_identification:_identify(src/bumperbot_description) by extensions ['ignore', 'ignore_ament_install']
[1.459s] Level 1:colcon.colcon_core.package_identification:_identify(src/bumperbot_description) by extension 'ignore'
[1.459s] Level 1:colcon.colcon_core.package_identification:_identify(src/bumperbot_description) by extension 'ignore_ament_install'
[1.459s] Level 1:colcon.colcon_core.package_identification:_identify(src/bumperbot_description) by extensions ['colcon_pkg']
[1.459s] Level 1:colcon.colcon_core.package_identification:_identify(src/bumperbot_description) by extension 'colcon_pkg'
[1.459s] Level 1:colcon.colcon_core.package_identification:_identify(src/bumperbot_description) by extensions ['colcon_meta']
[1.459s] Level 1:colcon.colcon_core.package_identification:_identify(src/bumperbot_description) by extension 'colcon_meta'
[1.460s] Level 1:colcon.colcon_core.package_identification:_identify(src/bumperbot_description) by extensions ['ros']
[1.460s] Level 1:colcon.colcon_core.package_identification:_identify(src/bumperbot_description) by extension 'ros'
[1.474s] DEBUG:colcon.colcon_core.package_identification:Package 'src/bumperbot_description' with type 'ros.ament_cmake' and name 'bumperbot_description'
[1.475s] Level 1:colcon.colcon_core.package_identification:_identify(src/bumperbot_firmware) by extensions ['ignore', 'ignore_ament_install']
[1.475s] Level 1:colcon.colcon_core.package_identification:_identify(src/bumperbot_firmware) by extension 'ignore'
[1.475s] Level 1:colcon.colcon_core.package_identification:_identify(src/bumperbot_firmware) by extension 'ignore_ament_install'
[1.475s] Level 1:colcon.colcon_core.package_identification:_identify(src/bumperbot_firmware) by extensions ['colcon_pkg']
[1.475s] Level 1:colcon.colcon_core.package_identification:_identify(src/bumperbot_firmware) by extension 'colcon_pkg'
[1.476s] Level 1:colcon.colcon_core.package_identification:_identify(src/bumperbot_firmware) by extensions ['colcon_meta']
[1.476s] Level 1:colcon.colcon_core.package_identification:_identify(src/bumperbot_firmware) by extension 'colcon_meta'
[1.476s] Level 1:colcon.colcon_core.package_identification:_identify(src/bumperbot_firmware) by extensions ['ros']
[1.476s] Level 1:colcon.colcon_core.package_identification:_identify(src/bumperbot_firmware) by extension 'ros'
[1.480s] DEBUG:colcon.colcon_core.package_identification:Package 'src/bumperbot_firmware' with type 'ros.ament_cmake' and name 'bumperbot_firmware'
[1.481s] Level 1:colcon.colcon_core.package_identification:_identify(src/bumperbot_localization) by extensions ['ignore', 'ignore_ament_install']
[1.481s] Level 1:colcon.colcon_core.package_identification:_identify(src/bumperbot_localization) by extension 'ignore'
[1.481s] Level 1:colcon.colcon_core.package_identification:_identify(src/bumperbot_localization) by extension 'ignore_ament_install'
[1.482s] Level 1:colcon.colcon_core.package_identification:_identify(src/bumperbot_localization) by extensions ['colcon_pkg']
[1.482s] Level 1:colcon.colcon_core.package_identification:_identify(src/bumperbot_localization) by extension 'colcon_pkg'
[1.482s] Level 1:colcon.colcon_core.package_identification:_identify(src/bumperbot_localization) by extensions ['colcon_meta']
[1.482s] Level 1:colcon.colcon_core.package_identification:_identify(src/bumperbot_localization) by extension 'colcon_meta'
[1.482s] Level 1:colcon.colcon_core.package_identification:_identify(src/bumperbot_localization) by extensions ['ros']
[1.482s] Level 1:colcon.colcon_core.package_identification:_identify(src/bumperbot_localization) by extension 'ros'
[1.522s] DEBUG:colcon.colcon_core.package_identification:Package 'src/bumperbot_localization' with type 'ros.ament_cmake' and name 'bumperbot_localization'
[1.523s] Level 1:colcon.colcon_core.package_identification:_identify(src/bumperbot_mapping) by extensions ['ignore', 'ignore_ament_install']
[1.523s] Level 1:colcon.colcon_core.package_identification:_identify(src/bumperbot_mapping) by extension 'ignore'
[1.524s] Level 1:colcon.colcon_core.package_identification:_identify(src/bumperbot_mapping) by extension 'ignore_ament_install'
[1.524s] Level 1:colcon.colcon_core.package_identification:_identify(src/bumperbot_mapping) by extensions ['colcon_pkg']
[1.524s] Level 1:colcon.colcon_core.package_identification:_identify(src/bumperbot_mapping) by extension 'colcon_pkg'
[1.524s] Level 1:colcon.colcon_core.package_identification:_identify(src/bumperbot_mapping) by extensions ['colcon_meta']
[1.524s] Level 1:colcon.colcon_core.package_identification:_identify(src/bumperbot_mapping) by extension 'colcon_meta'
[1.525s] Level 1:colcon.colcon_core.package_identification:_identify(src/bumperbot_mapping) by extensions ['ros']
[1.525s] Level 1:colcon.colcon_core.package_identification:_identify(src/bumperbot_mapping) by extension 'ros'
[1.529s] DEBUG:colcon.colcon_core.package_identification:Package 'src/bumperbot_mapping' with type 'ros.ament_cmake' and name 'bumperbot_mapping'
[1.529s] Level 1:colcon.colcon_core.package_identification:_identify(src/bumperbot_motion) by extensions ['ignore', 'ignore_ament_install']
[1.530s] Level 1:colcon.colcon_core.package_identification:_identify(src/bumperbot_motion) by extension 'ignore'
[1.530s] Level 1:colcon.colcon_core.package_identification:_identify(src/bumperbot_motion) by extension 'ignore_ament_install'
[1.530s] Level 1:colcon.colcon_core.package_identification:_identify(src/bumperbot_motion) by extensions ['colcon_pkg']
[1.530s] Level 1:colcon.colcon_core.package_identification:_identify(src/bumperbot_motion) by extension 'colcon_pkg'
[1.530s] Level 1:colcon.colcon_core.package_identification:_identify(src/bumperbot_motion) by extensions ['colcon_meta']
[1.531s] Level 1:colcon.colcon_core.package_identification:_identify(src/bumperbot_motion) by extension 'colcon_meta'
[1.531s] Level 1:colcon.colcon_core.package_identification:_identify(src/bumperbot_motion) by extensions ['ros']
[1.531s] Level 1:colcon.colcon_core.package_identification:_identify(src/bumperbot_motion) by extension 'ros'
[1.536s] DEBUG:colcon.colcon_core.package_identification:Package 'src/bumperbot_motion' with type 'ros.ament_cmake' and name 'bumperbot_motion'
[1.536s] Level 1:colcon.colcon_core.package_identification:_identify(src/bumperbot_msgs) by extensions ['ignore', 'ignore_ament_install']
[1.537s] Level 1:colcon.colcon_core.package_identification:_identify(src/bumperbot_msgs) by extension 'ignore'
[1.537s] Level 1:colcon.colcon_core.package_identification:_identify(src/bumperbot_msgs) by extension 'ignore_ament_install'
[1.537s] Level 1:colcon.colcon_core.package_identification:_identify(src/bumperbot_msgs) by extensions ['colcon_pkg']
[1.537s] Level 1:colcon.colcon_core.package_identification:_identify(src/bumperbot_msgs) by extension 'colcon_pkg'
[1.538s] Level 1:colcon.colcon_core.package_identification:_identify(src/bumperbot_msgs) by extensions ['colcon_meta']
[1.538s] Level 1:colcon.colcon_core.package_identification:_identify(src/bumperbot_msgs) by extension 'colcon_meta'
[1.538s] Level 1:colcon.colcon_core.package_identification:_identify(src/bumperbot_msgs) by extensions ['ros']
[1.538s] Level 1:colcon.colcon_core.package_identification:_identify(src/bumperbot_msgs) by extension 'ros'
[1.540s] DEBUG:colcon.colcon_core.package_identification:Package 'src/bumperbot_msgs' with type 'ros.ament_cmake' and name 'bumperbot_msgs'
[1.541s] Level 1:colcon.colcon_core.package_identification:_identify(src/bumperbot_navigation) by extensions ['ignore', 'ignore_ament_install']
[1.541s] Level 1:colcon.colcon_core.package_identification:_identify(src/bumperbot_navigation) by extension 'ignore'
[1.542s] Level 1:colcon.colcon_core.package_identification:_identify(src/bumperbot_navigation) by extension 'ignore_ament_install'
[1.542s] Level 1:colcon.colcon_core.package_identification:_identify(src/bumperbot_navigation) by extensions ['colcon_pkg']
[1.542s] Level 1:colcon.colcon_core.package_identification:_identify(src/bumperbot_navigation) by extension 'colcon_pkg'
[1.542s] Level 1:colcon.colcon_core.package_identification:_identify(src/bumperbot_navigation) by extensions ['colcon_meta']
[1.542s] Level 1:colcon.colcon_core.package_identification:_identify(src/bumperbot_navigation) by extension 'colcon_meta'
[1.542s] Level 1:colcon.colcon_core.package_identification:_identify(src/bumperbot_navigation) by extensions ['ros']
[1.542s] Level 1:colcon.colcon_core.package_identification:_identify(src/bumperbot_navigation) by extension 'ros'
[1.545s] DEBUG:colcon.colcon_core.package_identification:Package 'src/bumperbot_navigation' with type 'ros.ament_cmake' and name 'bumperbot_navigation'
[1.546s] Level 1:colcon.colcon_core.package_identification:_identify(src/bumperbot_planning) by extensions ['ignore', 'ignore_ament_install']
[1.546s] Level 1:colcon.colcon_core.package_identification:_identify(src/bumperbot_planning) by extension 'ignore'
[1.546s] Level 1:colcon.colcon_core.package_identification:_identify(src/bumperbot_planning) by extension 'ignore_ament_install'
[1.547s] Level 1:colcon.colcon_core.package_identification:_identify(src/bumperbot_planning) by extensions ['colcon_pkg']
[1.547s] Level 1:colcon.colcon_core.package_identification:_identify(src/bumperbot_planning) by extension 'colcon_pkg'
[1.547s] Level 1:colcon.colcon_core.package_identification:_identify(src/bumperbot_planning) by extensions ['colcon_meta']
[1.547s] Level 1:colcon.colcon_core.package_identification:_identify(src/bumperbot_planning) by extension 'colcon_meta'
[1.547s] Level 1:colcon.colcon_core.package_identification:_identify(src/bumperbot_planning) by extensions ['ros']
[1.547s] Level 1:colcon.colcon_core.package_identification:_identify(src/bumperbot_planning) by extension 'ros'
[1.552s] DEBUG:colcon.colcon_core.package_identification:Package 'src/bumperbot_planning' with type 'ros.ament_cmake' and name 'bumperbot_planning'
[1.552s] Level 1:colcon.colcon_core.package_identification:_identify(src/bumperbot_py_examples) by extensions ['ignore', 'ignore_ament_install']
[1.553s] Level 1:colcon.colcon_core.package_identification:_identify(src/bumperbot_py_examples) by extension 'ignore'
[1.553s] Level 1:colcon.colcon_core.package_identification:_identify(src/bumperbot_py_examples) by extension 'ignore_ament_install'
[1.553s] Level 1:colcon.colcon_core.package_identification:_identify(src/bumperbot_py_examples) by extensions ['colcon_pkg']
[1.553s] Level 1:colcon.colcon_core.package_identification:_identify(src/bumperbot_py_examples) by extension 'colcon_pkg'
[1.553s] Level 1:colcon.colcon_core.package_identification:_identify(src/bumperbot_py_examples) by extensions ['colcon_meta']
[1.554s] Level 1:colcon.colcon_core.package_identification:_identify(src/bumperbot_py_examples) by extension 'colcon_meta'
[1.554s] Level 1:colcon.colcon_core.package_identification:_identify(src/bumperbot_py_examples) by extensions ['ros']
[1.554s] Level 1:colcon.colcon_core.package_identification:_identify(src/bumperbot_py_examples) by extension 'ros'
[1.558s] DEBUG:colcon.colcon_core.package_identification:Package 'src/bumperbot_py_examples' with type 'ros.ament_python' and name 'bumperbot_py_examples'
[1.559s] Level 1:colcon.colcon_core.package_identification:_identify(src/bumperbot_utils) by extensions ['ignore', 'ignore_ament_install']
[1.559s] Level 1:colcon.colcon_core.package_identification:_identify(src/bumperbot_utils) by extension 'ignore'
[1.559s] Level 1:colcon.colcon_core.package_identification:_identify(src/bumperbot_utils) by extension 'ignore_ament_install'
[1.559s] Level 1:colcon.colcon_core.package_identification:_identify(src/bumperbot_utils) by extensions ['colcon_pkg']
[1.559s] Level 1:colcon.colcon_core.package_identification:_identify(src/bumperbot_utils) by extension 'colcon_pkg'
[1.560s] Level 1:colcon.colcon_core.package_identification:_identify(src/bumperbot_utils) by extensions ['colcon_meta']
[1.560s] Level 1:colcon.colcon_core.package_identification:_identify(src/bumperbot_utils) by extension 'colcon_meta'
[1.560s] Level 1:colcon.colcon_core.package_identification:_identify(src/bumperbot_utils) by extensions ['ros']
[1.560s] Level 1:colcon.colcon_core.package_identification:_identify(src/bumperbot_utils) by extension 'ros'
[1.564s] DEBUG:colcon.colcon_core.package_identification:Package 'src/bumperbot_utils' with type 'ros.ament_cmake' and name 'bumperbot_utils'
[1.564s] Level 1:colcon.colcon_core.package_discovery:discover_packages(recursive) using defaults
[1.565s] Level 1:colcon.colcon_core.package_discovery:discover_packages(ignore) discover
[1.565s] Level 1:colcon.colcon_core.package_discovery:discover_packages(ignore) using defaults
[1.565s] Level 1:colcon.colcon_core.package_discovery:discover_packages(path) discover
[1.565s] Level 1:colcon.colcon_core.package_discovery:discover_packages(path) using defaults
[1.660s] Level 1:colcon.colcon_core.package_discovery:discover_packages(prefix_path) check parameters
[1.660s] Level 1:colcon.colcon_core.package_discovery:discover_packages(prefix_path) discover
[1.673s] DEBUG:colcon.colcon_installed_package_information.package_discovery:Found 13 installed packages in /home/aarambh/my_robot_ws/install
[1.686s] DEBUG:colcon.colcon_installed_package_information.package_discovery:Found 391 installed packages in /opt/ros/humble
[1.698s] Level 1:colcon.colcon_core.package_discovery:discover_packages(prefix_path) using defaults
[1.917s] Level 5:colcon.colcon_core.verb:set package 'bumperbot_controller' build argument 'cmake_args' from command line to 'None'
[1.918s] Level 5:colcon.colcon_core.verb:set package 'bumperbot_controller' build argument 'cmake_target' from command line to 'None'
[1.918s] Level 5:colcon.colcon_core.verb:set package 'bumperbot_controller' build argument 'cmake_target_skip_unavailable' from command line to 'False'
[1.918s] Level 5:colcon.colcon_core.verb:set package 'bumperbot_controller' build argument 'cmake_clean_cache' from command line to 'False'
[1.918s] Level 5:colcon.colcon_core.verb:set package 'bumperbot_controller' build argument 'cmake_clean_first' from command line to 'False'
[1.918s] Level 5:colcon.colcon_core.verb:set package 'bumperbot_controller' build argument 'cmake_force_configure' from command line to 'False'
[1.918s] Level 5:colcon.colcon_core.verb:set package 'bumperbot_controller' build argument 'ament_cmake_args' from command line to 'None'
[1.918s] Level 5:colcon.colcon_core.verb:set package 'bumperbot_controller' build argument 'catkin_cmake_args' from command line to 'None'
[1.918s] Level 5:colcon.colcon_core.verb:set package 'bumperbot_controller' build argument 'catkin_skip_building_tests' from command line to 'False'
[1.919s] DEBUG:colcon.colcon_core.verb:Building package 'bumperbot_controller' with the following arguments: {'ament_cmake_args': None, 'build_base': '/home/aarambh/my_robot_ws/build/bumperbot_controller', 'catkin_cmake_args': None, 'catkin_skip_building_tests': False, 'cmake_args': None, 'cmake_clean_cache': False, 'cmake_clean_first': False, 'cmake_force_configure': False, 'cmake_target': None, 'cmake_target_skip_unavailable': False, 'install_base': '/home/aarambh/my_robot_ws/install/bumperbot_controller', 'merge_install': False, 'path': '/home/aarambh/my_robot_ws/src/bumperbot_controller', 'symlink_install': False, 'test_result_base': None}
[1.920s] Level 5:colcon.colcon_core.verb:set package 'bumperbot_description' build argument 'cmake_args' from command line to 'None'
[1.920s] Level 5:colcon.colcon_core.verb:set package 'bumperbot_description' build argument 'cmake_target' from command line to 'None'
[1.920s] Level 5:colcon.colcon_core.verb:set package 'bumperbot_description' build argument 'cmake_target_skip_unavailable' from command line to 'False'
[1.920s] Level 5:colcon.colcon_core.verb:set package 'bumperbot_description' build argument 'cmake_clean_cache' from command line to 'False'
[1.921s] Level 5:colcon.colcon_core.verb:set package 'bumperbot_description' build argument 'cmake_clean_first' from command line to 'False'
[1.921s] Level 5:colcon.colcon_core.verb:set package 'bumperbot_description' build argument 'cmake_force_configure' from command line to 'False'
[1.921s] Level 5:colcon.colcon_core.verb:set package 'bumperbot_description' build argument 'ament_cmake_args' from command line to 'None'
[1.921s] Level 5:colcon.colcon_core.verb:set package 'bumperbot_description' build argument 'catkin_cmake_args' from command line to 'None'
[1.921s] Level 5:colcon.colcon_core.verb:set package 'bumperbot_description' build argument 'catkin_skip_building_tests' from command line to 'False'
[1.921s] DEBUG:colcon.colcon_core.verb:Building package 'bumperbot_description' with the following arguments: {'ament_cmake_args': None, 'build_base': '/home/aarambh/my_robot_ws/build/bumperbot_description', 'catkin_cmake_args': None, 'catkin_skip_building_tests': False, 'cmake_args': None, 'cmake_clean_cache': False, 'cmake_clean_first': False, 'cmake_force_configure': False, 'cmake_target': None, 'cmake_target_skip_unavailable': False, 'install_base': '/home/aarambh/my_robot_ws/install/bumperbot_description', 'merge_install': False, 'path': '/home/aarambh/my_robot_ws/src/bumperbot_description', 'symlink_install': False, 'test_result_base': None}
[1.923s] Level 5:colcon.colcon_core.verb:set package 'bumperbot_firmware' build argument 'cmake_args' from command line to 'None'
[1.923s] Level 5:colcon.colcon_core.verb:set package 'bumperbot_firmware' build argument 'cmake_target' from command line to 'None'
[1.923s] Level 5:colcon.colcon_core.verb:set package 'bumperbot_firmware' build argument 'cmake_target_skip_unavailable' from command line to 'False'
[1.923s] Level 5:colcon.colcon_core.verb:set package 'bumperbot_firmware' build argument 'cmake_clean_cache' from command line to 'False'
[1.923s] Level 5:colcon.colcon_core.verb:set package 'bumperbot_firmware' build argument 'cmake_clean_first' from command line to 'False'
[1.923s] Level 5:colcon.colcon_core.verb:set package 'bumperbot_firmware' build argument 'cmake_force_configure' from command line to 'False'
[1.923s] Level 5:colcon.colcon_core.verb:set package 'bumperbot_firmware' build argument 'ament_cmake_args' from command line to 'None'
[1.923s] Level 5:colcon.colcon_core.verb:set package 'bumperbot_firmware' build argument 'catkin_cmake_args' from command line to 'None'
[1.923s] Level 5:colcon.colcon_core.verb:set package 'bumperbot_firmware' build argument 'catkin_skip_building_tests' from command line to 'False'
[1.924s] DEBUG:colcon.colcon_core.verb:Building package 'bumperbot_firmware' with the following arguments: {'ament_cmake_args': None, 'build_base': '/home/aarambh/my_robot_ws/build/bumperbot_firmware', 'catkin_cmake_args': None, 'catkin_skip_building_tests': False, 'cmake_args': None, 'cmake_clean_cache': False, 'cmake_clean_first': False, 'cmake_force_configure': False, 'cmake_target': None, 'cmake_target_skip_unavailable': False, 'install_base': '/home/aarambh/my_robot_ws/install/bumperbot_firmware', 'merge_install': False, 'path': '/home/aarambh/my_robot_ws/src/bumperbot_firmware', 'symlink_install': False, 'test_result_base': None}
[1.925s] Level 5:colcon.colcon_core.verb:set package 'bumperbot_localization' build argument 'cmake_args' from command line to 'None'
[1.925s] Level 5:colcon.colcon_core.verb:set package 'bumperbot_localization' build argument 'cmake_target' from command line to 'None'
[1.925s] Level 5:colcon.colcon_core.verb:set package 'bumperbot_localization' build argument 'cmake_target_skip_unavailable' from command line to 'False'
[1.925s] Level 5:colcon.colcon_core.verb:set package 'bumperbot_localization' build argument 'cmake_clean_cache' from command line to 'False'
[1.925s] Level 5:colcon.colcon_core.verb:set package 'bumperbot_localization' build argument 'cmake_clean_first' from command line to 'False'
[1.926s] Level 5:colcon.colcon_core.verb:set package 'bumperbot_localization' build argument 'cmake_force_configure' from command line to 'False'
[1.926s] Level 5:colcon.colcon_core.verb:set package 'bumperbot_localization' build argument 'ament_cmake_args' from command line to 'None'
[1.926s] Level 5:colcon.colcon_core.verb:set package 'bumperbot_localization' build argument 'catkin_cmake_args' from command line to 'None'
[1.926s] Level 5:colcon.colcon_core.verb:set package 'bumperbot_localization' build argument 'catkin_skip_building_tests' from command line to 'False'
[1.926s] DEBUG:colcon.colcon_core.verb:Building package 'bumperbot_localization' with the following arguments: {'ament_cmake_args': None, 'build_base': '/home/aarambh/my_robot_ws/build/bumperbot_localization', 'catkin_cmake_args': None, 'catkin_skip_building_tests': False, 'cmake_args': None, 'cmake_clean_cache': False, 'cmake_clean_first': False, 'cmake_force_configure': False, 'cmake_target': None, 'cmake_target_skip_unavailable': False, 'install_base': '/home/aarambh/my_robot_ws/install/bumperbot_localization', 'merge_install': False, 'path': '/home/aarambh/my_robot_ws/src/bumperbot_localization', 'symlink_install': False, 'test_result_base': None}
[1.927s] Level 5:colcon.colcon_core.verb:set package 'bumperbot_mapping' build argument 'cmake_args' from command line to 'None'
[1.927s] Level 5:colcon.colcon_core.verb:set package 'bumperbot_mapping' build argument 'cmake_target' from command line to 'None'
[1.928s] Level 5:colcon.colcon_core.verb:set package 'bumperbot_mapping' build argument 'cmake_target_skip_unavailable' from command line to 'False'
[1.928s] Level 5:colcon.colcon_core.verb:set package 'bumperbot_mapping' build argument 'cmake_clean_cache' from command line to 'False'
[1.928s] Level 5:colcon.colcon_core.verb:set package 'bumperbot_mapping' build argument 'cmake_clean_first' from command line to 'False'
[1.928s] Level 5:colcon.colcon_core.verb:set package 'bumperbot_mapping' build argument 'cmake_force_configure' from command line to 'False'
[1.928s] Level 5:colcon.colcon_core.verb:set package 'bumperbot_mapping' build argument 'ament_cmake_args' from command line to 'None'
[1.928s] Level 5:colcon.colcon_core.verb:set package 'bumperbot_mapping' build argument 'catkin_cmake_args' from command line to 'None'
[1.928s] Level 5:colcon.colcon_core.verb:set package 'bumperbot_mapping' build argument 'catkin_skip_building_tests' from command line to 'False'
[1.928s] DEBUG:colcon.colcon_core.verb:Building package 'bumperbot_mapping' with the following arguments: {'ament_cmake_args': None, 'build_base': '/home/aarambh/my_robot_ws/build/bumperbot_mapping', 'catkin_cmake_args': None, 'catkin_skip_building_tests': False, 'cmake_args': None, 'cmake_clean_cache': False, 'cmake_clean_first': False, 'cmake_force_configure': False, 'cmake_target': None, 'cmake_target_skip_unavailable': False, 'install_base': '/home/aarambh/my_robot_ws/install/bumperbot_mapping', 'merge_install': False, 'path': '/home/aarambh/my_robot_ws/src/bumperbot_mapping', 'symlink_install': False, 'test_result_base': None}
[1.930s] Level 5:colcon.colcon_core.verb:set package 'bumperbot_motion' build argument 'cmake_args' from command line to 'None'
[1.930s] Level 5:colcon.colcon_core.verb:set package 'bumperbot_motion' build argument 'cmake_target' from command line to 'None'
[1.930s] Level 5:colcon.colcon_core.verb:set package 'bumperbot_motion' build argument 'cmake_target_skip_unavailable' from command line to 'False'
[1.930s] Level 5:colcon.colcon_core.verb:set package 'bumperbot_motion' build argument 'cmake_clean_cache' from command line to 'False'
[1.930s] Level 5:colcon.colcon_core.verb:set package 'bumperbot_motion' build argument 'cmake_clean_first' from command line to 'False'
[1.930s] Level 5:colcon.colcon_core.verb:set package 'bumperbot_motion' build argument 'cmake_force_configure' from command line to 'False'
[1.930s] Level 5:colcon.colcon_core.verb:set package 'bumperbot_motion' build argument 'ament_cmake_args' from command line to 'None'
[1.930s] Level 5:colcon.colcon_core.verb:set package 'bumperbot_motion' build argument 'catkin_cmake_args' from command line to 'None'
[1.931s] Level 5:colcon.colcon_core.verb:set package 'bumperbot_motion' build argument 'catkin_skip_building_tests' from command line to 'False'
[1.931s] DEBUG:colcon.colcon_core.verb:Building package 'bumperbot_motion' with the following arguments: {'ament_cmake_args': None, 'build_base': '/home/aarambh/my_robot_ws/build/bumperbot_motion', 'catkin_cmake_args': None, 'catkin_skip_building_tests': False, 'cmake_args': None, 'cmake_clean_cache': False, 'cmake_clean_first': False, 'cmake_force_configure': False, 'cmake_target': None, 'cmake_target_skip_unavailable': False, 'install_base': '/home/aarambh/my_robot_ws/install/bumperbot_motion', 'merge_install': False, 'path': '/home/aarambh/my_robot_ws/src/bumperbot_motion', 'symlink_install': False, 'test_result_base': None}
[1.932s] Level 5:colcon.colcon_core.verb:set package 'bumperbot_msgs' build argument 'cmake_args' from command line to 'None'
[1.932s] Level 5:colcon.colcon_core.verb:set package 'bumperbot_msgs' build argument 'cmake_target' from command line to 'None'
[1.932s] Level 5:colcon.colcon_core.verb:set package 'bumperbot_msgs' build argument 'cmake_target_skip_unavailable' from command line to 'False'
[1.932s] Level 5:colcon.colcon_core.verb:set package 'bumperbot_msgs' build argument 'cmake_clean_cache' from command line to 'False'
[1.933s] Level 5:colcon.colcon_core.verb:set package 'bumperbot_msgs' build argument 'cmake_clean_first' from command line to 'False'
[1.933s] Level 5:colcon.colcon_core.verb:set package 'bumperbot_msgs' build argument 'cmake_force_configure' from command line to 'False'
[1.933s] Level 5:colcon.colcon_core.verb:set package 'bumperbot_msgs' build argument 'ament_cmake_args' from command line to 'None'
[1.933s] Level 5:colcon.colcon_core.verb:set package 'bumperbot_msgs' build argument 'catkin_cmake_args' from command line to 'None'
[1.933s] Level 5:colcon.colcon_core.verb:set package 'bumperbot_msgs' build argument 'catkin_skip_building_tests' from command line to 'False'
[1.933s] DEBUG:colcon.colcon_core.verb:Building package 'bumperbot_msgs' with the following arguments: {'ament_cmake_args': None, 'build_base': '/home/aarambh/my_robot_ws/build/bumperbot_msgs', 'catkin_cmake_args': None, 'catkin_skip_building_tests': False, 'cmake_args': None, 'cmake_clean_cache': False, 'cmake_clean_first': False, 'cmake_force_configure': False, 'cmake_target': None, 'cmake_target_skip_unavailable': False, 'install_base': '/home/aarambh/my_robot_ws/install/bumperbot_msgs', 'merge_install': False, 'path': '/home/aarambh/my_robot_ws/src/bumperbot_msgs', 'symlink_install': False, 'test_result_base': None}
[1.934s] Level 5:colcon.colcon_core.verb:set package 'bumperbot_planning' build argument 'cmake_args' from command line to 'None'
[1.935s] Level 5:colcon.colcon_core.verb:set package 'bumperbot_planning' build argument 'cmake_target' from command line to 'None'
[1.935s] Level 5:colcon.colcon_core.verb:set package 'bumperbot_planning' build argument 'cmake_target_skip_unavailable' from command line to 'False'
[1.935s] Level 5:colcon.colcon_core.verb:set package 'bumperbot_planning' build argument 'cmake_clean_cache' from command line to 'False'
[1.935s] Level 5:colcon.colcon_core.verb:set package 'bumperbot_planning' build argument 'cmake_clean_first' from command line to 'False'
[1.935s] Level 5:colcon.colcon_core.verb:set package 'bumperbot_planning' build argument 'cmake_force_configure' from command line to 'False'
[1.935s] Level 5:colcon.colcon_core.verb:set package 'bumperbot_planning' build argument 'ament_cmake_args' from command line to 'None'
[1.935s] Level 5:colcon.colcon_core.verb:set package 'bumperbot_planning' build argument 'catkin_cmake_args' from command line to 'None'
[1.935s] Level 5:colcon.colcon_core.verb:set package 'bumperbot_planning' build argument 'catkin_skip_building_tests' from command line to 'False'
[1.935s] DEBUG:colcon.colcon_core.verb:Building package 'bumperbot_planning' with the following arguments: {'ament_cmake_args': None, 'build_base': '/home/aarambh/my_robot_ws/build/bumperbot_planning', 'catkin_cmake_args': None, 'catkin_skip_building_tests': False, 'cmake_args': None, 'cmake_clean_cache': False, 'cmake_clean_first': False, 'cmake_force_configure': False, 'cmake_target': None, 'cmake_target_skip_unavailable': False, 'install_base': '/home/aarambh/my_robot_ws/install/bumperbot_planning', 'merge_install': False, 'path': '/home/aarambh/my_robot_ws/src/bumperbot_planning', 'symlink_install': False, 'test_result_base': None}
[1.937s] Level 5:colcon.colcon_core.verb:set package 'bumperbot_utils' build argument 'cmake_args' from command line to 'None'
[1.937s] Level 5:colcon.colcon_core.verb:set package 'bumperbot_utils' build argument 'cmake_target' from command line to 'None'
[1.937s] Level 5:colcon.colcon_core.verb:set package 'bumperbot_utils' build argument 'cmake_target_skip_unavailable' from command line to 'False'
[1.937s] Level 5:colcon.colcon_core.verb:set package 'bumperbot_utils' build argument 'cmake_clean_cache' from command line to 'False'
[1.937s] Level 5:colcon.colcon_core.verb:set package 'bumperbot_utils' build argument 'cmake_clean_first' from command line to 'False'
[1.937s] Level 5:colcon.colcon_core.verb:set package 'bumperbot_utils' build argument 'cmake_force_configure' from command line to 'False'
[1.937s] Level 5:colcon.colcon_core.verb:set package 'bumperbot_utils' build argument 'ament_cmake_args' from command line to 'None'
[1.937s] Level 5:colcon.colcon_core.verb:set package 'bumperbot_utils' build argument 'catkin_cmake_args' from command line to 'None'
[1.938s] Level 5:colcon.colcon_core.verb:set package 'bumperbot_utils' build argument 'catkin_skip_building_tests' from command line to 'False'
[1.938s] DEBUG:colcon.colcon_core.verb:Building package 'bumperbot_utils' with the following arguments: {'ament_cmake_args': None, 'build_base': '/home/aarambh/my_robot_ws/build/bumperbot_utils', 'catkin_cmake_args': None, 'catkin_skip_building_tests': False, 'cmake_args': None, 'cmake_clean_cache': False, 'cmake_clean_first': False, 'cmake_force_configure': False, 'cmake_target': None, 'cmake_target_skip_unavailable': False, 'install_base': '/home/aarambh/my_robot_ws/install/bumperbot_utils', 'merge_install': False, 'path': '/home/aarambh/my_robot_ws/src/bumperbot_utils', 'symlink_install': False, 'test_result_base': None}
[1.939s] Level 5:colcon.colcon_core.verb:set package 'bumperbot_bringup' build argument 'cmake_args' from command line to 'None'
[1.939s] Level 5:colcon.colcon_core.verb:set package 'bumperbot_bringup' build argument 'cmake_target' from command line to 'None'
[1.939s] Level 5:colcon.colcon_core.verb:set package 'bumperbot_bringup' build argument 'cmake_target_skip_unavailable' from command line to 'False'
[1.939s] Level 5:colcon.colcon_core.verb:set package 'bumperbot_bringup' build argument 'cmake_clean_cache' from command line to 'False'
[1.939s] Level 5:colcon.colcon_core.verb:set package 'bumperbot_bringup' build argument 'cmake_clean_first' from command line to 'False'
[1.940s] Level 5:colcon.colcon_core.verb:set package 'bumperbot_bringup' build argument 'cmake_force_configure' from command line to 'False'
[1.940s] Level 5:colcon.colcon_core.verb:set package 'bumperbot_bringup' build argument 'ament_cmake_args' from command line to 'None'
[1.940s] Level 5:colcon.colcon_core.verb:set package 'bumperbot_bringup' build argument 'catkin_cmake_args' from command line to 'None'
[1.940s] Level 5:colcon.colcon_core.verb:set package 'bumperbot_bringup' build argument 'catkin_skip_building_tests' from command line to 'False'
[1.940s] DEBUG:colcon.colcon_core.verb:Building package 'bumperbot_bringup' with the following arguments: {'ament_cmake_args': None, 'build_base': '/home/aarambh/my_robot_ws/build/bumperbot_bringup', 'catkin_cmake_args': None, 'catkin_skip_building_tests': False, 'cmake_args': None, 'cmake_clean_cache': False, 'cmake_clean_first': False, 'cmake_force_configure': False, 'cmake_target': None, 'cmake_target_skip_unavailable': False, 'install_base': '/home/aarambh/my_robot_ws/install/bumperbot_bringup', 'merge_install': False, 'path': '/home/aarambh/my_robot_ws/src/bumperbot_bringup', 'symlink_install': False, 'test_result_base': None}
[1.941s] Level 5:colcon.colcon_core.verb:set package 'bumperbot_cpp_examples' build argument 'cmake_args' from command line to 'None'
[1.942s] Level 5:colcon.colcon_core.verb:set package 'bumperbot_cpp_examples' build argument 'cmake_target' from command line to 'None'
[1.942s] Level 5:colcon.colcon_core.verb:set package 'bumperbot_cpp_examples' build argument 'cmake_target_skip_unavailable' from command line to 'False'
[1.942s] Level 5:colcon.colcon_core.verb:set package 'bumperbot_cpp_examples' build argument 'cmake_clean_cache' from command line to 'False'
[1.942s] Level 5:colcon.colcon_core.verb:set package 'bumperbot_cpp_examples' build argument 'cmake_clean_first' from command line to 'False'
[1.942s] Level 5:colcon.colcon_core.verb:set package 'bumperbot_cpp_examples' build argument 'cmake_force_configure' from command line to 'False'
[1.942s] Level 5:colcon.colcon_core.verb:set package 'bumperbot_cpp_examples' build argument 'ament_cmake_args' from command line to 'None'
[1.942s] Level 5:colcon.colcon_core.verb:set package 'bumperbot_cpp_examples' build argument 'catkin_cmake_args' from command line to 'None'
[1.942s] Level 5:colcon.colcon_core.verb:set package 'bumperbot_cpp_examples' build argument 'catkin_skip_building_tests' from command line to 'False'
[1.942s] DEBUG:colcon.colcon_core.verb:Building package 'bumperbot_cpp_examples' with the following arguments: {'ament_cmake_args': None, 'build_base': '/home/aarambh/my_robot_ws/build/bumperbot_cpp_examples', 'catkin_cmake_args': None, 'catkin_skip_building_tests': False, 'cmake_args': None, 'cmake_clean_cache': False, 'cmake_clean_first': False, 'cmake_force_configure': False, 'cmake_target': None, 'cmake_target_skip_unavailable': False, 'install_base': '/home/aarambh/my_robot_ws/install/bumperbot_cpp_examples', 'merge_install': False, 'path': '/home/aarambh/my_robot_ws/src/bumperbot_cpp_examples', 'symlink_install': False, 'test_result_base': None}
[1.944s] Level 5:colcon.colcon_core.verb:set package 'bumperbot_navigation' build argument 'cmake_args' from command line to 'None'
[1.944s] Level 5:colcon.colcon_core.verb:set package 'bumperbot_navigation' build argument 'cmake_target' from command line to 'None'
[1.944s] Level 5:colcon.colcon_core.verb:set package 'bumperbot_navigation' build argument 'cmake_target_skip_unavailable' from command line to 'False'
[1.944s] Level 5:colcon.colcon_core.verb:set package 'bumperbot_navigation' build argument 'cmake_clean_cache' from command line to 'False'
[1.944s] Level 5:colcon.colcon_core.verb:set package 'bumperbot_navigation' build argument 'cmake_clean_first' from command line to 'False'
[1.944s] Level 5:colcon.colcon_core.verb:set package 'bumperbot_navigation' build argument 'cmake_force_configure' from command line to 'False'
[1.944s] Level 5:colcon.colcon_core.verb:set package 'bumperbot_navigation' build argument 'ament_cmake_args' from command line to 'None'
[1.945s] Level 5:colcon.colcon_core.verb:set package 'bumperbot_navigation' build argument 'catkin_cmake_args' from command line to 'None'
[1.945s] Level 5:colcon.colcon_core.verb:set package 'bumperbot_navigation' build argument 'catkin_skip_building_tests' from command line to 'False'
[1.945s] DEBUG:colcon.colcon_core.verb:Building package 'bumperbot_navigation' with the following arguments: {'ament_cmake_args': None, 'build_base': '/home/aarambh/my_robot_ws/build/bumperbot_navigation', 'catkin_cmake_args': None, 'catkin_skip_building_tests': False, 'cmake_args': None, 'cmake_clean_cache': False, 'cmake_clean_first': False, 'cmake_force_configure': False, 'cmake_target': None, 'cmake_target_skip_unavailable': False, 'install_base': '/home/aarambh/my_robot_ws/install/bumperbot_navigation', 'merge_install': False, 'path': '/home/aarambh/my_robot_ws/src/bumperbot_navigation', 'symlink_install': False, 'test_result_base': None}
[1.946s] Level 5:colcon.colcon_core.verb:set package 'bumperbot_py_examples' build argument 'cmake_args' from command line to 'None'
[1.946s] Level 5:colcon.colcon_core.verb:set package 'bumperbot_py_examples' build argument 'cmake_target' from command line to 'None'
[1.946s] Level 5:colcon.colcon_core.verb:set package 'bumperbot_py_examples' build argument 'cmake_target_skip_unavailable' from command line to 'False'
[1.947s] Level 5:colcon.colcon_core.verb:set package 'bumperbot_py_examples' build argument 'cmake_clean_cache' from command line to 'False'
[1.947s] Level 5:colcon.colcon_core.verb:set package 'bumperbot_py_examples' build argument 'cmake_clean_first' from command line to 'False'
[1.947s] Level 5:colcon.colcon_core.verb:set package 'bumperbot_py_examples' build argument 'cmake_force_configure' from command line to 'False'
[1.947s] Level 5:colcon.colcon_core.verb:set package 'bumperbot_py_examples' build argument 'ament_cmake_args' from command line to 'None'
[1.947s] Level 5:colcon.colcon_core.verb:set package 'bumperbot_py_examples' build argument 'catkin_cmake_args' from command line to 'None'
[1.947s] Level 5:colcon.colcon_core.verb:set package 'bumperbot_py_examples' build argument 'catkin_skip_building_tests' from command line to 'False'
[1.947s] DEBUG:colcon.colcon_core.verb:Building package 'bumperbot_py_examples' with the following arguments: {'ament_cmake_args': None, 'build_base': '/home/aarambh/my_robot_ws/build/bumperbot_py_examples', 'catkin_cmake_args': None, 'catkin_skip_building_tests': False, 'cmake_args': None, 'cmake_clean_cache': False, 'cmake_clean_first': False, 'cmake_force_configure': False, 'cmake_target': None, 'cmake_target_skip_unavailable': False, 'install_base': '/home/aarambh/my_robot_ws/install/bumperbot_py_examples', 'merge_install': False, 'path': '/home/aarambh/my_robot_ws/src/bumperbot_py_examples', 'symlink_install': False, 'test_result_base': None}
[1.948s] INFO:colcon.colcon_core.executor:Executing jobs using 'parallel' executor
[1.951s] DEBUG:colcon.colcon_parallel_executor.executor.parallel:run_until_complete
[1.952s] INFO:colcon.colcon_ros.task.ament_cmake.build:Building ROS package in '/home/aarambh/my_robot_ws/src/bumperbot_msgs' with build type 'ament_cmake'
[1.953s] INFO:colcon.colcon_cmake.task.cmake.build:Building CMake package in '/home/aarambh/my_robot_ws/src/bumperbot_msgs'
[1.963s] INFO:colcon.colcon_core.plugin_system:Skipping extension 'colcon_core.shell.bat': Not used on non-Windows systems
[1.964s] INFO:colcon.colcon_core.shell:Skip shell extension 'powershell' for command environment: Not usable outside of PowerShell
[1.964s] DEBUG:colcon.colcon_core.shell:Skip shell extension 'dsv' for command environment
[1.992s] INFO:colcon.colcon_ros.task.ament_cmake.build:Building ROS package in '/home/aarambh/my_robot_ws/src/bumperbot_controller' with build type 'ament_cmake'
[1.992s] INFO:colcon.colcon_cmake.task.cmake.build:Building CMake package in '/home/aarambh/my_robot_ws/src/bumperbot_controller'
[1.993s] INFO:colcon.colcon_core.shell:Skip shell extension 'powershell' for command environment: Not usable outside of PowerShell
[1.994s] DEBUG:colcon.colcon_core.shell:Skip shell extension 'dsv' for command environment
[2.022s] INFO:colcon.colcon_ros.task.ament_cmake.build:Building ROS package in '/home/aarambh/my_robot_ws/src/bumperbot_description' with build type 'ament_cmake'
[2.023s] INFO:colcon.colcon_cmake.task.cmake.build:Building CMake package in '/home/aarambh/my_robot_ws/src/bumperbot_description'
[2.024s] INFO:colcon.colcon_core.shell:Skip shell extension 'powershell' for command environment: Not usable outside of PowerShell
[2.024s] DEBUG:colcon.colcon_core.shell:Skip shell extension 'dsv' for command environment
[2.053s] INFO:colcon.colcon_ros.task.ament_cmake.build:Building ROS package in '/home/aarambh/my_robot_ws/src/bumperbot_firmware' with build type 'ament_cmake'
[2.053s] INFO:colcon.colcon_cmake.task.cmake.build:Building CMake package in '/home/aarambh/my_robot_ws/src/bumperbot_firmware'
[2.054s] INFO:colcon.colcon_core.shell:Skip shell extension 'powershell' for command environment: Not usable outside of PowerShell
[2.055s] DEBUG:colcon.colcon_core.shell:Skip shell extension 'dsv' for command environment
[2.100s] DEBUG:colcon.colcon_core.event_handler.log_command:Invoking command in '/home/aarambh/my_robot_ws/build/bumperbot_msgs': CMAKE_PREFIX_PATH=${CMAKE_PREFIX_PATH}:/home/aarambh/my_robot_ws/install/bumperbot_py_examples:/opt/ros/humble /usr/bin/cmake --build /home/aarambh/my_robot_ws/build/bumperbot_msgs -- -j4 -l4
[2.125s] DEBUG:colcon.colcon_core.event_handler.log_command:Invoking command in '/home/aarambh/my_robot_ws/build/bumperbot_controller': CMAKE_PREFIX_PATH=${CMAKE_PREFIX_PATH}:/home/aarambh/my_robot_ws/install/bumperbot_py_examples:/opt/ros/humble /usr/bin/cmake --build /home/aarambh/my_robot_ws/build/bumperbot_controller -- -j4 -l4
[2.141s] DEBUG:colcon.colcon_core.event_handler.log_command:Invoking command in '/home/aarambh/my_robot_ws/build/bumperbot_description': CMAKE_PREFIX_PATH=${CMAKE_PREFIX_PATH}:/home/aarambh/my_robot_ws/install/bumperbot_py_examples:/opt/ros/humble /usr/bin/cmake --build /home/aarambh/my_robot_ws/build/bumperbot_description -- -j4 -l4
[2.176s] DEBUG:colcon.colcon_core.event_handler.log_command:Invoking command in '/home/aarambh/my_robot_ws/build/bumperbot_firmware': CMAKE_PREFIX_PATH=${CMAKE_PREFIX_PATH}:/home/aarambh/my_robot_ws/install/bumperbot_py_examples:/opt/ros/humble /usr/bin/cmake --build /home/aarambh/my_robot_ws/build/bumperbot_firmware -- -j4 -l4
[2.422s] DEBUG:colcon.colcon_core.event_handler.log_command:Invoked command in '/home/aarambh/my_robot_ws/build/bumperbot_description' returned '0': CMAKE_PREFIX_PATH=${CMAKE_PREFIX_PATH}:/home/aarambh/my_robot_ws/install/bumperbot_py_examples:/opt/ros/humble /usr/bin/cmake --build /home/aarambh/my_robot_ws/build/bumperbot_description -- -j4 -l4
[2.503s] DEBUG:colcon.colcon_core.event_handler.log_command:Invoking command in '/home/aarambh/my_robot_ws/build/bumperbot_description': CMAKE_PREFIX_PATH=${CMAKE_PREFIX_PATH}:/home/aarambh/my_robot_ws/install/bumperbot_py_examples:/opt/ros/humble /usr/bin/cmake --install /home/aarambh/my_robot_ws/build/bumperbot_description
[3.507s] Level 1:colcon.colcon_core.environment:create_environment_scripts_only(bumperbot_description)
[3.542s] Level 1:colcon.colcon_core.environment:checking '/home/aarambh/my_robot_ws/install/bumperbot_description' for CMake module files
[3.546s] Level 1:colcon.colcon_core.environment:checking '/home/aarambh/my_robot_ws/install/bumperbot_description' for CMake config files
[3.789s] Level 1:colcon.colcon_core.shell:create_environment_hook('bumperbot_description', 'cmake_prefix_path')
[3.790s] INFO:colcon.colcon_core.shell:Creating environment hook '/home/aarambh/my_robot_ws/install/bumperbot_description/share/bumperbot_description/hook/cmake_prefix_path.ps1'
[3.803s] INFO:colcon.colcon_core.shell:Creating environment descriptor '/home/aarambh/my_robot_ws/install/bumperbot_description/share/bumperbot_description/hook/cmake_prefix_path.dsv'
[3.808s] INFO:colcon.colcon_core.shell:Creating environment hook '/home/aarambh/my_robot_ws/install/bumperbot_description/share/bumperbot_description/hook/cmake_prefix_path.sh'
[3.818s] Level 1:colcon.colcon_core.environment:checking '/home/aarambh/my_robot_ws/install/bumperbot_description/bin'
[3.839s] Level 1:colcon.colcon_core.environment:checking '/home/aarambh/my_robot_ws/install/bumperbot_description/lib/pkgconfig/bumperbot_description.pc'
[3.840s] Level 1:colcon.colcon_core.environment:checking '/home/aarambh/my_robot_ws/install/bumperbot_description/lib/python3.10/site-packages'
[3.842s] Level 1:colcon.colcon_core.environment:checking '/home/aarambh/my_robot_ws/install/bumperbot_description/bin'
[3.844s] INFO:colcon.colcon_core.shell:Creating package script '/home/aarambh/my_robot_ws/install/bumperbot_description/share/bumperbot_description/package.ps1'
[3.862s] INFO:colcon.colcon_core.shell:Creating package descriptor '/home/aarambh/my_robot_ws/install/bumperbot_description/share/bumperbot_description/package.dsv'
[3.865s] INFO:colcon.colcon_core.shell:Creating package script '/home/aarambh/my_robot_ws/install/bumperbot_description/share/bumperbot_description/package.sh'
[3.869s] INFO:colcon.colcon_core.shell:Creating package script '/home/aarambh/my_robot_ws/install/bumperbot_description/share/bumperbot_description/package.bash'
[3.885s] INFO:colcon.colcon_core.shell:Creating package script '/home/aarambh/my_robot_ws/install/bumperbot_description/share/bumperbot_description/package.zsh'
[3.902s] Level 1:colcon.colcon_core.environment:create_file_with_runtime_dependencies(/home/aarambh/my_robot_ws/install/bumperbot_description/share/colcon-core/packages/bumperbot_description)
[3.920s] Level 1:colcon.colcon_core.environment:create_environment_scripts_only(bumperbot_description)
[3.922s] Level 1:colcon.colcon_core.environment:checking '/home/aarambh/my_robot_ws/install/bumperbot_description' for CMake module files
[3.926s] Level 1:colcon.colcon_core.environment:checking '/home/aarambh/my_robot_ws/install/bumperbot_description' for CMake config files
[4.029s] DEBUG:colcon.colcon_core.event_handler.log_command:Invoked command in '/home/aarambh/my_robot_ws/build/bumperbot_description' returned '0': CMAKE_PREFIX_PATH=${CMAKE_PREFIX_PATH}:/home/aarambh/my_robot_ws/install/bumperbot_py_examples:/opt/ros/humble /usr/bin/cmake --install /home/aarambh/my_robot_ws/build/bumperbot_description
[4.100s] Level 1:colcon.colcon_core.shell:create_environment_hook('bumperbot_description', 'cmake_prefix_path')
[4.101s] INFO:colcon.colcon_core.shell:Creating environment hook '/home/aarambh/my_robot_ws/install/bumperbot_description/share/bumperbot_description/hook/cmake_prefix_path.ps1'
[4.104s] INFO:colcon.colcon_core.shell:Creating environment descriptor '/home/aarambh/my_robot_ws/install/bumperbot_description/share/bumperbot_description/hook/cmake_prefix_path.dsv'
[4.107s] INFO:colcon.colcon_core.shell:Creating environment hook '/home/aarambh/my_robot_ws/install/bumperbot_description/share/bumperbot_description/hook/cmake_prefix_path.sh'
[4.111s] Level 1:colcon.colcon_core.environment:checking '/home/aarambh/my_robot_ws/install/bumperbot_description/bin'
[4.111s] Level 1:colcon.colcon_core.environment:checking '/home/aarambh/my_robot_ws/install/bumperbot_description/lib/pkgconfig/bumperbot_description.pc'
[4.113s] Level 1:colcon.colcon_core.environment:checking '/home/aarambh/my_robot_ws/install/bumperbot_description/lib/python3.10/site-packages'
[4.115s] Level 1:colcon.colcon_core.environment:checking '/home/aarambh/my_robot_ws/install/bumperbot_description/bin'
[4.116s] INFO:colcon.colcon_core.shell:Creating package script '/home/aarambh/my_robot_ws/install/bumperbot_description/share/bumperbot_description/package.ps1'
[4.119s] INFO:colcon.colcon_core.shell:Creating package descriptor '/home/aarambh/my_robot_ws/install/bumperbot_description/share/bumperbot_description/package.dsv'
[4.123s] INFO:colcon.colcon_core.shell:Creating package script '/home/aarambh/my_robot_ws/install/bumperbot_description/share/bumperbot_description/package.sh'
[4.128s] INFO:colcon.colcon_core.shell:Creating package script '/home/aarambh/my_robot_ws/install/bumperbot_description/share/bumperbot_description/package.bash'
[4.131s] INFO:colcon.colcon_core.shell:Creating package script '/home/aarambh/my_robot_ws/install/bumperbot_description/share/bumperbot_description/package.zsh'
[4.134s] Level 1:colcon.colcon_core.environment:create_file_with_runtime_dependencies(/home/aarambh/my_robot_ws/install/bumperbot_description/share/colcon-core/packages/bumperbot_description)
[4.136s] INFO:colcon.colcon_ros.task.ament_cmake.build:Building ROS package in '/home/aarambh/my_robot_ws/src/bumperbot_localization' with build type 'ament_cmake'
[4.137s] INFO:colcon.colcon_cmake.task.cmake.build:Building CMake package in '/home/aarambh/my_robot_ws/src/bumperbot_localization'
[4.138s] INFO:colcon.colcon_core.shell:Skip shell extension 'powershell' for command environment: Not usable outside of PowerShell
[4.139s] DEBUG:colcon.colcon_core.shell:Skip shell extension 'dsv' for command environment
[4.205s] DEBUG:colcon.colcon_core.event_handler.log_command:Invoking command in '/home/aarambh/my_robot_ws/build/bumperbot_localization': CMAKE_PREFIX_PATH=${CMAKE_PREFIX_PATH}:/home/aarambh/my_robot_ws/install/bumperbot_py_examples:/opt/ros/humble /usr/bin/cmake --build /home/aarambh/my_robot_ws/build/bumperbot_localization -- -j4 -l4
[5.224s] DEBUG:colcon.colcon_core.event_handler.log_command:Invoked command in '/home/aarambh/my_robot_ws/build/bumperbot_msgs' returned '0': CMAKE_PREFIX_PATH=${CMAKE_PREFIX_PATH}:/home/aarambh/my_robot_ws/install/bumperbot_py_examples:/opt/ros/humble /usr/bin/cmake --build /home/aarambh/my_robot_ws/build/bumperbot_msgs -- -j4 -l4
[5.235s] DEBUG:colcon.colcon_core.event_handler.log_command:Invoking command in '/home/aarambh/my_robot_ws/build/bumperbot_msgs': CMAKE_PREFIX_PATH=${CMAKE_PREFIX_PATH}:/home/aarambh/my_robot_ws/install/bumperbot_py_examples:/opt/ros/humble /usr/bin/cmake --install /home/aarambh/my_robot_ws/build/bumperbot_msgs
[5.781s] Level 1:colcon.colcon_core.environment:create_environment_scripts_only(bumperbot_msgs)
[5.782s] Level 1:colcon.colcon_core.environment:checking '/home/aarambh/my_robot_ws/install/bumperbot_msgs' for CMake module files
[5.791s] Level 1:colcon.colcon_core.environment:checking '/home/aarambh/my_robot_ws/install/bumperbot_msgs' for CMake config files
[5.785s] DEBUG:colcon.colcon_core.event_handler.log_command:Invoked command in '/home/aarambh/my_robot_ws/build/bumperbot_msgs' returned '0': CMAKE_PREFIX_PATH=${CMAKE_PREFIX_PATH}:/home/aarambh/my_robot_ws/install/bumperbot_py_examples:/opt/ros/humble /usr/bin/cmake --install /home/aarambh/my_robot_ws/build/bumperbot_msgs
[5.805s] Level 1:colcon.colcon_core.shell:create_environment_hook('bumperbot_msgs', 'cmake_prefix_path')
[5.807s] INFO:colcon.colcon_core.shell:Creating environment hook '/home/aarambh/my_robot_ws/install/bumperbot_msgs/share/bumperbot_msgs/hook/cmake_prefix_path.ps1'
[5.811s] INFO:colcon.colcon_core.shell:Creating environment descriptor '/home/aarambh/my_robot_ws/install/bumperbot_msgs/share/bumperbot_msgs/hook/cmake_prefix_path.dsv'
[5.816s] INFO:colcon.colcon_core.shell:Creating environment hook '/home/aarambh/my_robot_ws/install/bumperbot_msgs/share/bumperbot_msgs/hook/cmake_prefix_path.sh'
[5.822s] Level 1:colcon.colcon_core.environment:checking '/home/aarambh/my_robot_ws/install/bumperbot_msgs/lib'
[5.824s] Level 1:colcon.colcon_core.shell:create_environment_hook('bumperbot_msgs', 'ld_library_path_lib')
[5.825s] INFO:colcon.colcon_core.shell:Creating environment hook '/home/aarambh/my_robot_ws/install/bumperbot_msgs/share/bumperbot_msgs/hook/ld_library_path_lib.ps1'
[5.829s] INFO:colcon.colcon_core.shell:Creating environment descriptor '/home/aarambh/my_robot_ws/install/bumperbot_msgs/share/bumperbot_msgs/hook/ld_library_path_lib.dsv'
[5.834s] INFO:colcon.colcon_core.shell:Creating environment hook '/home/aarambh/my_robot_ws/install/bumperbot_msgs/share/bumperbot_msgs/hook/ld_library_path_lib.sh'
[5.839s] Level 1:colcon.colcon_core.environment:checking '/home/aarambh/my_robot_ws/install/bumperbot_msgs/bin'
[5.840s] Level 1:colcon.colcon_core.environment:checking '/home/aarambh/my_robot_ws/install/bumperbot_msgs/lib/pkgconfig/bumperbot_msgs.pc'
[5.842s] Level 1:colcon.colcon_core.environment:checking '/home/aarambh/my_robot_ws/install/bumperbot_msgs/lib/python3.10/site-packages'
[5.845s] Level 1:colcon.colcon_core.environment:checking '/home/aarambh/my_robot_ws/install/bumperbot_msgs/bin'
[5.849s] INFO:colcon.colcon_core.shell:Creating package script '/home/aarambh/my_robot_ws/install/bumperbot_msgs/share/bumperbot_msgs/package.ps1'
[5.855s] INFO:colcon.colcon_core.shell:Creating package descriptor '/home/aarambh/my_robot_ws/install/bumperbot_msgs/share/bumperbot_msgs/package.dsv'
[5.859s] INFO:colcon.colcon_core.shell:Creating package script '/home/aarambh/my_robot_ws/install/bumperbot_msgs/share/bumperbot_msgs/package.sh'
[5.864s] INFO:colcon.colcon_core.shell:Creating package script '/home/aarambh/my_robot_ws/install/bumperbot_msgs/share/bumperbot_msgs/package.bash'
[5.869s] INFO:colcon.colcon_core.shell:Creating package script '/home/aarambh/my_robot_ws/install/bumperbot_msgs/share/bumperbot_msgs/package.zsh'
[5.873s] Level 1:colcon.colcon_core.environment:create_file_with_runtime_dependencies(/home/aarambh/my_robot_ws/install/bumperbot_msgs/share/colcon-core/packages/bumperbot_msgs)
[5.878s] Level 1:colcon.colcon_core.environment:create_environment_scripts_only(bumperbot_msgs)
[5.880s] Level 1:colcon.colcon_core.environment:checking '/home/aarambh/my_robot_ws/install/bumperbot_msgs' for CMake module files
[5.886s] Level 1:colcon.colcon_core.environment:checking '/home/aarambh/my_robot_ws/install/bumperbot_msgs' for CMake config files
[5.898s] Level 1:colcon.colcon_core.shell:create_environment_hook('bumperbot_msgs', 'cmake_prefix_path')
[5.900s] INFO:colcon.colcon_core.shell:Creating environment hook '/home/aarambh/my_robot_ws/install/bumperbot_msgs/share/bumperbot_msgs/hook/cmake_prefix_path.ps1'
[5.903s] INFO:colcon.colcon_core.shell:Creating environment descriptor '/home/aarambh/my_robot_ws/install/bumperbot_msgs/share/bumperbot_msgs/hook/cmake_prefix_path.dsv'
[5.906s] INFO:colcon.colcon_core.shell:Creating environment hook '/home/aarambh/my_robot_ws/install/bumperbot_msgs/share/bumperbot_msgs/hook/cmake_prefix_path.sh'
[5.911s] Level 1:colcon.colcon_core.environment:checking '/home/aarambh/my_robot_ws/install/bumperbot_msgs/lib'
[5.912s] Level 1:colcon.colcon_core.shell:create_environment_hook('bumperbot_msgs', 'ld_library_path_lib')
[5.914s] INFO:colcon.colcon_core.shell:Creating environment hook '/home/aarambh/my_robot_ws/install/bumperbot_msgs/share/bumperbot_msgs/hook/ld_library_path_lib.ps1'
[5.918s] INFO:colcon.colcon_core.shell:Creating environment descriptor '/home/aarambh/my_robot_ws/install/bumperbot_msgs/share/bumperbot_msgs/hook/ld_library_path_lib.dsv'
[5.922s] INFO:colcon.colcon_core.shell:Creating environment hook '/home/aarambh/my_robot_ws/install/bumperbot_msgs/share/bumperbot_msgs/hook/ld_library_path_lib.sh'
[5.925s] Level 1:colcon.colcon_core.environment:checking '/home/aarambh/my_robot_ws/install/bumperbot_msgs/bin'
[5.926s] Level 1:colcon.colcon_core.environment:checking '/home/aarambh/my_robot_ws/install/bumperbot_msgs/lib/pkgconfig/bumperbot_msgs.pc'
[5.927s] Level 1:colcon.colcon_core.environment:checking '/home/aarambh/my_robot_ws/install/bumperbot_msgs/lib/python3.10/site-packages'
[5.929s] Level 1:colcon.colcon_core.environment:checking '/home/aarambh/my_robot_ws/install/bumperbot_msgs/bin'
[5.931s] INFO:colcon.colcon_core.shell:Creating package script '/home/aarambh/my_robot_ws/install/bumperbot_msgs/share/bumperbot_msgs/package.ps1'
[5.934s] INFO:colcon.colcon_core.shell:Creating package descriptor '/home/aarambh/my_robot_ws/install/bumperbot_msgs/share/bumperbot_msgs/package.dsv'
[5.937s] INFO:colcon.colcon_core.shell:Creating package script '/home/aarambh/my_robot_ws/install/bumperbot_msgs/share/bumperbot_msgs/package.sh'
[5.940s] INFO:colcon.colcon_core.shell:Creating package script '/home/aarambh/my_robot_ws/install/bumperbot_msgs/share/bumperbot_msgs/package.bash'
[5.943s] INFO:colcon.colcon_core.shell:Creating package script '/home/aarambh/my_robot_ws/install/bumperbot_msgs/share/bumperbot_msgs/package.zsh'
[5.946s] Level 1:colcon.colcon_core.environment:create_file_with_runtime_dependencies(/home/aarambh/my_robot_ws/install/bumperbot_msgs/share/colcon-core/packages/bumperbot_msgs)
[5.949s] INFO:colcon.colcon_ros.task.ament_cmake.build:Building ROS package in '/home/aarambh/my_robot_ws/src/bumperbot_mapping' with build type 'ament_cmake'
[5.949s] INFO:colcon.colcon_cmake.task.cmake.build:Building CMake package in '/home/aarambh/my_robot_ws/src/bumperbot_mapping'
[5.951s] INFO:colcon.colcon_core.shell:Skip shell extension 'powershell' for command environment: Not usable outside of PowerShell
[5.951s] DEBUG:colcon.colcon_core.shell:Skip shell extension 'dsv' for command environment
[5.992s] DEBUG:colcon.colcon_core.event_handler.log_command:Invoked command in '/home/aarambh/my_robot_ws/build/bumperbot_controller' returned '0': CMAKE_PREFIX_PATH=${CMAKE_PREFIX_PATH}:/home/aarambh/my_robot_ws/install/bumperbot_py_examples:/opt/ros/humble /usr/bin/cmake --build /home/aarambh/my_robot_ws/build/bumperbot_controller -- -j4 -l4
[6.003s] DEBUG:colcon.colcon_core.event_handler.log_command:Invoking command in '/home/aarambh/my_robot_ws/build/bumperbot_controller': CMAKE_PREFIX_PATH=${CMAKE_PREFIX_PATH}:/home/aarambh/my_robot_ws/install/bumperbot_py_examples:/opt/ros/humble /usr/bin/cmake --install /home/aarambh/my_robot_ws/build/bumperbot_controller
[6.039s] DEBUG:colcon.colcon_core.event_handler.log_command:Invoking command in '/home/aarambh/my_robot_ws/build/bumperbot_mapping': CMAKE_PREFIX_PATH=${CMAKE_PREFIX_PATH}:/home/aarambh/my_robot_ws/install/bumperbot_py_examples:/opt/ros/humble /usr/bin/cmake --build /home/aarambh/my_robot_ws/build/bumperbot_mapping -- -j4 -l4
[6.072s] DEBUG:colcon.colcon_core.event_handler.log_command:Invoked command in '/home/aarambh/my_robot_ws/build/bumperbot_firmware' returned '0': CMAKE_PREFIX_PATH=${CMAKE_PREFIX_PATH}:/home/aarambh/my_robot_ws/install/bumperbot_py_examples:/opt/ros/humble /usr/bin/cmake --build /home/aarambh/my_robot_ws/build/bumperbot_firmware -- -j4 -l4
[6.075s] DEBUG:colcon.colcon_core.event_handler.log_command:Invoking command in '/home/aarambh/my_robot_ws/build/bumperbot_firmware': CMAKE_PREFIX_PATH=${CMAKE_PREFIX_PATH}:/home/aarambh/my_robot_ws/install/bumperbot_py_examples:/opt/ros/humble /usr/bin/cmake --install /home/aarambh/my_robot_ws/build/bumperbot_firmware
[6.363s] Level 1:colcon.colcon_core.environment:create_environment_scripts_only(bumperbot_controller)
[6.365s] Level 1:colcon.colcon_core.environment:checking '/home/aarambh/my_robot_ws/install/bumperbot_controller' for CMake module files
[6.375s] Level 1:colcon.colcon_core.environment:checking '/home/aarambh/my_robot_ws/install/bumperbot_controller' for CMake config files
[6.371s] DEBUG:colcon.colcon_core.event_handler.log_command:Invoked command in '/home/aarambh/my_robot_ws/build/bumperbot_controller' returned '0': CMAKE_PREFIX_PATH=${CMAKE_PREFIX_PATH}:/home/aarambh/my_robot_ws/install/bumperbot_py_examples:/opt/ros/humble /usr/bin/cmake --install /home/aarambh/my_robot_ws/build/bumperbot_controller
[6.380s] Level 1:colcon.colcon_core.shell:create_environment_hook('bumperbot_controller', 'cmake_prefix_path')
[6.389s] INFO:colcon.colcon_core.shell:Creating environment hook '/home/aarambh/my_robot_ws/install/bumperbot_controller/share/bumperbot_controller/hook/cmake_prefix_path.ps1'
[6.392s] INFO:colcon.colcon_core.shell:Creating environment descriptor '/home/aarambh/my_robot_ws/install/bumperbot_controller/share/bumperbot_controller/hook/cmake_prefix_path.dsv'
[6.407s] INFO:colcon.colcon_core.shell:Creating environment hook '/home/aarambh/my_robot_ws/install/bumperbot_controller/share/bumperbot_controller/hook/cmake_prefix_path.sh'
[6.413s] Level 1:colcon.colcon_core.environment:checking '/home/aarambh/my_robot_ws/install/bumperbot_controller/lib'
[6.414s] Level 1:colcon.colcon_core.environment:checking '/home/aarambh/my_robot_ws/install/bumperbot_controller/bin'
[6.414s] Level 1:colcon.colcon_core.environment:checking '/home/aarambh/my_robot_ws/install/bumperbot_controller/lib/pkgconfig/bumperbot_controller.pc'
[6.416s] Level 1:colcon.colcon_core.environment:checking '/home/aarambh/my_robot_ws/install/bumperbot_controller/lib/python3.10/site-packages'
[6.418s] Level 1:colcon.colcon_core.environment:checking '/home/aarambh/my_robot_ws/install/bumperbot_controller/bin'
[6.433s] INFO:colcon.colcon_core.shell:Creating package script '/home/aarambh/my_robot_ws/install/bumperbot_controller/share/bumperbot_controller/package.ps1'
[6.456s] INFO:colcon.colcon_core.shell:Creating package descriptor '/home/aarambh/my_robot_ws/install/bumperbot_controller/share/bumperbot_controller/package.dsv'
[6.459s] INFO:colcon.colcon_core.shell:Creating package script '/home/aarambh/my_robot_ws/install/bumperbot_controller/share/bumperbot_controller/package.sh'
[6.471s] INFO:colcon.colcon_core.shell:Creating package script '/home/aarambh/my_robot_ws/install/bumperbot_controller/share/bumperbot_controller/package.bash'
[6.476s] INFO:colcon.colcon_core.shell:Creating package script '/home/aarambh/my_robot_ws/install/bumperbot_controller/share/bumperbot_controller/package.zsh'
[6.479s] Level 1:colcon.colcon_core.environment:create_file_with_runtime_dependencies(/home/aarambh/my_robot_ws/install/bumperbot_controller/share/colcon-core/packages/bumperbot_controller)
[6.482s] Level 1:colcon.colcon_core.environment:create_environment_scripts_only(bumperbot_controller)
[6.483s] Level 1:colcon.colcon_core.environment:checking '/home/aarambh/my_robot_ws/install/bumperbot_controller' for CMake module files
[6.487s] Level 1:colcon.colcon_core.environment:checking '/home/aarambh/my_robot_ws/install/bumperbot_controller' for CMake config files
[6.491s] Level 1:colcon.colcon_core.shell:create_environment_hook('bumperbot_controller', 'cmake_prefix_path')
[6.493s] INFO:colcon.colcon_core.shell:Creating environment hook '/home/aarambh/my_robot_ws/install/bumperbot_controller/share/bumperbot_controller/hook/cmake_prefix_path.ps1'
[6.496s] INFO:colcon.colcon_core.shell:Creating environment descriptor '/home/aarambh/my_robot_ws/install/bumperbot_controller/share/bumperbot_controller/hook/cmake_prefix_path.dsv'
[6.498s] INFO:colcon.colcon_core.shell:Creating environment hook '/home/aarambh/my_robot_ws/install/bumperbot_controller/share/bumperbot_controller/hook/cmake_prefix_path.sh'
[6.503s] Level 1:colcon.colcon_core.environment:checking '/home/aarambh/my_robot_ws/install/bumperbot_controller/lib'
[6.504s] Level 1:colcon.colcon_core.environment:checking '/home/aarambh/my_robot_ws/install/bumperbot_controller/bin'
[6.504s] Level 1:colcon.colcon_core.environment:checking '/home/aarambh/my_robot_ws/install/bumperbot_controller/lib/pkgconfig/bumperbot_controller.pc'
[6.506s] Level 1:colcon.colcon_core.environment:checking '/home/aarambh/my_robot_ws/install/bumperbot_controller/lib/python3.10/site-packages'
[6.507s] Level 1:colcon.colcon_core.environment:checking '/home/aarambh/my_robot_ws/install/bumperbot_controller/bin'
[6.508s] INFO:colcon.colcon_core.shell:Creating package script '/home/aarambh/my_robot_ws/install/bumperbot_controller/share/bumperbot_controller/package.ps1'
[6.513s] INFO:colcon.colcon_core.shell:Creating package descriptor '/home/aarambh/my_robot_ws/install/bumperbot_controller/share/bumperbot_controller/package.dsv'
[6.515s] INFO:colcon.colcon_core.shell:Creating package script '/home/aarambh/my_robot_ws/install/bumperbot_controller/share/bumperbot_controller/package.sh'
[6.518s] INFO:colcon.colcon_core.shell:Creating package script '/home/aarambh/my_robot_ws/install/bumperbot_controller/share/bumperbot_controller/package.bash'
[6.520s] INFO:colcon.colcon_core.shell:Creating package script '/home/aarambh/my_robot_ws/install/bumperbot_controller/share/bumperbot_controller/package.zsh'
[6.523s] Level 1:colcon.colcon_core.environment:create_file_with_runtime_dependencies(/home/aarambh/my_robot_ws/install/bumperbot_controller/share/colcon-core/packages/bumperbot_controller)
[6.527s] INFO:colcon.colcon_ros.task.ament_cmake.build:Building ROS package in '/home/aarambh/my_robot_ws/src/bumperbot_planning' with build type 'ament_cmake'
[6.528s] INFO:colcon.colcon_cmake.task.cmake.build:Building CMake package in '/home/aarambh/my_robot_ws/src/bumperbot_planning'
[6.529s] INFO:colcon.colcon_core.shell:Skip shell extension 'powershell' for command environment: Not usable outside of PowerShell
[6.530s] DEBUG:colcon.colcon_core.shell:Skip shell extension 'dsv' for command environment
[6.565s] Level 1:colcon.colcon_core.environment:create_environment_scripts_only(bumperbot_firmware)
[6.567s] Level 1:colcon.colcon_core.environment:checking '/home/aarambh/my_robot_ws/install/bumperbot_firmware' for CMake module files
[6.569s] DEBUG:colcon.colcon_core.event_handler.log_command:Invoked command in '/home/aarambh/my_robot_ws/build/bumperbot_firmware' returned '0': CMAKE_PREFIX_PATH=${CMAKE_PREFIX_PATH}:/home/aarambh/my_robot_ws/install/bumperbot_py_examples:/opt/ros/humble /usr/bin/cmake --install /home/aarambh/my_robot_ws/build/bumperbot_firmware
[6.574s] Level 1:colcon.colcon_core.environment:checking '/home/aarambh/my_robot_ws/install/bumperbot_firmware' for CMake config files
[6.577s] Level 1:colcon.colcon_core.shell:create_environment_hook('bumperbot_firmware', 'cmake_prefix_path')
[6.579s] INFO:colcon.colcon_core.shell:Creating environment hook '/home/aarambh/my_robot_ws/install/bumperbot_firmware/share/bumperbot_firmware/hook/cmake_prefix_path.ps1'
[6.581s] INFO:colcon.colcon_core.shell:Creating environment descriptor '/home/aarambh/my_robot_ws/install/bumperbot_firmware/share/bumperbot_firmware/hook/cmake_prefix_path.dsv'
[6.584s] INFO:colcon.colcon_core.shell:Creating environment hook '/home/aarambh/my_robot_ws/install/bumperbot_firmware/share/bumperbot_firmware/hook/cmake_prefix_path.sh'
[6.588s] Level 1:colcon.colcon_core.environment:checking '/home/aarambh/my_robot_ws/install/bumperbot_firmware/lib'
[6.589s] Level 1:colcon.colcon_core.shell:create_environment_hook('bumperbot_firmware', 'ld_library_path_lib')
[6.590s] INFO:colcon.colcon_core.shell:Creating environment hook '/home/aarambh/my_robot_ws/install/bumperbot_firmware/share/bumperbot_firmware/hook/ld_library_path_lib.ps1'
[6.593s] INFO:colcon.colcon_core.shell:Creating environment descriptor '/home/aarambh/my_robot_ws/install/bumperbot_firmware/share/bumperbot_firmware/hook/ld_library_path_lib.dsv'
[6.596s] INFO:colcon.colcon_core.shell:Creating environment hook '/home/aarambh/my_robot_ws/install/bumperbot_firmware/share/bumperbot_firmware/hook/ld_library_path_lib.sh'
[6.599s] Level 1:colcon.colcon_core.environment:checking '/home/aarambh/my_robot_ws/install/bumperbot_firmware/bin'
[6.599s] Level 1:colcon.colcon_core.environment:checking '/home/aarambh/my_robot_ws/install/bumperbot_firmware/lib/pkgconfig/bumperbot_firmware.pc'
[6.600s] Level 1:colcon.colcon_core.environment:checking '/home/aarambh/my_robot_ws/install/bumperbot_firmware/lib/python3.10/site-packages'
[6.602s] Level 1:colcon.colcon_core.environment:checking '/home/aarambh/my_robot_ws/install/bumperbot_firmware/bin'
[6.604s] INFO:colcon.colcon_core.shell:Creating package script '/home/aarambh/my_robot_ws/install/bumperbot_firmware/share/bumperbot_firmware/package.ps1'
[6.606s] INFO:colcon.colcon_core.shell:Creating package descriptor '/home/aarambh/my_robot_ws/install/bumperbot_firmware/share/bumperbot_firmware/package.dsv'
[6.609s] INFO:colcon.colcon_core.shell:Creating package script '/home/aarambh/my_robot_ws/install/bumperbot_firmware/share/bumperbot_firmware/package.sh'
[6.612s] INFO:colcon.colcon_core.shell:Creating package script '/home/aarambh/my_robot_ws/install/bumperbot_firmware/share/bumperbot_firmware/package.bash'
[6.614s] INFO:colcon.colcon_core.shell:Creating package script '/home/aarambh/my_robot_ws/install/bumperbot_firmware/share/bumperbot_firmware/package.zsh'
[6.616s] Level 1:colcon.colcon_core.environment:create_file_with_runtime_dependencies(/home/aarambh/my_robot_ws/install/bumperbot_firmware/share/colcon-core/packages/bumperbot_firmware)
[6.619s] Level 1:colcon.colcon_core.environment:create_environment_scripts_only(bumperbot_firmware)
[6.620s] Level 1:colcon.colcon_core.environment:checking '/home/aarambh/my_robot_ws/install/bumperbot_firmware' for CMake module files
[6.624s] Level 1:colcon.colcon_core.environment:checking '/home/aarambh/my_robot_ws/install/bumperbot_firmware' for CMake config files
[6.628s] Level 1:colcon.colcon_core.shell:create_environment_hook('bumperbot_firmware', 'cmake_prefix_path')
[6.630s] INFO:colcon.colcon_core.shell:Creating environment hook '/home/aarambh/my_robot_ws/install/bumperbot_firmware/share/bumperbot_firmware/hook/cmake_prefix_path.ps1'
[6.632s] INFO:colcon.colcon_core.shell:Creating environment descriptor '/home/aarambh/my_robot_ws/install/bumperbot_firmware/share/bumperbot_firmware/hook/cmake_prefix_path.dsv'
[6.635s] INFO:colcon.colcon_core.shell:Creating environment hook '/home/aarambh/my_robot_ws/install/bumperbot_firmware/share/bumperbot_firmware/hook/cmake_prefix_path.sh'
[6.638s] Level 1:colcon.colcon_core.environment:checking '/home/aarambh/my_robot_ws/install/bumperbot_firmware/lib'
[6.639s] Level 1:colcon.colcon_core.shell:create_environment_hook('bumperbot_firmware', 'ld_library_path_lib')
[6.640s] INFO:colcon.colcon_core.shell:Creating environment hook '/home/aarambh/my_robot_ws/install/bumperbot_firmware/share/bumperbot_firmware/hook/ld_library_path_lib.ps1'
[6.642s] INFO:colcon.colcon_core.shell:Creating environment descriptor '/home/aarambh/my_robot_ws/install/bumperbot_firmware/share/bumperbot_firmware/hook/ld_library_path_lib.dsv'
[6.645s] INFO:colcon.colcon_core.shell:Creating environment hook '/home/aarambh/my_robot_ws/install/bumperbot_firmware/share/bumperbot_firmware/hook/ld_library_path_lib.sh'
[6.648s] Level 1:colcon.colcon_core.environment:checking '/home/aarambh/my_robot_ws/install/bumperbot_firmware/bin'
[6.648s] Level 1:colcon.colcon_core.environment:checking '/home/aarambh/my_robot_ws/install/bumperbot_firmware/lib/pkgconfig/bumperbot_firmware.pc'
[6.649s] Level 1:colcon.colcon_core.environment:checking '/home/aarambh/my_robot_ws/install/bumperbot_firmware/lib/python3.10/site-packages'
[6.651s] Level 1:colcon.colcon_core.environment:checking '/home/aarambh/my_robot_ws/install/bumperbot_firmware/bin'
[6.653s] INFO:colcon.colcon_core.shell:Creating package script '/home/aarambh/my_robot_ws/install/bumperbot_firmware/share/bumperbot_firmware/package.ps1'
[6.656s] INFO:colcon.colcon_core.shell:Creating package descriptor '/home/aarambh/my_robot_ws/install/bumperbot_firmware/share/bumperbot_firmware/package.dsv'
[6.660s] INFO:colcon.colcon_core.shell:Creating package script '/home/aarambh/my_robot_ws/install/bumperbot_firmware/share/bumperbot_firmware/package.sh'
[6.664s] INFO:colcon.colcon_core.shell:Creating package script '/home/aarambh/my_robot_ws/install/bumperbot_firmware/share/bumperbot_firmware/package.bash'
[6.667s] INFO:colcon.colcon_core.shell:Creating package script '/home/aarambh/my_robot_ws/install/bumperbot_firmware/share/bumperbot_firmware/package.zsh'
[6.670s] Level 1:colcon.colcon_core.environment:create_file_with_runtime_dependencies(/home/aarambh/my_robot_ws/install/bumperbot_firmware/share/colcon-core/packages/bumperbot_firmware)
[6.675s] INFO:colcon.colcon_ros.task.ament_cmake.build:Building ROS package in '/home/aarambh/my_robot_ws/src/bumperbot_motion' with build type 'ament_cmake'
[6.675s] INFO:colcon.colcon_cmake.task.cmake.build:Building CMake package in '/home/aarambh/my_robot_ws/src/bumperbot_motion'
[6.677s] INFO:colcon.colcon_core.shell:Skip shell extension 'powershell' for command environment: Not usable outside of PowerShell
[6.677s] DEBUG:colcon.colcon_core.shell:Skip shell extension 'dsv' for command environment
[6.730s] DEBUG:colcon.colcon_core.event_handler.log_command:Invoking command in '/home/aarambh/my_robot_ws/build/bumperbot_planning': CMAKE_PREFIX_PATH=${CMAKE_PREFIX_PATH}:/home/aarambh/my_robot_ws/install/bumperbot_py_examples:/opt/ros/humble /usr/bin/cmake --build /home/aarambh/my_robot_ws/build/bumperbot_planning -- -j4 -l4
[6.767s] DEBUG:colcon.colcon_core.event_handler.log_command:Invoking command in '/home/aarambh/my_robot_ws/build/bumperbot_motion': CMAKE_PREFIX_PATH=${CMAKE_PREFIX_PATH}:/home/aarambh/my_robot_ws/install/bumperbot_py_examples:/opt/ros/humble /usr/bin/cmake --build /home/aarambh/my_robot_ws/build/bumperbot_motion -- -j4 -l4
[7.365s] DEBUG:colcon.colcon_core.event_handler.log_command:Invoked command in '/home/aarambh/my_robot_ws/build/bumperbot_localization' returned '0': CMAKE_PREFIX_PATH=${CMAKE_PREFIX_PATH}:/home/aarambh/my_robot_ws/install/bumperbot_py_examples:/opt/ros/humble /usr/bin/cmake --build /home/aarambh/my_robot_ws/build/bumperbot_localization -- -j4 -l4
[7.366s] DEBUG:colcon.colcon_core.event_handler.log_command:Invoking command in '/home/aarambh/my_robot_ws/build/bumperbot_localization': CMAKE_PREFIX_PATH=${CMAKE_PREFIX_PATH}:/home/aarambh/my_robot_ws/install/bumperbot_py_examples:/opt/ros/humble /usr/bin/cmake --install /home/aarambh/my_robot_ws/build/bumperbot_localization
[7.787s] Level 1:colcon.colcon_core.environment:create_environment_scripts_only(bumperbot_localization)
[7.788s] Level 1:colcon.colcon_core.environment:checking '/home/aarambh/my_robot_ws/install/bumperbot_localization' for CMake module files
[7.792s] Level 1:colcon.colcon_core.environment:checking '/home/aarambh/my_robot_ws/install/bumperbot_localization' for CMake config files
[7.797s] DEBUG:colcon.colcon_core.event_handler.log_command:Invoked command in '/home/aarambh/my_robot_ws/build/bumperbot_localization' returned '0': CMAKE_PREFIX_PATH=${CMAKE_PREFIX_PATH}:/home/aarambh/my_robot_ws/install/bumperbot_py_examples:/opt/ros/humble /usr/bin/cmake --install /home/aarambh/my_robot_ws/build/bumperbot_localization
[7.801s] Level 1:colcon.colcon_core.shell:create_environment_hook('bumperbot_localization', 'cmake_prefix_path')
[7.802s] INFO:colcon.colcon_core.shell:Creating environment hook '/home/aarambh/my_robot_ws/install/bumperbot_localization/share/bumperbot_localization/hook/cmake_prefix_path.ps1'
[7.805s] INFO:colcon.colcon_core.shell:Creating environment descriptor '/home/aarambh/my_robot_ws/install/bumperbot_localization/share/bumperbot_localization/hook/cmake_prefix_path.dsv'
[7.808s] INFO:colcon.colcon_core.shell:Creating environment hook '/home/aarambh/my_robot_ws/install/bumperbot_localization/share/bumperbot_localization/hook/cmake_prefix_path.sh'
[7.814s] Level 1:colcon.colcon_core.environment:checking '/home/aarambh/my_robot_ws/install/bumperbot_localization/lib'
[7.815s] Level 1:colcon.colcon_core.environment:checking '/home/aarambh/my_robot_ws/install/bumperbot_localization/bin'
[7.816s] Level 1:colcon.colcon_core.shell:create_environment_hook('bumperbot_localization', 'path')
[7.817s] INFO:colcon.colcon_core.shell:Creating environment hook '/home/aarambh/my_robot_ws/install/bumperbot_localization/share/bumperbot_localization/hook/path.ps1'
[7.820s] INFO:colcon.colcon_core.shell:Creating environment descriptor '/home/aarambh/my_robot_ws/install/bumperbot_localization/share/bumperbot_localization/hook/path.dsv'
[7.823s] INFO:colcon.colcon_core.shell:Creating environment hook '/home/aarambh/my_robot_ws/install/bumperbot_localization/share/bumperbot_localization/hook/path.sh'
[7.827s] Level 1:colcon.colcon_core.environment:checking '/home/aarambh/my_robot_ws/install/bumperbot_localization/lib/pkgconfig/bumperbot_localization.pc'
[7.828s] Level 1:colcon.colcon_core.environment:checking '/home/aarambh/my_robot_ws/install/bumperbot_localization/lib/python3.10/site-packages'
[7.830s] Level 1:colcon.colcon_core.environment:checking '/home/aarambh/my_robot_ws/install/bumperbot_localization/bin'
[7.831s] Level 1:colcon.colcon_core.shell:create_environment_hook('bumperbot_localization', 'pythonscriptspath')
[7.832s] INFO:colcon.colcon_core.shell:Creating environment hook '/home/aarambh/my_robot_ws/install/bumperbot_localization/share/bumperbot_localization/hook/pythonscriptspath.ps1'
[7.835s] INFO:colcon.colcon_core.shell:Creating environment descriptor '/home/aarambh/my_robot_ws/install/bumperbot_localization/share/bumperbot_localization/hook/pythonscriptspath.dsv'
[7.838s] INFO:colcon.colcon_core.shell:Creating environment hook '/home/aarambh/my_robot_ws/install/bumperbot_localization/share/bumperbot_localization/hook/pythonscriptspath.sh'
[7.843s] INFO:colcon.colcon_core.shell:Creating package script '/home/aarambh/my_robot_ws/install/bumperbot_localization/share/bumperbot_localization/package.ps1'
[7.847s] INFO:colcon.colcon_core.shell:Creating package descriptor '/home/aarambh/my_robot_ws/install/bumperbot_localization/share/bumperbot_localization/package.dsv'
[7.851s] INFO:colcon.colcon_core.shell:Creating package script '/home/aarambh/my_robot_ws/install/bumperbot_localization/share/bumperbot_localization/package.sh'
[7.855s] INFO:colcon.colcon_core.shell:Creating package script '/home/aarambh/my_robot_ws/install/bumperbot_localization/share/bumperbot_localization/package.bash'
[7.858s] INFO:colcon.colcon_core.shell:Creating package script '/home/aarambh/my_robot_ws/install/bumperbot_localization/share/bumperbot_localization/package.zsh'
[7.860s] Level 1:colcon.colcon_core.environment:create_file_with_runtime_dependencies(/home/aarambh/my_robot_ws/install/bumperbot_localization/share/colcon-core/packages/bumperbot_localization)
[7.864s] Level 1:colcon.colcon_core.environment:create_environment_scripts_only(bumperbot_localization)
[7.865s] Level 1:colcon.colcon_core.environment:checking '/home/aarambh/my_robot_ws/install/bumperbot_localization' for CMake module files
[7.869s] Level 1:colcon.colcon_core.environment:checking '/home/aarambh/my_robot_ws/install/bumperbot_localization' for CMake config files
[7.875s] Level 1:colcon.colcon_core.shell:create_environment_hook('bumperbot_localization', 'cmake_prefix_path')
[7.876s] INFO:colcon.colcon_core.shell:Creating environment hook '/home/aarambh/my_robot_ws/install/bumperbot_localization/share/bumperbot_localization/hook/cmake_prefix_path.ps1'
[7.881s] INFO:colcon.colcon_core.shell:Creating environment descriptor '/home/aarambh/my_robot_ws/install/bumperbot_localization/share/bumperbot_localization/hook/cmake_prefix_path.dsv'
[7.884s] INFO:colcon.colcon_core.shell:Creating environment hook '/home/aarambh/my_robot_ws/install/bumperbot_localization/share/bumperbot_localization/hook/cmake_prefix_path.sh'
[7.888s] Level 1:colcon.colcon_core.environment:checking '/home/aarambh/my_robot_ws/install/bumperbot_localization/lib'
[7.888s] Level 1:colcon.colcon_core.environment:checking '/home/aarambh/my_robot_ws/install/bumperbot_localization/bin'
[7.889s] Level 1:colcon.colcon_core.shell:create_environment_hook('bumperbot_localization', 'path')
[7.890s] INFO:colcon.colcon_core.shell:Creating environment hook '/home/aarambh/my_robot_ws/install/bumperbot_localization/share/bumperbot_localization/hook/path.ps1'
[7.893s] INFO:colcon.colcon_core.shell:Creating environment descriptor '/home/aarambh/my_robot_ws/install/bumperbot_localization/share/bumperbot_localization/hook/path.dsv'
[7.896s] INFO:colcon.colcon_core.shell:Creating environment hook '/home/aarambh/my_robot_ws/install/bumperbot_localization/share/bumperbot_localization/hook/path.sh'
[7.899s] Level 1:colcon.colcon_core.environment:checking '/home/aarambh/my_robot_ws/install/bumperbot_localization/lib/pkgconfig/bumperbot_localization.pc'
[7.900s] Level 1:colcon.colcon_core.environment:checking '/home/aarambh/my_robot_ws/install/bumperbot_localization/lib/python3.10/site-packages'
[7.902s] Level 1:colcon.colcon_core.environment:checking '/home/aarambh/my_robot_ws/install/bumperbot_localization/bin'
[7.903s] Level 1:colcon.colcon_core.shell:create_environment_hook('bumperbot_localization', 'pythonscriptspath')
[7.904s] INFO:colcon.colcon_core.shell:Creating environment hook '/home/aarambh/my_robot_ws/install/bumperbot_localization/share/bumperbot_localization/hook/pythonscriptspath.ps1'
[7.908s] INFO:colcon.colcon_core.shell:Creating environment descriptor '/home/aarambh/my_robot_ws/install/bumperbot_localization/share/bumperbot_localization/hook/pythonscriptspath.dsv'
[7.911s] INFO:colcon.colcon_core.shell:Creating environment hook '/home/aarambh/my_robot_ws/install/bumperbot_localization/share/bumperbot_localization/hook/pythonscriptspath.sh'
[7.915s] INFO:colcon.colcon_core.shell:Creating package script '/home/aarambh/my_robot_ws/install/bumperbot_localization/share/bumperbot_localization/package.ps1'
[7.919s] INFO:colcon.colcon_core.shell:Creating package descriptor '/home/aarambh/my_robot_ws/install/bumperbot_localization/share/bumperbot_localization/package.dsv'
[7.924s] INFO:colcon.colcon_core.shell:Creating package script '/home/aarambh/my_robot_ws/install/bumperbot_localization/share/bumperbot_localization/package.sh'
[7.927s] INFO:colcon.colcon_core.shell:Creating package script '/home/aarambh/my_robot_ws/install/bumperbot_localization/share/bumperbot_localization/package.bash'
[7.930s] INFO:colcon.colcon_core.shell:Creating package script '/home/aarambh/my_robot_ws/install/bumperbot_localization/share/bumperbot_localization/package.zsh'
[7.933s] Level 1:colcon.colcon_core.environment:create_file_with_runtime_dependencies(/home/aarambh/my_robot_ws/install/bumperbot_localization/share/colcon-core/packages/bumperbot_localization)
[7.938s] INFO:colcon.colcon_ros.task.ament_cmake.build:Building ROS package in '/home/aarambh/my_robot_ws/src/bumperbot_utils' with build type 'ament_cmake'
[7.939s] INFO:colcon.colcon_cmake.task.cmake.build:Building CMake package in '/home/aarambh/my_robot_ws/src/bumperbot_utils'
[7.941s] INFO:colcon.colcon_core.shell:Skip shell extension 'powershell' for command environment: Not usable outside of PowerShell
[7.941s] DEBUG:colcon.colcon_core.shell:Skip shell extension 'dsv' for command environment
[7.998s] DEBUG:colcon.colcon_core.event_handler.log_command:Invoking command in '/home/aarambh/my_robot_ws/build/bumperbot_utils': CMAKE_PREFIX_PATH=${CMAKE_PREFIX_PATH}:/home/aarambh/my_robot_ws/install/bumperbot_py_examples:/opt/ros/humble /usr/bin/cmake --build /home/aarambh/my_robot_ws/build/bumperbot_utils -- -j4 -l4
[8.928s] DEBUG:colcon.colcon_core.event_handler.log_command:Invoked command in '/home/aarambh/my_robot_ws/build/bumperbot_mapping' returned '0': CMAKE_PREFIX_PATH=${CMAKE_PREFIX_PATH}:/home/aarambh/my_robot_ws/install/bumperbot_py_examples:/opt/ros/humble /usr/bin/cmake --build /home/aarambh/my_robot_ws/build/bumperbot_mapping -- -j4 -l4
[8.930s] DEBUG:colcon.colcon_core.event_handler.log_command:Invoking command in '/home/aarambh/my_robot_ws/build/bumperbot_mapping': CMAKE_PREFIX_PATH=${CMAKE_PREFIX_PATH}:/home/aarambh/my_robot_ws/install/bumperbot_py_examples:/opt/ros/humble /usr/bin/cmake --install /home/aarambh/my_robot_ws/build/bumperbot_mapping
[9.373s] Level 1:colcon.colcon_core.environment:create_environment_scripts_only(bumperbot_mapping)
[9.376s] Level 1:colcon.colcon_core.environment:checking '/home/aarambh/my_robot_ws/install/bumperbot_mapping' for CMake module files
[9.383s] Level 1:colcon.colcon_core.environment:checking '/home/aarambh/my_robot_ws/install/bumperbot_mapping' for CMake config files
[9.404s] DEBUG:colcon.colcon_core.event_handler.log_command:Invoked command in '/home/aarambh/my_robot_ws/build/bumperbot_mapping' returned '0': CMAKE_PREFIX_PATH=${CMAKE_PREFIX_PATH}:/home/aarambh/my_robot_ws/install/bumperbot_py_examples:/opt/ros/humble /usr/bin/cmake --install /home/aarambh/my_robot_ws/build/bumperbot_mapping
[9.413s] Level 1:colcon.colcon_core.shell:create_environment_hook('bumperbot_mapping', 'cmake_prefix_path')
[9.415s] INFO:colcon.colcon_core.shell:Creating environment hook '/home/aarambh/my_robot_ws/install/bumperbot_mapping/share/bumperbot_mapping/hook/cmake_prefix_path.ps1'
[9.422s] INFO:colcon.colcon_core.shell:Creating environment descriptor '/home/aarambh/my_robot_ws/install/bumperbot_mapping/share/bumperbot_mapping/hook/cmake_prefix_path.dsv'
[9.427s] INFO:colcon.colcon_core.shell:Creating environment hook '/home/aarambh/my_robot_ws/install/bumperbot_mapping/share/bumperbot_mapping/hook/cmake_prefix_path.sh'
[9.434s] Level 1:colcon.colcon_core.environment:checking '/home/aarambh/my_robot_ws/install/bumperbot_mapping/lib'
[9.436s] Level 1:colcon.colcon_core.environment:checking '/home/aarambh/my_robot_ws/install/bumperbot_mapping/bin'
[9.437s] Level 1:colcon.colcon_core.environment:checking '/home/aarambh/my_robot_ws/install/bumperbot_mapping/lib/pkgconfig/bumperbot_mapping.pc'
[9.440s] Level 1:colcon.colcon_core.environment:checking '/home/aarambh/my_robot_ws/install/bumperbot_mapping/lib/python3.10/site-packages'
[9.444s] Level 1:colcon.colcon_core.environment:checking '/home/aarambh/my_robot_ws/install/bumperbot_mapping/bin'
[9.447s] INFO:colcon.colcon_core.shell:Creating package script '/home/aarambh/my_robot_ws/install/bumperbot_mapping/share/bumperbot_mapping/package.ps1'
[9.455s] INFO:colcon.colcon_core.shell:Creating package descriptor '/home/aarambh/my_robot_ws/install/bumperbot_mapping/share/bumperbot_mapping/package.dsv'
[9.461s] INFO:colcon.colcon_core.shell:Creating package script '/home/aarambh/my_robot_ws/install/bumperbot_mapping/share/bumperbot_mapping/package.sh'
[9.467s] INFO:colcon.colcon_core.shell:Creating package script '/home/aarambh/my_robot_ws/install/bumperbot_mapping/share/bumperbot_mapping/package.bash'
[9.474s] INFO:colcon.colcon_core.shell:Creating package script '/home/aarambh/my_robot_ws/install/bumperbot_mapping/share/bumperbot_mapping/package.zsh'
[9.480s] Level 1:colcon.colcon_core.environment:create_file_with_runtime_dependencies(/home/aarambh/my_robot_ws/install/bumperbot_mapping/share/colcon-core/packages/bumperbot_mapping)
[9.487s] Level 1:colcon.colcon_core.environment:create_environment_scripts_only(bumperbot_mapping)
[9.490s] Level 1:colcon.colcon_core.environment:checking '/home/aarambh/my_robot_ws/install/bumperbot_mapping' for CMake module files
[9.500s] Level 1:colcon.colcon_core.environment:checking '/home/aarambh/my_robot_ws/install/bumperbot_mapping' for CMake config files
[9.510s] Level 1:colcon.colcon_core.shell:create_environment_hook('bumperbot_mapping', 'cmake_prefix_path')
[9.512s] INFO:colcon.colcon_core.shell:Creating environment hook '/home/aarambh/my_robot_ws/install/bumperbot_mapping/share/bumperbot_mapping/hook/cmake_prefix_path.ps1'
[9.516s] INFO:colcon.colcon_core.shell:Creating environment descriptor '/home/aarambh/my_robot_ws/install/bumperbot_mapping/share/bumperbot_mapping/hook/cmake_prefix_path.dsv'
[9.520s] INFO:colcon.colcon_core.shell:Creating environment hook '/home/aarambh/my_robot_ws/install/bumperbot_mapping/share/bumperbot_mapping/hook/cmake_prefix_path.sh'
[9.526s] Level 1:colcon.colcon_core.environment:checking '/home/aarambh/my_robot_ws/install/bumperbot_mapping/lib'
[9.527s] Level 1:colcon.colcon_core.environment:checking '/home/aarambh/my_robot_ws/install/bumperbot_mapping/bin'
[9.527s] Level 1:colcon.colcon_core.environment:checking '/home/aarambh/my_robot_ws/install/bumperbot_mapping/lib/pkgconfig/bumperbot_mapping.pc'
[9.529s] Level 1:colcon.colcon_core.environment:checking '/home/aarambh/my_robot_ws/install/bumperbot_mapping/lib/python3.10/site-packages'
[9.532s] Level 1:colcon.colcon_core.environment:checking '/home/aarambh/my_robot_ws/install/bumperbot_mapping/bin'
[9.533s] INFO:colcon.colcon_core.shell:Creating package script '/home/aarambh/my_robot_ws/install/bumperbot_mapping/share/bumperbot_mapping/package.ps1'
[9.538s] INFO:colcon.colcon_core.shell:Creating package descriptor '/home/aarambh/my_robot_ws/install/bumperbot_mapping/share/bumperbot_mapping/package.dsv'
[9.541s] INFO:colcon.colcon_core.shell:Creating package script '/home/aarambh/my_robot_ws/install/bumperbot_mapping/share/bumperbot_mapping/package.sh'
[9.543s] INFO:colcon.colcon_core.shell:Creating package script '/home/aarambh/my_robot_ws/install/bumperbot_mapping/share/bumperbot_mapping/package.bash'
[9.546s] INFO:colcon.colcon_core.shell:Creating package script '/home/aarambh/my_robot_ws/install/bumperbot_mapping/share/bumperbot_mapping/package.zsh'
[9.549s] Level 1:colcon.colcon_core.environment:create_file_with_runtime_dependencies(/home/aarambh/my_robot_ws/install/bumperbot_mapping/share/colcon-core/packages/bumperbot_mapping)
[9.551s] INFO:colcon.colcon_ros.task.ament_cmake.build:Building ROS package in '/home/aarambh/my_robot_ws/src/bumperbot_bringup' with build type 'ament_cmake'
[9.552s] INFO:colcon.colcon_cmake.task.cmake.build:Building CMake package in '/home/aarambh/my_robot_ws/src/bumperbot_bringup'
[9.558s] INFO:colcon.colcon_core.shell:Skip shell extension 'powershell' for command environment: Not usable outside of PowerShell
[9.558s] DEBUG:colcon.colcon_core.shell:Skip shell extension 'dsv' for command environment
[9.624s] DEBUG:colcon.colcon_core.event_handler.log_command:Invoked command in '/home/aarambh/my_robot_ws/build/bumperbot_planning' returned '0': CMAKE_PREFIX_PATH=${CMAKE_PREFIX_PATH}:/home/aarambh/my_robot_ws/install/bumperbot_py_examples:/opt/ros/humble /usr/bin/cmake --build /home/aarambh/my_robot_ws/build/bumperbot_planning -- -j4 -l4
[9.631s] DEBUG:colcon.colcon_core.event_handler.log_command:Invoking command in '/home/aarambh/my_robot_ws/build/bumperbot_planning': CMAKE_PREFIX_PATH=${CMAKE_PREFIX_PATH}:/home/aarambh/my_robot_ws/install/bumperbot_py_examples:/opt/ros/humble /usr/bin/cmake --install /home/aarambh/my_robot_ws/build/bumperbot_planning
[9.655s] DEBUG:colcon.colcon_core.event_handler.log_command:Invoked command in '/home/aarambh/my_robot_ws/build/bumperbot_motion' returned '0': CMAKE_PREFIX_PATH=${CMAKE_PREFIX_PATH}:/home/aarambh/my_robot_ws/install/bumperbot_py_examples:/opt/ros/humble /usr/bin/cmake --build /home/aarambh/my_robot_ws/build/bumperbot_motion -- -j4 -l4
[9.657s] DEBUG:colcon.colcon_core.event_handler.log_command:Invoking command in '/home/aarambh/my_robot_ws/build/bumperbot_motion': CMAKE_PREFIX_PATH=${CMAKE_PREFIX_PATH}:/home/aarambh/my_robot_ws/install/bumperbot_py_examples:/opt/ros/humble /usr/bin/cmake --install /home/aarambh/my_robot_ws/build/bumperbot_motion
[9.688s] DEBUG:colcon.colcon_core.event_handler.log_command:Invoking command in '/home/aarambh/my_robot_ws/build/bumperbot_bringup': CMAKE_PREFIX_PATH=/home/aarambh/my_robot_ws/install/bumperbot_mapping:/home/aarambh/my_robot_ws/install/bumperbot_localization:/home/aarambh/my_robot_ws/install/bumperbot_firmware:/home/aarambh/my_robot_ws/install/bumperbot_description:/home/aarambh/my_robot_ws/install/bumperbot_controller:/home/aarambh/my_robot_ws/install/bumperbot_utils:/home/aarambh/my_robot_ws/install/bumperbot_navigation:/home/aarambh/my_robot_ws/install/bumperbot_planning:/home/aarambh/my_robot_ws/install/bumperbot_cpp_examples:/home/aarambh/my_robot_ws/install/bumperbot_msgs:/home/aarambh/my_robot_ws/install/bumperbot_motion:/home/aarambh/my_robot_ws/install/bumperbot_bringup:/home/aarambh/my_robot_ws/install/bumperbot_py_examples:/opt/ros/humble LD_LIBRARY_PATH=/home/aarambh/my_robot_ws/install/bumperbot_firmware/lib:/home/aarambh/my_robot_ws/install/bumperbot_planning/lib:/home/aarambh/my_robot_ws/install/bumperbot_cpp_examples/lib:/home/aarambh/my_robot_ws/install/bumperbot_msgs/lib:/home/aarambh/my_robot_ws/install/bumperbot_motion/lib:/opt/ros/humble/opt/rviz_ogre_vendor/lib:/opt/ros/humble/lib/aarch64-linux-gnu:/opt/ros/humble/lib /usr/bin/cmake --build /home/aarambh/my_robot_ws/build/bumperbot_bringup -- -j4 -l4
[9.935s] DEBUG:colcon.colcon_core.event_handler.log_command:Invoked command in '/home/aarambh/my_robot_ws/build/bumperbot_bringup' returned '0': CMAKE_PREFIX_PATH=/home/aarambh/my_robot_ws/install/bumperbot_mapping:/home/aarambh/my_robot_ws/install/bumperbot_localization:/home/aarambh/my_robot_ws/install/bumperbot_firmware:/home/aarambh/my_robot_ws/install/bumperbot_description:/home/aarambh/my_robot_ws/install/bumperbot_controller:/home/aarambh/my_robot_ws/install/bumperbot_utils:/home/aarambh/my_robot_ws/install/bumperbot_navigation:/home/aarambh/my_robot_ws/install/bumperbot_planning:/home/aarambh/my_robot_ws/install/bumperbot_cpp_examples:/home/aarambh/my_robot_ws/install/bumperbot_msgs:/home/aarambh/my_robot_ws/install/bumperbot_motion:/home/aarambh/my_robot_ws/install/bumperbot_bringup:/home/aarambh/my_robot_ws/install/bumperbot_py_examples:/opt/ros/humble LD_LIBRARY_PATH=/home/aarambh/my_robot_ws/install/bumperbot_firmware/lib:/home/aarambh/my_robot_ws/install/bumperbot_planning/lib:/home/aarambh/my_robot_ws/install/bumperbot_cpp_examples/lib:/home/aarambh/my_robot_ws/install/bumperbot_msgs/lib:/home/aarambh/my_robot_ws/install/bumperbot_motion/lib:/opt/ros/humble/opt/rviz_ogre_vendor/lib:/opt/ros/humble/lib/aarch64-linux-gnu:/opt/ros/humble/lib /usr/bin/cmake --build /home/aarambh/my_robot_ws/build/bumperbot_bringup -- -j4 -l4
[9.938s] DEBUG:colcon.colcon_core.event_handler.log_command:Invoking command in '/home/aarambh/my_robot_ws/build/bumperbot_bringup': CMAKE_PREFIX_PATH=/home/aarambh/my_robot_ws/install/bumperbot_mapping:/home/aarambh/my_robot_ws/install/bumperbot_localization:/home/aarambh/my_robot_ws/install/bumperbot_firmware:/home/aarambh/my_robot_ws/install/bumperbot_description:/home/aarambh/my_robot_ws/install/bumperbot_controller:/home/aarambh/my_robot_ws/install/bumperbot_utils:/home/aarambh/my_robot_ws/install/bumperbot_navigation:/home/aarambh/my_robot_ws/install/bumperbot_planning:/home/aarambh/my_robot_ws/install/bumperbot_cpp_examples:/home/aarambh/my_robot_ws/install/bumperbot_msgs:/home/aarambh/my_robot_ws/install/bumperbot_motion:/home/aarambh/my_robot_ws/install/bumperbot_bringup:/home/aarambh/my_robot_ws/install/bumperbot_py_examples:/opt/ros/humble LD_LIBRARY_PATH=/home/aarambh/my_robot_ws/install/bumperbot_firmware/lib:/home/aarambh/my_robot_ws/install/bumperbot_planning/lib:/home/aarambh/my_robot_ws/install/bumperbot_cpp_examples/lib:/home/aarambh/my_robot_ws/install/bumperbot_msgs/lib:/home/aarambh/my_robot_ws/install/bumperbot_motion/lib:/opt/ros/humble/opt/rviz_ogre_vendor/lib:/opt/ros/humble/lib/aarch64-linux-gnu:/opt/ros/humble/lib /usr/bin/cmake --install /home/aarambh/my_robot_ws/build/bumperbot_bringup
[10.019s] Level 1:colcon.colcon_core.environment:create_environment_scripts_only(bumperbot_bringup)
[10.021s] Level 1:colcon.colcon_core.environment:checking '/home/aarambh/my_robot_ws/install/bumperbot_bringup' for CMake module files
[10.030s] Level 1:colcon.colcon_core.environment:checking '/home/aarambh/my_robot_ws/install/bumperbot_bringup' for CMake config files
[10.035s] Level 1:colcon.colcon_core.shell:create_environment_hook('bumperbot_bringup', 'cmake_prefix_path')
[10.037s] INFO:colcon.colcon_core.shell:Creating environment hook '/home/aarambh/my_robot_ws/install/bumperbot_bringup/share/bumperbot_bringup/hook/cmake_prefix_path.ps1'
[10.040s] INFO:colcon.colcon_core.shell:Creating environment descriptor '/home/aarambh/my_robot_ws/install/bumperbot_bringup/share/bumperbot_bringup/hook/cmake_prefix_path.dsv'
[10.044s] INFO:colcon.colcon_core.shell:Creating environment hook '/home/aarambh/my_robot_ws/install/bumperbot_bringup/share/bumperbot_bringup/hook/cmake_prefix_path.sh'
[10.049s] Level 1:colcon.colcon_core.environment:checking '/home/aarambh/my_robot_ws/install/bumperbot_bringup/bin'
[10.049s] Level 1:colcon.colcon_core.environment:checking '/home/aarambh/my_robot_ws/install/bumperbot_bringup/lib/pkgconfig/bumperbot_bringup.pc'
[10.050s] Level 1:colcon.colcon_core.environment:checking '/home/aarambh/my_robot_ws/install/bumperbot_bringup/lib/python3.10/site-packages'
[10.052s] Level 1:colcon.colcon_core.environment:checking '/home/aarambh/my_robot_ws/install/bumperbot_bringup/bin'
[10.053s] INFO:colcon.colcon_core.shell:Creating package script '/home/aarambh/my_robot_ws/install/bumperbot_bringup/share/bumperbot_bringup/package.ps1'
[10.058s] INFO:colcon.colcon_core.shell:Creating package descriptor '/home/aarambh/my_robot_ws/install/bumperbot_bringup/share/bumperbot_bringup/package.dsv'
[10.062s] INFO:colcon.colcon_core.shell:Creating package script '/home/aarambh/my_robot_ws/install/bumperbot_bringup/share/bumperbot_bringup/package.sh'
[10.066s] INFO:colcon.colcon_core.shell:Creating package script '/home/aarambh/my_robot_ws/install/bumperbot_bringup/share/bumperbot_bringup/package.bash'
[10.070s] INFO:colcon.colcon_core.shell:Creating package script '/home/aarambh/my_robot_ws/install/bumperbot_bringup/share/bumperbot_bringup/package.zsh'
[10.071s] DEBUG:colcon.colcon_core.event_handler.log_command:Invoked command in '/home/aarambh/my_robot_ws/build/bumperbot_bringup' returned '0': CMAKE_PREFIX_PATH=/home/aarambh/my_robot_ws/install/bumperbot_mapping:/home/aarambh/my_robot_ws/install/bumperbot_localization:/home/aarambh/my_robot_ws/install/bumperbot_firmware:/home/aarambh/my_robot_ws/install/bumperbot_description:/home/aarambh/my_robot_ws/install/bumperbot_controller:/home/aarambh/my_robot_ws/install/bumperbot_utils:/home/aarambh/my_robot_ws/install/bumperbot_navigation:/home/aarambh/my_robot_ws/install/bumperbot_planning:/home/aarambh/my_robot_ws/install/bumperbot_cpp_examples:/home/aarambh/my_robot_ws/install/bumperbot_msgs:/home/aarambh/my_robot_ws/install/bumperbot_motion:/home/aarambh/my_robot_ws/install/bumperbot_bringup:/home/aarambh/my_robot_ws/install/bumperbot_py_examples:/opt/ros/humble LD_LIBRARY_PATH=/home/aarambh/my_robot_ws/install/bumperbot_firmware/lib:/home/aarambh/my_robot_ws/install/bumperbot_planning/lib:/home/aarambh/my_robot_ws/install/bumperbot_cpp_examples/lib:/home/aarambh/my_robot_ws/install/bumperbot_msgs/lib:/home/aarambh/my_robot_ws/install/bumperbot_motion/lib:/opt/ros/humble/opt/rviz_ogre_vendor/lib:/opt/ros/humble/lib/aarch64-linux-gnu:/opt/ros/humble/lib /usr/bin/cmake --install /home/aarambh/my_robot_ws/build/bumperbot_bringup
[10.073s] Level 1:colcon.colcon_core.environment:create_file_with_runtime_dependencies(/home/aarambh/my_robot_ws/install/bumperbot_bringup/share/colcon-core/packages/bumperbot_bringup)
[10.077s] Level 1:colcon.colcon_core.environment:create_environment_scripts_only(bumperbot_bringup)
[10.078s] Level 1:colcon.colcon_core.environment:checking '/home/aarambh/my_robot_ws/install/bumperbot_bringup' for CMake module files
[10.081s] Level 1:colcon.colcon_core.environment:checking '/home/aarambh/my_robot_ws/install/bumperbot_bringup' for CMake config files
[10.083s] Level 1:colcon.colcon_core.shell:create_environment_hook('bumperbot_bringup', 'cmake_prefix_path')
[10.084s] INFO:colcon.colcon_core.shell:Creating environment hook '/home/aarambh/my_robot_ws/install/bumperbot_bringup/share/bumperbot_bringup/hook/cmake_prefix_path.ps1'
[10.086s] INFO:colcon.colcon_core.shell:Creating environment descriptor '/home/aarambh/my_robot_ws/install/bumperbot_bringup/share/bumperbot_bringup/hook/cmake_prefix_path.dsv'
[10.088s] INFO:colcon.colcon_core.shell:Creating environment hook '/home/aarambh/my_robot_ws/install/bumperbot_bringup/share/bumperbot_bringup/hook/cmake_prefix_path.sh'
[10.091s] Level 1:colcon.colcon_core.environment:checking '/home/aarambh/my_robot_ws/install/bumperbot_bringup/bin'
[10.091s] Level 1:colcon.colcon_core.environment:checking '/home/aarambh/my_robot_ws/install/bumperbot_bringup/lib/pkgconfig/bumperbot_bringup.pc'
[10.092s] Level 1:colcon.colcon_core.environment:checking '/home/aarambh/my_robot_ws/install/bumperbot_bringup/lib/python3.10/site-packages'
[10.094s] Level 1:colcon.colcon_core.environment:checking '/home/aarambh/my_robot_ws/install/bumperbot_bringup/bin'
[10.095s] INFO:colcon.colcon_core.shell:Creating package script '/home/aarambh/my_robot_ws/install/bumperbot_bringup/share/bumperbot_bringup/package.ps1'
[10.097s] INFO:colcon.colcon_core.shell:Creating package descriptor '/home/aarambh/my_robot_ws/install/bumperbot_bringup/share/bumperbot_bringup/package.dsv'
[10.100s] INFO:colcon.colcon_core.shell:Creating package script '/home/aarambh/my_robot_ws/install/bumperbot_bringup/share/bumperbot_bringup/package.sh'
[10.102s] INFO:colcon.colcon_core.shell:Creating package script '/home/aarambh/my_robot_ws/install/bumperbot_bringup/share/bumperbot_bringup/package.bash'
[10.105s] INFO:colcon.colcon_core.shell:Creating package script '/home/aarambh/my_robot_ws/install/bumperbot_bringup/share/bumperbot_bringup/package.zsh'
[10.107s] Level 1:colcon.colcon_core.environment:create_file_with_runtime_dependencies(/home/aarambh/my_robot_ws/install/bumperbot_bringup/share/colcon-core/packages/bumperbot_bringup)
[10.109s] INFO:colcon.colcon_ros.task.ament_cmake.build:Building ROS package in '/home/aarambh/my_robot_ws/src/bumperbot_cpp_examples' with build type 'ament_cmake'
[10.110s] INFO:colcon.colcon_cmake.task.cmake.build:Building CMake package in '/home/aarambh/my_robot_ws/src/bumperbot_cpp_examples'
[10.111s] INFO:colcon.colcon_core.shell:Skip shell extension 'powershell' for command environment: Not usable outside of PowerShell
[10.112s] DEBUG:colcon.colcon_core.shell:Skip shell extension 'dsv' for command environment
[10.141s] Level 1:colcon.colcon_core.environment:create_environment_scripts_only(bumperbot_planning)
[10.142s] Level 1:colcon.colcon_core.environment:checking '/home/aarambh/my_robot_ws/install/bumperbot_planning' for CMake module files
[10.144s] DEBUG:colcon.colcon_core.event_handler.log_command:Invoked command in '/home/aarambh/my_robot_ws/build/bumperbot_planning' returned '0': CMAKE_PREFIX_PATH=${CMAKE_PREFIX_PATH}:/home/aarambh/my_robot_ws/install/bumperbot_py_examples:/opt/ros/humble /usr/bin/cmake --install /home/aarambh/my_robot_ws/build/bumperbot_planning
[10.147s] Level 1:colcon.colcon_core.environment:checking '/home/aarambh/my_robot_ws/install/bumperbot_planning' for CMake config files
[10.151s] Level 1:colcon.colcon_core.shell:create_environment_hook('bumperbot_planning', 'cmake_prefix_path')
[10.152s] INFO:colcon.colcon_core.shell:Creating environment hook '/home/aarambh/my_robot_ws/install/bumperbot_planning/share/bumperbot_planning/hook/cmake_prefix_path.ps1'
[10.154s] INFO:colcon.colcon_core.shell:Creating environment descriptor '/home/aarambh/my_robot_ws/install/bumperbot_planning/share/bumperbot_planning/hook/cmake_prefix_path.dsv'
[10.156s] INFO:colcon.colcon_core.shell:Creating environment hook '/home/aarambh/my_robot_ws/install/bumperbot_planning/share/bumperbot_planning/hook/cmake_prefix_path.sh'
[10.159s] Level 1:colcon.colcon_core.environment:checking '/home/aarambh/my_robot_ws/install/bumperbot_planning/lib'
[10.160s] Level 1:colcon.colcon_core.shell:create_environment_hook('bumperbot_planning', 'ld_library_path_lib')
[10.161s] INFO:colcon.colcon_core.shell:Creating environment hook '/home/aarambh/my_robot_ws/install/bumperbot_planning/share/bumperbot_planning/hook/ld_library_path_lib.ps1'
[10.164s] INFO:colcon.colcon_core.shell:Creating environment descriptor '/home/aarambh/my_robot_ws/install/bumperbot_planning/share/bumperbot_planning/hook/ld_library_path_lib.dsv'
[10.166s] INFO:colcon.colcon_core.shell:Creating environment hook '/home/aarambh/my_robot_ws/install/bumperbot_planning/share/bumperbot_planning/hook/ld_library_path_lib.sh'
[10.168s] Level 1:colcon.colcon_core.environment:checking '/home/aarambh/my_robot_ws/install/bumperbot_planning/bin'
[10.169s] Level 1:colcon.colcon_core.environment:checking '/home/aarambh/my_robot_ws/install/bumperbot_planning/lib/pkgconfig/bumperbot_planning.pc'
[10.170s] Level 1:colcon.colcon_core.environment:checking '/home/aarambh/my_robot_ws/install/bumperbot_planning/lib/python3.10/site-packages'
[10.172s] Level 1:colcon.colcon_core.environment:checking '/home/aarambh/my_robot_ws/install/bumperbot_planning/bin'
[10.173s] INFO:colcon.colcon_core.shell:Creating package script '/home/aarambh/my_robot_ws/install/bumperbot_planning/share/bumperbot_planning/package.ps1'
[10.176s] INFO:colcon.colcon_core.shell:Creating package descriptor '/home/aarambh/my_robot_ws/install/bumperbot_planning/share/bumperbot_planning/package.dsv'
[10.178s] INFO:colcon.colcon_core.shell:Creating package script '/home/aarambh/my_robot_ws/install/bumperbot_planning/share/bumperbot_planning/package.sh'
[10.180s] INFO:colcon.colcon_core.shell:Creating package script '/home/aarambh/my_robot_ws/install/bumperbot_planning/share/bumperbot_planning/package.bash'
[10.183s] INFO:colcon.colcon_core.shell:Creating package script '/home/aarambh/my_robot_ws/install/bumperbot_planning/share/bumperbot_planning/package.zsh'
[10.185s] Level 1:colcon.colcon_core.environment:create_file_with_runtime_dependencies(/home/aarambh/my_robot_ws/install/bumperbot_planning/share/colcon-core/packages/bumperbot_planning)
[10.188s] Level 1:colcon.colcon_core.environment:create_environment_scripts_only(bumperbot_planning)
[10.189s] Level 1:colcon.colcon_core.environment:checking '/home/aarambh/my_robot_ws/install/bumperbot_planning' for CMake module files
[10.192s] Level 1:colcon.colcon_core.environment:checking '/home/aarambh/my_robot_ws/install/bumperbot_planning' for CMake config files
[10.195s] Level 1:colcon.colcon_core.shell:create_environment_hook('bumperbot_planning', 'cmake_prefix_path')
[10.196s] INFO:colcon.colcon_core.shell:Creating environment hook '/home/aarambh/my_robot_ws/install/bumperbot_planning/share/bumperbot_planning/hook/cmake_prefix_path.ps1'
[10.199s] INFO:colcon.colcon_core.shell:Creating environment descriptor '/home/aarambh/my_robot_ws/install/bumperbot_planning/share/bumperbot_planning/hook/cmake_prefix_path.dsv'
[10.201s] INFO:colcon.colcon_core.shell:Creating environment hook '/home/aarambh/my_robot_ws/install/bumperbot_planning/share/bumperbot_planning/hook/cmake_prefix_path.sh'
[10.203s] Level 1:colcon.colcon_core.environment:checking '/home/aarambh/my_robot_ws/install/bumperbot_planning/lib'
[10.204s] Level 1:colcon.colcon_core.shell:create_environment_hook('bumperbot_planning', 'ld_library_path_lib')
[10.205s] INFO:colcon.colcon_core.shell:Creating environment hook '/home/aarambh/my_robot_ws/install/bumperbot_planning/share/bumperbot_planning/hook/ld_library_path_lib.ps1'
[10.207s] INFO:colcon.colcon_core.shell:Creating environment descriptor '/home/aarambh/my_robot_ws/install/bumperbot_planning/share/bumperbot_planning/hook/ld_library_path_lib.dsv'
[10.209s] INFO:colcon.colcon_core.shell:Creating environment hook '/home/aarambh/my_robot_ws/install/bumperbot_planning/share/bumperbot_planning/hook/ld_library_path_lib.sh'
[10.211s] Level 1:colcon.colcon_core.environment:checking '/home/aarambh/my_robot_ws/install/bumperbot_planning/bin'
[10.212s] Level 1:colcon.colcon_core.environment:checking '/home/aarambh/my_robot_ws/install/bumperbot_planning/lib/pkgconfig/bumperbot_planning.pc'
[10.213s] Level 1:colcon.colcon_core.environment:checking '/home/aarambh/my_robot_ws/install/bumperbot_planning/lib/python3.10/site-packages'
[10.215s] Level 1:colcon.colcon_core.environment:checking '/home/aarambh/my_robot_ws/install/bumperbot_planning/bin'
[10.217s] INFO:colcon.colcon_core.shell:Creating package script '/home/aarambh/my_robot_ws/install/bumperbot_planning/share/bumperbot_planning/package.ps1'
[10.219s] INFO:colcon.colcon_core.shell:Creating package descriptor '/home/aarambh/my_robot_ws/install/bumperbot_planning/share/bumperbot_planning/package.dsv'
[10.222s] INFO:colcon.colcon_core.shell:Creating package script '/home/aarambh/my_robot_ws/install/bumperbot_planning/share/bumperbot_planning/package.sh'
[10.225s] INFO:colcon.colcon_core.shell:Creating package script '/home/aarambh/my_robot_ws/install/bumperbot_planning/share/bumperbot_planning/package.bash'
[10.227s] INFO:colcon.colcon_core.shell:Creating package script '/home/aarambh/my_robot_ws/install/bumperbot_planning/share/bumperbot_planning/package.zsh'
[10.229s] Level 1:colcon.colcon_core.environment:create_file_with_runtime_dependencies(/home/aarambh/my_robot_ws/install/bumperbot_planning/share/colcon-core/packages/bumperbot_planning)
[10.233s] INFO:colcon.colcon_ros.task.ament_cmake.build:Building ROS package in '/home/aarambh/my_robot_ws/src/bumperbot_navigation' with build type 'ament_cmake'
[10.234s] INFO:colcon.colcon_cmake.task.cmake.build:Building CMake package in '/home/aarambh/my_robot_ws/src/bumperbot_navigation'
[10.235s] INFO:colcon.colcon_core.shell:Skip shell extension 'powershell' for command environment: Not usable outside of PowerShell
[10.236s] DEBUG:colcon.colcon_core.shell:Skip shell extension 'dsv' for command environment
[10.266s] Level 1:colcon.colcon_core.environment:create_environment_scripts_only(bumperbot_motion)
[10.267s] Level 1:colcon.colcon_core.environment:checking '/home/aarambh/my_robot_ws/install/bumperbot_motion' for CMake module files
[10.269s] DEBUG:colcon.colcon_core.event_handler.log_command:Invoked command in '/home/aarambh/my_robot_ws/build/bumperbot_motion' returned '0': CMAKE_PREFIX_PATH=${CMAKE_PREFIX_PATH}:/home/aarambh/my_robot_ws/install/bumperbot_py_examples:/opt/ros/humble /usr/bin/cmake --install /home/aarambh/my_robot_ws/build/bumperbot_motion
[10.272s] Level 1:colcon.colcon_core.environment:checking '/home/aarambh/my_robot_ws/install/bumperbot_motion' for CMake config files
[10.275s] Level 1:colcon.colcon_core.shell:create_environment_hook('bumperbot_motion', 'cmake_prefix_path')
[10.276s] INFO:colcon.colcon_core.shell:Creating environment hook '/home/aarambh/my_robot_ws/install/bumperbot_motion/share/bumperbot_motion/hook/cmake_prefix_path.ps1'
[10.279s] INFO:colcon.colcon_core.shell:Creating environment descriptor '/home/aarambh/my_robot_ws/install/bumperbot_motion/share/bumperbot_motion/hook/cmake_prefix_path.dsv'
[10.281s] INFO:colcon.colcon_core.shell:Creating environment hook '/home/aarambh/my_robot_ws/install/bumperbot_motion/share/bumperbot_motion/hook/cmake_prefix_path.sh'
[10.284s] Level 1:colcon.colcon_core.environment:checking '/home/aarambh/my_robot_ws/install/bumperbot_motion/lib'
[10.285s] Level 1:colcon.colcon_core.shell:create_environment_hook('bumperbot_motion', 'ld_library_path_lib')
[10.286s] INFO:colcon.colcon_core.shell:Creating environment hook '/home/aarambh/my_robot_ws/install/bumperbot_motion/share/bumperbot_motion/hook/ld_library_path_lib.ps1'
[10.288s] INFO:colcon.colcon_core.shell:Creating environment descriptor '/home/aarambh/my_robot_ws/install/bumperbot_motion/share/bumperbot_motion/hook/ld_library_path_lib.dsv'
[10.290s] INFO:colcon.colcon_core.shell:Creating environment hook '/home/aarambh/my_robot_ws/install/bumperbot_motion/share/bumperbot_motion/hook/ld_library_path_lib.sh'
[10.293s] Level 1:colcon.colcon_core.environment:checking '/home/aarambh/my_robot_ws/install/bumperbot_motion/bin'
[10.293s] Level 1:colcon.colcon_core.environment:checking '/home/aarambh/my_robot_ws/install/bumperbot_motion/lib/pkgconfig/bumperbot_motion.pc'
[10.294s] Level 1:colcon.colcon_core.environment:checking '/home/aarambh/my_robot_ws/install/bumperbot_motion/lib/python3.10/site-packages'
[10.295s] Level 1:colcon.colcon_core.environment:checking '/home/aarambh/my_robot_ws/install/bumperbot_motion/bin'
[10.297s] INFO:colcon.colcon_core.shell:Creating package script '/home/aarambh/my_robot_ws/install/bumperbot_motion/share/bumperbot_motion/package.ps1'
[10.299s] INFO:colcon.colcon_core.shell:Creating package descriptor '/home/aarambh/my_robot_ws/install/bumperbot_motion/share/bumperbot_motion/package.dsv'
[10.302s] INFO:colcon.colcon_core.shell:Creating package script '/home/aarambh/my_robot_ws/install/bumperbot_motion/share/bumperbot_motion/package.sh'
[10.304s] INFO:colcon.colcon_core.shell:Creating package script '/home/aarambh/my_robot_ws/install/bumperbot_motion/share/bumperbot_motion/package.bash'
[10.306s] INFO:colcon.colcon_core.shell:Creating package script '/home/aarambh/my_robot_ws/install/bumperbot_motion/share/bumperbot_motion/package.zsh'
[10.308s] Level 1:colcon.colcon_core.environment:create_file_with_runtime_dependencies(/home/aarambh/my_robot_ws/install/bumperbot_motion/share/colcon-core/packages/bumperbot_motion)
[10.311s] Level 1:colcon.colcon_core.environment:create_environment_scripts_only(bumperbot_motion)
[10.312s] Level 1:colcon.colcon_core.environment:checking '/home/aarambh/my_robot_ws/install/bumperbot_motion' for CMake module files
[10.316s] Level 1:colcon.colcon_core.environment:checking '/home/aarambh/my_robot_ws/install/bumperbot_motion' for CMake config files
[10.319s] Level 1:colcon.colcon_core.shell:create_environment_hook('bumperbot_motion', 'cmake_prefix_path')
[10.320s] INFO:colcon.colcon_core.shell:Creating environment hook '/home/aarambh/my_robot_ws/install/bumperbot_motion/share/bumperbot_motion/hook/cmake_prefix_path.ps1'
[10.323s] INFO:colcon.colcon_core.shell:Creating environment descriptor '/home/aarambh/my_robot_ws/install/bumperbot_motion/share/bumperbot_motion/hook/cmake_prefix_path.dsv'
[10.326s] INFO:colcon.colcon_core.shell:Creating environment hook '/home/aarambh/my_robot_ws/install/bumperbot_motion/share/bumperbot_motion/hook/cmake_prefix_path.sh'
[10.329s] Level 1:colcon.colcon_core.environment:checking '/home/aarambh/my_robot_ws/install/bumperbot_motion/lib'
[10.329s] Level 1:colcon.colcon_core.shell:create_environment_hook('bumperbot_motion', 'ld_library_path_lib')
[10.330s] INFO:colcon.colcon_core.shell:Creating environment hook '/home/aarambh/my_robot_ws/install/bumperbot_motion/share/bumperbot_motion/hook/ld_library_path_lib.ps1'
[10.333s] INFO:colcon.colcon_core.shell:Creating environment descriptor '/home/aarambh/my_robot_ws/install/bumperbot_motion/share/bumperbot_motion/hook/ld_library_path_lib.dsv'
[10.335s] INFO:colcon.colcon_core.shell:Creating environment hook '/home/aarambh/my_robot_ws/install/bumperbot_motion/share/bumperbot_motion/hook/ld_library_path_lib.sh'
[10.337s] Level 1:colcon.colcon_core.environment:checking '/home/aarambh/my_robot_ws/install/bumperbot_motion/bin'
[10.337s] Level 1:colcon.colcon_core.environment:checking '/home/aarambh/my_robot_ws/install/bumperbot_motion/lib/pkgconfig/bumperbot_motion.pc'
[10.338s] Level 1:colcon.colcon_core.environment:checking '/home/aarambh/my_robot_ws/install/bumperbot_motion/lib/python3.10/site-packages'
[10.340s] Level 1:colcon.colcon_core.environment:checking '/home/aarambh/my_robot_ws/install/bumperbot_motion/bin'
[10.342s] INFO:colcon.colcon_core.shell:Creating package script '/home/aarambh/my_robot_ws/install/bumperbot_motion/share/bumperbot_motion/package.ps1'
[10.345s] INFO:colcon.colcon_core.shell:Creating package descriptor '/home/aarambh/my_robot_ws/install/bumperbot_motion/share/bumperbot_motion/package.dsv'
[10.347s] INFO:colcon.colcon_core.shell:Creating package script '/home/aarambh/my_robot_ws/install/bumperbot_motion/share/bumperbot_motion/package.sh'
[10.350s] INFO:colcon.colcon_core.shell:Creating package script '/home/aarambh/my_robot_ws/install/bumperbot_motion/share/bumperbot_motion/package.bash'
[10.352s] INFO:colcon.colcon_core.shell:Creating package script '/home/aarambh/my_robot_ws/install/bumperbot_motion/share/bumperbot_motion/package.zsh'
[10.355s] Level 1:colcon.colcon_core.environment:create_file_with_runtime_dependencies(/home/aarambh/my_robot_ws/install/bumperbot_motion/share/colcon-core/packages/bumperbot_motion)
[10.359s] INFO:colcon.colcon_ros.task.ament_python.build:Building ROS package in '/home/aarambh/my_robot_ws/src/bumperbot_py_examples' with build type 'ament_python'
[10.360s] Level 1:colcon.colcon_core.shell:create_environment_hook('bumperbot_py_examples', 'ament_prefix_path')
[10.361s] INFO:colcon.colcon_core.shell:Creating environment hook '/home/aarambh/my_robot_ws/install/bumperbot_py_examples/share/bumperbot_py_examples/hook/ament_prefix_path.ps1'
[10.364s] INFO:colcon.colcon_core.shell:Creating environment descriptor '/home/aarambh/my_robot_ws/install/bumperbot_py_examples/share/bumperbot_py_examples/hook/ament_prefix_path.dsv'
[10.366s] INFO:colcon.colcon_core.shell:Creating environment hook '/home/aarambh/my_robot_ws/install/bumperbot_py_examples/share/bumperbot_py_examples/hook/ament_prefix_path.sh'
[10.369s] INFO:colcon.colcon_core.shell:Skip shell extension 'powershell' for command environment: Not usable outside of PowerShell
[10.370s] DEBUG:colcon.colcon_core.shell:Skip shell extension 'dsv' for command environment
[10.413s] DEBUG:colcon.colcon_core.event_handler.log_command:Invoking command in '/home/aarambh/my_robot_ws/build/bumperbot_cpp_examples': CMAKE_PREFIX_PATH=/home/aarambh/my_robot_ws/install/bumperbot_msgs:/home/aarambh/my_robot_ws/install/bumperbot_utils:/home/aarambh/my_robot_ws/install/bumperbot_navigation:/home/aarambh/my_robot_ws/install/bumperbot_planning:/home/aarambh/my_robot_ws/install/bumperbot_cpp_examples:/home/aarambh/my_robot_ws/install/bumperbot_motion:/home/aarambh/my_robot_ws/install/bumperbot_bringup:/home/aarambh/my_robot_ws/install/bumperbot_mapping:/home/aarambh/my_robot_ws/install/bumperbot_localization:/home/aarambh/my_robot_ws/install/bumperbot_firmware:/home/aarambh/my_robot_ws/install/bumperbot_description:/home/aarambh/my_robot_ws/install/bumperbot_controller:/home/aarambh/my_robot_ws/install/bumperbot_py_examples:/opt/ros/humble LD_LIBRARY_PATH=/home/aarambh/my_robot_ws/install/bumperbot_msgs/lib:/home/aarambh/my_robot_ws/install/bumperbot_planning/lib:/home/aarambh/my_robot_ws/install/bumperbot_cpp_examples/lib:/home/aarambh/my_robot_ws/install/bumperbot_motion/lib:/home/aarambh/my_robot_ws/install/bumperbot_firmware/lib:/opt/ros/humble/opt/rviz_ogre_vendor/lib:/opt/ros/humble/lib/aarch64-linux-gnu:/opt/ros/humble/lib /usr/bin/cmake --build /home/aarambh/my_robot_ws/build/bumperbot_cpp_examples -- -j4 -l4
[10.427s] DEBUG:colcon.colcon_core.event_handler.log_command:Invoking command in '/home/aarambh/my_robot_ws/build/bumperbot_navigation': CMAKE_PREFIX_PATH=/home/aarambh/my_robot_ws/install/bumperbot_planning:/home/aarambh/my_robot_ws/install/bumperbot_utils:/home/aarambh/my_robot_ws/install/bumperbot_navigation:/home/aarambh/my_robot_ws/install/bumperbot_cpp_examples:/home/aarambh/my_robot_ws/install/bumperbot_msgs:/home/aarambh/my_robot_ws/install/bumperbot_motion:/home/aarambh/my_robot_ws/install/bumperbot_bringup:/home/aarambh/my_robot_ws/install/bumperbot_mapping:/home/aarambh/my_robot_ws/install/bumperbot_localization:/home/aarambh/my_robot_ws/install/bumperbot_firmware:/home/aarambh/my_robot_ws/install/bumperbot_description:/home/aarambh/my_robot_ws/install/bumperbot_controller:/home/aarambh/my_robot_ws/install/bumperbot_py_examples:/opt/ros/humble /usr/bin/cmake --build /home/aarambh/my_robot_ws/build/bumperbot_navigation -- -j4 -l4
[12.151s] INFO:colcon.colcon_core.task.python.build:Building Python package in '/home/aarambh/my_robot_ws/src/bumperbot_py_examples'
[12.152s] INFO:colcon.colcon_core.shell:Skip shell extension 'powershell' for command environment: Not usable outside of PowerShell
[12.153s] DEBUG:colcon.colcon_core.shell:Skip shell extension 'dsv' for command environment
[12.188s] DEBUG:colcon.colcon_core.event_handler.log_command:Invoked command in '/home/aarambh/my_robot_ws/build/bumperbot_navigation' returned '0': CMAKE_PREFIX_PATH=/home/aarambh/my_robot_ws/install/bumperbot_planning:/home/aarambh/my_robot_ws/install/bumperbot_utils:/home/aarambh/my_robot_ws/install/bumperbot_navigation:/home/aarambh/my_robot_ws/install/bumperbot_cpp_examples:/home/aarambh/my_robot_ws/install/bumperbot_msgs:/home/aarambh/my_robot_ws/install/bumperbot_motion:/home/aarambh/my_robot_ws/install/bumperbot_bringup:/home/aarambh/my_robot_ws/install/bumperbot_mapping:/home/aarambh/my_robot_ws/install/bumperbot_localization:/home/aarambh/my_robot_ws/install/bumperbot_firmware:/home/aarambh/my_robot_ws/install/bumperbot_description:/home/aarambh/my_robot_ws/install/bumperbot_controller:/home/aarambh/my_robot_ws/install/bumperbot_py_examples:/opt/ros/humble /usr/bin/cmake --build /home/aarambh/my_robot_ws/build/bumperbot_navigation -- -j4 -l4
[12.199s] DEBUG:colcon.colcon_core.event_handler.log_command:Invoking command in '/home/aarambh/my_robot_ws/build/bumperbot_navigation': CMAKE_PREFIX_PATH=/home/aarambh/my_robot_ws/install/bumperbot_planning:/home/aarambh/my_robot_ws/install/bumperbot_utils:/home/aarambh/my_robot_ws/install/bumperbot_navigation:/home/aarambh/my_robot_ws/install/bumperbot_cpp_examples:/home/aarambh/my_robot_ws/install/bumperbot_msgs:/home/aarambh/my_robot_ws/install/bumperbot_motion:/home/aarambh/my_robot_ws/install/bumperbot_bringup:/home/aarambh/my_robot_ws/install/bumperbot_mapping:/home/aarambh/my_robot_ws/install/bumperbot_localization:/home/aarambh/my_robot_ws/install/bumperbot_firmware:/home/aarambh/my_robot_ws/install/bumperbot_description:/home/aarambh/my_robot_ws/install/bumperbot_controller:/home/aarambh/my_robot_ws/install/bumperbot_py_examples:/opt/ros/humble /usr/bin/cmake --install /home/aarambh/my_robot_ws/build/bumperbot_navigation
[12.201s] DEBUG:colcon.colcon_core.event_handler.log_command:Invoked command in '/home/aarambh/my_robot_ws/build/bumperbot_utils' returned '0': CMAKE_PREFIX_PATH=${CMAKE_PREFIX_PATH}:/home/aarambh/my_robot_ws/install/bumperbot_py_examples:/opt/ros/humble /usr/bin/cmake --build /home/aarambh/my_robot_ws/build/bumperbot_utils -- -j4 -l4
[12.213s] DEBUG:colcon.colcon_core.event_handler.log_command:Invoking command in '/home/aarambh/my_robot_ws/build/bumperbot_utils': CMAKE_PREFIX_PATH=${CMAKE_PREFIX_PATH}:/home/aarambh/my_robot_ws/install/bumperbot_py_examples:/opt/ros/humble /usr/bin/cmake --install /home/aarambh/my_robot_ws/build/bumperbot_utils
[12.219s] DEBUG:colcon.colcon_core.event_handler.log_command:Invoked command in '/home/aarambh/my_robot_ws/build/bumperbot_cpp_examples' returned '0': CMAKE_PREFIX_PATH=/home/aarambh/my_robot_ws/install/bumperbot_msgs:/home/aarambh/my_robot_ws/install/bumperbot_utils:/home/aarambh/my_robot_ws/install/bumperbot_navigation:/home/aarambh/my_robot_ws/install/bumperbot_planning:/home/aarambh/my_robot_ws/install/bumperbot_cpp_examples:/home/aarambh/my_robot_ws/install/bumperbot_motion:/home/aarambh/my_robot_ws/install/bumperbot_bringup:/home/aarambh/my_robot_ws/install/bumperbot_mapping:/home/aarambh/my_robot_ws/install/bumperbot_localization:/home/aarambh/my_robot_ws/install/bumperbot_firmware:/home/aarambh/my_robot_ws/install/bumperbot_description:/home/aarambh/my_robot_ws/install/bumperbot_controller:/home/aarambh/my_robot_ws/install/bumperbot_py_examples:/opt/ros/humble LD_LIBRARY_PATH=/home/aarambh/my_robot_ws/install/bumperbot_msgs/lib:/home/aarambh/my_robot_ws/install/bumperbot_planning/lib:/home/aarambh/my_robot_ws/install/bumperbot_cpp_examples/lib:/home/aarambh/my_robot_ws/install/bumperbot_motion/lib:/home/aarambh/my_robot_ws/install/bumperbot_firmware/lib:/opt/ros/humble/opt/rviz_ogre_vendor/lib:/opt/ros/humble/lib/aarch64-linux-gnu:/opt/ros/humble/lib /usr/bin/cmake --build /home/aarambh/my_robot_ws/build/bumperbot_cpp_examples -- -j4 -l4
[12.231s] DEBUG:colcon.colcon_core.event_handler.log_command:Invoking command in '/home/aarambh/my_robot_ws/build/bumperbot_cpp_examples': CMAKE_PREFIX_PATH=/home/aarambh/my_robot_ws/install/bumperbot_msgs:/home/aarambh/my_robot_ws/install/bumperbot_utils:/home/aarambh/my_robot_ws/install/bumperbot_navigation:/home/aarambh/my_robot_ws/install/bumperbot_planning:/home/aarambh/my_robot_ws/install/bumperbot_cpp_examples:/home/aarambh/my_robot_ws/install/bumperbot_motion:/home/aarambh/my_robot_ws/install/bumperbot_bringup:/home/aarambh/my_robot_ws/install/bumperbot_mapping:/home/aarambh/my_robot_ws/install/bumperbot_localization:/home/aarambh/my_robot_ws/install/bumperbot_firmware:/home/aarambh/my_robot_ws/install/bumperbot_description:/home/aarambh/my_robot_ws/install/bumperbot_controller:/home/aarambh/my_robot_ws/install/bumperbot_py_examples:/opt/ros/humble LD_LIBRARY_PATH=/home/aarambh/my_robot_ws/install/bumperbot_msgs/lib:/home/aarambh/my_robot_ws/install/bumperbot_planning/lib:/home/aarambh/my_robot_ws/install/bumperbot_cpp_examples/lib:/home/aarambh/my_robot_ws/install/bumperbot_motion/lib:/home/aarambh/my_robot_ws/install/bumperbot_firmware/lib:/opt/ros/humble/opt/rviz_ogre_vendor/lib:/opt/ros/humble/lib/aarch64-linux-gnu:/opt/ros/humble/lib /usr/bin/cmake --install /home/aarambh/my_robot_ws/build/bumperbot_cpp_examples
[12.277s] Level 1:colcon.colcon_core.environment:create_environment_scripts_only(bumperbot_navigation)
[12.279s] Level 1:colcon.colcon_core.environment:checking '/home/aarambh/my_robot_ws/install/bumperbot_navigation' for CMake module files
[12.283s] Level 1:colcon.colcon_core.environment:checking '/home/aarambh/my_robot_ws/install/bumperbot_navigation' for CMake config files
[12.288s] Level 1:colcon.colcon_core.shell:create_environment_hook('bumperbot_navigation', 'cmake_prefix_path')
[12.289s] INFO:colcon.colcon_core.shell:Creating environment hook '/home/aarambh/my_robot_ws/install/bumperbot_navigation/share/bumperbot_navigation/hook/cmake_prefix_path.ps1'
[12.294s] DEBUG:colcon.colcon_core.event_handler.log_command:Invoked command in '/home/aarambh/my_robot_ws/build/bumperbot_navigation' returned '0': CMAKE_PREFIX_PATH=/home/aarambh/my_robot_ws/install/bumperbot_planning:/home/aarambh/my_robot_ws/install/bumperbot_utils:/home/aarambh/my_robot_ws/install/bumperbot_navigation:/home/aarambh/my_robot_ws/install/bumperbot_cpp_examples:/home/aarambh/my_robot_ws/install/bumperbot_msgs:/home/aarambh/my_robot_ws/install/bumperbot_motion:/home/aarambh/my_robot_ws/install/bumperbot_bringup:/home/aarambh/my_robot_ws/install/bumperbot_mapping:/home/aarambh/my_robot_ws/install/bumperbot_localization:/home/aarambh/my_robot_ws/install/bumperbot_firmware:/home/aarambh/my_robot_ws/install/bumperbot_description:/home/aarambh/my_robot_ws/install/bumperbot_controller:/home/aarambh/my_robot_ws/install/bumperbot_py_examples:/opt/ros/humble /usr/bin/cmake --install /home/aarambh/my_robot_ws/build/bumperbot_navigation
[12.299s] INFO:colcon.colcon_core.shell:Creating environment descriptor '/home/aarambh/my_robot_ws/install/bumperbot_navigation/share/bumperbot_navigation/hook/cmake_prefix_path.dsv'
[12.306s] INFO:colcon.colcon_core.shell:Creating environment hook '/home/aarambh/my_robot_ws/install/bumperbot_navigation/share/bumperbot_navigation/hook/cmake_prefix_path.sh'
[12.312s] Level 1:colcon.colcon_core.environment:checking '/home/aarambh/my_robot_ws/install/bumperbot_navigation/bin'
[12.313s] Level 1:colcon.colcon_core.environment:checking '/home/aarambh/my_robot_ws/install/bumperbot_navigation/lib/pkgconfig/bumperbot_navigation.pc'
[12.314s] Level 1:colcon.colcon_core.environment:checking '/home/aarambh/my_robot_ws/install/bumperbot_navigation/lib/python3.10/site-packages'
[12.317s] Level 1:colcon.colcon_core.environment:checking '/home/aarambh/my_robot_ws/install/bumperbot_navigation/bin'
[12.319s] INFO:colcon.colcon_core.shell:Creating package script '/home/aarambh/my_robot_ws/install/bumperbot_navigation/share/bumperbot_navigation/package.ps1'
[12.323s] INFO:colcon.colcon_core.shell:Creating package descriptor '/home/aarambh/my_robot_ws/install/bumperbot_navigation/share/bumperbot_navigation/package.dsv'
[12.327s] INFO:colcon.colcon_core.shell:Creating package script '/home/aarambh/my_robot_ws/install/bumperbot_navigation/share/bumperbot_navigation/package.sh'
[12.332s] INFO:colcon.colcon_core.shell:Creating package script '/home/aarambh/my_robot_ws/install/bumperbot_navigation/share/bumperbot_navigation/package.bash'
[12.337s] INFO:colcon.colcon_core.shell:Creating package script '/home/aarambh/my_robot_ws/install/bumperbot_navigation/share/bumperbot_navigation/package.zsh'
[12.340s] Level 1:colcon.colcon_core.environment:create_file_with_runtime_dependencies(/home/aarambh/my_robot_ws/install/bumperbot_navigation/share/colcon-core/packages/bumperbot_navigation)
[12.347s] Level 1:colcon.colcon_core.environment:create_environment_scripts_only(bumperbot_navigation)
[12.348s] Level 1:colcon.colcon_core.environment:checking '/home/aarambh/my_robot_ws/install/bumperbot_navigation' for CMake module files
[12.367s] Level 1:colcon.colcon_core.environment:checking '/home/aarambh/my_robot_ws/install/bumperbot_navigation' for CMake config files
[12.370s] Level 1:colcon.colcon_core.shell:create_environment_hook('bumperbot_navigation', 'cmake_prefix_path')
[12.371s] INFO:colcon.colcon_core.shell:Creating environment hook '/home/aarambh/my_robot_ws/install/bumperbot_navigation/share/bumperbot_navigation/hook/cmake_prefix_path.ps1'
[12.373s] INFO:colcon.colcon_core.shell:Creating environment descriptor '/home/aarambh/my_robot_ws/install/bumperbot_navigation/share/bumperbot_navigation/hook/cmake_prefix_path.dsv'
[12.376s] INFO:colcon.colcon_core.shell:Creating environment hook '/home/aarambh/my_robot_ws/install/bumperbot_navigation/share/bumperbot_navigation/hook/cmake_prefix_path.sh'
[12.379s] Level 1:colcon.colcon_core.environment:checking '/home/aarambh/my_robot_ws/install/bumperbot_navigation/bin'
[12.380s] Level 1:colcon.colcon_core.environment:checking '/home/aarambh/my_robot_ws/install/bumperbot_navigation/lib/pkgconfig/bumperbot_navigation.pc'
[12.381s] Level 1:colcon.colcon_core.environment:checking '/home/aarambh/my_robot_ws/install/bumperbot_navigation/lib/python3.10/site-packages'
[12.383s] Level 1:colcon.colcon_core.environment:checking '/home/aarambh/my_robot_ws/install/bumperbot_navigation/bin'
[12.384s] INFO:colcon.colcon_core.shell:Creating package script '/home/aarambh/my_robot_ws/install/bumperbot_navigation/share/bumperbot_navigation/package.ps1'
[12.387s] INFO:colcon.colcon_core.shell:Creating package descriptor '/home/aarambh/my_robot_ws/install/bumperbot_navigation/share/bumperbot_navigation/package.dsv'
[12.391s] INFO:colcon.colcon_core.shell:Creating package script '/home/aarambh/my_robot_ws/install/bumperbot_navigation/share/bumperbot_navigation/package.sh'
[12.395s] INFO:colcon.colcon_core.shell:Creating package script '/home/aarambh/my_robot_ws/install/bumperbot_navigation/share/bumperbot_navigation/package.bash'
[12.398s] INFO:colcon.colcon_core.shell:Creating package script '/home/aarambh/my_robot_ws/install/bumperbot_navigation/share/bumperbot_navigation/package.zsh'
[12.401s] Level 1:colcon.colcon_core.environment:create_file_with_runtime_dependencies(/home/aarambh/my_robot_ws/install/bumperbot_navigation/share/colcon-core/packages/bumperbot_navigation)
[12.405s] Level 1:colcon.colcon_core.environment:create_environment_scripts_only(bumperbot_cpp_examples)
[12.407s] Level 1:colcon.colcon_core.environment:checking '/home/aarambh/my_robot_ws/install/bumperbot_cpp_examples' for CMake module files
[12.411s] DEBUG:colcon.colcon_core.event_handler.log_command:Invoked command in '/home/aarambh/my_robot_ws/build/bumperbot_cpp_examples' returned '0': CMAKE_PREFIX_PATH=/home/aarambh/my_robot_ws/install/bumperbot_msgs:/home/aarambh/my_robot_ws/install/bumperbot_utils:/home/aarambh/my_robot_ws/install/bumperbot_navigation:/home/aarambh/my_robot_ws/install/bumperbot_planning:/home/aarambh/my_robot_ws/install/bumperbot_cpp_examples:/home/aarambh/my_robot_ws/install/bumperbot_motion:/home/aarambh/my_robot_ws/install/bumperbot_bringup:/home/aarambh/my_robot_ws/install/bumperbot_mapping:/home/aarambh/my_robot_ws/install/bumperbot_localization:/home/aarambh/my_robot_ws/install/bumperbot_firmware:/home/aarambh/my_robot_ws/install/bumperbot_description:/home/aarambh/my_robot_ws/install/bumperbot_controller:/home/aarambh/my_robot_ws/install/bumperbot_py_examples:/opt/ros/humble LD_LIBRARY_PATH=/home/aarambh/my_robot_ws/install/bumperbot_msgs/lib:/home/aarambh/my_robot_ws/install/bumperbot_planning/lib:/home/aarambh/my_robot_ws/install/bumperbot_cpp_examples/lib:/home/aarambh/my_robot_ws/install/bumperbot_motion/lib:/home/aarambh/my_robot_ws/install/bumperbot_firmware/lib:/opt/ros/humble/opt/rviz_ogre_vendor/lib:/opt/ros/humble/lib/aarch64-linux-gnu:/opt/ros/humble/lib /usr/bin/cmake --install /home/aarambh/my_robot_ws/build/bumperbot_cpp_examples
[12.413s] Level 1:colcon.colcon_core.environment:checking '/home/aarambh/my_robot_ws/install/bumperbot_cpp_examples' for CMake config files
[12.416s] Level 1:colcon.colcon_core.shell:create_environment_hook('bumperbot_cpp_examples', 'cmake_prefix_path')
[12.417s] INFO:colcon.colcon_core.shell:Creating environment hook '/home/aarambh/my_robot_ws/install/bumperbot_cpp_examples/share/bumperbot_cpp_examples/hook/cmake_prefix_path.ps1'
[12.420s] INFO:colcon.colcon_core.shell:Creating environment descriptor '/home/aarambh/my_robot_ws/install/bumperbot_cpp_examples/share/bumperbot_cpp_examples/hook/cmake_prefix_path.dsv'
[12.422s] INFO:colcon.colcon_core.shell:Creating environment hook '/home/aarambh/my_robot_ws/install/bumperbot_cpp_examples/share/bumperbot_cpp_examples/hook/cmake_prefix_path.sh'
[12.426s] Level 1:colcon.colcon_core.environment:checking '/home/aarambh/my_robot_ws/install/bumperbot_cpp_examples/lib'
[12.426s] Level 1:colcon.colcon_core.shell:create_environment_hook('bumperbot_cpp_examples', 'ld_library_path_lib')
[12.427s] INFO:colcon.colcon_core.shell:Creating environment hook '/home/aarambh/my_robot_ws/install/bumperbot_cpp_examples/share/bumperbot_cpp_examples/hook/ld_library_path_lib.ps1'
[12.430s] INFO:colcon.colcon_core.shell:Creating environment descriptor '/home/aarambh/my_robot_ws/install/bumperbot_cpp_examples/share/bumperbot_cpp_examples/hook/ld_library_path_lib.dsv'
[12.433s] INFO:colcon.colcon_core.shell:Creating environment hook '/home/aarambh/my_robot_ws/install/bumperbot_cpp_examples/share/bumperbot_cpp_examples/hook/ld_library_path_lib.sh'
[12.436s] Level 1:colcon.colcon_core.environment:checking '/home/aarambh/my_robot_ws/install/bumperbot_cpp_examples/bin'
[12.437s] Level 1:colcon.colcon_core.environment:checking '/home/aarambh/my_robot_ws/install/bumperbot_cpp_examples/lib/pkgconfig/bumperbot_cpp_examples.pc'
[12.438s] Level 1:colcon.colcon_core.environment:checking '/home/aarambh/my_robot_ws/install/bumperbot_cpp_examples/lib/python3.10/site-packages'
[12.440s] Level 1:colcon.colcon_core.environment:checking '/home/aarambh/my_robot_ws/install/bumperbot_cpp_examples/bin'
[12.442s] INFO:colcon.colcon_core.shell:Creating package script '/home/aarambh/my_robot_ws/install/bumperbot_cpp_examples/share/bumperbot_cpp_examples/package.ps1'
[12.445s] INFO:colcon.colcon_core.shell:Creating package descriptor '/home/aarambh/my_robot_ws/install/bumperbot_cpp_examples/share/bumperbot_cpp_examples/package.dsv'
[12.449s] INFO:colcon.colcon_core.shell:Creating package script '/home/aarambh/my_robot_ws/install/bumperbot_cpp_examples/share/bumperbot_cpp_examples/package.sh'
[12.452s] INFO:colcon.colcon_core.shell:Creating package script '/home/aarambh/my_robot_ws/install/bumperbot_cpp_examples/share/bumperbot_cpp_examples/package.bash'
[12.455s] INFO:colcon.colcon_core.shell:Creating package script '/home/aarambh/my_robot_ws/install/bumperbot_cpp_examples/share/bumperbot_cpp_examples/package.zsh'
[12.457s] Level 1:colcon.colcon_core.environment:create_file_with_runtime_dependencies(/home/aarambh/my_robot_ws/install/bumperbot_cpp_examples/share/colcon-core/packages/bumperbot_cpp_examples)
[12.462s] Level 1:colcon.colcon_core.environment:create_environment_scripts_only(bumperbot_cpp_examples)
[12.463s] Level 1:colcon.colcon_core.environment:checking '/home/aarambh/my_robot_ws/install/bumperbot_cpp_examples' for CMake module files
[12.467s] Level 1:colcon.colcon_core.environment:checking '/home/aarambh/my_robot_ws/install/bumperbot_cpp_examples' for CMake config files
[12.469s] Level 1:colcon.colcon_core.shell:create_environment_hook('bumperbot_cpp_examples', 'cmake_prefix_path')
[12.471s] INFO:colcon.colcon_core.shell:Creating environment hook '/home/aarambh/my_robot_ws/install/bumperbot_cpp_examples/share/bumperbot_cpp_examples/hook/cmake_prefix_path.ps1'
[12.473s] INFO:colcon.colcon_core.shell:Creating environment descriptor '/home/aarambh/my_robot_ws/install/bumperbot_cpp_examples/share/bumperbot_cpp_examples/hook/cmake_prefix_path.dsv'
[12.479s] INFO:colcon.colcon_core.shell:Creating environment hook '/home/aarambh/my_robot_ws/install/bumperbot_cpp_examples/share/bumperbot_cpp_examples/hook/cmake_prefix_path.sh'
[12.486s] Level 1:colcon.colcon_core.environment:checking '/home/aarambh/my_robot_ws/install/bumperbot_cpp_examples/lib'
[12.487s] Level 1:colcon.colcon_core.shell:create_environment_hook('bumperbot_cpp_examples', 'ld_library_path_lib')
[12.489s] INFO:colcon.colcon_core.shell:Creating environment hook '/home/aarambh/my_robot_ws/install/bumperbot_cpp_examples/share/bumperbot_cpp_examples/hook/ld_library_path_lib.ps1'
[12.493s] INFO:colcon.colcon_core.shell:Creating environment descriptor '/home/aarambh/my_robot_ws/install/bumperbot_cpp_examples/share/bumperbot_cpp_examples/hook/ld_library_path_lib.dsv'
[12.496s] INFO:colcon.colcon_core.shell:Creating environment hook '/home/aarambh/my_robot_ws/install/bumperbot_cpp_examples/share/bumperbot_cpp_examples/hook/ld_library_path_lib.sh'
[12.501s] Level 1:colcon.colcon_core.environment:checking '/home/aarambh/my_robot_ws/install/bumperbot_cpp_examples/bin'
[12.502s] Level 1:colcon.colcon_core.environment:checking '/home/aarambh/my_robot_ws/install/bumperbot_cpp_examples/lib/pkgconfig/bumperbot_cpp_examples.pc'
[12.505s] Level 1:colcon.colcon_core.environment:checking '/home/aarambh/my_robot_ws/install/bumperbot_cpp_examples/lib/python3.10/site-packages'
[12.508s] Level 1:colcon.colcon_core.environment:checking '/home/aarambh/my_robot_ws/install/bumperbot_cpp_examples/bin'
[12.510s] INFO:colcon.colcon_core.shell:Creating package script '/home/aarambh/my_robot_ws/install/bumperbot_cpp_examples/share/bumperbot_cpp_examples/package.ps1'
[12.514s] INFO:colcon.colcon_core.shell:Creating package descriptor '/home/aarambh/my_robot_ws/install/bumperbot_cpp_examples/share/bumperbot_cpp_examples/package.dsv'
[12.526s] INFO:colcon.colcon_core.shell:Creating package script '/home/aarambh/my_robot_ws/install/bumperbot_cpp_examples/share/bumperbot_cpp_examples/package.sh'
[12.530s] INFO:colcon.colcon_core.shell:Creating package script '/home/aarambh/my_robot_ws/install/bumperbot_cpp_examples/share/bumperbot_cpp_examples/package.bash'
[12.533s] INFO:colcon.colcon_core.shell:Creating package script '/home/aarambh/my_robot_ws/install/bumperbot_cpp_examples/share/bumperbot_cpp_examples/package.zsh'
[12.536s] Level 1:colcon.colcon_core.environment:create_file_with_runtime_dependencies(/home/aarambh/my_robot_ws/install/bumperbot_cpp_examples/share/colcon-core/packages/bumperbot_cpp_examples)
[12.541s] Level 1:colcon.colcon_core.environment:create_environment_scripts_only(bumperbot_utils)
[12.542s] Level 1:colcon.colcon_core.environment:checking '/home/aarambh/my_robot_ws/install/bumperbot_utils' for CMake module files
[12.544s] DEBUG:colcon.colcon_core.event_handler.log_command:Invoked command in '/home/aarambh/my_robot_ws/build/bumperbot_utils' returned '0': CMAKE_PREFIX_PATH=${CMAKE_PREFIX_PATH}:/home/aarambh/my_robot_ws/install/bumperbot_py_examples:/opt/ros/humble /usr/bin/cmake --install /home/aarambh/my_robot_ws/build/bumperbot_utils
[12.546s] Level 1:colcon.colcon_core.environment:checking '/home/aarambh/my_robot_ws/install/bumperbot_utils' for CMake config files
[12.549s] Level 1:colcon.colcon_core.shell:create_environment_hook('bumperbot_utils', 'cmake_prefix_path')
[12.550s] INFO:colcon.colcon_core.shell:Creating environment hook '/home/aarambh/my_robot_ws/install/bumperbot_utils/share/bumperbot_utils/hook/cmake_prefix_path.ps1'
[12.553s] INFO:colcon.colcon_core.shell:Creating environment descriptor '/home/aarambh/my_robot_ws/install/bumperbot_utils/share/bumperbot_utils/hook/cmake_prefix_path.dsv'
[12.555s] INFO:colcon.colcon_core.shell:Creating environment hook '/home/aarambh/my_robot_ws/install/bumperbot_utils/share/bumperbot_utils/hook/cmake_prefix_path.sh'
[12.558s] Level 1:colcon.colcon_core.environment:checking '/home/aarambh/my_robot_ws/install/bumperbot_utils/lib'
[12.559s] Level 1:colcon.colcon_core.environment:checking '/home/aarambh/my_robot_ws/install/bumperbot_utils/bin'
[12.559s] Level 1:colcon.colcon_core.environment:checking '/home/aarambh/my_robot_ws/install/bumperbot_utils/lib/pkgconfig/bumperbot_utils.pc'
[12.560s] Level 1:colcon.colcon_core.environment:checking '/home/aarambh/my_robot_ws/install/bumperbot_utils/lib/python3.10/site-packages'
[12.562s] Level 1:colcon.colcon_core.environment:checking '/home/aarambh/my_robot_ws/install/bumperbot_utils/bin'
[12.563s] INFO:colcon.colcon_core.shell:Creating package script '/home/aarambh/my_robot_ws/install/bumperbot_utils/share/bumperbot_utils/package.ps1'
[12.566s] INFO:colcon.colcon_core.shell:Creating package descriptor '/home/aarambh/my_robot_ws/install/bumperbot_utils/share/bumperbot_utils/package.dsv'
[12.568s] INFO:colcon.colcon_core.shell:Creating package script '/home/aarambh/my_robot_ws/install/bumperbot_utils/share/bumperbot_utils/package.sh'
[12.571s] INFO:colcon.colcon_core.shell:Creating package script '/home/aarambh/my_robot_ws/install/bumperbot_utils/share/bumperbot_utils/package.bash'
[12.573s] INFO:colcon.colcon_core.shell:Creating package script '/home/aarambh/my_robot_ws/install/bumperbot_utils/share/bumperbot_utils/package.zsh'
[12.575s] Level 1:colcon.colcon_core.environment:create_file_with_runtime_dependencies(/home/aarambh/my_robot_ws/install/bumperbot_utils/share/colcon-core/packages/bumperbot_utils)
[12.579s] Level 1:colcon.colcon_core.environment:create_environment_scripts_only(bumperbot_utils)
[12.580s] Level 1:colcon.colcon_core.environment:checking '/home/aarambh/my_robot_ws/install/bumperbot_utils' for CMake module files
[12.583s] Level 1:colcon.colcon_core.environment:checking '/home/aarambh/my_robot_ws/install/bumperbot_utils' for CMake config files
[12.585s] Level 1:colcon.colcon_core.shell:create_environment_hook('bumperbot_utils', 'cmake_prefix_path')
[12.586s] INFO:colcon.colcon_core.shell:Creating environment hook '/home/aarambh/my_robot_ws/install/bumperbot_utils/share/bumperbot_utils/hook/cmake_prefix_path.ps1'
[12.589s] INFO:colcon.colcon_core.shell:Creating environment descriptor '/home/aarambh/my_robot_ws/install/bumperbot_utils/share/bumperbot_utils/hook/cmake_prefix_path.dsv'
[12.591s] INFO:colcon.colcon_core.shell:Creating environment hook '/home/aarambh/my_robot_ws/install/bumperbot_utils/share/bumperbot_utils/hook/cmake_prefix_path.sh'
[12.595s] Level 1:colcon.colcon_core.environment:checking '/home/aarambh/my_robot_ws/install/bumperbot_utils/lib'
[12.595s] Level 1:colcon.colcon_core.environment:checking '/home/aarambh/my_robot_ws/install/bumperbot_utils/bin'
[12.596s] Level 1:colcon.colcon_core.environment:checking '/home/aarambh/my_robot_ws/install/bumperbot_utils/lib/pkgconfig/bumperbot_utils.pc'
[12.597s] Level 1:colcon.colcon_core.environment:checking '/home/aarambh/my_robot_ws/install/bumperbot_utils/lib/python3.10/site-packages'
[12.598s] Level 1:colcon.colcon_core.environment:checking '/home/aarambh/my_robot_ws/install/bumperbot_utils/bin'
[12.600s] INFO:colcon.colcon_core.shell:Creating package script '/home/aarambh/my_robot_ws/install/bumperbot_utils/share/bumperbot_utils/package.ps1'
[12.602s] INFO:colcon.colcon_core.shell:Creating package descriptor '/home/aarambh/my_robot_ws/install/bumperbot_utils/share/bumperbot_utils/package.dsv'
[12.605s] INFO:colcon.colcon_core.shell:Creating package script '/home/aarambh/my_robot_ws/install/bumperbot_utils/share/bumperbot_utils/package.sh'
[12.608s] INFO:colcon.colcon_core.shell:Creating package script '/home/aarambh/my_robot_ws/install/bumperbot_utils/share/bumperbot_utils/package.bash'
[12.611s] INFO:colcon.colcon_core.shell:Creating package script '/home/aarambh/my_robot_ws/install/bumperbot_utils/share/bumperbot_utils/package.zsh'
[12.615s] Level 1:colcon.colcon_core.environment:create_file_with_runtime_dependencies(/home/aarambh/my_robot_ws/install/bumperbot_utils/share/colcon-core/packages/bumperbot_utils)
[14.064s] DEBUG:colcon.colcon_core.event_handler.log_command:Invoking command in '/home/aarambh/my_robot_ws/src/bumperbot_py_examples': CMAKE_PREFIX_PATH=/home/aarambh/my_robot_ws/install/bumperbot_msgs:/home/aarambh/my_robot_ws/install/bumperbot_utils:/home/aarambh/my_robot_ws/install/bumperbot_navigation:/home/aarambh/my_robot_ws/install/bumperbot_planning:/home/aarambh/my_robot_ws/install/bumperbot_cpp_examples:/home/aarambh/my_robot_ws/install/bumperbot_motion:/home/aarambh/my_robot_ws/install/bumperbot_bringup:/home/aarambh/my_robot_ws/install/bumperbot_mapping:/home/aarambh/my_robot_ws/install/bumperbot_localization:/home/aarambh/my_robot_ws/install/bumperbot_firmware:/home/aarambh/my_robot_ws/install/bumperbot_description:/home/aarambh/my_robot_ws/install/bumperbot_controller LD_LIBRARY_PATH=/home/aarambh/my_robot_ws/install/bumperbot_msgs/lib:/home/aarambh/my_robot_ws/install/bumperbot_planning/lib:/home/aarambh/my_robot_ws/install/bumperbot_cpp_examples/lib:/home/aarambh/my_robot_ws/install/bumperbot_motion/lib:/home/aarambh/my_robot_ws/install/bumperbot_firmware/lib:/opt/ros/humble/opt/rviz_ogre_vendor/lib:/opt/ros/humble/lib/aarch64-linux-gnu:/opt/ros/humble/lib PYTHONPATH=/home/aarambh/my_robot_ws/build/bumperbot_py_examples/prefix_override:/usr/lib/python3/dist-packages/colcon_core/task/python/colcon_distutils_commands:/home/aarambh/my_robot_ws/install/bumperbot_py_examples/lib/python3.10/site-packages:${PYTHONPATH} /usr/bin/python3 -W ignore:setup.py install is deprecated -W ignore:easy_install command is deprecated setup.py egg_info --egg-base ../../build/bumperbot_py_examples build --build-base /home/aarambh/my_robot_ws/build/bumperbot_py_examples/build install --record /home/aarambh/my_robot_ws/build/bumperbot_py_examples/install.log --single-version-externally-managed install_data
[15.539s] Level 1:colcon.colcon_core.environment:checking '/home/aarambh/my_robot_ws/install/bumperbot_py_examples' for CMake module files
[15.543s] Level 1:colcon.colcon_core.environment:checking '/home/aarambh/my_robot_ws/install/bumperbot_py_examples' for CMake config files
[15.549s] DEBUG:colcon.colcon_core.event_handler.log_command:Invoked command in '/home/aarambh/my_robot_ws/src/bumperbot_py_examples' returned '0': CMAKE_PREFIX_PATH=/home/aarambh/my_robot_ws/install/bumperbot_msgs:/home/aarambh/my_robot_ws/install/bumperbot_utils:/home/aarambh/my_robot_ws/install/bumperbot_navigation:/home/aarambh/my_robot_ws/install/bumperbot_planning:/home/aarambh/my_robot_ws/install/bumperbot_cpp_examples:/home/aarambh/my_robot_ws/install/bumperbot_motion:/home/aarambh/my_robot_ws/install/bumperbot_bringup:/home/aarambh/my_robot_ws/install/bumperbot_mapping:/home/aarambh/my_robot_ws/install/bumperbot_localization:/home/aarambh/my_robot_ws/install/bumperbot_firmware:/home/aarambh/my_robot_ws/install/bumperbot_description:/home/aarambh/my_robot_ws/install/bumperbot_controller LD_LIBRARY_PATH=/home/aarambh/my_robot_ws/install/bumperbot_msgs/lib:/home/aarambh/my_robot_ws/install/bumperbot_planning/lib:/home/aarambh/my_robot_ws/install/bumperbot_cpp_examples/lib:/home/aarambh/my_robot_ws/install/bumperbot_motion/lib:/home/aarambh/my_robot_ws/install/bumperbot_firmware/lib:/opt/ros/humble/opt/rviz_ogre_vendor/lib:/opt/ros/humble/lib/aarch64-linux-gnu:/opt/ros/humble/lib PYTHONPATH=/home/aarambh/my_robot_ws/build/bumperbot_py_examples/prefix_override:/usr/lib/python3/dist-packages/colcon_core/task/python/colcon_distutils_commands:/home/aarambh/my_robot_ws/install/bumperbot_py_examples/lib/python3.10/site-packages:${PYTHONPATH} /usr/bin/python3 -W ignore:setup.py install is deprecated -W ignore:easy_install command is deprecated setup.py egg_info --egg-base ../../build/bumperbot_py_examples build --build-base /home/aarambh/my_robot_ws/build/bumperbot_py_examples/build install --record /home/aarambh/my_robot_ws/build/bumperbot_py_examples/install.log --single-version-externally-managed install_data
[15.553s] Level 1:colcon.colcon_core.environment:checking '/home/aarambh/my_robot_ws/install/bumperbot_py_examples/lib'
[15.554s] Level 1:colcon.colcon_core.environment:checking '/home/aarambh/my_robot_ws/install/bumperbot_py_examples/bin'
[15.554s] Level 1:colcon.colcon_core.environment:checking '/home/aarambh/my_robot_ws/install/bumperbot_py_examples/lib/pkgconfig/bumperbot_py_examples.pc'
[15.555s] Level 1:colcon.colcon_core.environment:checking '/home/aarambh/my_robot_ws/install/bumperbot_py_examples/lib/python3.10/site-packages'
[15.555s] Level 1:colcon.colcon_core.shell:create_environment_hook('bumperbot_py_examples', 'pythonpath')
[15.557s] INFO:colcon.colcon_core.shell:Creating environment hook '/home/aarambh/my_robot_ws/install/bumperbot_py_examples/share/bumperbot_py_examples/hook/pythonpath.ps1'
[15.559s] INFO:colcon.colcon_core.shell:Creating environment descriptor '/home/aarambh/my_robot_ws/install/bumperbot_py_examples/share/bumperbot_py_examples/hook/pythonpath.dsv'
[15.561s] INFO:colcon.colcon_core.shell:Creating environment hook '/home/aarambh/my_robot_ws/install/bumperbot_py_examples/share/bumperbot_py_examples/hook/pythonpath.sh'
[15.564s] Level 1:colcon.colcon_core.environment:checking '/home/aarambh/my_robot_ws/install/bumperbot_py_examples/bin'
[15.565s] Level 1:colcon.colcon_core.environment:create_environment_scripts_only(bumperbot_py_examples)
[15.566s] INFO:colcon.colcon_core.shell:Creating package script '/home/aarambh/my_robot_ws/install/bumperbot_py_examples/share/bumperbot_py_examples/package.ps1'
[15.569s] INFO:colcon.colcon_core.shell:Creating package descriptor '/home/aarambh/my_robot_ws/install/bumperbot_py_examples/share/bumperbot_py_examples/package.dsv'
[15.571s] INFO:colcon.colcon_core.shell:Creating package script '/home/aarambh/my_robot_ws/install/bumperbot_py_examples/share/bumperbot_py_examples/package.sh'
[15.573s] INFO:colcon.colcon_core.shell:Creating package script '/home/aarambh/my_robot_ws/install/bumperbot_py_examples/share/bumperbot_py_examples/package.bash'
[15.575s] INFO:colcon.colcon_core.shell:Creating package script '/home/aarambh/my_robot_ws/install/bumperbot_py_examples/share/bumperbot_py_examples/package.zsh'
[15.576s] Level 1:colcon.colcon_core.environment:create_file_with_runtime_dependencies(/home/aarambh/my_robot_ws/install/bumperbot_py_examples/share/colcon-core/packages/bumperbot_py_examples)
[15.577s] DEBUG:colcon.colcon_parallel_executor.executor.parallel:closing loop
[15.579s] DEBUG:colcon.colcon_parallel_executor.executor.parallel:loop closed
[15.579s] DEBUG:colcon.colcon_parallel_executor.executor.parallel:run_until_complete finished with '0'
[15.580s] DEBUG:colcon.colcon_core.event_reactor:joining thread
[15.605s] INFO:colcon.colcon_core.plugin_system:Skipping extension 'colcon_notification.desktop_notification.terminal_notifier': Not used on non-Darwin systems
[15.606s] INFO:colcon.colcon_core.plugin_system:Skipping extension 'colcon_notification.desktop_notification.win32': Not used on non-Windows systems
[15.606s] INFO:colcon.colcon_notification.desktop_notification:Sending desktop notification using 'notify2'
[15.611s] DEBUG:colcon.colcon_notification.desktop_notification.notify2:Failed to initialize notify2: org.freedesktop.DBus.Error.ServiceUnknown: The name org.freedesktop.Notifications was not provided by any .service files
[15.612s] DEBUG:colcon.colcon_core.event_reactor:joined thread
[15.613s] INFO:colcon.colcon_core.shell:Creating prefix script '/home/aarambh/my_robot_ws/install/local_setup.ps1'
[15.616s] INFO:colcon.colcon_core.shell:Creating prefix util module '/home/aarambh/my_robot_ws/install/_local_setup_util_ps1.py'
[15.622s] INFO:colcon.colcon_core.shell:Creating prefix chain script '/home/aarambh/my_robot_ws/install/setup.ps1'
[15.632s] INFO:colcon.colcon_core.shell:Creating prefix script '/home/aarambh/my_robot_ws/install/local_setup.sh'
[15.635s] INFO:colcon.colcon_core.shell:Creating prefix util module '/home/aarambh/my_robot_ws/install/_local_setup_util_sh.py'
[15.638s] INFO:colcon.colcon_core.shell:Creating prefix chain script '/home/aarambh/my_robot_ws/install/setup.sh'
[15.646s] INFO:colcon.colcon_core.shell:Creating prefix script '/home/aarambh/my_robot_ws/install/local_setup.bash'
[15.648s] INFO:colcon.colcon_core.shell:Creating prefix chain script '/home/aarambh/my_robot_ws/install/setup.bash'
[15.657s] INFO:colcon.colcon_core.shell:Creating prefix script '/home/aarambh/my_robot_ws/install/local_setup.zsh'
[15.659s] INFO:colcon.colcon_core.shell:Creating prefix chain script '/home/aarambh/my_robot_ws/install/setup.zsh'
