[0.117s] Invoking command in '/home/aarambh/my_robot_ws/build/bumperbot_description': CMAKE_PREFIX_PATH=${CMAKE_PREFIX_PATH}:/home/aarambh/my_robot_ws/install/bumperbot_py_examples:/opt/ros/humble /usr/bin/cmake --build /home/aarambh/my_robot_ws/build/bumperbot_description -- -j4 -l4
[0.398s] Invoked command in '/home/aarambh/my_robot_ws/build/bumperbot_description' returned '0': CMAKE_PREFIX_PATH=${CMAKE_PREFIX_PATH}:/home/aarambh/my_robot_ws/install/bumperbot_py_examples:/opt/ros/humble /usr/bin/cmake --build /home/aarambh/my_robot_ws/build/bumperbot_description -- -j4 -l4
[0.479s] Invoking command in '/home/aarambh/my_robot_ws/build/bumperbot_description': CMAKE_PREFIX_PATH=${CMAKE_PREFIX_PATH}:/home/aarambh/my_robot_ws/install/bumperbot_py_examples:/opt/ros/humble /usr/bin/cmake --install /home/aarambh/my_robot_ws/build/bumperbot_description
[0.610s] -- Install configuration: ""
[0.612s] -- Up-to-date: /home/aarambh/my_robot_ws/install/bumperbot_description/share/bumperbot_description/launch
[0.614s] -- Up-to-date: /home/aarambh/my_robot_ws/install/bumperbot_description/share/bumperbot_description/launch/display.launch.py
[0.615s] -- Up-to-date: /home/aarambh/my_robot_ws/install/bumperbot_description/share/bumperbot_description/launch/gazebo.launch.py
[0.617s] -- Up-to-date: /home/aarambh/my_robot_ws/install/bumperbot_description/share/bumperbot_description/meshes
[0.619s] -- Up-to-date: /home/aarambh/my_robot_ws/install/bumperbot_description/share/bumperbot_description/meshes/caster_front_link.STL
[0.621s] -- Up-to-date: /home/aarambh/my_robot_ws/install/bumperbot_description/share/bumperbot_description/meshes/caster_rear_link.STL
[0.625s] -- Up-to-date: /home/aarambh/my_robot_ws/install/bumperbot_description/share/bumperbot_description/meshes/wheel_left_link.STL
[0.629s] -- Up-to-date: /home/aarambh/my_robot_ws/install/bumperbot_description/share/bumperbot_description/meshes/base_link.STL
[0.633s] -- Up-to-date: /home/aarambh/my_robot_ws/install/bumperbot_description/share/bumperbot_description/meshes/wheel_right_link.STL
[0.635s] -- Up-to-date: /home/aarambh/my_robot_ws/install/bumperbot_description/share/bumperbot_description/meshes/imu_link.STL
[0.638s] -- Up-to-date: /home/aarambh/my_robot_ws/install/bumperbot_description/share/bumperbot_description/meshes/laser_link.STL
[0.641s] -- Up-to-date: /home/aarambh/my_robot_ws/install/bumperbot_description/share/bumperbot_description/models
[0.645s] -- Up-to-date: /home/aarambh/my_robot_ws/install/bumperbot_description/share/bumperbot_description/models/aws_robomaker_warehouse_ShelfF_01
[0.646s] -- Up-to-date: /home/aarambh/my_robot_ws/install/bumperbot_description/share/bumperbot_description/models/aws_robomaker_warehouse_ShelfF_01/model.sdf
[0.648s] -- Up-to-date: /home/aarambh/my_robot_ws/install/bumperbot_description/share/bumperbot_description/models/aws_robomaker_warehouse_ShelfF_01/materials
[0.650s] -- Up-to-date: /home/aarambh/my_robot_ws/install/bumperbot_description/share/bumperbot_description/models/aws_robomaker_warehouse_ShelfF_01/materials/textures
[0.652s] -- Up-to-date: /home/aarambh/my_robot_ws/install/bumperbot_description/share/bumperbot_description/models/aws_robomaker_warehouse_ShelfF_01/materials/textures/aws_robomaker_warehouse_ShelfF_02.png
[0.653s] -- Up-to-date: /home/aarambh/my_robot_ws/install/bumperbot_description/share/bumperbot_description/models/aws_robomaker_warehouse_ShelfF_01/materials/textures/aws_robomaker_warehouse_ShelfF_01.png
[0.655s] -- Up-to-date: /home/aarambh/my_robot_ws/install/bumperbot_description/share/bumperbot_description/models/aws_robomaker_warehouse_ShelfF_01/materials/textures/aws_robomaker_warehouse_ShelfF_03.png
[0.659s] -- Up-to-date: /home/aarambh/my_robot_ws/install/bumperbot_description/share/bumperbot_description/models/aws_robomaker_warehouse_ShelfF_01/model.config
[0.659s] -- Up-to-date: /home/aarambh/my_robot_ws/install/bumperbot_description/share/bumperbot_description/models/aws_robomaker_warehouse_ShelfF_01/meshes
[0.660s] -- Up-to-date: /home/aarambh/my_robot_ws/install/bumperbot_description/share/bumperbot_description/models/aws_robomaker_warehouse_ShelfF_01/meshes/aws_robomaker_warehouse_ShelfF_01_collision.DAE
[0.663s] -- Up-to-date: /home/aarambh/my_robot_ws/install/bumperbot_description/share/bumperbot_description/models/aws_robomaker_warehouse_ShelfF_01/meshes/aws_robomaker_warehouse_ShelfF_01_visual.DAE
[0.664s] -- Up-to-date: /home/aarambh/my_robot_ws/install/bumperbot_description/share/bumperbot_description/models/aws_robomaker_residential_Vase_01
[0.665s] -- Up-to-date: /home/aarambh/my_robot_ws/install/bumperbot_description/share/bumperbot_description/models/aws_robomaker_residential_Vase_01/model.sdf
[0.674s] -- Up-to-date: /home/aarambh/my_robot_ws/install/bumperbot_description/share/bumperbot_description/models/aws_robomaker_residential_Vase_01/materials
[0.674s] -- Up-to-date: /home/aarambh/my_robot_ws/install/bumperbot_description/share/bumperbot_description/models/aws_robomaker_residential_Vase_01/materials/textures
[0.675s] -- Up-to-date: /home/aarambh/my_robot_ws/install/bumperbot_description/share/bumperbot_description/models/aws_robomaker_residential_Vase_01/materials/textures/aws_Vase_01.png
[0.675s] -- Up-to-date: /home/aarambh/my_robot_ws/install/bumperbot_description/share/bumperbot_description/models/aws_robomaker_residential_Vase_01/model.config
[0.676s] -- Up-to-date: /home/aarambh/my_robot_ws/install/bumperbot_description/share/bumperbot_description/models/aws_robomaker_residential_Vase_01/meshes
[0.681s] -- Up-to-date: /home/aarambh/my_robot_ws/install/bumperbot_description/share/bumperbot_description/models/aws_robomaker_residential_Vase_01/meshes/aws_Vase_01_visual.DAE
[0.682s] -- Up-to-date: /home/aarambh/my_robot_ws/install/bumperbot_description/share/bumperbot_description/models/aws_robomaker_residential_Vase_01/meshes/aws_Vase_01_collision.DAE
[0.683s] -- Up-to-date: /home/aarambh/my_robot_ws/install/bumperbot_description/share/bumperbot_description/models/aws_robomaker_residential_PortraitA_01
[0.683s] -- Up-to-date: /home/aarambh/my_robot_ws/install/bumperbot_description/share/bumperbot_description/models/aws_robomaker_residential_PortraitA_01/model.sdf
[0.684s] -- Up-to-date: /home/aarambh/my_robot_ws/install/bumperbot_description/share/bumperbot_description/models/aws_robomaker_residential_PortraitA_01/materials
[0.684s] -- Up-to-date: /home/aarambh/my_robot_ws/install/bumperbot_description/share/bumperbot_description/models/aws_robomaker_residential_PortraitA_01/materials/textures
[0.685s] -- Up-to-date: /home/aarambh/my_robot_ws/install/bumperbot_description/share/bumperbot_description/models/aws_robomaker_residential_PortraitA_01/materials/textures/aws_PortraitA_01.png
[0.686s] -- Up-to-date: /home/aarambh/my_robot_ws/install/bumperbot_description/share/bumperbot_description/models/aws_robomaker_residential_PortraitA_01/materials/textures/aws_PortraitA_02.png
[0.694s] -- Up-to-date: /home/aarambh/my_robot_ws/install/bumperbot_description/share/bumperbot_description/models/aws_robomaker_residential_PortraitA_01/model.config
[0.695s] -- Up-to-date: /home/aarambh/my_robot_ws/install/bumperbot_description/share/bumperbot_description/models/aws_robomaker_residential_PortraitA_01/meshes
[0.702s] -- Up-to-date: /home/aarambh/my_robot_ws/install/bumperbot_description/share/bumperbot_description/models/aws_robomaker_residential_PortraitA_01/meshes/aws_PortraitA_01_visual.DAE
[0.703s] -- Up-to-date: /home/aarambh/my_robot_ws/install/bumperbot_description/share/bumperbot_description/models/aws_robomaker_residential_PortraitA_01/meshes/aws_PortraitA_01_collision.DAE
[0.703s] -- Up-to-date: /home/aarambh/my_robot_ws/install/bumperbot_description/share/bumperbot_description/models/aws_robomaker_residential_FoldingDoor_02
[0.704s] -- Up-to-date: /home/aarambh/my_robot_ws/install/bumperbot_description/share/bumperbot_description/models/aws_robomaker_residential_FoldingDoor_02/model.sdf
[0.705s] -- Up-to-date: /home/aarambh/my_robot_ws/install/bumperbot_description/share/bumperbot_description/models/aws_robomaker_residential_FoldingDoor_02/materials
[0.706s] -- Up-to-date: /home/aarambh/my_robot_ws/install/bumperbot_description/share/bumperbot_description/models/aws_robomaker_residential_FoldingDoor_02/materials/textures
[0.707s] -- Up-to-date: /home/aarambh/my_robot_ws/install/bumperbot_description/share/bumperbot_description/models/aws_robomaker_residential_FoldingDoor_02/materials/textures/aws_FoldingDoor_02.png
[0.707s] -- Up-to-date: /home/aarambh/my_robot_ws/install/bumperbot_description/share/bumperbot_description/models/aws_robomaker_residential_FoldingDoor_02/model.config
[0.708s] -- Up-to-date: /home/aarambh/my_robot_ws/install/bumperbot_description/share/bumperbot_description/models/aws_robomaker_residential_FoldingDoor_02/meshes
[0.708s] -- Up-to-date: /home/aarambh/my_robot_ws/install/bumperbot_description/share/bumperbot_description/models/aws_robomaker_residential_FoldingDoor_02/meshes/aws_FoldingDoor_02_visual.DAE
[0.722s] -- Up-to-date: /home/aarambh/my_robot_ws/install/bumperbot_description/share/bumperbot_description/models/aws_robomaker_residential_FoldingDoor_02/meshes/aws_FoldingDoor_02_collision.DAE
[0.723s] -- Up-to-date: /home/aarambh/my_robot_ws/install/bumperbot_description/share/bumperbot_description/models/aws_robomaker_residential_PortraitE_01
[0.724s] -- Up-to-date: /home/aarambh/my_robot_ws/install/bumperbot_description/share/bumperbot_description/models/aws_robomaker_residential_PortraitE_01/model.sdf
[0.725s] -- Up-to-date: /home/aarambh/my_robot_ws/install/bumperbot_description/share/bumperbot_description/models/aws_robomaker_residential_PortraitE_01/materials
[0.725s] -- Up-to-date: /home/aarambh/my_robot_ws/install/bumperbot_description/share/bumperbot_description/models/aws_robomaker_residential_PortraitE_01/materials/textures
[0.725s] -- Up-to-date: /home/aarambh/my_robot_ws/install/bumperbot_description/share/bumperbot_description/models/aws_robomaker_residential_PortraitE_01/materials/textures/aws_PortraitE_02.png
[0.726s] -- Up-to-date: /home/aarambh/my_robot_ws/install/bumperbot_description/share/bumperbot_description/models/aws_robomaker_residential_PortraitE_01/materials/textures/aws_PortraitE_01.png
[0.727s] -- Up-to-date: /home/aarambh/my_robot_ws/install/bumperbot_description/share/bumperbot_description/models/aws_robomaker_residential_PortraitE_01/model.config
[0.727s] -- Up-to-date: /home/aarambh/my_robot_ws/install/bumperbot_description/share/bumperbot_description/models/aws_robomaker_residential_PortraitE_01/meshes
[0.728s] -- Up-to-date: /home/aarambh/my_robot_ws/install/bumperbot_description/share/bumperbot_description/models/aws_robomaker_residential_PortraitE_01/meshes/aws_PortraitE_01_collision.DAE
[0.741s] -- Up-to-date: /home/aarambh/my_robot_ws/install/bumperbot_description/share/bumperbot_description/models/aws_robomaker_residential_PortraitE_01/meshes/aws_PortraitE_01_visual.DAE
[0.743s] -- Up-to-date: /home/aarambh/my_robot_ws/install/bumperbot_description/share/bumperbot_description/models/aws_robomaker_residential_TV_01
[0.743s] -- Up-to-date: /home/aarambh/my_robot_ws/install/bumperbot_description/share/bumperbot_description/models/aws_robomaker_residential_TV_01/model.sdf
[0.744s] -- Up-to-date: /home/aarambh/my_robot_ws/install/bumperbot_description/share/bumperbot_description/models/aws_robomaker_residential_TV_01/materials
[0.745s] -- Up-to-date: /home/aarambh/my_robot_ws/install/bumperbot_description/share/bumperbot_description/models/aws_robomaker_residential_TV_01/materials/textures
[0.745s] -- Up-to-date: /home/aarambh/my_robot_ws/install/bumperbot_description/share/bumperbot_description/models/aws_robomaker_residential_TV_01/materials/textures/aws_TV_01.png
[0.746s] -- Up-to-date: /home/aarambh/my_robot_ws/install/bumperbot_description/share/bumperbot_description/models/aws_robomaker_residential_TV_01/model.config
[0.746s] -- Up-to-date: /home/aarambh/my_robot_ws/install/bumperbot_description/share/bumperbot_description/models/aws_robomaker_residential_TV_01/meshes
[0.747s] -- Up-to-date: /home/aarambh/my_robot_ws/install/bumperbot_description/share/bumperbot_description/models/aws_robomaker_residential_TV_01/meshes/aws_TV_01_collision.DAE
[0.748s] -- Up-to-date: /home/aarambh/my_robot_ws/install/bumperbot_description/share/bumperbot_description/models/aws_robomaker_residential_TV_01/meshes/aws_TV_01_visual.DAE
[0.749s] -- Up-to-date: /home/aarambh/my_robot_ws/install/bumperbot_description/share/bumperbot_description/models/aws_robomaker_warehouse_TrashCanC_01
[0.749s] -- Up-to-date: /home/aarambh/my_robot_ws/install/bumperbot_description/share/bumperbot_description/models/aws_robomaker_warehouse_TrashCanC_01/model.sdf
[0.750s] -- Up-to-date: /home/aarambh/my_robot_ws/install/bumperbot_description/share/bumperbot_description/models/aws_robomaker_warehouse_TrashCanC_01/materials
[0.758s] -- Up-to-date: /home/aarambh/my_robot_ws/install/bumperbot_description/share/bumperbot_description/models/aws_robomaker_warehouse_TrashCanC_01/materials/textures
[0.759s] -- Up-to-date: /home/aarambh/my_robot_ws/install/bumperbot_description/share/bumperbot_description/models/aws_robomaker_warehouse_TrashCanC_01/materials/textures/aws_robomaker_warehouse_TrashCanC_01.png
[0.761s] -- Up-to-date: /home/aarambh/my_robot_ws/install/bumperbot_description/share/bumperbot_description/models/aws_robomaker_warehouse_TrashCanC_01/model.config
[0.763s] -- Up-to-date: /home/aarambh/my_robot_ws/install/bumperbot_description/share/bumperbot_description/models/aws_robomaker_warehouse_TrashCanC_01/meshes
[0.763s] -- Up-to-date: /home/aarambh/my_robot_ws/install/bumperbot_description/share/bumperbot_description/models/aws_robomaker_warehouse_TrashCanC_01/meshes/aws_robomaker_warehouse_TrashCanC_01_visual.DAE
[0.763s] -- Up-to-date: /home/aarambh/my_robot_ws/install/bumperbot_description/share/bumperbot_description/models/aws_robomaker_warehouse_TrashCanC_01/meshes/aws_robomaker_warehouse_TrashCanC_01_collision.DAE
[0.764s] -- Up-to-date: /home/aarambh/my_robot_ws/install/bumperbot_description/share/bumperbot_description/models/aws_robomaker_residential_Wardrobe_01
[0.765s] -- Up-to-date: /home/aarambh/my_robot_ws/install/bumperbot_description/share/bumperbot_description/models/aws_robomaker_residential_Wardrobe_01/model.sdf
[0.765s] -- Up-to-date: /home/aarambh/my_robot_ws/install/bumperbot_description/share/bumperbot_description/models/aws_robomaker_residential_Wardrobe_01/materials
[0.772s] -- Up-to-date: /home/aarambh/my_robot_ws/install/bumperbot_description/share/bumperbot_description/models/aws_robomaker_residential_Wardrobe_01/materials/textures
[0.772s] -- Up-to-date: /home/aarambh/my_robot_ws/install/bumperbot_description/share/bumperbot_description/models/aws_robomaker_residential_Wardrobe_01/materials/textures/aws_Wardrobe_01.png
[0.777s] -- Up-to-date: /home/aarambh/my_robot_ws/install/bumperbot_description/share/bumperbot_description/models/aws_robomaker_residential_Wardrobe_01/model.config
[0.777s] -- Up-to-date: /home/aarambh/my_robot_ws/install/bumperbot_description/share/bumperbot_description/models/aws_robomaker_residential_Wardrobe_01/meshes
[0.778s] -- Up-to-date: /home/aarambh/my_robot_ws/install/bumperbot_description/share/bumperbot_description/models/aws_robomaker_residential_Wardrobe_01/meshes/aws_Wardrobe_01_collision.DAE
[0.778s] -- Up-to-date: /home/aarambh/my_robot_ws/install/bumperbot_description/share/bumperbot_description/models/aws_robomaker_residential_Wardrobe_01/meshes/aws_Wardrobe_01_visual.DAE
[0.779s] -- Up-to-date: /home/aarambh/my_robot_ws/install/bumperbot_description/share/bumperbot_description/models/aws_robomaker_residential_SofaB_01
[0.779s] -- Up-to-date: /home/aarambh/my_robot_ws/install/bumperbot_description/share/bumperbot_description/models/aws_robomaker_residential_SofaB_01/model.sdf
[0.779s] -- Up-to-date: /home/aarambh/my_robot_ws/install/bumperbot_description/share/bumperbot_description/models/aws_robomaker_residential_SofaB_01/materials
[0.780s] -- Up-to-date: /home/aarambh/my_robot_ws/install/bumperbot_description/share/bumperbot_description/models/aws_robomaker_residential_SofaB_01/materials/textures
[0.780s] -- Up-to-date: /home/aarambh/my_robot_ws/install/bumperbot_description/share/bumperbot_description/models/aws_robomaker_residential_SofaB_01/materials/textures/aws_SofaB_01.png
[0.781s] -- Up-to-date: /home/aarambh/my_robot_ws/install/bumperbot_description/share/bumperbot_description/models/aws_robomaker_residential_SofaB_01/model.config
[0.781s] -- Up-to-date: /home/aarambh/my_robot_ws/install/bumperbot_description/share/bumperbot_description/models/aws_robomaker_residential_SofaB_01/meshes
[0.781s] -- Up-to-date: /home/aarambh/my_robot_ws/install/bumperbot_description/share/bumperbot_description/models/aws_robomaker_residential_SofaB_01/meshes/aws_SofaB_01_collision.DAE
[0.782s] -- Up-to-date: /home/aarambh/my_robot_ws/install/bumperbot_description/share/bumperbot_description/models/aws_robomaker_residential_SofaB_01/meshes/aws_SofaB_01_visual.DAE
[0.782s] -- Up-to-date: /home/aarambh/my_robot_ws/install/bumperbot_description/share/bumperbot_description/models/aws_robomaker_residential_AirconditionerB_01
[0.797s] -- Up-to-date: /home/aarambh/my_robot_ws/install/bumperbot_description/share/bumperbot_description/models/aws_robomaker_residential_AirconditionerB_01/model.sdf
[0.798s] -- Up-to-date: /home/aarambh/my_robot_ws/install/bumperbot_description/share/bumperbot_description/models/aws_robomaker_residential_AirconditionerB_01/materials
[0.799s] -- Up-to-date: /home/aarambh/my_robot_ws/install/bumperbot_description/share/bumperbot_description/models/aws_robomaker_residential_AirconditionerB_01/materials/textures
[0.799s] -- Up-to-date: /home/aarambh/my_robot_ws/install/bumperbot_description/share/bumperbot_description/models/aws_robomaker_residential_AirconditionerB_01/materials/textures/aws_AirconditionerB_01.png
[0.800s] -- Up-to-date: /home/aarambh/my_robot_ws/install/bumperbot_description/share/bumperbot_description/models/aws_robomaker_residential_AirconditionerB_01/model.config
[0.800s] -- Up-to-date: /home/aarambh/my_robot_ws/install/bumperbot_description/share/bumperbot_description/models/aws_robomaker_residential_AirconditionerB_01/meshes
[0.800s] -- Up-to-date: /home/aarambh/my_robot_ws/install/bumperbot_description/share/bumperbot_description/models/aws_robomaker_residential_AirconditionerB_01/meshes/aws_AirconditionerB_01_visual.DAE
[0.801s] -- Up-to-date: /home/aarambh/my_robot_ws/install/bumperbot_description/share/bumperbot_description/models/aws_robomaker_residential_AirconditionerB_01/meshes/aws_AirconditionerB_01_collision.DAE
[0.801s] -- Up-to-date: /home/aarambh/my_robot_ws/install/bumperbot_description/share/bumperbot_description/models/aws_robomaker_residential_DeskPortraitD_01
[0.802s] -- Up-to-date: /home/aarambh/my_robot_ws/install/bumperbot_description/share/bumperbot_description/models/aws_robomaker_residential_DeskPortraitD_01/model.sdf
[0.802s] -- Up-to-date: /home/aarambh/my_robot_ws/install/bumperbot_description/share/bumperbot_description/models/aws_robomaker_residential_DeskPortraitD_01/materials
[0.803s] -- Up-to-date: /home/aarambh/my_robot_ws/install/bumperbot_description/share/bumperbot_description/models/aws_robomaker_residential_DeskPortraitD_01/materials/textures
[0.803s] -- Up-to-date: /home/aarambh/my_robot_ws/install/bumperbot_description/share/bumperbot_description/models/aws_robomaker_residential_DeskPortraitD_01/materials/textures/aws_DeskPortraitD_01.png
[0.803s] -- Up-to-date: /home/aarambh/my_robot_ws/install/bumperbot_description/share/bumperbot_description/models/aws_robomaker_residential_DeskPortraitD_01/materials/textures/aws_DeskPortraitD_02.png
[0.804s] -- Up-to-date: /home/aarambh/my_robot_ws/install/bumperbot_description/share/bumperbot_description/models/aws_robomaker_residential_DeskPortraitD_01/model.config
[0.804s] -- Up-to-date: /home/aarambh/my_robot_ws/install/bumperbot_description/share/bumperbot_description/models/aws_robomaker_residential_DeskPortraitD_01/meshes
[0.804s] -- Up-to-date: /home/aarambh/my_robot_ws/install/bumperbot_description/share/bumperbot_description/models/aws_robomaker_residential_DeskPortraitD_01/meshes/aws_DeskPortraitD_01_collision.DAE
[0.805s] -- Up-to-date: /home/aarambh/my_robot_ws/install/bumperbot_description/share/bumperbot_description/models/aws_robomaker_residential_DeskPortraitD_01/meshes/aws_DeskPortraitD_01_visual.DAE
[0.805s] -- Up-to-date: /home/aarambh/my_robot_ws/install/bumperbot_description/share/bumperbot_description/models/aws_robomaker_residential_ShoeRack_01
[0.821s] -- Up-to-date: /home/aarambh/my_robot_ws/install/bumperbot_description/share/bumperbot_description/models/aws_robomaker_residential_ShoeRack_01/model.sdf
[0.822s] -- Up-to-date: /home/aarambh/my_robot_ws/install/bumperbot_description/share/bumperbot_description/models/aws_robomaker_residential_ShoeRack_01/materials
[0.822s] -- Up-to-date: /home/aarambh/my_robot_ws/install/bumperbot_description/share/bumperbot_description/models/aws_robomaker_residential_ShoeRack_01/materials/textures
[0.823s] -- Up-to-date: /home/aarambh/my_robot_ws/install/bumperbot_description/share/bumperbot_description/models/aws_robomaker_residential_ShoeRack_01/materials/textures/aws_ShoeRack_01.png
[0.823s] -- Up-to-date: /home/aarambh/my_robot_ws/install/bumperbot_description/share/bumperbot_description/models/aws_robomaker_residential_ShoeRack_01/model.config
[0.823s] -- Up-to-date: /home/aarambh/my_robot_ws/install/bumperbot_description/share/bumperbot_description/models/aws_robomaker_residential_ShoeRack_01/meshes
[0.829s] -- Up-to-date: /home/aarambh/my_robot_ws/install/bumperbot_description/share/bumperbot_description/models/aws_robomaker_residential_ShoeRack_01/meshes/aws_ShoeRack_01_visual.DAE
[0.830s] -- Up-to-date: /home/aarambh/my_robot_ws/install/bumperbot_description/share/bumperbot_description/models/aws_robomaker_residential_ShoeRack_01/meshes/aws_ShoeRack_01_collision.DAE
[0.830s] -- Up-to-date: /home/aarambh/my_robot_ws/install/bumperbot_description/share/bumperbot_description/models/aws_robomaker_residential_RoomWindow_01
[0.837s] -- Up-to-date: /home/aarambh/my_robot_ws/install/bumperbot_description/share/bumperbot_description/models/aws_robomaker_residential_RoomWindow_01/model.sdf
[0.838s] -- Up-to-date: /home/aarambh/my_robot_ws/install/bumperbot_description/share/bumperbot_description/models/aws_robomaker_residential_RoomWindow_01/materials
[0.838s] -- Up-to-date: /home/aarambh/my_robot_ws/install/bumperbot_description/share/bumperbot_description/models/aws_robomaker_residential_RoomWindow_01/materials/textures
[0.839s] -- Up-to-date: /home/aarambh/my_robot_ws/install/bumperbot_description/share/bumperbot_description/models/aws_robomaker_residential_RoomWindow_01/materials/textures/aws_RoomWindow_01.png
[0.839s] -- Up-to-date: /home/aarambh/my_robot_ws/install/bumperbot_description/share/bumperbot_description/models/aws_robomaker_residential_RoomWindow_01/model.config
[0.840s] -- Up-to-date: /home/aarambh/my_robot_ws/install/bumperbot_description/share/bumperbot_description/models/aws_robomaker_residential_RoomWindow_01/meshes
[0.840s] -- Up-to-date: /home/aarambh/my_robot_ws/install/bumperbot_description/share/bumperbot_description/models/aws_robomaker_residential_RoomWindow_01/meshes/aws_RoomWindow_01_collision.DAE
[0.840s] -- Up-to-date: /home/aarambh/my_robot_ws/install/bumperbot_description/share/bumperbot_description/models/aws_robomaker_residential_RoomWindow_01/meshes/aws_RoomWindow_01_visual.DAE
[0.841s] -- Up-to-date: /home/aarambh/my_robot_ws/install/bumperbot_description/share/bumperbot_description/models/aws_robomaker_residential_Pillow_01
[0.842s] -- Up-to-date: /home/aarambh/my_robot_ws/install/bumperbot_description/share/bumperbot_description/models/aws_robomaker_residential_Pillow_01/model.sdf
[0.849s] -- Up-to-date: /home/aarambh/my_robot_ws/install/bumperbot_description/share/bumperbot_description/models/aws_robomaker_residential_Pillow_01/materials
[0.851s] -- Up-to-date: /home/aarambh/my_robot_ws/install/bumperbot_description/share/bumperbot_description/models/aws_robomaker_residential_Pillow_01/materials/textures
[0.852s] -- Up-to-date: /home/aarambh/my_robot_ws/install/bumperbot_description/share/bumperbot_description/models/aws_robomaker_residential_Pillow_01/materials/textures/aws_Pillow_01.png
[0.857s] -- Up-to-date: /home/aarambh/my_robot_ws/install/bumperbot_description/share/bumperbot_description/models/aws_robomaker_residential_Pillow_01/model.config
[0.861s] -- Up-to-date: /home/aarambh/my_robot_ws/install/bumperbot_description/share/bumperbot_description/models/aws_robomaker_residential_Pillow_01/meshes
[0.862s] -- Up-to-date: /home/aarambh/my_robot_ws/install/bumperbot_description/share/bumperbot_description/models/aws_robomaker_residential_Pillow_01/meshes/aws_Pillow_01_visual.DAE
[0.863s] -- Up-to-date: /home/aarambh/my_robot_ws/install/bumperbot_description/share/bumperbot_description/models/aws_robomaker_residential_Pillow_01/meshes/aws_Pillow_01_collision.DAE
[0.864s] -- Up-to-date: /home/aarambh/my_robot_ws/install/bumperbot_description/share/bumperbot_description/models/aws_robomaker_warehouse_ClutteringC_01
[0.865s] -- Up-to-date: /home/aarambh/my_robot_ws/install/bumperbot_description/share/bumperbot_description/models/aws_robomaker_warehouse_ClutteringC_01/model.sdf
[0.882s] -- Up-to-date: /home/aarambh/my_robot_ws/install/bumperbot_description/share/bumperbot_description/models/aws_robomaker_warehouse_ClutteringC_01/materials
[0.885s] -- Up-to-date: /home/aarambh/my_robot_ws/install/bumperbot_description/share/bumperbot_description/models/aws_robomaker_warehouse_ClutteringC_01/materials/textures
[0.886s] -- Up-to-date: /home/aarambh/my_robot_ws/install/bumperbot_description/share/bumperbot_description/models/aws_robomaker_warehouse_ClutteringC_01/materials/textures/aws_robomaker_warehouse_ClutteringC_02.png
[0.887s] -- Up-to-date: /home/aarambh/my_robot_ws/install/bumperbot_description/share/bumperbot_description/models/aws_robomaker_warehouse_ClutteringC_01/materials/textures/aws_robomaker_warehouse_ClutteringC_01.png
[0.887s] -- Up-to-date: /home/aarambh/my_robot_ws/install/bumperbot_description/share/bumperbot_description/models/aws_robomaker_warehouse_ClutteringC_01/model.config
[0.887s] -- Up-to-date: /home/aarambh/my_robot_ws/install/bumperbot_description/share/bumperbot_description/models/aws_robomaker_warehouse_ClutteringC_01/meshes
[0.888s] -- Up-to-date: /home/aarambh/my_robot_ws/install/bumperbot_description/share/bumperbot_description/models/aws_robomaker_warehouse_ClutteringC_01/meshes/aws_robomaker_warehouse_ClutteringC_01_visual.DAE
[0.888s] -- Up-to-date: /home/aarambh/my_robot_ws/install/bumperbot_description/share/bumperbot_description/models/aws_robomaker_warehouse_ClutteringC_01/meshes/aws_robomaker_warehouse_ClutteringC_01_collision.DAE
[0.902s] -- Up-to-date: /home/aarambh/my_robot_ws/install/bumperbot_description/share/bumperbot_description/models/aws_robomaker_residential_Carpet_01
[0.903s] -- Up-to-date: /home/aarambh/my_robot_ws/install/bumperbot_description/share/bumperbot_description/models/aws_robomaker_residential_Carpet_01/model.sdf
[0.904s] -- Up-to-date: /home/aarambh/my_robot_ws/install/bumperbot_description/share/bumperbot_description/models/aws_robomaker_residential_Carpet_01/materials
[0.905s] -- Up-to-date: /home/aarambh/my_robot_ws/install/bumperbot_description/share/bumperbot_description/models/aws_robomaker_residential_Carpet_01/materials/textures
[0.906s] -- Up-to-date: /home/aarambh/my_robot_ws/install/bumperbot_description/share/bumperbot_description/models/aws_robomaker_residential_Carpet_01/materials/textures/aws_Carpet_01.png
[0.907s] -- Up-to-date: /home/aarambh/my_robot_ws/install/bumperbot_description/share/bumperbot_description/models/aws_robomaker_residential_Carpet_01/model.config
[0.908s] -- Up-to-date: /home/aarambh/my_robot_ws/install/bumperbot_description/share/bumperbot_description/models/aws_robomaker_residential_Carpet_01/meshes
[0.909s] -- Up-to-date: /home/aarambh/my_robot_ws/install/bumperbot_description/share/bumperbot_description/models/aws_robomaker_residential_Carpet_01/meshes/aws_Carpet_01_collision.DAE
[0.910s] -- Up-to-date: /home/aarambh/my_robot_ws/install/bumperbot_description/share/bumperbot_description/models/aws_robomaker_residential_Carpet_01/meshes/aws_Carpet_01_visual.DAE
[0.910s] -- Up-to-date: /home/aarambh/my_robot_ws/install/bumperbot_description/share/bumperbot_description/models/aws_robomaker_residential_DeskPortraitC_01
[0.911s] -- Up-to-date: /home/aarambh/my_robot_ws/install/bumperbot_description/share/bumperbot_description/models/aws_robomaker_residential_DeskPortraitC_01/model.sdf
[0.912s] -- Up-to-date: /home/aarambh/my_robot_ws/install/bumperbot_description/share/bumperbot_description/models/aws_robomaker_residential_DeskPortraitC_01/materials
[0.912s] -- Up-to-date: /home/aarambh/my_robot_ws/install/bumperbot_description/share/bumperbot_description/models/aws_robomaker_residential_DeskPortraitC_01/materials/textures
[0.917s] -- Up-to-date: /home/aarambh/my_robot_ws/install/bumperbot_description/share/bumperbot_description/models/aws_robomaker_residential_DeskPortraitC_01/materials/textures/aws_DeskPortraitC_02.png
[0.918s] -- Up-to-date: /home/aarambh/my_robot_ws/install/bumperbot_description/share/bumperbot_description/models/aws_robomaker_residential_DeskPortraitC_01/materials/textures/aws_DeskPortraitC_01.png
[0.918s] -- Up-to-date: /home/aarambh/my_robot_ws/install/bumperbot_description/share/bumperbot_description/models/aws_robomaker_residential_DeskPortraitC_01/model.config
[0.919s] -- Up-to-date: /home/aarambh/my_robot_ws/install/bumperbot_description/share/bumperbot_description/models/aws_robomaker_residential_DeskPortraitC_01/meshes
[0.919s] -- Up-to-date: /home/aarambh/my_robot_ws/install/bumperbot_description/share/bumperbot_description/models/aws_robomaker_residential_DeskPortraitC_01/meshes/aws_DeskPortraitC_01_collision.DAE
[0.920s] -- Up-to-date: /home/aarambh/my_robot_ws/install/bumperbot_description/share/bumperbot_description/models/aws_robomaker_residential_DeskPortraitC_01/meshes/aws_DeskPortraitC_01_visual.DAE
[0.921s] -- Up-to-date: /home/aarambh/my_robot_ws/install/bumperbot_description/share/bumperbot_description/models/aws_robomaker_residential_SeasoningBox_01
[0.921s] -- Up-to-date: /home/aarambh/my_robot_ws/install/bumperbot_description/share/bumperbot_description/models/aws_robomaker_residential_SeasoningBox_01/model.sdf
[0.922s] -- Up-to-date: /home/aarambh/my_robot_ws/install/bumperbot_description/share/bumperbot_description/models/aws_robomaker_residential_SeasoningBox_01/materials
[0.923s] -- Up-to-date: /home/aarambh/my_robot_ws/install/bumperbot_description/share/bumperbot_description/models/aws_robomaker_residential_SeasoningBox_01/materials/textures
[0.923s] -- Up-to-date: /home/aarambh/my_robot_ws/install/bumperbot_description/share/bumperbot_description/models/aws_robomaker_residential_SeasoningBox_01/materials/textures/aws_SeasoningBox_01.png
[0.924s] -- Up-to-date: /home/aarambh/my_robot_ws/install/bumperbot_description/share/bumperbot_description/models/aws_robomaker_residential_SeasoningBox_01/model.config
[0.927s] -- Up-to-date: /home/aarambh/my_robot_ws/install/bumperbot_description/share/bumperbot_description/models/aws_robomaker_residential_SeasoningBox_01/meshes
[0.928s] -- Up-to-date: /home/aarambh/my_robot_ws/install/bumperbot_description/share/bumperbot_description/models/aws_robomaker_residential_SeasoningBox_01/meshes/aws_SeasoningBox_01_visual.DAE
[0.928s] -- Up-to-date: /home/aarambh/my_robot_ws/install/bumperbot_description/share/bumperbot_description/models/aws_robomaker_residential_SeasoningBox_01/meshes/aws_SeasoningBox_01_collision.DAE
[0.931s] -- Up-to-date: /home/aarambh/my_robot_ws/install/bumperbot_description/share/bumperbot_description/models/aws_robomaker_residential_Refrigerator_01
[0.933s] -- Up-to-date: /home/aarambh/my_robot_ws/install/bumperbot_description/share/bumperbot_description/models/aws_robomaker_residential_Refrigerator_01/model.sdf
[0.934s] -- Up-to-date: /home/aarambh/my_robot_ws/install/bumperbot_description/share/bumperbot_description/models/aws_robomaker_residential_Refrigerator_01/materials
[0.935s] -- Up-to-date: /home/aarambh/my_robot_ws/install/bumperbot_description/share/bumperbot_description/models/aws_robomaker_residential_Refrigerator_01/materials/textures
[0.936s] -- Up-to-date: /home/aarambh/my_robot_ws/install/bumperbot_description/share/bumperbot_description/models/aws_robomaker_residential_Refrigerator_01/materials/textures/aws_Refrigerator_01.png
[0.936s] -- Up-to-date: /home/aarambh/my_robot_ws/install/bumperbot_description/share/bumperbot_description/models/aws_robomaker_residential_Refrigerator_01/materials/textures/aws_Refrigerator_02.png
[0.937s] -- Up-to-date: /home/aarambh/my_robot_ws/install/bumperbot_description/share/bumperbot_description/models/aws_robomaker_residential_Refrigerator_01/model.config
[0.938s] -- Up-to-date: /home/aarambh/my_robot_ws/install/bumperbot_description/share/bumperbot_description/models/aws_robomaker_residential_Refrigerator_01/meshes
[0.938s] -- Up-to-date: /home/aarambh/my_robot_ws/install/bumperbot_description/share/bumperbot_description/models/aws_robomaker_residential_Refrigerator_01/meshes/aws_Refrigerator_01_visual.DAE
[0.939s] -- Up-to-date: /home/aarambh/my_robot_ws/install/bumperbot_description/share/bumperbot_description/models/aws_robomaker_residential_Refrigerator_01/meshes/aws_Refrigerator_01.DAE
[0.940s] -- Up-to-date: /home/aarambh/my_robot_ws/install/bumperbot_description/share/bumperbot_description/models/aws_robomaker_residential_Refrigerator_01/meshes/aws_Refrigerator_01_collision.DAE
[0.941s] -- Up-to-date: /home/aarambh/my_robot_ws/install/bumperbot_description/share/bumperbot_description/models/aws_robomaker_residential_SofaC_01
[0.942s] -- Up-to-date: /home/aarambh/my_robot_ws/install/bumperbot_description/share/bumperbot_description/models/aws_robomaker_residential_SofaC_01/model.sdf
[0.942s] -- Up-to-date: /home/aarambh/my_robot_ws/install/bumperbot_description/share/bumperbot_description/models/aws_robomaker_residential_SofaC_01/materials
[0.943s] -- Up-to-date: /home/aarambh/my_robot_ws/install/bumperbot_description/share/bumperbot_description/models/aws_robomaker_residential_SofaC_01/materials/textures
[0.943s] -- Up-to-date: /home/aarambh/my_robot_ws/install/bumperbot_description/share/bumperbot_description/models/aws_robomaker_residential_SofaC_01/materials/textures/aws_SofaC_01.png
[0.944s] -- Up-to-date: /home/aarambh/my_robot_ws/install/bumperbot_description/share/bumperbot_description/models/aws_robomaker_residential_SofaC_01/model.config
[0.944s] -- Up-to-date: /home/aarambh/my_robot_ws/install/bumperbot_description/share/bumperbot_description/models/aws_robomaker_residential_SofaC_01/meshes
[0.947s] -- Up-to-date: /home/aarambh/my_robot_ws/install/bumperbot_description/share/bumperbot_description/models/aws_robomaker_residential_SofaC_01/meshes/aws_SofaC_01_collision.DAE
[0.947s] -- Up-to-date: /home/aarambh/my_robot_ws/install/bumperbot_description/share/bumperbot_description/models/aws_robomaker_residential_SofaC_01/meshes/aws_SofaC_01_visual.DAE
[0.948s] -- Up-to-date: /home/aarambh/my_robot_ws/install/bumperbot_description/share/bumperbot_description/models/aws_robomaker_residential_AirconditionerA_01
[0.948s] -- Up-to-date: /home/aarambh/my_robot_ws/install/bumperbot_description/share/bumperbot_description/models/aws_robomaker_residential_AirconditionerA_01/model.sdf
[0.949s] -- Up-to-date: /home/aarambh/my_robot_ws/install/bumperbot_description/share/bumperbot_description/models/aws_robomaker_residential_AirconditionerA_01/materials
[0.949s] -- Up-to-date: /home/aarambh/my_robot_ws/install/bumperbot_description/share/bumperbot_description/models/aws_robomaker_residential_AirconditionerA_01/materials/textures
[0.949s] -- Up-to-date: /home/aarambh/my_robot_ws/install/bumperbot_description/share/bumperbot_description/models/aws_robomaker_residential_AirconditionerA_01/materials/textures/aws_AirconditionerA_01.png
[0.951s] -- Up-to-date: /home/aarambh/my_robot_ws/install/bumperbot_description/share/bumperbot_description/models/aws_robomaker_residential_AirconditionerA_01/model.config
[0.952s] -- Up-to-date: /home/aarambh/my_robot_ws/install/bumperbot_description/share/bumperbot_description/models/aws_robomaker_residential_AirconditionerA_01/meshes
[0.961s] -- Up-to-date: /home/aarambh/my_robot_ws/install/bumperbot_description/share/bumperbot_description/models/aws_robomaker_residential_AirconditionerA_01/meshes/aws_AirconditionerA_01_collision.DAE
[0.962s] -- Up-to-date: /home/aarambh/my_robot_ws/install/bumperbot_description/share/bumperbot_description/models/aws_robomaker_residential_AirconditionerA_01/meshes/aws_AirconditionerA_01_visual.DAE
[0.962s] -- Up-to-date: /home/aarambh/my_robot_ws/install/bumperbot_description/share/bumperbot_description/models/aws_robomaker_residential_AirconditionerA_01/meshes/aws__Air conditioner_01.DAE
[0.963s] -- Up-to-date: /home/aarambh/my_robot_ws/install/bumperbot_description/share/bumperbot_description/models/aws_robomaker_residential_ChairA_01
[0.964s] -- Up-to-date: /home/aarambh/my_robot_ws/install/bumperbot_description/share/bumperbot_description/models/aws_robomaker_residential_ChairA_01/model.sdf
[0.965s] -- Up-to-date: /home/aarambh/my_robot_ws/install/bumperbot_description/share/bumperbot_description/models/aws_robomaker_residential_ChairA_01/materials
[0.968s] -- Up-to-date: /home/aarambh/my_robot_ws/install/bumperbot_description/share/bumperbot_description/models/aws_robomaker_residential_ChairA_01/materials/textures
[0.969s] -- Up-to-date: /home/aarambh/my_robot_ws/install/bumperbot_description/share/bumperbot_description/models/aws_robomaker_residential_ChairA_01/materials/textures/aws_ChairA_01.png
[0.970s] -- Up-to-date: /home/aarambh/my_robot_ws/install/bumperbot_description/share/bumperbot_description/models/aws_robomaker_residential_ChairA_01/model.config
[0.971s] -- Up-to-date: /home/aarambh/my_robot_ws/install/bumperbot_description/share/bumperbot_description/models/aws_robomaker_residential_ChairA_01/meshes
[0.972s] -- Up-to-date: /home/aarambh/my_robot_ws/install/bumperbot_description/share/bumperbot_description/models/aws_robomaker_residential_ChairA_01/meshes/aws_ChairA_01_visual.DAE
[0.985s] -- Up-to-date: /home/aarambh/my_robot_ws/install/bumperbot_description/share/bumperbot_description/models/aws_robomaker_residential_ChairA_01/meshes/aws_ChairA_01_collision.DAE
[0.986s] -- Up-to-date: /home/aarambh/my_robot_ws/install/bumperbot_description/share/bumperbot_description/models/aws_robomaker_residential_DeskPortraitB_01
[0.987s] -- Up-to-date: /home/aarambh/my_robot_ws/install/bumperbot_description/share/bumperbot_description/models/aws_robomaker_residential_DeskPortraitB_01/model.sdf
[0.987s] -- Up-to-date: /home/aarambh/my_robot_ws/install/bumperbot_description/share/bumperbot_description/models/aws_robomaker_residential_DeskPortraitB_01/materials
[0.988s] -- Up-to-date: /home/aarambh/my_robot_ws/install/bumperbot_description/share/bumperbot_description/models/aws_robomaker_residential_DeskPortraitB_01/materials/textures
[0.988s] -- Up-to-date: /home/aarambh/my_robot_ws/install/bumperbot_description/share/bumperbot_description/models/aws_robomaker_residential_DeskPortraitB_01/materials/textures/aws_DeskPortraitB_02.png
[0.990s] -- Up-to-date: /home/aarambh/my_robot_ws/install/bumperbot_description/share/bumperbot_description/models/aws_robomaker_residential_DeskPortraitB_01/materials/textures/aws_DeskPortraitB_01.png
[0.991s] -- Up-to-date: /home/aarambh/my_robot_ws/install/bumperbot_description/share/bumperbot_description/models/aws_robomaker_residential_DeskPortraitB_01/model.config
[0.992s] -- Up-to-date: /home/aarambh/my_robot_ws/install/bumperbot_description/share/bumperbot_description/models/aws_robomaker_residential_DeskPortraitB_01/meshes
[0.993s] -- Up-to-date: /home/aarambh/my_robot_ws/install/bumperbot_description/share/bumperbot_description/models/aws_robomaker_residential_DeskPortraitB_01/meshes/aws_DeskPortraitB_01_visual.DAE
[0.994s] -- Up-to-date: /home/aarambh/my_robot_ws/install/bumperbot_description/share/bumperbot_description/models/aws_robomaker_residential_DeskPortraitB_01/meshes/aws_DeskPortraitB_01_collision.DAE
[0.994s] -- Up-to-date: /home/aarambh/my_robot_ws/install/bumperbot_description/share/bumperbot_description/models/aws_robomaker_residential_FloorB_01
[0.995s] -- Up-to-date: /home/aarambh/my_robot_ws/install/bumperbot_description/share/bumperbot_description/models/aws_robomaker_residential_FloorB_01/model.sdf
[0.996s] -- Up-to-date: /home/aarambh/my_robot_ws/install/bumperbot_description/share/bumperbot_description/models/aws_robomaker_residential_FloorB_01/materials
[0.998s] -- Up-to-date: /home/aarambh/my_robot_ws/install/bumperbot_description/share/bumperbot_description/models/aws_robomaker_residential_FloorB_01/materials/textures
[1.004s] -- Up-to-date: /home/aarambh/my_robot_ws/install/bumperbot_description/share/bumperbot_description/models/aws_robomaker_residential_FloorB_01/materials/textures/aws_FloorB_01.png
[1.005s] -- Up-to-date: /home/aarambh/my_robot_ws/install/bumperbot_description/share/bumperbot_description/models/aws_robomaker_residential_FloorB_01/model.config
[1.005s] -- Up-to-date: /home/aarambh/my_robot_ws/install/bumperbot_description/share/bumperbot_description/models/aws_robomaker_residential_FloorB_01/meshes
[1.005s] -- Up-to-date: /home/aarambh/my_robot_ws/install/bumperbot_description/share/bumperbot_description/models/aws_robomaker_residential_FloorB_01/meshes/aws_FloorB_01_collision.DAE
[1.006s] -- Up-to-date: /home/aarambh/my_robot_ws/install/bumperbot_description/share/bumperbot_description/models/aws_robomaker_residential_FloorB_01/meshes/aws_FloorB_01_visual.DAE
[1.006s] -- Up-to-date: /home/aarambh/my_robot_ws/install/bumperbot_description/share/bumperbot_description/models/aws_robomaker_residential_RoomCeiling_01
[1.007s] -- Up-to-date: /home/aarambh/my_robot_ws/install/bumperbot_description/share/bumperbot_description/models/aws_robomaker_residential_RoomCeiling_01/model.sdf
[1.007s] -- Up-to-date: /home/aarambh/my_robot_ws/install/bumperbot_description/share/bumperbot_description/models/aws_robomaker_residential_RoomCeiling_01/materials
[1.007s] -- Up-to-date: /home/aarambh/my_robot_ws/install/bumperbot_description/share/bumperbot_description/models/aws_robomaker_residential_RoomCeiling_01/materials/textures
[1.008s] -- Up-to-date: /home/aarambh/my_robot_ws/install/bumperbot_description/share/bumperbot_description/models/aws_robomaker_residential_RoomCeiling_01/materials/textures/aws_RoomCeiling_01.png
[1.008s] -- Up-to-date: /home/aarambh/my_robot_ws/install/bumperbot_description/share/bumperbot_description/models/aws_robomaker_residential_RoomCeiling_01/model.config
[1.009s] -- Up-to-date: /home/aarambh/my_robot_ws/install/bumperbot_description/share/bumperbot_description/models/aws_robomaker_residential_RoomCeiling_01/meshes
[1.017s] -- Up-to-date: /home/aarambh/my_robot_ws/install/bumperbot_description/share/bumperbot_description/models/aws_robomaker_residential_RoomCeiling_01/meshes/aws_RoomCeiling_01_collision.DAE
[1.018s] -- Up-to-date: /home/aarambh/my_robot_ws/install/bumperbot_description/share/bumperbot_description/models/aws_robomaker_residential_RoomCeiling_01/meshes/aws_RoomCeiling_01_visual.DAE
[1.019s] -- Up-to-date: /home/aarambh/my_robot_ws/install/bumperbot_description/share/bumperbot_description/models/aws_robomaker_warehouse_Bucket_01
[1.020s] -- Up-to-date: /home/aarambh/my_robot_ws/install/bumperbot_description/share/bumperbot_description/models/aws_robomaker_warehouse_Bucket_01/model.sdf
[1.021s] -- Up-to-date: /home/aarambh/my_robot_ws/install/bumperbot_description/share/bumperbot_description/models/aws_robomaker_warehouse_Bucket_01/materials
[1.033s] -- Up-to-date: /home/aarambh/my_robot_ws/install/bumperbot_description/share/bumperbot_description/models/aws_robomaker_warehouse_Bucket_01/materials/.DS_Store
[1.034s] -- Up-to-date: /home/aarambh/my_robot_ws/install/bumperbot_description/share/bumperbot_description/models/aws_robomaker_warehouse_Bucket_01/materials/textures
[1.034s] -- Up-to-date: /home/aarambh/my_robot_ws/install/bumperbot_description/share/bumperbot_description/models/aws_robomaker_warehouse_Bucket_01/materials/textures/aws_robomaker_warehouse_Bucket_01.png
[1.035s] -- Up-to-date: /home/aarambh/my_robot_ws/install/bumperbot_description/share/bumperbot_description/models/aws_robomaker_warehouse_Bucket_01/.DS_Store
[1.035s] -- Up-to-date: /home/aarambh/my_robot_ws/install/bumperbot_description/share/bumperbot_description/models/aws_robomaker_warehouse_Bucket_01/model.config
[1.036s] -- Up-to-date: /home/aarambh/my_robot_ws/install/bumperbot_description/share/bumperbot_description/models/aws_robomaker_warehouse_Bucket_01/meshes
[1.037s] -- Up-to-date: /home/aarambh/my_robot_ws/install/bumperbot_description/share/bumperbot_description/models/aws_robomaker_warehouse_Bucket_01/meshes/aws_robomaker_warehouse_Bucket_01_visual.DAE
[1.038s] -- Up-to-date: /home/aarambh/my_robot_ws/install/bumperbot_description/share/bumperbot_description/models/aws_robomaker_warehouse_Bucket_01/meshes/aws_robomaker_warehouse_Bucket_01_collision.DAE
[1.038s] -- Up-to-date: /home/aarambh/my_robot_ws/install/bumperbot_description/share/bumperbot_description/models/aws_robomaker_residential_PortraitD_01
[1.041s] -- Up-to-date: /home/aarambh/my_robot_ws/install/bumperbot_description/share/bumperbot_description/models/aws_robomaker_residential_PortraitD_01/model.sdf
[1.041s] -- Up-to-date: /home/aarambh/my_robot_ws/install/bumperbot_description/share/bumperbot_description/models/aws_robomaker_residential_PortraitD_01/materials
[1.043s] -- Up-to-date: /home/aarambh/my_robot_ws/install/bumperbot_description/share/bumperbot_description/models/aws_robomaker_residential_PortraitD_01/materials/textures
[1.044s] -- Up-to-date: /home/aarambh/my_robot_ws/install/bumperbot_description/share/bumperbot_description/models/aws_robomaker_residential_PortraitD_01/materials/textures/aws_PortraitD_01.png
[1.044s] -- Up-to-date: /home/aarambh/my_robot_ws/install/bumperbot_description/share/bumperbot_description/models/aws_robomaker_residential_PortraitD_01/materials/textures/aws_PortraitD_02.png
[1.046s] -- Up-to-date: /home/aarambh/my_robot_ws/install/bumperbot_description/share/bumperbot_description/models/aws_robomaker_residential_PortraitD_01/model.config
[1.046s] -- Up-to-date: /home/aarambh/my_robot_ws/install/bumperbot_description/share/bumperbot_description/models/aws_robomaker_residential_PortraitD_01/meshes
[1.047s] -- Up-to-date: /home/aarambh/my_robot_ws/install/bumperbot_description/share/bumperbot_description/models/aws_robomaker_residential_PortraitD_01/meshes/aws_PortraitD_01_visual.DAE
[1.054s] -- Up-to-date: /home/aarambh/my_robot_ws/install/bumperbot_description/share/bumperbot_description/models/aws_robomaker_residential_PortraitD_01/meshes/aws_PortraitD_01_collision.DAE
[1.055s] -- Up-to-date: /home/aarambh/my_robot_ws/install/bumperbot_description/share/bumperbot_description/models/aws_robomaker_residential_TVCabinet_01
[1.056s] -- Up-to-date: /home/aarambh/my_robot_ws/install/bumperbot_description/share/bumperbot_description/models/aws_robomaker_residential_TVCabinet_01/model.sdf
[1.057s] -- Up-to-date: /home/aarambh/my_robot_ws/install/bumperbot_description/share/bumperbot_description/models/aws_robomaker_residential_TVCabinet_01/materials
[1.059s] -- Up-to-date: /home/aarambh/my_robot_ws/install/bumperbot_description/share/bumperbot_description/models/aws_robomaker_residential_TVCabinet_01/materials/textures
[1.061s] -- Up-to-date: /home/aarambh/my_robot_ws/install/bumperbot_description/share/bumperbot_description/models/aws_robomaker_residential_TVCabinet_01/materials/textures/aws_TVCabinet_01.png
[1.062s] -- Up-to-date: /home/aarambh/my_robot_ws/install/bumperbot_description/share/bumperbot_description/models/aws_robomaker_residential_TVCabinet_01/model.config
[1.063s] -- Up-to-date: /home/aarambh/my_robot_ws/install/bumperbot_description/share/bumperbot_description/models/aws_robomaker_residential_TVCabinet_01/meshes
[1.063s] -- Up-to-date: /home/aarambh/my_robot_ws/install/bumperbot_description/share/bumperbot_description/models/aws_robomaker_residential_TVCabinet_01/meshes/aws_TVCabinet_01_visual.DAE
[1.064s] -- Up-to-date: /home/aarambh/my_robot_ws/install/bumperbot_description/share/bumperbot_description/models/aws_robomaker_residential_TVCabinet_01/meshes/aws_TVCabinet_01_collision.DAE
[1.065s] -- Up-to-date: /home/aarambh/my_robot_ws/install/bumperbot_description/share/bumperbot_description/models/aws_robomaker_residential_DeskPortraitA_01
[1.065s] -- Up-to-date: /home/aarambh/my_robot_ws/install/bumperbot_description/share/bumperbot_description/models/aws_robomaker_residential_DeskPortraitA_01/model.sdf
[1.072s] -- Up-to-date: /home/aarambh/my_robot_ws/install/bumperbot_description/share/bumperbot_description/models/aws_robomaker_residential_DeskPortraitA_01/materials
[1.072s] -- Up-to-date: /home/aarambh/my_robot_ws/install/bumperbot_description/share/bumperbot_description/models/aws_robomaker_residential_DeskPortraitA_01/materials/textures
[1.073s] -- Up-to-date: /home/aarambh/my_robot_ws/install/bumperbot_description/share/bumperbot_description/models/aws_robomaker_residential_DeskPortraitA_01/materials/textures/aws_DeskPortraitA_01.png
[1.079s] -- Up-to-date: /home/aarambh/my_robot_ws/install/bumperbot_description/share/bumperbot_description/models/aws_robomaker_residential_DeskPortraitA_01/materials/textures/aws_DeskPortraitA_02.png
[1.080s] -- Up-to-date: /home/aarambh/my_robot_ws/install/bumperbot_description/share/bumperbot_description/models/aws_robomaker_residential_DeskPortraitA_01/model.config
[1.080s] -- Up-to-date: /home/aarambh/my_robot_ws/install/bumperbot_description/share/bumperbot_description/models/aws_robomaker_residential_DeskPortraitA_01/meshes
[1.081s] -- Up-to-date: /home/aarambh/my_robot_ws/install/bumperbot_description/share/bumperbot_description/models/aws_robomaker_residential_DeskPortraitA_01/meshes/aws_DeskPortraitA_01_visual.DAE
[1.081s] -- Up-to-date: /home/aarambh/my_robot_ws/install/bumperbot_description/share/bumperbot_description/models/aws_robomaker_residential_DeskPortraitA_01/meshes/aws_DeskPortraitA_01_collision.DAE
[1.082s] -- Up-to-date: /home/aarambh/my_robot_ws/install/bumperbot_description/share/bumperbot_description/models/aws_robomaker_residential_PortraitB_03
[1.082s] -- Up-to-date: /home/aarambh/my_robot_ws/install/bumperbot_description/share/bumperbot_description/models/aws_robomaker_residential_PortraitB_03/model.sdf
[1.082s] -- Up-to-date: /home/aarambh/my_robot_ws/install/bumperbot_description/share/bumperbot_description/models/aws_robomaker_residential_PortraitB_03/materials
[1.083s] -- Up-to-date: /home/aarambh/my_robot_ws/install/bumperbot_description/share/bumperbot_description/models/aws_robomaker_residential_PortraitB_03/materials/textures
[1.083s] -- Up-to-date: /home/aarambh/my_robot_ws/install/bumperbot_description/share/bumperbot_description/models/aws_robomaker_residential_PortraitB_03/materials/textures/aws_PortraitB_01.png
[1.084s] -- Up-to-date: /home/aarambh/my_robot_ws/install/bumperbot_description/share/bumperbot_description/models/aws_robomaker_residential_PortraitB_03/materials/textures/aws_PortraitB_02.png
[1.084s] -- Up-to-date: /home/aarambh/my_robot_ws/install/bumperbot_description/share/bumperbot_description/models/aws_robomaker_residential_PortraitB_03/model.config
[1.093s] -- Up-to-date: /home/aarambh/my_robot_ws/install/bumperbot_description/share/bumperbot_description/models/aws_robomaker_residential_PortraitB_03/meshes
[1.094s] -- Up-to-date: /home/aarambh/my_robot_ws/install/bumperbot_description/share/bumperbot_description/models/aws_robomaker_residential_PortraitB_03/meshes/aws_PortraitB_01_collision.DAE
[1.095s] -- Up-to-date: /home/aarambh/my_robot_ws/install/bumperbot_description/share/bumperbot_description/models/aws_robomaker_residential_PortraitB_03/meshes/aws_PortraitB_01_visual.DAE
[1.096s] -- Up-to-date: /home/aarambh/my_robot_ws/install/bumperbot_description/share/bumperbot_description/models/aws_robomaker_warehouse_DeskC_01
[1.098s] -- Up-to-date: /home/aarambh/my_robot_ws/install/bumperbot_description/share/bumperbot_description/models/aws_robomaker_warehouse_DeskC_01/model.sdf
[1.109s] -- Up-to-date: /home/aarambh/my_robot_ws/install/bumperbot_description/share/bumperbot_description/models/aws_robomaker_warehouse_DeskC_01/materials
[1.109s] -- Up-to-date: /home/aarambh/my_robot_ws/install/bumperbot_description/share/bumperbot_description/models/aws_robomaker_warehouse_DeskC_01/materials/.DS_Store
[1.110s] -- Up-to-date: /home/aarambh/my_robot_ws/install/bumperbot_description/share/bumperbot_description/models/aws_robomaker_warehouse_DeskC_01/materials/textures
[1.111s] -- Up-to-date: /home/aarambh/my_robot_ws/install/bumperbot_description/share/bumperbot_description/models/aws_robomaker_warehouse_DeskC_01/materials/textures/aws_robomaker_warehouse_DeskC_03.psd
[1.111s] -- Up-to-date: /home/aarambh/my_robot_ws/install/bumperbot_description/share/bumperbot_description/models/aws_robomaker_warehouse_DeskC_01/materials/textures/aws_robomaker_warehouse_DeskC_03.png
[1.112s] -- Up-to-date: /home/aarambh/my_robot_ws/install/bumperbot_description/share/bumperbot_description/models/aws_robomaker_warehouse_DeskC_01/materials/textures/aws_robomaker_warehouse_DeskC_01.png
[1.112s] -- Up-to-date: /home/aarambh/my_robot_ws/install/bumperbot_description/share/bumperbot_description/models/aws_robomaker_warehouse_DeskC_01/materials/textures/aws_robomaker_warehouse_DeskC_02.png
[1.113s] -- Up-to-date: /home/aarambh/my_robot_ws/install/bumperbot_description/share/bumperbot_description/models/aws_robomaker_warehouse_DeskC_01/materials/textures/aws_robomaker_warehouse_DeskC_04.png
[1.113s] -- Up-to-date: /home/aarambh/my_robot_ws/install/bumperbot_description/share/bumperbot_description/models/aws_robomaker_warehouse_DeskC_01/model.config
[1.114s] -- Up-to-date: /home/aarambh/my_robot_ws/install/bumperbot_description/share/bumperbot_description/models/aws_robomaker_warehouse_DeskC_01/meshes
[1.115s] -- Up-to-date: /home/aarambh/my_robot_ws/install/bumperbot_description/share/bumperbot_description/models/aws_robomaker_warehouse_DeskC_01/meshes/aws_robomaker_warehouse_DeskC_01_visual.DAE
[1.116s] -- Up-to-date: /home/aarambh/my_robot_ws/install/bumperbot_description/share/bumperbot_description/models/aws_robomaker_warehouse_DeskC_01/meshes/aws_robomaker_warehouse_DeskC_01_collision.DAE
[1.116s] -- Up-to-date: /home/aarambh/my_robot_ws/install/bumperbot_description/share/bumperbot_description/models/aws_robomaker_residential_NightStand_01
[1.117s] -- Up-to-date: /home/aarambh/my_robot_ws/install/bumperbot_description/share/bumperbot_description/models/aws_robomaker_residential_NightStand_01/model.sdf
[1.118s] -- Up-to-date: /home/aarambh/my_robot_ws/install/bumperbot_description/share/bumperbot_description/models/aws_robomaker_residential_NightStand_01/materials
[1.119s] -- Up-to-date: /home/aarambh/my_robot_ws/install/bumperbot_description/share/bumperbot_description/models/aws_robomaker_residential_NightStand_01/materials/textures
[1.120s] -- Up-to-date: /home/aarambh/my_robot_ws/install/bumperbot_description/share/bumperbot_description/models/aws_robomaker_residential_NightStand_01/materials/textures/aws_NightStand_01.png
[1.129s] -- Up-to-date: /home/aarambh/my_robot_ws/install/bumperbot_description/share/bumperbot_description/models/aws_robomaker_residential_NightStand_01/model.config
[1.129s] -- Up-to-date: /home/aarambh/my_robot_ws/install/bumperbot_description/share/bumperbot_description/models/aws_robomaker_residential_NightStand_01/meshes
[1.130s] -- Up-to-date: /home/aarambh/my_robot_ws/install/bumperbot_description/share/bumperbot_description/models/aws_robomaker_residential_NightStand_01/meshes/aws_NightStand_01_collision.DAE
[1.131s] -- Up-to-date: /home/aarambh/my_robot_ws/install/bumperbot_description/share/bumperbot_description/models/aws_robomaker_residential_NightStand_01/meshes/aws_NightStand_01_visual.DAE
[1.132s] -- Up-to-date: /home/aarambh/my_robot_ws/install/bumperbot_description/share/bumperbot_description/models/aws_robomaker_residential_KitchenUtensils_01
[1.133s] -- Up-to-date: /home/aarambh/my_robot_ws/install/bumperbot_description/share/bumperbot_description/models/aws_robomaker_residential_KitchenUtensils_01/model.sdf
[1.134s] -- Up-to-date: /home/aarambh/my_robot_ws/install/bumperbot_description/share/bumperbot_description/models/aws_robomaker_residential_KitchenUtensils_01/materials
[1.134s] -- Up-to-date: /home/aarambh/my_robot_ws/install/bumperbot_description/share/bumperbot_description/models/aws_robomaker_residential_KitchenUtensils_01/materials/textures
[1.134s] -- Up-to-date: /home/aarambh/my_robot_ws/install/bumperbot_description/share/bumperbot_description/models/aws_robomaker_residential_KitchenUtensils_01/materials/textures/aws_KitchenUtensils_01.png
[1.135s] -- Up-to-date: /home/aarambh/my_robot_ws/install/bumperbot_description/share/bumperbot_description/models/aws_robomaker_residential_KitchenUtensils_01/model.config
[1.135s] -- Up-to-date: /home/aarambh/my_robot_ws/install/bumperbot_description/share/bumperbot_description/models/aws_robomaker_residential_KitchenUtensils_01/meshes
[1.136s] -- Up-to-date: /home/aarambh/my_robot_ws/install/bumperbot_description/share/bumperbot_description/models/aws_robomaker_residential_KitchenUtensils_01/meshes/aws_KitchenUtensils_01_collision.DAE
[1.142s] -- Up-to-date: /home/aarambh/my_robot_ws/install/bumperbot_description/share/bumperbot_description/models/aws_robomaker_residential_KitchenUtensils_01/meshes/aws_KitchenUtensils_01_visual.DAE
[1.143s] -- Up-to-date: /home/aarambh/my_robot_ws/install/bumperbot_description/share/bumperbot_description/models/aws_robomaker_residential_Bed_01
[1.144s] -- Up-to-date: /home/aarambh/my_robot_ws/install/bumperbot_description/share/bumperbot_description/models/aws_robomaker_residential_Bed_01/model.sdf
[1.145s] -- Up-to-date: /home/aarambh/my_robot_ws/install/bumperbot_description/share/bumperbot_description/models/aws_robomaker_residential_Bed_01/materials
[1.150s] -- Up-to-date: /home/aarambh/my_robot_ws/install/bumperbot_description/share/bumperbot_description/models/aws_robomaker_residential_Bed_01/materials/textures
[1.151s] -- Up-to-date: /home/aarambh/my_robot_ws/install/bumperbot_description/share/bumperbot_description/models/aws_robomaker_residential_Bed_01/materials/textures/aws_Bed_01.png
[1.152s] -- Up-to-date: /home/aarambh/my_robot_ws/install/bumperbot_description/share/bumperbot_description/models/aws_robomaker_residential_Bed_01/materials/textures/aws_BedB_01.png
[1.154s] -- Up-to-date: /home/aarambh/my_robot_ws/install/bumperbot_description/share/bumperbot_description/models/aws_robomaker_residential_Bed_01/materials/textures/aws_BedC_01.png
[1.158s] -- Up-to-date: /home/aarambh/my_robot_ws/install/bumperbot_description/share/bumperbot_description/models/aws_robomaker_residential_Bed_01/materials/textures/aws_BedA_01.png
[1.159s] -- Up-to-date: /home/aarambh/my_robot_ws/install/bumperbot_description/share/bumperbot_description/models/aws_robomaker_residential_Bed_01/model.config
[1.161s] -- Up-to-date: /home/aarambh/my_robot_ws/install/bumperbot_description/share/bumperbot_description/models/aws_robomaker_residential_Bed_01/meshes
[1.166s] -- Up-to-date: /home/aarambh/my_robot_ws/install/bumperbot_description/share/bumperbot_description/models/aws_robomaker_residential_Bed_01/meshes/aws_Bed_01_visual.DAE
[1.166s] -- Up-to-date: /home/aarambh/my_robot_ws/install/bumperbot_description/share/bumperbot_description/models/aws_robomaker_residential_Bed_01/meshes/aws_Bed_01_collision.DAE
[1.167s] -- Up-to-date: /home/aarambh/my_robot_ws/install/bumperbot_description/share/bumperbot_description/models/aws_robomaker_warehouse_Lamp_01
[1.167s] -- Up-to-date: /home/aarambh/my_robot_ws/install/bumperbot_description/share/bumperbot_description/models/aws_robomaker_warehouse_Lamp_01/model.sdf
[1.168s] -- Up-to-date: /home/aarambh/my_robot_ws/install/bumperbot_description/share/bumperbot_description/models/aws_robomaker_warehouse_Lamp_01/materials
[1.169s] -- Up-to-date: /home/aarambh/my_robot_ws/install/bumperbot_description/share/bumperbot_description/models/aws_robomaker_warehouse_Lamp_01/materials/textures
[1.169s] -- Up-to-date: /home/aarambh/my_robot_ws/install/bumperbot_description/share/bumperbot_description/models/aws_robomaker_warehouse_Lamp_01/materials/textures/aws_robomaker_warehouse_Lamp_01.png
[1.170s] -- Up-to-date: /home/aarambh/my_robot_ws/install/bumperbot_description/share/bumperbot_description/models/aws_robomaker_warehouse_Lamp_01/model.config
[1.171s] -- Up-to-date: /home/aarambh/my_robot_ws/install/bumperbot_description/share/bumperbot_description/models/aws_robomaker_warehouse_Lamp_01/meshes
[1.171s] -- Up-to-date: /home/aarambh/my_robot_ws/install/bumperbot_description/share/bumperbot_description/models/aws_robomaker_warehouse_Lamp_01/meshes/aws_robomaker_warehouse_Lamp_01_collision.DAE
[1.171s] -- Up-to-date: /home/aarambh/my_robot_ws/install/bumperbot_description/share/bumperbot_description/models/aws_robomaker_warehouse_Lamp_01/meshes/aws_robomaker_warehouse_Lamp_01_visual.DAE
[1.172s] -- Up-to-date: /home/aarambh/my_robot_ws/install/bumperbot_description/share/bumperbot_description/models/aws_robomaker_residential_Dumbbell_01
[1.172s] -- Up-to-date: /home/aarambh/my_robot_ws/install/bumperbot_description/share/bumperbot_description/models/aws_robomaker_residential_Dumbbell_01/model.sdf
[1.185s] -- Up-to-date: /home/aarambh/my_robot_ws/install/bumperbot_description/share/bumperbot_description/models/aws_robomaker_residential_Dumbbell_01/materials
[1.186s] -- Up-to-date: /home/aarambh/my_robot_ws/install/bumperbot_description/share/bumperbot_description/models/aws_robomaker_residential_Dumbbell_01/materials/textures
[1.187s] -- Up-to-date: /home/aarambh/my_robot_ws/install/bumperbot_description/share/bumperbot_description/models/aws_robomaker_residential_Dumbbell_01/materials/textures/aws_Dumbbell_01.png
[1.188s] -- Up-to-date: /home/aarambh/my_robot_ws/install/bumperbot_description/share/bumperbot_description/models/aws_robomaker_residential_Dumbbell_01/model.config
[1.188s] -- Up-to-date: /home/aarambh/my_robot_ws/install/bumperbot_description/share/bumperbot_description/models/aws_robomaker_residential_Dumbbell_01/meshes
[1.189s] -- Up-to-date: /home/aarambh/my_robot_ws/install/bumperbot_description/share/bumperbot_description/models/aws_robomaker_residential_Dumbbell_01/meshes/aws_Dumbbell_01_collision.DAE
[1.193s] -- Up-to-date: /home/aarambh/my_robot_ws/install/bumperbot_description/share/bumperbot_description/models/aws_robomaker_residential_Dumbbell_01/meshes/aws_Dumbbell_01_visual.DAE
[1.195s] -- Up-to-date: /home/aarambh/my_robot_ws/install/bumperbot_description/share/bumperbot_description/models/aws_robomaker_residential_DeskPortraitD_02
[1.195s] -- Up-to-date: /home/aarambh/my_robot_ws/install/bumperbot_description/share/bumperbot_description/models/aws_robomaker_residential_DeskPortraitD_02/model.sdf
[1.196s] -- Up-to-date: /home/aarambh/my_robot_ws/install/bumperbot_description/share/bumperbot_description/models/aws_robomaker_residential_DeskPortraitD_02/materials
[1.202s] -- Up-to-date: /home/aarambh/my_robot_ws/install/bumperbot_description/share/bumperbot_description/models/aws_robomaker_residential_DeskPortraitD_02/materials/textures
[1.203s] -- Up-to-date: /home/aarambh/my_robot_ws/install/bumperbot_description/share/bumperbot_description/models/aws_robomaker_residential_DeskPortraitD_02/materials/textures/aws_DeskPortraitD_01.png
[1.203s] -- Up-to-date: /home/aarambh/my_robot_ws/install/bumperbot_description/share/bumperbot_description/models/aws_robomaker_residential_DeskPortraitD_02/materials/textures/aws_DeskPortraitD_02.png
[1.204s] -- Up-to-date: /home/aarambh/my_robot_ws/install/bumperbot_description/share/bumperbot_description/models/aws_robomaker_residential_DeskPortraitD_02/model.config
[1.205s] -- Up-to-date: /home/aarambh/my_robot_ws/install/bumperbot_description/share/bumperbot_description/models/aws_robomaker_residential_DeskPortraitD_02/meshes
[1.206s] -- Up-to-date: /home/aarambh/my_robot_ws/install/bumperbot_description/share/bumperbot_description/models/aws_robomaker_residential_DeskPortraitD_02/meshes/aws_DeskPortraitD_01_collision.DAE
[1.207s] -- Up-to-date: /home/aarambh/my_robot_ws/install/bumperbot_description/share/bumperbot_description/models/aws_robomaker_residential_DeskPortraitD_02/meshes/aws_DeskPortraitD_01_visual.DAE
[1.208s] -- Up-to-date: /home/aarambh/my_robot_ws/install/bumperbot_description/share/bumperbot_description/models/aws_robomaker_residential_PortraitA_02
[1.210s] -- Up-to-date: /home/aarambh/my_robot_ws/install/bumperbot_description/share/bumperbot_description/models/aws_robomaker_residential_PortraitA_02/model.sdf
[1.216s] -- Up-to-date: /home/aarambh/my_robot_ws/install/bumperbot_description/share/bumperbot_description/models/aws_robomaker_residential_PortraitA_02/materials
[1.217s] -- Up-to-date: /home/aarambh/my_robot_ws/install/bumperbot_description/share/bumperbot_description/models/aws_robomaker_residential_PortraitA_02/materials/textures
[1.225s] -- Up-to-date: /home/aarambh/my_robot_ws/install/bumperbot_description/share/bumperbot_description/models/aws_robomaker_residential_PortraitA_02/materials/textures/aws_PortraitA_01.png
[1.226s] -- Up-to-date: /home/aarambh/my_robot_ws/install/bumperbot_description/share/bumperbot_description/models/aws_robomaker_residential_PortraitA_02/materials/textures/aws_PortraitA_02.png
[1.228s] -- Up-to-date: /home/aarambh/my_robot_ws/install/bumperbot_description/share/bumperbot_description/models/aws_robomaker_residential_PortraitA_02/model.config
[1.229s] -- Up-to-date: /home/aarambh/my_robot_ws/install/bumperbot_description/share/bumperbot_description/models/aws_robomaker_residential_PortraitA_02/meshes
[1.230s] -- Up-to-date: /home/aarambh/my_robot_ws/install/bumperbot_description/share/bumperbot_description/models/aws_robomaker_residential_PortraitA_02/meshes/aws_PortraitA_01_visual.DAE
[1.231s] -- Up-to-date: /home/aarambh/my_robot_ws/install/bumperbot_description/share/bumperbot_description/models/aws_robomaker_residential_PortraitA_02/meshes/aws_PortraitA_01_collision.DAE
[1.231s] -- Up-to-date: /home/aarambh/my_robot_ws/install/bumperbot_description/share/bumperbot_description/models/aws_robomaker_residential_PortraitE_02
[1.232s] -- Up-to-date: /home/aarambh/my_robot_ws/install/bumperbot_description/share/bumperbot_description/models/aws_robomaker_residential_PortraitE_02/model.sdf
[1.233s] -- Up-to-date: /home/aarambh/my_robot_ws/install/bumperbot_description/share/bumperbot_description/models/aws_robomaker_residential_PortraitE_02/materials
[1.234s] -- Up-to-date: /home/aarambh/my_robot_ws/install/bumperbot_description/share/bumperbot_description/models/aws_robomaker_residential_PortraitE_02/materials/textures
[1.245s] -- Up-to-date: /home/aarambh/my_robot_ws/install/bumperbot_description/share/bumperbot_description/models/aws_robomaker_residential_PortraitE_02/materials/textures/aws_PortraitE_02.png
[1.247s] -- Up-to-date: /home/aarambh/my_robot_ws/install/bumperbot_description/share/bumperbot_description/models/aws_robomaker_residential_PortraitE_02/materials/textures/aws_PortraitE_01.png
[1.248s] -- Up-to-date: /home/aarambh/my_robot_ws/install/bumperbot_description/share/bumperbot_description/models/aws_robomaker_residential_PortraitE_02/model.config
[1.249s] -- Up-to-date: /home/aarambh/my_robot_ws/install/bumperbot_description/share/bumperbot_description/models/aws_robomaker_residential_PortraitE_02/meshes
[1.249s] -- Up-to-date: /home/aarambh/my_robot_ws/install/bumperbot_description/share/bumperbot_description/models/aws_robomaker_residential_PortraitE_02/meshes/aws_PortraitE_01_collision.DAE
[1.250s] -- Up-to-date: /home/aarambh/my_robot_ws/install/bumperbot_description/share/bumperbot_description/models/aws_robomaker_residential_PortraitE_02/meshes/aws_PortraitE_01_visual.DAE
[1.251s] -- Up-to-date: /home/aarambh/my_robot_ws/install/bumperbot_description/share/bumperbot_description/models/aws_robomaker_residential_Ball_01
[1.251s] -- Up-to-date: /home/aarambh/my_robot_ws/install/bumperbot_description/share/bumperbot_description/models/aws_robomaker_residential_Ball_01/model.sdf
[1.252s] -- Up-to-date: /home/aarambh/my_robot_ws/install/bumperbot_description/share/bumperbot_description/models/aws_robomaker_residential_Ball_01/materials
[1.252s] -- Up-to-date: /home/aarambh/my_robot_ws/install/bumperbot_description/share/bumperbot_description/models/aws_robomaker_residential_Ball_01/materials/textures
[1.253s] -- Up-to-date: /home/aarambh/my_robot_ws/install/bumperbot_description/share/bumperbot_description/models/aws_robomaker_residential_Ball_01/materials/textures/aws_Ball_01.png
[1.254s] -- Up-to-date: /home/aarambh/my_robot_ws/install/bumperbot_description/share/bumperbot_description/models/aws_robomaker_residential_Ball_01/model.config
[1.254s] -- Up-to-date: /home/aarambh/my_robot_ws/install/bumperbot_description/share/bumperbot_description/models/aws_robomaker_residential_Ball_01/meshes
[1.256s] -- Up-to-date: /home/aarambh/my_robot_ws/install/bumperbot_description/share/bumperbot_description/models/aws_robomaker_residential_Ball_01/meshes/aws_Ball_01_collision.DAE
[1.256s] -- Up-to-date: /home/aarambh/my_robot_ws/install/bumperbot_description/share/bumperbot_description/models/aws_robomaker_residential_Ball_01/meshes/aws_Ball_01_visual.DAE
[1.258s] -- Up-to-date: /home/aarambh/my_robot_ws/install/bumperbot_description/share/bumperbot_description/models/aws_robomaker_residential_Tablet_01
[1.258s] -- Up-to-date: /home/aarambh/my_robot_ws/install/bumperbot_description/share/bumperbot_description/models/aws_robomaker_residential_Tablet_01/model.sdf
[1.259s] -- Up-to-date: /home/aarambh/my_robot_ws/install/bumperbot_description/share/bumperbot_description/models/aws_robomaker_residential_Tablet_01/materials
[1.274s] -- Up-to-date: /home/aarambh/my_robot_ws/install/bumperbot_description/share/bumperbot_description/models/aws_robomaker_residential_Tablet_01/materials/textures
[1.275s] -- Up-to-date: /home/aarambh/my_robot_ws/install/bumperbot_description/share/bumperbot_description/models/aws_robomaker_residential_Tablet_01/materials/textures/aws_Tablet_01_nologo.png
[1.276s] -- Up-to-date: /home/aarambh/my_robot_ws/install/bumperbot_description/share/bumperbot_description/models/aws_robomaker_residential_Tablet_01/model.config
[1.277s] -- Up-to-date: /home/aarambh/my_robot_ws/install/bumperbot_description/share/bumperbot_description/models/aws_robomaker_residential_Tablet_01/meshes
[1.277s] -- Up-to-date: /home/aarambh/my_robot_ws/install/bumperbot_description/share/bumperbot_description/models/aws_robomaker_residential_Tablet_01/meshes/aws_Tablet_01_collision.DAE
[1.278s] -- Up-to-date: /home/aarambh/my_robot_ws/install/bumperbot_description/share/bumperbot_description/models/aws_robomaker_residential_Tablet_01/meshes/aws_Tablet_01_visual.DAE
[1.279s] -- Up-to-date: /home/aarambh/my_robot_ws/install/bumperbot_description/share/bumperbot_description/models/aws_robomaker_residential_BalconyTable_01
[1.280s] -- Up-to-date: /home/aarambh/my_robot_ws/install/bumperbot_description/share/bumperbot_description/models/aws_robomaker_residential_BalconyTable_01/model.sdf
[1.281s] -- Up-to-date: /home/aarambh/my_robot_ws/install/bumperbot_description/share/bumperbot_description/models/aws_robomaker_residential_BalconyTable_01/materials
[1.282s] -- Up-to-date: /home/aarambh/my_robot_ws/install/bumperbot_description/share/bumperbot_description/models/aws_robomaker_residential_BalconyTable_01/materials/textures
[1.284s] -- Up-to-date: /home/aarambh/my_robot_ws/install/bumperbot_description/share/bumperbot_description/models/aws_robomaker_residential_BalconyTable_01/materials/textures/aws_BalconyTable_01.png
[1.286s] -- Up-to-date: /home/aarambh/my_robot_ws/install/bumperbot_description/share/bumperbot_description/models/aws_robomaker_residential_BalconyTable_01/model.config
[1.287s] -- Up-to-date: /home/aarambh/my_robot_ws/install/bumperbot_description/share/bumperbot_description/models/aws_robomaker_residential_BalconyTable_01/meshes
[1.288s] -- Up-to-date: /home/aarambh/my_robot_ws/install/bumperbot_description/share/bumperbot_description/models/aws_robomaker_residential_BalconyTable_01/meshes/aws_BalconyTable_01_visual.DAE
[1.290s] -- Up-to-date: /home/aarambh/my_robot_ws/install/bumperbot_description/share/bumperbot_description/models/aws_robomaker_residential_BalconyTable_01/meshes/aws_BalconyTable_01_collision.DAE
[1.290s] -- Up-to-date: /home/aarambh/my_robot_ws/install/bumperbot_description/share/bumperbot_description/models/aws_robomaker_residential_LightC_01
[1.291s] -- Up-to-date: /home/aarambh/my_robot_ws/install/bumperbot_description/share/bumperbot_description/models/aws_robomaker_residential_LightC_01/model.sdf
[1.302s] -- Up-to-date: /home/aarambh/my_robot_ws/install/bumperbot_description/share/bumperbot_description/models/aws_robomaker_residential_LightC_01/materials
[1.303s] -- Up-to-date: /home/aarambh/my_robot_ws/install/bumperbot_description/share/bumperbot_description/models/aws_robomaker_residential_LightC_01/materials/textures
[1.305s] -- Up-to-date: /home/aarambh/my_robot_ws/install/bumperbot_description/share/bumperbot_description/models/aws_robomaker_residential_LightC_01/materials/textures/aws_LightC_01.png
[1.306s] -- Up-to-date: /home/aarambh/my_robot_ws/install/bumperbot_description/share/bumperbot_description/models/aws_robomaker_residential_LightC_01/model.config
[1.307s] -- Up-to-date: /home/aarambh/my_robot_ws/install/bumperbot_description/share/bumperbot_description/models/aws_robomaker_residential_LightC_01/meshes
[1.307s] -- Up-to-date: /home/aarambh/my_robot_ws/install/bumperbot_description/share/bumperbot_description/models/aws_robomaker_residential_LightC_01/meshes/aws_LightC_01_collision.DAE
[1.308s] -- Up-to-date: /home/aarambh/my_robot_ws/install/bumperbot_description/share/bumperbot_description/models/aws_robomaker_residential_LightC_01/meshes/aws_LightC_01_visual.DAE
[1.308s] -- Up-to-date: /home/aarambh/my_robot_ws/install/bumperbot_description/share/bumperbot_description/models/aws_robomaker_residential_Quilt_01
[1.309s] -- Up-to-date: /home/aarambh/my_robot_ws/install/bumperbot_description/share/bumperbot_description/models/aws_robomaker_residential_Quilt_01/model.sdf
[1.309s] -- Up-to-date: /home/aarambh/my_robot_ws/install/bumperbot_description/share/bumperbot_description/models/aws_robomaker_residential_Quilt_01/materials
[1.317s] -- Up-to-date: /home/aarambh/my_robot_ws/install/bumperbot_description/share/bumperbot_description/models/aws_robomaker_residential_Quilt_01/materials/textures
[1.318s] -- Up-to-date: /home/aarambh/my_robot_ws/install/bumperbot_description/share/bumperbot_description/models/aws_robomaker_residential_Quilt_01/materials/textures/aws_Quilt_01.png
[1.319s] -- Up-to-date: /home/aarambh/my_robot_ws/install/bumperbot_description/share/bumperbot_description/models/aws_robomaker_residential_Quilt_01/model.config
[1.320s] -- Up-to-date: /home/aarambh/my_robot_ws/install/bumperbot_description/share/bumperbot_description/models/aws_robomaker_residential_Quilt_01/meshes
[1.320s] -- Up-to-date: /home/aarambh/my_robot_ws/install/bumperbot_description/share/bumperbot_description/models/aws_robomaker_residential_Quilt_01/meshes/aws_Quilt_01_visual.DAE
[1.321s] -- Up-to-date: /home/aarambh/my_robot_ws/install/bumperbot_description/share/bumperbot_description/models/aws_robomaker_residential_Quilt_01/meshes/aws_Quilt_01_collision.DAE
[1.322s] -- Up-to-date: /home/aarambh/my_robot_ws/install/bumperbot_description/share/bumperbot_description/models/aws_robomaker_residential_FoldingDoor_01
[1.323s] -- Up-to-date: /home/aarambh/my_robot_ws/install/bumperbot_description/share/bumperbot_description/models/aws_robomaker_residential_FoldingDoor_01/model.sdf
[1.324s] -- Up-to-date: /home/aarambh/my_robot_ws/install/bumperbot_description/share/bumperbot_description/models/aws_robomaker_residential_FoldingDoor_01/materials
[1.333s] -- Up-to-date: /home/aarambh/my_robot_ws/install/bumperbot_description/share/bumperbot_description/models/aws_robomaker_residential_FoldingDoor_01/materials/textures
[1.334s] -- Up-to-date: /home/aarambh/my_robot_ws/install/bumperbot_description/share/bumperbot_description/models/aws_robomaker_residential_FoldingDoor_01/materials/textures/aws_FoldingDoor_01.png
[1.334s] -- Up-to-date: /home/aarambh/my_robot_ws/install/bumperbot_description/share/bumperbot_description/models/aws_robomaker_residential_FoldingDoor_01/model.config
[1.335s] -- Up-to-date: /home/aarambh/my_robot_ws/install/bumperbot_description/share/bumperbot_description/models/aws_robomaker_residential_FoldingDoor_01/meshes
[1.336s] -- Up-to-date: /home/aarambh/my_robot_ws/install/bumperbot_description/share/bumperbot_description/models/aws_robomaker_residential_FoldingDoor_01/meshes/aws_FoldingDoor_01_visual.DAE
[1.336s] -- Up-to-date: /home/aarambh/my_robot_ws/install/bumperbot_description/share/bumperbot_description/models/aws_robomaker_residential_FoldingDoor_01/meshes/aws_FoldingDoor_01_collision.DAE
[1.337s] -- Up-to-date: /home/aarambh/my_robot_ws/install/bumperbot_description/share/bumperbot_description/models/aws_robomaker_residential_CookingBench_01
[1.337s] -- Up-to-date: /home/aarambh/my_robot_ws/install/bumperbot_description/share/bumperbot_description/models/aws_robomaker_residential_CookingBench_01/model.sdf
[1.338s] -- Up-to-date: /home/aarambh/my_robot_ws/install/bumperbot_description/share/bumperbot_description/models/aws_robomaker_residential_CookingBench_01/materials
[1.339s] -- Up-to-date: /home/aarambh/my_robot_ws/install/bumperbot_description/share/bumperbot_description/models/aws_robomaker_residential_CookingBench_01/materials/textures
[1.340s] -- Up-to-date: /home/aarambh/my_robot_ws/install/bumperbot_description/share/bumperbot_description/models/aws_robomaker_residential_CookingBench_01/materials/textures/aws_CookingBench_01.png
[1.349s] -- Up-to-date: /home/aarambh/my_robot_ws/install/bumperbot_description/share/bumperbot_description/models/aws_robomaker_residential_CookingBench_01/model.config
[1.350s] -- Up-to-date: /home/aarambh/my_robot_ws/install/bumperbot_description/share/bumperbot_description/models/aws_robomaker_residential_CookingBench_01/meshes
[1.350s] -- Up-to-date: /home/aarambh/my_robot_ws/install/bumperbot_description/share/bumperbot_description/models/aws_robomaker_residential_CookingBench_01/meshes/aws_CookingBench_01_visual.DAE
[1.351s] -- Up-to-date: /home/aarambh/my_robot_ws/install/bumperbot_description/share/bumperbot_description/models/aws_robomaker_residential_CookingBench_01/meshes/aws_CookingBench_01.DAE
[1.352s] -- Up-to-date: /home/aarambh/my_robot_ws/install/bumperbot_description/share/bumperbot_description/models/aws_robomaker_residential_CookingBench_01/meshes/aws_CookingBench_01_collision.DAE
[1.353s] -- Up-to-date: /home/aarambh/my_robot_ws/install/bumperbot_description/share/bumperbot_description/models/aws_robomaker_residential_Door_01
[1.354s] -- Up-to-date: /home/aarambh/my_robot_ws/install/bumperbot_description/share/bumperbot_description/models/aws_robomaker_residential_Door_01/model.sdf
[1.354s] -- Up-to-date: /home/aarambh/my_robot_ws/install/bumperbot_description/share/bumperbot_description/models/aws_robomaker_residential_Door_01/materials
[1.355s] -- Up-to-date: /home/aarambh/my_robot_ws/install/bumperbot_description/share/bumperbot_description/models/aws_robomaker_residential_Door_01/materials/textures
[1.365s] -- Up-to-date: /home/aarambh/my_robot_ws/install/bumperbot_description/share/bumperbot_description/models/aws_robomaker_residential_Door_01/materials/textures/aws_Door_01.png
[1.365s] -- Up-to-date: /home/aarambh/my_robot_ws/install/bumperbot_description/share/bumperbot_description/models/aws_robomaker_residential_Door_01/model.config
[1.366s] -- Up-to-date: /home/aarambh/my_robot_ws/install/bumperbot_description/share/bumperbot_description/models/aws_robomaker_residential_Door_01/meshes
[1.367s] -- Up-to-date: /home/aarambh/my_robot_ws/install/bumperbot_description/share/bumperbot_description/models/aws_robomaker_residential_Door_01/meshes/aws_Door_01_visual.DAE
[1.367s] -- Up-to-date: /home/aarambh/my_robot_ws/install/bumperbot_description/share/bumperbot_description/models/aws_robomaker_residential_Door_01/meshes/aws_Door_01_collision.DAE
[1.368s] -- Up-to-date: /home/aarambh/my_robot_ws/install/bumperbot_description/share/bumperbot_description/models/aws_robomaker_residential_Tableware_01
[1.369s] -- Up-to-date: /home/aarambh/my_robot_ws/install/bumperbot_description/share/bumperbot_description/models/aws_robomaker_residential_Tableware_01/model.sdf
[1.369s] -- Up-to-date: /home/aarambh/my_robot_ws/install/bumperbot_description/share/bumperbot_description/models/aws_robomaker_residential_Tableware_01/materials
[1.370s] -- Up-to-date: /home/aarambh/my_robot_ws/install/bumperbot_description/share/bumperbot_description/models/aws_robomaker_residential_Tableware_01/materials/textures
[1.371s] -- Up-to-date: /home/aarambh/my_robot_ws/install/bumperbot_description/share/bumperbot_description/models/aws_robomaker_residential_Tableware_01/materials/textures/aws_Tableware_01.png
[1.372s] -- Up-to-date: /home/aarambh/my_robot_ws/install/bumperbot_description/share/bumperbot_description/models/aws_robomaker_residential_Tableware_01/model.config
[1.372s] -- Up-to-date: /home/aarambh/my_robot_ws/install/bumperbot_description/share/bumperbot_description/models/aws_robomaker_residential_Tableware_01/meshes
[1.377s] -- Up-to-date: /home/aarambh/my_robot_ws/install/bumperbot_description/share/bumperbot_description/models/aws_robomaker_residential_Tableware_01/meshes/aws_Tableware_01_collision.DAE
[1.377s] -- Up-to-date: /home/aarambh/my_robot_ws/install/bumperbot_description/share/bumperbot_description/models/aws_robomaker_residential_Tableware_01/meshes/aws_Tableware_01_visual.DAE
[1.378s] -- Up-to-date: /home/aarambh/my_robot_ws/install/bumperbot_description/share/bumperbot_description/models/aws_robomaker_warehouse_RoofB_01
[1.379s] -- Up-to-date: /home/aarambh/my_robot_ws/install/bumperbot_description/share/bumperbot_description/models/aws_robomaker_warehouse_RoofB_01/model.sdf
[1.379s] -- Up-to-date: /home/aarambh/my_robot_ws/install/bumperbot_description/share/bumperbot_description/models/aws_robomaker_warehouse_RoofB_01/materials
[1.385s] -- Up-to-date: /home/aarambh/my_robot_ws/install/bumperbot_description/share/bumperbot_description/models/aws_robomaker_warehouse_RoofB_01/materials/textures
[1.386s] -- Up-to-date: /home/aarambh/my_robot_ws/install/bumperbot_description/share/bumperbot_description/models/aws_robomaker_warehouse_RoofB_01/materials/textures/aws_robomaker_warehouse_RoofB_01.png
[1.386s] -- Up-to-date: /home/aarambh/my_robot_ws/install/bumperbot_description/share/bumperbot_description/models/aws_robomaker_warehouse_RoofB_01/model.config
[1.387s] -- Up-to-date: /home/aarambh/my_robot_ws/install/bumperbot_description/share/bumperbot_description/models/aws_robomaker_warehouse_RoofB_01/meshes
[1.387s] -- Up-to-date: /home/aarambh/my_robot_ws/install/bumperbot_description/share/bumperbot_description/models/aws_robomaker_warehouse_RoofB_01/meshes/aws_robomaker_warehouse_RoofB_01_collision.DAE
[1.388s] -- Up-to-date: /home/aarambh/my_robot_ws/install/bumperbot_description/share/bumperbot_description/models/aws_robomaker_warehouse_RoofB_01/meshes/aws_robomaker_warehouse_RoofB_01_visual.DAE
[1.388s] -- Up-to-date: /home/aarambh/my_robot_ws/install/bumperbot_description/share/bumperbot_description/models/aws_robomaker_warehouse_GroundB_01
[1.389s] -- Up-to-date: /home/aarambh/my_robot_ws/install/bumperbot_description/share/bumperbot_description/models/aws_robomaker_warehouse_GroundB_01/model.sdf
[1.390s] -- Up-to-date: /home/aarambh/my_robot_ws/install/bumperbot_description/share/bumperbot_description/models/aws_robomaker_warehouse_GroundB_01/materials
[1.397s] -- Up-to-date: /home/aarambh/my_robot_ws/install/bumperbot_description/share/bumperbot_description/models/aws_robomaker_warehouse_GroundB_01/materials/textures
[1.398s] -- Up-to-date: /home/aarambh/my_robot_ws/install/bumperbot_description/share/bumperbot_description/models/aws_robomaker_warehouse_GroundB_01/materials/textures/aws_robomaker_warehouse_GroundB_01.png
[1.399s] -- Up-to-date: /home/aarambh/my_robot_ws/install/bumperbot_description/share/bumperbot_description/models/aws_robomaker_warehouse_GroundB_01/materials/textures/aws_robomaker_warehouse_GroundB_02.png
[1.399s] -- Up-to-date: /home/aarambh/my_robot_ws/install/bumperbot_description/share/bumperbot_description/models/aws_robomaker_warehouse_GroundB_01/model.config
[1.400s] -- Up-to-date: /home/aarambh/my_robot_ws/install/bumperbot_description/share/bumperbot_description/models/aws_robomaker_warehouse_GroundB_01/meshes
[1.401s] -- Up-to-date: /home/aarambh/my_robot_ws/install/bumperbot_description/share/bumperbot_description/models/aws_robomaker_warehouse_GroundB_01/meshes/aws_robomaker_warehouse_GroundB_01_visual.DAE
[1.402s] -- Up-to-date: /home/aarambh/my_robot_ws/install/bumperbot_description/share/bumperbot_description/models/aws_robomaker_warehouse_GroundB_01/meshes/aws_robomaker_warehouse_GroundB_01_collision.DAE
[1.402s] -- Up-to-date: /home/aarambh/my_robot_ws/install/bumperbot_description/share/bumperbot_description/models/aws_robomaker_residential_Curtain_01
[1.403s] -- Up-to-date: /home/aarambh/my_robot_ws/install/bumperbot_description/share/bumperbot_description/models/aws_robomaker_residential_Curtain_01/model.sdf
[1.404s] -- Up-to-date: /home/aarambh/my_robot_ws/install/bumperbot_description/share/bumperbot_description/models/aws_robomaker_residential_Curtain_01/materials
[1.410s] -- Up-to-date: /home/aarambh/my_robot_ws/install/bumperbot_description/share/bumperbot_description/models/aws_robomaker_residential_Curtain_01/materials/textures
[1.410s] -- Up-to-date: /home/aarambh/my_robot_ws/install/bumperbot_description/share/bumperbot_description/models/aws_robomaker_residential_Curtain_01/materials/textures/aws_Curtain_01.png
[1.411s] -- Up-to-date: /home/aarambh/my_robot_ws/install/bumperbot_description/share/bumperbot_description/models/aws_robomaker_residential_Curtain_01/model.config
[1.411s] -- Up-to-date: /home/aarambh/my_robot_ws/install/bumperbot_description/share/bumperbot_description/models/aws_robomaker_residential_Curtain_01/meshes
[1.413s] -- Up-to-date: /home/aarambh/my_robot_ws/install/bumperbot_description/share/bumperbot_description/models/aws_robomaker_residential_Curtain_01/meshes/aws_Curtain_01_visual.DAE
[1.414s] -- Up-to-date: /home/aarambh/my_robot_ws/install/bumperbot_description/share/bumperbot_description/models/aws_robomaker_residential_Curtain_01/meshes/aws_Curtain_01_collision.DAE
[1.415s] -- Up-to-date: /home/aarambh/my_robot_ws/install/bumperbot_description/share/bumperbot_description/models/aws_robomaker_warehouse_PalletJackB_01
[1.416s] -- Up-to-date: /home/aarambh/my_robot_ws/install/bumperbot_description/share/bumperbot_description/models/aws_robomaker_warehouse_PalletJackB_01/model.sdf
[1.418s] -- Up-to-date: /home/aarambh/my_robot_ws/install/bumperbot_description/share/bumperbot_description/models/aws_robomaker_warehouse_PalletJackB_01/materials
[1.424s] -- Up-to-date: /home/aarambh/my_robot_ws/install/bumperbot_description/share/bumperbot_description/models/aws_robomaker_warehouse_PalletJackB_01/materials/.DS_Store
[1.425s] -- Up-to-date: /home/aarambh/my_robot_ws/install/bumperbot_description/share/bumperbot_description/models/aws_robomaker_warehouse_PalletJackB_01/materials/textures
[1.426s] -- Up-to-date: /home/aarambh/my_robot_ws/install/bumperbot_description/share/bumperbot_description/models/aws_robomaker_warehouse_PalletJackB_01/materials/textures/aws_robomaker_warehouse_PalletJackB_01.png
[1.427s] -- Up-to-date: /home/aarambh/my_robot_ws/install/bumperbot_description/share/bumperbot_description/models/aws_robomaker_warehouse_PalletJackB_01/materials/textures/aws_robomaker_warehouse_PalletJackB_02.png
[1.428s] -- Up-to-date: /home/aarambh/my_robot_ws/install/bumperbot_description/share/bumperbot_description/models/aws_robomaker_warehouse_PalletJackB_01/.DS_Store
[1.429s] -- Up-to-date: /home/aarambh/my_robot_ws/install/bumperbot_description/share/bumperbot_description/models/aws_robomaker_warehouse_PalletJackB_01/model.config
[1.430s] -- Up-to-date: /home/aarambh/my_robot_ws/install/bumperbot_description/share/bumperbot_description/models/aws_robomaker_warehouse_PalletJackB_01/meshes
[1.430s] -- Up-to-date: /home/aarambh/my_robot_ws/install/bumperbot_description/share/bumperbot_description/models/aws_robomaker_warehouse_PalletJackB_01/meshes/aws_robomaker_warehouse_PalletJackB_01_visual.DAE
[1.431s] -- Up-to-date: /home/aarambh/my_robot_ws/install/bumperbot_description/share/bumperbot_description/models/aws_robomaker_warehouse_PalletJackB_01/meshes/aws_robomaker_warehouse_PalletJackB_01_collision.DAE
[1.431s] -- Up-to-date: /home/aarambh/my_robot_ws/install/bumperbot_description/share/bumperbot_description/models/aws_robomaker_residential_ChairD_01
[1.432s] -- Up-to-date: /home/aarambh/my_robot_ws/install/bumperbot_description/share/bumperbot_description/models/aws_robomaker_residential_ChairD_01/model.sdf
[1.432s] -- Up-to-date: /home/aarambh/my_robot_ws/install/bumperbot_description/share/bumperbot_description/models/aws_robomaker_residential_ChairD_01/materials
[1.433s] -- Up-to-date: /home/aarambh/my_robot_ws/install/bumperbot_description/share/bumperbot_description/models/aws_robomaker_residential_ChairD_01/materials/textures
[1.433s] -- Up-to-date: /home/aarambh/my_robot_ws/install/bumperbot_description/share/bumperbot_description/models/aws_robomaker_residential_ChairD_01/materials/textures/aws_ChairD_01.png
[1.434s] -- Up-to-date: /home/aarambh/my_robot_ws/install/bumperbot_description/share/bumperbot_description/models/aws_robomaker_residential_ChairD_01/model.config
[1.434s] -- Up-to-date: /home/aarambh/my_robot_ws/install/bumperbot_description/share/bumperbot_description/models/aws_robomaker_residential_ChairD_01/meshes
[1.435s] -- Up-to-date: /home/aarambh/my_robot_ws/install/bumperbot_description/share/bumperbot_description/models/aws_robomaker_residential_ChairD_01/meshes/aws_ChairD_01_collision.DAE
[1.435s] -- Up-to-date: /home/aarambh/my_robot_ws/install/bumperbot_description/share/bumperbot_description/models/aws_robomaker_residential_ChairD_01/meshes/aws_ChairD_01_visual.DAE
[1.436s] -- Up-to-date: /home/aarambh/my_robot_ws/install/bumperbot_description/share/bumperbot_description/models/aws_robomaker_warehouse_WallB_01
[1.437s] -- Up-to-date: /home/aarambh/my_robot_ws/install/bumperbot_description/share/bumperbot_description/models/aws_robomaker_warehouse_WallB_01/model.sdf
[1.449s] -- Up-to-date: /home/aarambh/my_robot_ws/install/bumperbot_description/share/bumperbot_description/models/aws_robomaker_warehouse_WallB_01/materials
[1.461s] -- Up-to-date: /home/aarambh/my_robot_ws/install/bumperbot_description/share/bumperbot_description/models/aws_robomaker_warehouse_WallB_01/materials/textures
[1.463s] -- Up-to-date: /home/aarambh/my_robot_ws/install/bumperbot_description/share/bumperbot_description/models/aws_robomaker_warehouse_WallB_01/materials/textures/aws_robomaker_warehouse_WallB_01.png
[1.464s] -- Up-to-date: /home/aarambh/my_robot_ws/install/bumperbot_description/share/bumperbot_description/models/aws_robomaker_warehouse_WallB_01/model.config
[1.465s] -- Up-to-date: /home/aarambh/my_robot_ws/install/bumperbot_description/share/bumperbot_description/models/aws_robomaker_warehouse_WallB_01/meshes
[1.465s] -- Up-to-date: /home/aarambh/my_robot_ws/install/bumperbot_description/share/bumperbot_description/models/aws_robomaker_warehouse_WallB_01/meshes/aws_robomaker_warehouse_WallB_01_collision.DAE
[1.466s] -- Up-to-date: /home/aarambh/my_robot_ws/install/bumperbot_description/share/bumperbot_description/models/aws_robomaker_warehouse_WallB_01/meshes/aws_robomaker_warehouse_WallB_01_visual.DAE
[1.466s] -- Up-to-date: /home/aarambh/my_robot_ws/install/bumperbot_description/share/bumperbot_description/models/aws_robomaker_residential_DeskPortraitD_04
[1.467s] -- Up-to-date: /home/aarambh/my_robot_ws/install/bumperbot_description/share/bumperbot_description/models/aws_robomaker_residential_DeskPortraitD_04/model.sdf
[1.468s] -- Up-to-date: /home/aarambh/my_robot_ws/install/bumperbot_description/share/bumperbot_description/models/aws_robomaker_residential_DeskPortraitD_04/materials
[1.468s] -- Up-to-date: /home/aarambh/my_robot_ws/install/bumperbot_description/share/bumperbot_description/models/aws_robomaker_residential_DeskPortraitD_04/materials/textures
[1.469s] -- Up-to-date: /home/aarambh/my_robot_ws/install/bumperbot_description/share/bumperbot_description/models/aws_robomaker_residential_DeskPortraitD_04/materials/textures/aws_DeskPortraitD_01.png
[1.470s] -- Up-to-date: /home/aarambh/my_robot_ws/install/bumperbot_description/share/bumperbot_description/models/aws_robomaker_residential_DeskPortraitD_04/materials/textures/aws_DeskPortraitD_02.png
[1.471s] -- Up-to-date: /home/aarambh/my_robot_ws/install/bumperbot_description/share/bumperbot_description/models/aws_robomaker_residential_DeskPortraitD_04/model.config
[1.488s] -- Up-to-date: /home/aarambh/my_robot_ws/install/bumperbot_description/share/bumperbot_description/models/aws_robomaker_residential_DeskPortraitD_04/meshes
[1.490s] -- Up-to-date: /home/aarambh/my_robot_ws/install/bumperbot_description/share/bumperbot_description/models/aws_robomaker_residential_DeskPortraitD_04/meshes/aws_DeskPortraitD_01_collision.DAE
[1.490s] -- Up-to-date: /home/aarambh/my_robot_ws/install/bumperbot_description/share/bumperbot_description/models/aws_robomaker_residential_DeskPortraitD_04/meshes/aws_DeskPortraitD_01_visual.DAE
[1.491s] -- Up-to-date: /home/aarambh/my_robot_ws/install/bumperbot_description/share/bumperbot_description/models/aws_robomaker_warehouse_ShelfD_01
[1.491s] -- Up-to-date: /home/aarambh/my_robot_ws/install/bumperbot_description/share/bumperbot_description/models/aws_robomaker_warehouse_ShelfD_01/model.sdf
[1.492s] -- Up-to-date: /home/aarambh/my_robot_ws/install/bumperbot_description/share/bumperbot_description/models/aws_robomaker_warehouse_ShelfD_01/materials
[1.493s] -- Up-to-date: /home/aarambh/my_robot_ws/install/bumperbot_description/share/bumperbot_description/models/aws_robomaker_warehouse_ShelfD_01/materials/textures
[1.493s] -- Up-to-date: /home/aarambh/my_robot_ws/install/bumperbot_description/share/bumperbot_description/models/aws_robomaker_warehouse_ShelfD_01/materials/textures/aws_robomaker_warehouse_ShelfD_01.png
[1.494s] -- Up-to-date: /home/aarambh/my_robot_ws/install/bumperbot_description/share/bumperbot_description/models/aws_robomaker_warehouse_ShelfD_01/materials/textures/aws_robomaker_warehouse_ShelfD_03.png
[1.495s] -- Up-to-date: /home/aarambh/my_robot_ws/install/bumperbot_description/share/bumperbot_description/models/aws_robomaker_warehouse_ShelfD_01/materials/textures/aws_robomaker_warehouse_ShelfD_02.png
[1.495s] -- Up-to-date: /home/aarambh/my_robot_ws/install/bumperbot_description/share/bumperbot_description/models/aws_robomaker_warehouse_ShelfD_01/materials/textures/aws_robomaker_warehouse_ShelfD_04.png
[1.496s] -- Up-to-date: /home/aarambh/my_robot_ws/install/bumperbot_description/share/bumperbot_description/models/aws_robomaker_warehouse_ShelfD_01/model.config
[1.496s] -- Up-to-date: /home/aarambh/my_robot_ws/install/bumperbot_description/share/bumperbot_description/models/aws_robomaker_warehouse_ShelfD_01/meshes
[1.509s] -- Up-to-date: /home/aarambh/my_robot_ws/install/bumperbot_description/share/bumperbot_description/models/aws_robomaker_warehouse_ShelfD_01/meshes/aws_robomaker_warehouse_ShelfD_01_collision.DAE
[1.509s] -- Up-to-date: /home/aarambh/my_robot_ws/install/bumperbot_description/share/bumperbot_description/models/aws_robomaker_warehouse_ShelfD_01/meshes/aws_robomaker_warehouse_ShelfD_01_visual.DAE
[1.510s] -- Up-to-date: /home/aarambh/my_robot_ws/install/bumperbot_description/share/bumperbot_description/models/aws_robomaker_warehouse_ClutteringA_01
[1.511s] -- Up-to-date: /home/aarambh/my_robot_ws/install/bumperbot_description/share/bumperbot_description/models/aws_robomaker_warehouse_ClutteringA_01/model.sdf
[1.513s] -- Up-to-date: /home/aarambh/my_robot_ws/install/bumperbot_description/share/bumperbot_description/models/aws_robomaker_warehouse_ClutteringA_01/materials
[1.513s] -- Up-to-date: /home/aarambh/my_robot_ws/install/bumperbot_description/share/bumperbot_description/models/aws_robomaker_warehouse_ClutteringA_01/materials/.DS_Store
[1.514s] -- Up-to-date: /home/aarambh/my_robot_ws/install/bumperbot_description/share/bumperbot_description/models/aws_robomaker_warehouse_ClutteringA_01/materials/textures
[1.514s] -- Up-to-date: /home/aarambh/my_robot_ws/install/bumperbot_description/share/bumperbot_description/models/aws_robomaker_warehouse_ClutteringA_01/materials/textures/.DS_Store
[1.515s] -- Up-to-date: /home/aarambh/my_robot_ws/install/bumperbot_description/share/bumperbot_description/models/aws_robomaker_warehouse_ClutteringA_01/materials/textures/aws_robomaker_warehouse_ClutteringA_01.png
[1.515s] -- Up-to-date: /home/aarambh/my_robot_ws/install/bumperbot_description/share/bumperbot_description/models/aws_robomaker_warehouse_ClutteringA_01/materials/textures/aws_robomaker_warehouse_ClutteringA_03.png
[1.516s] -- Up-to-date: /home/aarambh/my_robot_ws/install/bumperbot_description/share/bumperbot_description/models/aws_robomaker_warehouse_ClutteringA_01/materials/textures/aws_robomaker_warehouse_ClutteringA_02.png
[1.529s] -- Up-to-date: /home/aarambh/my_robot_ws/install/bumperbot_description/share/bumperbot_description/models/aws_robomaker_warehouse_ClutteringA_01/.DS_Store
[1.529s] -- Up-to-date: /home/aarambh/my_robot_ws/install/bumperbot_description/share/bumperbot_description/models/aws_robomaker_warehouse_ClutteringA_01/model.config
[1.530s] -- Up-to-date: /home/aarambh/my_robot_ws/install/bumperbot_description/share/bumperbot_description/models/aws_robomaker_warehouse_ClutteringA_01/meshes
[1.531s] -- Up-to-date: /home/aarambh/my_robot_ws/install/bumperbot_description/share/bumperbot_description/models/aws_robomaker_warehouse_ClutteringA_01/meshes/aws_robomaker_warehouse_ClutteringA_01_visual.DAE
[1.532s] -- Up-to-date: /home/aarambh/my_robot_ws/install/bumperbot_description/share/bumperbot_description/models/aws_robomaker_warehouse_ClutteringA_01/meshes/aws_robomaker_warehouse_ClutteringA_01_collision.DAE
[1.533s] -- Up-to-date: /home/aarambh/my_robot_ws/install/bumperbot_description/share/bumperbot_description/models/aws_robomaker_residential_Handle_01
[1.533s] -- Up-to-date: /home/aarambh/my_robot_ws/install/bumperbot_description/share/bumperbot_description/models/aws_robomaker_residential_Handle_01/model.sdf
[1.534s] -- Up-to-date: /home/aarambh/my_robot_ws/install/bumperbot_description/share/bumperbot_description/models/aws_robomaker_residential_Handle_01/materials
[1.535s] -- Up-to-date: /home/aarambh/my_robot_ws/install/bumperbot_description/share/bumperbot_description/models/aws_robomaker_residential_Handle_01/materials/textures
[1.536s] -- Up-to-date: /home/aarambh/my_robot_ws/install/bumperbot_description/share/bumperbot_description/models/aws_robomaker_residential_Handle_01/materials/textures/aws_Handle_01.png
[1.537s] -- Up-to-date: /home/aarambh/my_robot_ws/install/bumperbot_description/share/bumperbot_description/models/aws_robomaker_residential_Handle_01/model.config
[1.538s] -- Up-to-date: /home/aarambh/my_robot_ws/install/bumperbot_description/share/bumperbot_description/models/aws_robomaker_residential_Handle_01/meshes
[1.549s] -- Up-to-date: /home/aarambh/my_robot_ws/install/bumperbot_description/share/bumperbot_description/models/aws_robomaker_residential_Handle_01/meshes/aws_ handle_01_collision.DAE
[1.549s] -- Up-to-date: /home/aarambh/my_robot_ws/install/bumperbot_description/share/bumperbot_description/models/aws_robomaker_residential_Handle_01/meshes/aws_Handle_01_collision.DAE
[1.550s] -- Up-to-date: /home/aarambh/my_robot_ws/install/bumperbot_description/share/bumperbot_description/models/aws_robomaker_residential_Handle_01/meshes/aws_Handle_01_visual.DAE
[1.550s] -- Up-to-date: /home/aarambh/my_robot_ws/install/bumperbot_description/share/bumperbot_description/models/aws_robomaker_residential_DeskPortraitB_02
[1.551s] -- Up-to-date: /home/aarambh/my_robot_ws/install/bumperbot_description/share/bumperbot_description/models/aws_robomaker_residential_DeskPortraitB_02/model.sdf
[1.552s] -- Up-to-date: /home/aarambh/my_robot_ws/install/bumperbot_description/share/bumperbot_description/models/aws_robomaker_residential_DeskPortraitB_02/materials
[1.553s] -- Up-to-date: /home/aarambh/my_robot_ws/install/bumperbot_description/share/bumperbot_description/models/aws_robomaker_residential_DeskPortraitB_02/materials/textures
[1.553s] -- Up-to-date: /home/aarambh/my_robot_ws/install/bumperbot_description/share/bumperbot_description/models/aws_robomaker_residential_DeskPortraitB_02/materials/textures/aws_DeskPortraitB_02.png
[1.554s] -- Up-to-date: /home/aarambh/my_robot_ws/install/bumperbot_description/share/bumperbot_description/models/aws_robomaker_residential_DeskPortraitB_02/materials/textures/aws_DeskPortraitB_01.png
[1.555s] -- Up-to-date: /home/aarambh/my_robot_ws/install/bumperbot_description/share/bumperbot_description/models/aws_robomaker_residential_DeskPortraitB_02/model.config
[1.555s] -- Up-to-date: /home/aarambh/my_robot_ws/install/bumperbot_description/share/bumperbot_description/models/aws_robomaker_residential_DeskPortraitB_02/meshes
[1.556s] -- Up-to-date: /home/aarambh/my_robot_ws/install/bumperbot_description/share/bumperbot_description/models/aws_robomaker_residential_DeskPortraitB_02/meshes/aws_DeskPortraitB_01_visual.DAE
[1.556s] -- Up-to-date: /home/aarambh/my_robot_ws/install/bumperbot_description/share/bumperbot_description/models/aws_robomaker_residential_DeskPortraitB_02/meshes/aws_DeskPortraitB_01_collision.DAE
[1.557s] -- Up-to-date: /home/aarambh/my_robot_ws/install/bumperbot_description/share/bumperbot_description/models/aws_robomaker_residential_DeskPortraitC_02
[1.558s] -- Up-to-date: /home/aarambh/my_robot_ws/install/bumperbot_description/share/bumperbot_description/models/aws_robomaker_residential_DeskPortraitC_02/model.sdf
[1.560s] -- Up-to-date: /home/aarambh/my_robot_ws/install/bumperbot_description/share/bumperbot_description/models/aws_robomaker_residential_DeskPortraitC_02/materials
[1.573s] -- Up-to-date: /home/aarambh/my_robot_ws/install/bumperbot_description/share/bumperbot_description/models/aws_robomaker_residential_DeskPortraitC_02/materials/textures
[1.575s] -- Up-to-date: /home/aarambh/my_robot_ws/install/bumperbot_description/share/bumperbot_description/models/aws_robomaker_residential_DeskPortraitC_02/materials/textures/aws_DeskPortraitC_02.png
[1.575s] -- Up-to-date: /home/aarambh/my_robot_ws/install/bumperbot_description/share/bumperbot_description/models/aws_robomaker_residential_DeskPortraitC_02/materials/textures/aws_DeskPortraitC_01.png
[1.576s] -- Up-to-date: /home/aarambh/my_robot_ws/install/bumperbot_description/share/bumperbot_description/models/aws_robomaker_residential_DeskPortraitC_02/model.config
[1.577s] -- Up-to-date: /home/aarambh/my_robot_ws/install/bumperbot_description/share/bumperbot_description/models/aws_robomaker_residential_DeskPortraitC_02/meshes
[1.578s] -- Up-to-date: /home/aarambh/my_robot_ws/install/bumperbot_description/share/bumperbot_description/models/aws_robomaker_residential_DeskPortraitC_02/meshes/aws_DeskPortraitC_01_collision.DAE
[1.578s] -- Up-to-date: /home/aarambh/my_robot_ws/install/bumperbot_description/share/bumperbot_description/models/aws_robomaker_residential_DeskPortraitC_02/meshes/aws_DeskPortraitC_01_visual.DAE
[1.579s] -- Up-to-date: /home/aarambh/my_robot_ws/install/bumperbot_description/share/bumperbot_description/models/aws_robomaker_residential_KitchenTable_01
[1.589s] -- Up-to-date: /home/aarambh/my_robot_ws/install/bumperbot_description/share/bumperbot_description/models/aws_robomaker_residential_KitchenTable_01/model.sdf
[1.590s] -- Up-to-date: /home/aarambh/my_robot_ws/install/bumperbot_description/share/bumperbot_description/models/aws_robomaker_residential_KitchenTable_01/materials
[1.590s] -- Up-to-date: /home/aarambh/my_robot_ws/install/bumperbot_description/share/bumperbot_description/models/aws_robomaker_residential_KitchenTable_01/materials/textures
[1.591s] -- Up-to-date: /home/aarambh/my_robot_ws/install/bumperbot_description/share/bumperbot_description/models/aws_robomaker_residential_KitchenTable_01/materials/textures/aws_KitchenTable_01.png
[1.591s] -- Up-to-date: /home/aarambh/my_robot_ws/install/bumperbot_description/share/bumperbot_description/models/aws_robomaker_residential_KitchenTable_01/model.config
[1.592s] -- Up-to-date: /home/aarambh/my_robot_ws/install/bumperbot_description/share/bumperbot_description/models/aws_robomaker_residential_KitchenTable_01/meshes
[1.592s] -- Up-to-date: /home/aarambh/my_robot_ws/install/bumperbot_description/share/bumperbot_description/models/aws_robomaker_residential_KitchenTable_01/meshes/aws_KitchenTable_01_visual.DAE
[1.593s] -- Up-to-date: /home/aarambh/my_robot_ws/install/bumperbot_description/share/bumperbot_description/models/aws_robomaker_residential_KitchenTable_01/meshes/aws_KitchenTable_01_collision.DAE
[1.594s] -- Up-to-date: /home/aarambh/my_robot_ws/install/bumperbot_description/share/bumperbot_description/models/aws_robomaker_residential_Board_01
[1.594s] -- Up-to-date: /home/aarambh/my_robot_ws/install/bumperbot_description/share/bumperbot_description/models/aws_robomaker_residential_Board_01/model.sdf
[1.595s] -- Up-to-date: /home/aarambh/my_robot_ws/install/bumperbot_description/share/bumperbot_description/models/aws_robomaker_residential_Board_01/materials
[1.596s] -- Up-to-date: /home/aarambh/my_robot_ws/install/bumperbot_description/share/bumperbot_description/models/aws_robomaker_residential_Board_01/materials/textures
[1.596s] -- Up-to-date: /home/aarambh/my_robot_ws/install/bumperbot_description/share/bumperbot_description/models/aws_robomaker_residential_Board_01/materials/textures/aws_Board_01.png
[1.597s] -- Up-to-date: /home/aarambh/my_robot_ws/install/bumperbot_description/share/bumperbot_description/models/aws_robomaker_residential_Board_01/model.config
[1.598s] -- Up-to-date: /home/aarambh/my_robot_ws/install/bumperbot_description/share/bumperbot_description/models/aws_robomaker_residential_Board_01/meshes
[1.599s] -- Up-to-date: /home/aarambh/my_robot_ws/install/bumperbot_description/share/bumperbot_description/models/aws_robomaker_residential_Board_01/meshes/aws_Board_01_visual.DAE
[1.600s] -- Up-to-date: /home/aarambh/my_robot_ws/install/bumperbot_description/share/bumperbot_description/models/aws_robomaker_residential_Board_01/meshes/aws_Board_01_collision.DAE
[1.600s] -- Up-to-date: /home/aarambh/my_robot_ws/install/bumperbot_description/share/bumperbot_description/models/aws_robomaker_residential_KitchenCabinet_01
[1.601s] -- Up-to-date: /home/aarambh/my_robot_ws/install/bumperbot_description/share/bumperbot_description/models/aws_robomaker_residential_KitchenCabinet_01/model.sdf
[1.613s] -- Up-to-date: /home/aarambh/my_robot_ws/install/bumperbot_description/share/bumperbot_description/models/aws_robomaker_residential_KitchenCabinet_01/materials
[1.613s] -- Up-to-date: /home/aarambh/my_robot_ws/install/bumperbot_description/share/bumperbot_description/models/aws_robomaker_residential_KitchenCabinet_01/materials/textures
[1.614s] -- Up-to-date: /home/aarambh/my_robot_ws/install/bumperbot_description/share/bumperbot_description/models/aws_robomaker_residential_KitchenCabinet_01/materials/textures/aws_KitchenCabinet_01.png
[1.614s] -- Up-to-date: /home/aarambh/my_robot_ws/install/bumperbot_description/share/bumperbot_description/models/aws_robomaker_residential_KitchenCabinet_01/model.config
[1.615s] -- Up-to-date: /home/aarambh/my_robot_ws/install/bumperbot_description/share/bumperbot_description/models/aws_robomaker_residential_KitchenCabinet_01/meshes
[1.616s] -- Up-to-date: /home/aarambh/my_robot_ws/install/bumperbot_description/share/bumperbot_description/models/aws_robomaker_residential_KitchenCabinet_01/meshes/aws_KitchenCabinet_01_collision.DAE
[1.616s] -- Up-to-date: /home/aarambh/my_robot_ws/install/bumperbot_description/share/bumperbot_description/models/aws_robomaker_residential_KitchenCabinet_01/meshes/aws_KitchenCabinet_01_visual.DAE
[1.617s] -- Up-to-date: /home/aarambh/my_robot_ws/install/bumperbot_description/share/bumperbot_description/models/aws_robomaker_residential_DeskPortraitD_03
[1.618s] -- Up-to-date: /home/aarambh/my_robot_ws/install/bumperbot_description/share/bumperbot_description/models/aws_robomaker_residential_DeskPortraitD_03/model.sdf
[1.619s] -- Up-to-date: /home/aarambh/my_robot_ws/install/bumperbot_description/share/bumperbot_description/models/aws_robomaker_residential_DeskPortraitD_03/materials
[1.619s] -- Up-to-date: /home/aarambh/my_robot_ws/install/bumperbot_description/share/bumperbot_description/models/aws_robomaker_residential_DeskPortraitD_03/materials/textures
[1.620s] -- Up-to-date: /home/aarambh/my_robot_ws/install/bumperbot_description/share/bumperbot_description/models/aws_robomaker_residential_DeskPortraitD_03/materials/textures/aws_DeskPortraitD_01.png
[1.620s] -- Up-to-date: /home/aarambh/my_robot_ws/install/bumperbot_description/share/bumperbot_description/models/aws_robomaker_residential_DeskPortraitD_03/materials/textures/aws_DeskPortraitD_02.png
[1.629s] -- Up-to-date: /home/aarambh/my_robot_ws/install/bumperbot_description/share/bumperbot_description/models/aws_robomaker_residential_DeskPortraitD_03/model.config
[1.630s] -- Up-to-date: /home/aarambh/my_robot_ws/install/bumperbot_description/share/bumperbot_description/models/aws_robomaker_residential_DeskPortraitD_03/meshes
[1.631s] -- Up-to-date: /home/aarambh/my_robot_ws/install/bumperbot_description/share/bumperbot_description/models/aws_robomaker_residential_DeskPortraitD_03/meshes/aws_DeskPortraitD_01_collision.DAE
[1.631s] -- Up-to-date: /home/aarambh/my_robot_ws/install/bumperbot_description/share/bumperbot_description/models/aws_robomaker_residential_DeskPortraitD_03/meshes/aws_DeskPortraitD_01_visual.DAE
[1.632s] -- Up-to-date: /home/aarambh/my_robot_ws/install/bumperbot_description/share/bumperbot_description/models/aws_robomaker_residential_FitnessEquipment_01
[1.632s] -- Up-to-date: /home/aarambh/my_robot_ws/install/bumperbot_description/share/bumperbot_description/models/aws_robomaker_residential_FitnessEquipment_01/model.sdf
[1.633s] -- Up-to-date: /home/aarambh/my_robot_ws/install/bumperbot_description/share/bumperbot_description/models/aws_robomaker_residential_FitnessEquipment_01/materials
[1.633s] -- Up-to-date: /home/aarambh/my_robot_ws/install/bumperbot_description/share/bumperbot_description/models/aws_robomaker_residential_FitnessEquipment_01/materials/textures
[1.634s] -- Up-to-date: /home/aarambh/my_robot_ws/install/bumperbot_description/share/bumperbot_description/models/aws_robomaker_residential_FitnessEquipment_01/materials/textures/aws_FitnessEquipment_01.png
[1.634s] -- Up-to-date: /home/aarambh/my_robot_ws/install/bumperbot_description/share/bumperbot_description/models/aws_robomaker_residential_FitnessEquipment_01/model.config
[1.635s] -- Up-to-date: /home/aarambh/my_robot_ws/install/bumperbot_description/share/bumperbot_description/models/aws_robomaker_residential_FitnessEquipment_01/meshes
[1.636s] -- Up-to-date: /home/aarambh/my_robot_ws/install/bumperbot_description/share/bumperbot_description/models/aws_robomaker_residential_FitnessEquipment_01/meshes/aws_FitnessEquipment_01_visual.DAE
[1.636s] -- Up-to-date: /home/aarambh/my_robot_ws/install/bumperbot_description/share/bumperbot_description/models/aws_robomaker_residential_FitnessEquipment_01/meshes/aws_FitnessEquipment_01_collision.DAE
[1.637s] -- Up-to-date: /home/aarambh/my_robot_ws/install/bumperbot_description/share/bumperbot_description/models/aws_robomaker_warehouse_ShelfE_01
[1.637s] -- Up-to-date: /home/aarambh/my_robot_ws/install/bumperbot_description/share/bumperbot_description/models/aws_robomaker_warehouse_ShelfE_01/model.sdf
[1.638s] -- Up-to-date: /home/aarambh/my_robot_ws/install/bumperbot_description/share/bumperbot_description/models/aws_robomaker_warehouse_ShelfE_01/materials
[1.638s] -- Up-to-date: /home/aarambh/my_robot_ws/install/bumperbot_description/share/bumperbot_description/models/aws_robomaker_warehouse_ShelfE_01/materials/.DS_Store
[1.639s] -- Up-to-date: /home/aarambh/my_robot_ws/install/bumperbot_description/share/bumperbot_description/models/aws_robomaker_warehouse_ShelfE_01/materials/textures
[1.639s] -- Up-to-date: /home/aarambh/my_robot_ws/install/bumperbot_description/share/bumperbot_description/models/aws_robomaker_warehouse_ShelfE_01/materials/textures/aws_robomaker_warehouse_ShelfE_02.png
[1.640s] -- Up-to-date: /home/aarambh/my_robot_ws/install/bumperbot_description/share/bumperbot_description/models/aws_robomaker_warehouse_ShelfE_01/materials/textures/aws_robomaker_warehouse_ShelfE_04.png
[1.653s] -- Up-to-date: /home/aarambh/my_robot_ws/install/bumperbot_description/share/bumperbot_description/models/aws_robomaker_warehouse_ShelfE_01/materials/textures/aws_robomaker_warehouse_ShelfE_03.png
[1.654s] -- Up-to-date: /home/aarambh/my_robot_ws/install/bumperbot_description/share/bumperbot_description/models/aws_robomaker_warehouse_ShelfE_01/materials/textures/aws_robomaker_warehouse_ShelfE_01.png
[1.654s] -- Up-to-date: /home/aarambh/my_robot_ws/install/bumperbot_description/share/bumperbot_description/models/aws_robomaker_warehouse_ShelfE_01/.DS_Store
[1.655s] -- Up-to-date: /home/aarambh/my_robot_ws/install/bumperbot_description/share/bumperbot_description/models/aws_robomaker_warehouse_ShelfE_01/model.config
[1.656s] -- Up-to-date: /home/aarambh/my_robot_ws/install/bumperbot_description/share/bumperbot_description/models/aws_robomaker_warehouse_ShelfE_01/meshes
[1.657s] -- Up-to-date: /home/aarambh/my_robot_ws/install/bumperbot_description/share/bumperbot_description/models/aws_robomaker_warehouse_ShelfE_01/meshes/aws_robomaker_warehouse_ShelfE_01_collision.DAE
[1.658s] -- Up-to-date: /home/aarambh/my_robot_ws/install/bumperbot_description/share/bumperbot_description/models/aws_robomaker_warehouse_ShelfE_01/meshes/aws_robomaker_warehouse_ShelfE_01_visual.DAE
[1.659s] -- Up-to-date: /home/aarambh/my_robot_ws/install/bumperbot_description/share/bumperbot_description/models/aws_robomaker_residential_ReadingDesk_01
[1.659s] -- Up-to-date: /home/aarambh/my_robot_ws/install/bumperbot_description/share/bumperbot_description/models/aws_robomaker_residential_ReadingDesk_01/model.sdf
[1.660s] -- Up-to-date: /home/aarambh/my_robot_ws/install/bumperbot_description/share/bumperbot_description/models/aws_robomaker_residential_ReadingDesk_01/materials
[1.669s] -- Up-to-date: /home/aarambh/my_robot_ws/install/bumperbot_description/share/bumperbot_description/models/aws_robomaker_residential_ReadingDesk_01/materials/textures
[1.670s] -- Up-to-date: /home/aarambh/my_robot_ws/install/bumperbot_description/share/bumperbot_description/models/aws_robomaker_residential_ReadingDesk_01/materials/textures/aws_ReadingDesk_01.png
[1.671s] -- Up-to-date: /home/aarambh/my_robot_ws/install/bumperbot_description/share/bumperbot_description/models/aws_robomaker_residential_ReadingDesk_01/model.config
[1.671s] -- Up-to-date: /home/aarambh/my_robot_ws/install/bumperbot_description/share/bumperbot_description/models/aws_robomaker_residential_ReadingDesk_01/meshes
[1.672s] -- Up-to-date: /home/aarambh/my_robot_ws/install/bumperbot_description/share/bumperbot_description/models/aws_robomaker_residential_ReadingDesk_01/meshes/aws_ReadingDesk_01_visual.DAE
[1.672s] -- Up-to-date: /home/aarambh/my_robot_ws/install/bumperbot_description/share/bumperbot_description/models/aws_robomaker_residential_ReadingDesk_01/meshes/aws_ReadingDesk_01_collision.DAE
[1.673s] -- Up-to-date: /home/aarambh/my_robot_ws/install/bumperbot_description/share/bumperbot_description/models/aws_robomaker_residential_CoffeeTable_01
[1.673s] -- Up-to-date: /home/aarambh/my_robot_ws/install/bumperbot_description/share/bumperbot_description/models/aws_robomaker_residential_CoffeeTable_01/model.sdf
[1.676s] -- Up-to-date: /home/aarambh/my_robot_ws/install/bumperbot_description/share/bumperbot_description/models/aws_robomaker_residential_CoffeeTable_01/materials
[1.676s] -- Up-to-date: /home/aarambh/my_robot_ws/install/bumperbot_description/share/bumperbot_description/models/aws_robomaker_residential_CoffeeTable_01/materials/textures
[1.677s] -- Up-to-date: /home/aarambh/my_robot_ws/install/bumperbot_description/share/bumperbot_description/models/aws_robomaker_residential_CoffeeTable_01/materials/textures/aws_CoffeeTable_01.png
[1.678s] -- Up-to-date: /home/aarambh/my_robot_ws/install/bumperbot_description/share/bumperbot_description/models/aws_robomaker_residential_CoffeeTable_01/model.config
[1.678s] -- Up-to-date: /home/aarambh/my_robot_ws/install/bumperbot_description/share/bumperbot_description/models/aws_robomaker_residential_CoffeeTable_01/meshes
[1.679s] -- Up-to-date: /home/aarambh/my_robot_ws/install/bumperbot_description/share/bumperbot_description/models/aws_robomaker_residential_CoffeeTable_01/meshes/aws_CoffeeTable_01_visual.DAE
[1.680s] -- Up-to-date: /home/aarambh/my_robot_ws/install/bumperbot_description/share/bumperbot_description/models/aws_robomaker_residential_CoffeeTable_01/meshes/aws_CoffeeTable_01_collision.DAE
[1.680s] -- Up-to-date: /home/aarambh/my_robot_ws/install/bumperbot_description/share/bumperbot_description/models/aws_robomaker_residential_Rangehood_01
[1.693s] -- Up-to-date: /home/aarambh/my_robot_ws/install/bumperbot_description/share/bumperbot_description/models/aws_robomaker_residential_Rangehood_01/model.sdf
[1.694s] -- Up-to-date: /home/aarambh/my_robot_ws/install/bumperbot_description/share/bumperbot_description/models/aws_robomaker_residential_Rangehood_01/materials
[1.694s] -- Up-to-date: /home/aarambh/my_robot_ws/install/bumperbot_description/share/bumperbot_description/models/aws_robomaker_residential_Rangehood_01/materials/textures
[1.695s] -- Up-to-date: /home/aarambh/my_robot_ws/install/bumperbot_description/share/bumperbot_description/models/aws_robomaker_residential_Rangehood_01/materials/textures/aws_Rangehood_01.png
[1.696s] -- Up-to-date: /home/aarambh/my_robot_ws/install/bumperbot_description/share/bumperbot_description/models/aws_robomaker_residential_Rangehood_01/model.config
[1.696s] -- Up-to-date: /home/aarambh/my_robot_ws/install/bumperbot_description/share/bumperbot_description/models/aws_robomaker_residential_Rangehood_01/meshes
[1.697s] -- Up-to-date: /home/aarambh/my_robot_ws/install/bumperbot_description/share/bumperbot_description/models/aws_robomaker_residential_Rangehood_01/meshes/aws_Rangehood_01_collision.DAE
[1.697s] -- Up-to-date: /home/aarambh/my_robot_ws/install/bumperbot_description/share/bumperbot_description/models/aws_robomaker_residential_Rangehood_01/meshes/aws_Rangehood_01_visual.DAE
[1.698s] -- Up-to-date: /home/aarambh/my_robot_ws/install/bumperbot_description/share/bumperbot_description/models/aws_robomaker_residential_HouseWallB_01
[1.698s] -- Up-to-date: /home/aarambh/my_robot_ws/install/bumperbot_description/share/bumperbot_description/models/aws_robomaker_residential_HouseWallB_01/model.sdf
[1.699s] -- Up-to-date: /home/aarambh/my_robot_ws/install/bumperbot_description/share/bumperbot_description/models/aws_robomaker_residential_HouseWallB_01/materials
[1.699s] -- Up-to-date: /home/aarambh/my_robot_ws/install/bumperbot_description/share/bumperbot_description/models/aws_robomaker_residential_HouseWallB_01/materials/textures
[1.700s] -- Up-to-date: /home/aarambh/my_robot_ws/install/bumperbot_description/share/bumperbot_description/models/aws_robomaker_residential_HouseWallB_01/materials/textures/aws_HouseWallB_01.png
[1.700s] -- Up-to-date: /home/aarambh/my_robot_ws/install/bumperbot_description/share/bumperbot_description/models/aws_robomaker_residential_HouseWallB_01/model.config
[1.701s] -- Up-to-date: /home/aarambh/my_robot_ws/install/bumperbot_description/share/bumperbot_description/models/aws_robomaker_residential_HouseWallB_01/meshes
[1.701s] -- Up-to-date: /home/aarambh/my_robot_ws/install/bumperbot_description/share/bumperbot_description/models/aws_robomaker_residential_HouseWallB_01/meshes/aws_HouseWallB_01_visual.DAE
[1.702s] -- Up-to-date: /home/aarambh/my_robot_ws/install/bumperbot_description/share/bumperbot_description/models/aws_robomaker_residential_HouseWallB_01/meshes/aws_HouseWallB_01_collision.DAE
[1.702s] -- Up-to-date: /home/aarambh/my_robot_ws/install/bumperbot_description/share/bumperbot_description/models/aws_robomaker_residential_PortraitB_01
[1.703s] -- Up-to-date: /home/aarambh/my_robot_ws/install/bumperbot_description/share/bumperbot_description/models/aws_robomaker_residential_PortraitB_01/model.sdf
[1.703s] -- Up-to-date: /home/aarambh/my_robot_ws/install/bumperbot_description/share/bumperbot_description/models/aws_robomaker_residential_PortraitB_01/materials
[1.704s] -- Up-to-date: /home/aarambh/my_robot_ws/install/bumperbot_description/share/bumperbot_description/models/aws_robomaker_residential_PortraitB_01/materials/textures
[1.704s] -- Up-to-date: /home/aarambh/my_robot_ws/install/bumperbot_description/share/bumperbot_description/models/aws_robomaker_residential_PortraitB_01/materials/textures/aws_PortraitB_01.png
[1.717s] -- Up-to-date: /home/aarambh/my_robot_ws/install/bumperbot_description/share/bumperbot_description/models/aws_robomaker_residential_PortraitB_01/materials/textures/aws_PortraitB_02.png
[1.718s] -- Up-to-date: /home/aarambh/my_robot_ws/install/bumperbot_description/share/bumperbot_description/models/aws_robomaker_residential_PortraitB_01/model.config
[1.719s] -- Up-to-date: /home/aarambh/my_robot_ws/install/bumperbot_description/share/bumperbot_description/models/aws_robomaker_residential_PortraitB_01/meshes
[1.721s] -- Up-to-date: /home/aarambh/my_robot_ws/install/bumperbot_description/share/bumperbot_description/models/aws_robomaker_residential_PortraitB_01/meshes/aws_PortraitB_01_collision.DAE
[1.722s] -- Up-to-date: /home/aarambh/my_robot_ws/install/bumperbot_description/share/bumperbot_description/models/aws_robomaker_residential_PortraitB_01/meshes/aws_PortraitB_01_visual.DAE
[1.723s] -- Up-to-date: /home/aarambh/my_robot_ws/install/bumperbot_description/share/bumperbot_description/models/aws_robomaker_residential_PortraitB_02
[1.724s] -- Up-to-date: /home/aarambh/my_robot_ws/install/bumperbot_description/share/bumperbot_description/models/aws_robomaker_residential_PortraitB_02/model.sdf
[1.725s] -- Up-to-date: /home/aarambh/my_robot_ws/install/bumperbot_description/share/bumperbot_description/models/aws_robomaker_residential_PortraitB_02/materials
[1.733s] -- Up-to-date: /home/aarambh/my_robot_ws/install/bumperbot_description/share/bumperbot_description/models/aws_robomaker_residential_PortraitB_02/materials/textures
[1.735s] -- Up-to-date: /home/aarambh/my_robot_ws/install/bumperbot_description/share/bumperbot_description/models/aws_robomaker_residential_PortraitB_02/materials/textures/aws_PortraitB_01.png
[1.736s] -- Up-to-date: /home/aarambh/my_robot_ws/install/bumperbot_description/share/bumperbot_description/models/aws_robomaker_residential_PortraitB_02/materials/textures/aws_PortraitB_02.png
[1.737s] -- Up-to-date: /home/aarambh/my_robot_ws/install/bumperbot_description/share/bumperbot_description/models/aws_robomaker_residential_PortraitB_02/model.config
[1.738s] -- Up-to-date: /home/aarambh/my_robot_ws/install/bumperbot_description/share/bumperbot_description/models/aws_robomaker_residential_PortraitB_02/meshes
[1.739s] -- Up-to-date: /home/aarambh/my_robot_ws/install/bumperbot_description/share/bumperbot_description/models/aws_robomaker_residential_PortraitB_02/meshes/aws_PortraitB_01_collision.DAE
[1.753s] -- Up-to-date: /home/aarambh/my_robot_ws/install/bumperbot_description/share/bumperbot_description/models/aws_robomaker_residential_PortraitB_02/meshes/aws_PortraitB_01_visual.DAE
[1.754s] -- Up-to-date: /home/aarambh/my_robot_ws/install/bumperbot_description/share/bumperbot_description/models/aws_robomaker_residential_DeskPortraitA_02
[1.754s] -- Up-to-date: /home/aarambh/my_robot_ws/install/bumperbot_description/share/bumperbot_description/models/aws_robomaker_residential_DeskPortraitA_02/model.sdf
[1.755s] -- Up-to-date: /home/aarambh/my_robot_ws/install/bumperbot_description/share/bumperbot_description/models/aws_robomaker_residential_DeskPortraitA_02/materials
[1.756s] -- Up-to-date: /home/aarambh/my_robot_ws/install/bumperbot_description/share/bumperbot_description/models/aws_robomaker_residential_DeskPortraitA_02/materials/textures
[1.757s] -- Up-to-date: /home/aarambh/my_robot_ws/install/bumperbot_description/share/bumperbot_description/models/aws_robomaker_residential_DeskPortraitA_02/materials/textures/aws_DeskPortraitA_01.png
[1.758s] -- Up-to-date: /home/aarambh/my_robot_ws/install/bumperbot_description/share/bumperbot_description/models/aws_robomaker_residential_DeskPortraitA_02/materials/textures/aws_DeskPortraitA_02.png
[1.759s] -- Up-to-date: /home/aarambh/my_robot_ws/install/bumperbot_description/share/bumperbot_description/models/aws_robomaker_residential_DeskPortraitA_02/model.config
[1.760s] -- Up-to-date: /home/aarambh/my_robot_ws/install/bumperbot_description/share/bumperbot_description/models/aws_robomaker_residential_DeskPortraitA_02/meshes
[1.779s] -- Up-to-date: /home/aarambh/my_robot_ws/install/bumperbot_description/share/bumperbot_description/models/aws_robomaker_residential_DeskPortraitA_02/meshes/aws_DeskPortraitA_01_visual.DAE
[1.781s] -- Up-to-date: /home/aarambh/my_robot_ws/install/bumperbot_description/share/bumperbot_description/models/aws_robomaker_residential_DeskPortraitA_02/meshes/aws_DeskPortraitA_01_collision.DAE
[1.783s] -- Up-to-date: /home/aarambh/my_robot_ws/install/bumperbot_description/share/bumperbot_description/models/aws_robomaker_residential_Sofa_01
[1.784s] -- Up-to-date: /home/aarambh/my_robot_ws/install/bumperbot_description/share/bumperbot_description/models/aws_robomaker_residential_Sofa_01/model.sdf
[1.785s] -- Up-to-date: /home/aarambh/my_robot_ws/install/bumperbot_description/share/bumperbot_description/models/aws_robomaker_residential_Sofa_01/materials
[1.786s] -- Up-to-date: /home/aarambh/my_robot_ws/install/bumperbot_description/share/bumperbot_description/models/aws_robomaker_residential_Sofa_01/materials/textures
[1.789s] -- Up-to-date: /home/aarambh/my_robot_ws/install/bumperbot_description/share/bumperbot_description/models/aws_robomaker_residential_Sofa_01/materials/textures/aws_Sofa_01.png
[1.790s] -- Up-to-date: /home/aarambh/my_robot_ws/install/bumperbot_description/share/bumperbot_description/models/aws_robomaker_residential_Sofa_01/model.config
[1.790s] -- Up-to-date: /home/aarambh/my_robot_ws/install/bumperbot_description/share/bumperbot_description/models/aws_robomaker_residential_Sofa_01/meshes
[1.791s] -- Up-to-date: /home/aarambh/my_robot_ws/install/bumperbot_description/share/bumperbot_description/models/aws_robomaker_residential_Sofa_01/meshes/aws_Sofa_01_visual.DAE
[1.791s] -- Up-to-date: /home/aarambh/my_robot_ws/install/bumperbot_description/share/bumperbot_description/models/aws_robomaker_residential_Sofa_01/meshes/aws_Sofa_01_collision.DAE
[1.792s] -- Up-to-date: /home/aarambh/my_robot_ws/install/bumperbot_description/share/bumperbot_description/models/aws_robomaker_residential_Sofa_01/meshes/aws_Sofa_01.DAE
[1.792s] -- Up-to-date: /home/aarambh/my_robot_ws/install/bumperbot_description/share/bumperbot_description/models/aws_robomaker_residential_Trash_01
[1.795s] -- Up-to-date: /home/aarambh/my_robot_ws/install/bumperbot_description/share/bumperbot_description/models/aws_robomaker_residential_Trash_01/model.sdf
[1.796s] -- Up-to-date: /home/aarambh/my_robot_ws/install/bumperbot_description/share/bumperbot_description/models/aws_robomaker_residential_Trash_01/materials
[1.796s] -- Up-to-date: /home/aarambh/my_robot_ws/install/bumperbot_description/share/bumperbot_description/models/aws_robomaker_residential_Trash_01/materials/textures
[1.797s] -- Up-to-date: /home/aarambh/my_robot_ws/install/bumperbot_description/share/bumperbot_description/models/aws_robomaker_residential_Trash_01/materials/textures/aws_Trash_01.png
[1.797s] -- Up-to-date: /home/aarambh/my_robot_ws/install/bumperbot_description/share/bumperbot_description/models/aws_robomaker_residential_Trash_01/model.config
[1.798s] -- Up-to-date: /home/aarambh/my_robot_ws/install/bumperbot_description/share/bumperbot_description/models/aws_robomaker_residential_Trash_01/meshes
[1.798s] -- Up-to-date: /home/aarambh/my_robot_ws/install/bumperbot_description/share/bumperbot_description/models/aws_robomaker_residential_Trash_01/meshes/aws_Trash_01_collision.DAE
[1.799s] -- Up-to-date: /home/aarambh/my_robot_ws/install/bumperbot_description/share/bumperbot_description/models/aws_robomaker_residential_Trash_01/meshes/aws_Trash_01_visual.DAE
[1.799s] -- Up-to-date: /home/aarambh/my_robot_ws/install/bumperbot_description/share/bumperbot_description/models/aws_robomaker_residential_Chandelier_01
[1.800s] -- Up-to-date: /home/aarambh/my_robot_ws/install/bumperbot_description/share/bumperbot_description/models/aws_robomaker_residential_Chandelier_01/model.sdf
[1.800s] -- Up-to-date: /home/aarambh/my_robot_ws/install/bumperbot_description/share/bumperbot_description/models/aws_robomaker_residential_Chandelier_01/materials
[1.801s] -- Up-to-date: /home/aarambh/my_robot_ws/install/bumperbot_description/share/bumperbot_description/models/aws_robomaker_residential_Chandelier_01/materials/textures
[1.802s] -- Up-to-date: /home/aarambh/my_robot_ws/install/bumperbot_description/share/bumperbot_description/models/aws_robomaker_residential_Chandelier_01/materials/textures/aws_Chandelier_01.png
[1.802s] -- Up-to-date: /home/aarambh/my_robot_ws/install/bumperbot_description/share/bumperbot_description/models/aws_robomaker_residential_Chandelier_01/model.config
[1.802s] -- Up-to-date: /home/aarambh/my_robot_ws/install/bumperbot_description/share/bumperbot_description/models/aws_robomaker_residential_Chandelier_01/meshes
[1.803s] -- Up-to-date: /home/aarambh/my_robot_ws/install/bumperbot_description/share/bumperbot_description/models/aws_robomaker_residential_Chandelier_01/meshes/aws_Chandelier_01_visual.DAE
[1.803s] -- Up-to-date: /home/aarambh/my_robot_ws/install/bumperbot_description/share/bumperbot_description/models/aws_robomaker_residential_Chandelier_01/meshes/aws_Chandelier_01.DAE
[1.803s] -- Up-to-date: /home/aarambh/my_robot_ws/install/bumperbot_description/share/bumperbot_description/models/aws_robomaker_residential_Chandelier_01/meshes/aws_Chandelier_01_collision.DAE
[1.804s] -- Up-to-date: /home/aarambh/my_robot_ws/install/bumperbot_description/share/bumperbot_description/models/aws_robomaker_residential_RoomWall_01
[1.804s] -- Up-to-date: /home/aarambh/my_robot_ws/install/bumperbot_description/share/bumperbot_description/models/aws_robomaker_residential_RoomWall_01/model.sdf
[1.825s] -- Up-to-date: /home/aarambh/my_robot_ws/install/bumperbot_description/share/bumperbot_description/models/aws_robomaker_residential_RoomWall_01/materials
[1.825s] -- Up-to-date: /home/aarambh/my_robot_ws/install/bumperbot_description/share/bumperbot_description/models/aws_robomaker_residential_RoomWall_01/materials/textures
[1.826s] -- Up-to-date: /home/aarambh/my_robot_ws/install/bumperbot_description/share/bumperbot_description/models/aws_robomaker_residential_RoomWall_01/materials/textures/aws_RoomWall_01.png
[1.827s] -- Up-to-date: /home/aarambh/my_robot_ws/install/bumperbot_description/share/bumperbot_description/models/aws_robomaker_residential_RoomWall_01/model.config
[1.827s] -- Up-to-date: /home/aarambh/my_robot_ws/install/bumperbot_description/share/bumperbot_description/models/aws_robomaker_residential_RoomWall_01/meshes
[1.828s] -- Up-to-date: /home/aarambh/my_robot_ws/install/bumperbot_description/share/bumperbot_description/models/aws_robomaker_residential_RoomWall_01/meshes/aws_RoomWall_01_visual.DAE
[1.828s] -- Up-to-date: /home/aarambh/my_robot_ws/install/bumperbot_description/share/bumperbot_description/models/aws_robomaker_residential_RoomWall_01/meshes/aws_RoomWall_01_collision.DAE
[1.829s] -- Up-to-date: /home/aarambh/my_robot_ws/install/bumperbot_description/share/bumperbot_description/models/aws_robomaker_residential_TV_02
[1.830s] -- Up-to-date: /home/aarambh/my_robot_ws/install/bumperbot_description/share/bumperbot_description/models/aws_robomaker_residential_TV_02/model.sdf
[1.831s] -- Up-to-date: /home/aarambh/my_robot_ws/install/bumperbot_description/share/bumperbot_description/models/aws_robomaker_residential_TV_02/materials
[1.832s] -- Up-to-date: /home/aarambh/my_robot_ws/install/bumperbot_description/share/bumperbot_description/models/aws_robomaker_residential_TV_02/materials/textures
[1.832s] -- Up-to-date: /home/aarambh/my_robot_ws/install/bumperbot_description/share/bumperbot_description/models/aws_robomaker_residential_TV_02/materials/textures/aws_TV_01.png
[1.853s] -- Up-to-date: /home/aarambh/my_robot_ws/install/bumperbot_description/share/bumperbot_description/models/aws_robomaker_residential_TV_02/model.config
[1.853s] -- Up-to-date: /home/aarambh/my_robot_ws/install/bumperbot_description/share/bumperbot_description/models/aws_robomaker_residential_TV_02/meshes
[1.854s] -- Up-to-date: /home/aarambh/my_robot_ws/install/bumperbot_description/share/bumperbot_description/models/aws_robomaker_residential_TV_02/meshes/aws_TV_01_collision.DAE
[1.855s] -- Up-to-date: /home/aarambh/my_robot_ws/install/bumperbot_description/share/bumperbot_description/models/aws_robomaker_residential_TV_02/meshes/aws_TV_01_visual.DAE
[1.855s] -- Up-to-date: /home/aarambh/my_robot_ws/install/bumperbot_description/share/bumperbot_description/models/aws_robomaker_warehouse_ClutteringD_01
[1.855s] -- Up-to-date: /home/aarambh/my_robot_ws/install/bumperbot_description/share/bumperbot_description/models/aws_robomaker_warehouse_ClutteringD_01/model.sdf
[1.856s] -- Up-to-date: /home/aarambh/my_robot_ws/install/bumperbot_description/share/bumperbot_description/models/aws_robomaker_warehouse_ClutteringD_01/materials
[1.857s] -- Up-to-date: /home/aarambh/my_robot_ws/install/bumperbot_description/share/bumperbot_description/models/aws_robomaker_warehouse_ClutteringD_01/materials/textures
[1.857s] -- Up-to-date: /home/aarambh/my_robot_ws/install/bumperbot_description/share/bumperbot_description/models/aws_robomaker_warehouse_ClutteringD_01/materials/textures/aws_robomaker_warehouse_ClutteringD_01.png
[1.858s] -- Up-to-date: /home/aarambh/my_robot_ws/install/bumperbot_description/share/bumperbot_description/models/aws_robomaker_warehouse_ClutteringD_01/materials/textures/aws_robomaker_warehouse_ClutteringD_02.png
[1.868s] -- Up-to-date: /home/aarambh/my_robot_ws/install/bumperbot_description/share/bumperbot_description/models/aws_robomaker_warehouse_ClutteringD_01/model.config
[1.869s] -- Up-to-date: /home/aarambh/my_robot_ws/install/bumperbot_description/share/bumperbot_description/models/aws_robomaker_warehouse_ClutteringD_01/meshes
[1.877s] -- Up-to-date: /home/aarambh/my_robot_ws/install/bumperbot_description/share/bumperbot_description/models/aws_robomaker_warehouse_ClutteringD_01/meshes/aws_robomaker_warehouse_ClutteringD_01_collision.DAE
[1.881s] -- Up-to-date: /home/aarambh/my_robot_ws/install/bumperbot_description/share/bumperbot_description/models/aws_robomaker_warehouse_ClutteringD_01/meshes/aws_robomaker_warehouse_ClutteringD_01_visual.DAE
[1.882s] -- Up-to-date: /home/aarambh/my_robot_ws/install/bumperbot_description/share/bumperbot_description/models/aws_robomaker_residential_PortraitD_02
[1.882s] -- Up-to-date: /home/aarambh/my_robot_ws/install/bumperbot_description/share/bumperbot_description/models/aws_robomaker_residential_PortraitD_02/model.sdf
[1.883s] -- Up-to-date: /home/aarambh/my_robot_ws/install/bumperbot_description/share/bumperbot_description/models/aws_robomaker_residential_PortraitD_02/materials
[1.883s] -- Up-to-date: /home/aarambh/my_robot_ws/install/bumperbot_description/share/bumperbot_description/models/aws_robomaker_residential_PortraitD_02/materials/textures
[1.884s] -- Up-to-date: /home/aarambh/my_robot_ws/install/bumperbot_description/share/bumperbot_description/models/aws_robomaker_residential_PortraitD_02/materials/textures/aws_PortraitD_01.png
[1.884s] -- Up-to-date: /home/aarambh/my_robot_ws/install/bumperbot_description/share/bumperbot_description/models/aws_robomaker_residential_PortraitD_02/materials/textures/aws_PortraitD_02.png
[1.885s] -- Up-to-date: /home/aarambh/my_robot_ws/install/bumperbot_description/share/bumperbot_description/models/aws_robomaker_residential_PortraitD_02/model.config
[1.885s] -- Up-to-date: /home/aarambh/my_robot_ws/install/bumperbot_description/share/bumperbot_description/models/aws_robomaker_residential_PortraitD_02/meshes
[1.886s] -- Up-to-date: /home/aarambh/my_robot_ws/install/bumperbot_description/share/bumperbot_description/models/aws_robomaker_residential_PortraitD_02/meshes/aws_PortraitD_01_visual.DAE
[1.887s] -- Up-to-date: /home/aarambh/my_robot_ws/install/bumperbot_description/share/bumperbot_description/models/aws_robomaker_residential_PortraitD_02/meshes/aws_PortraitD_01_collision.DAE
[1.887s] -- Up-to-date: /home/aarambh/my_robot_ws/install/bumperbot_description/share/bumperbot_description/models/aws_robomaker_residential_SecurityCamera_01
[1.888s] -- Up-to-date: /home/aarambh/my_robot_ws/install/bumperbot_description/share/bumperbot_description/models/aws_robomaker_residential_SecurityCamera_01/model.sdf
[1.888s] -- Up-to-date: /home/aarambh/my_robot_ws/install/bumperbot_description/share/bumperbot_description/models/aws_robomaker_residential_SecurityCamera_01/materials
[1.905s] -- Up-to-date: /home/aarambh/my_robot_ws/install/bumperbot_description/share/bumperbot_description/models/aws_robomaker_residential_SecurityCamera_01/materials/textures
[1.905s] -- Up-to-date: /home/aarambh/my_robot_ws/install/bumperbot_description/share/bumperbot_description/models/aws_robomaker_residential_SecurityCamera_01/materials/textures/aws_SecurityCamera_01.png
[1.906s] -- Up-to-date: /home/aarambh/my_robot_ws/install/bumperbot_description/share/bumperbot_description/models/aws_robomaker_residential_SecurityCamera_01/model.config
[1.906s] -- Up-to-date: /home/aarambh/my_robot_ws/install/bumperbot_description/share/bumperbot_description/models/aws_robomaker_residential_SecurityCamera_01/meshes
[1.907s] -- Up-to-date: /home/aarambh/my_robot_ws/install/bumperbot_description/share/bumperbot_description/models/aws_robomaker_residential_SecurityCamera_01/meshes/aws_SecurityCamera_01_collision.DAE
[1.907s] -- Up-to-date: /home/aarambh/my_robot_ws/install/bumperbot_description/share/bumperbot_description/models/aws_robomaker_residential_SecurityCamera_01/meshes/aws_SecurityCamera_01_visual.DAE
[1.908s] -- Up-to-date: /home/aarambh/my_robot_ws/install/bumperbot_description/share/bumperbot_description/models/aws_robomaker_residential_PortraitC_01
[1.908s] -- Up-to-date: /home/aarambh/my_robot_ws/install/bumperbot_description/share/bumperbot_description/models/aws_robomaker_residential_PortraitC_01/model.sdf
[1.909s] -- Up-to-date: /home/aarambh/my_robot_ws/install/bumperbot_description/share/bumperbot_description/models/aws_robomaker_residential_PortraitC_01/materials
[1.909s] -- Up-to-date: /home/aarambh/my_robot_ws/install/bumperbot_description/share/bumperbot_description/models/aws_robomaker_residential_PortraitC_01/materials/textures
[1.910s] -- Up-to-date: /home/aarambh/my_robot_ws/install/bumperbot_description/share/bumperbot_description/models/aws_robomaker_residential_PortraitC_01/materials/textures/aws_PortraitC_02.png
[1.910s] -- Up-to-date: /home/aarambh/my_robot_ws/install/bumperbot_description/share/bumperbot_description/models/aws_robomaker_residential_PortraitC_01/materials/textures/aws_PortraitC_01.png
[1.911s] -- Up-to-date: /home/aarambh/my_robot_ws/install/bumperbot_description/share/bumperbot_description/models/aws_robomaker_residential_PortraitC_01/model.config
[1.911s] -- Up-to-date: /home/aarambh/my_robot_ws/install/bumperbot_description/share/bumperbot_description/models/aws_robomaker_residential_PortraitC_01/meshes
[1.912s] -- Up-to-date: /home/aarambh/my_robot_ws/install/bumperbot_description/share/bumperbot_description/models/aws_robomaker_residential_PortraitC_01/meshes/aws_PortraitC_01_visual.DAE
[1.912s] -- Up-to-date: /home/aarambh/my_robot_ws/install/bumperbot_description/share/bumperbot_description/models/aws_robomaker_residential_PortraitC_01/meshes/aws_PortraitC_01_collision.DAE
[1.929s] -- Up-to-date: /home/aarambh/my_robot_ws/install/bumperbot_description/share/bumperbot_description/photos
[1.929s] -- Up-to-date: /home/aarambh/my_robot_ws/install/bumperbot_description/share/bumperbot_description/photos/DeskPortraitC_01.jpg
[1.930s] -- Up-to-date: /home/aarambh/my_robot_ws/install/bumperbot_description/share/bumperbot_description/photos/DeskPortraitA_02.jpg
[1.930s] -- Up-to-date: /home/aarambh/my_robot_ws/install/bumperbot_description/share/bumperbot_description/photos/PortraitC_01.jpg
[1.930s] -- Up-to-date: /home/aarambh/my_robot_ws/install/bumperbot_description/share/bumperbot_description/photos/DeskPortraitD_04.jpg
[1.931s] -- Up-to-date: /home/aarambh/my_robot_ws/install/bumperbot_description/share/bumperbot_description/photos/PortraitD_01.jpg
[1.931s] -- Up-to-date: /home/aarambh/my_robot_ws/install/bumperbot_description/share/bumperbot_description/photos/PortraitB_01.jpg
[1.932s] -- Up-to-date: /home/aarambh/my_robot_ws/install/bumperbot_description/share/bumperbot_description/photos/DeskPortraitD_02.jpg
[1.932s] -- Up-to-date: /home/aarambh/my_robot_ws/install/bumperbot_description/share/bumperbot_description/photos/DeskPortraitC_02.jpg
[1.933s] -- Up-to-date: /home/aarambh/my_robot_ws/install/bumperbot_description/share/bumperbot_description/photos/PortraitA_01.jpg
[1.933s] -- Up-to-date: /home/aarambh/my_robot_ws/install/bumperbot_description/share/bumperbot_description/photos/PortraitE_01.jpg
[1.934s] -- Up-to-date: /home/aarambh/my_robot_ws/install/bumperbot_description/share/bumperbot_description/photos/PortraitA_02.jpg
[1.934s] -- Up-to-date: /home/aarambh/my_robot_ws/install/bumperbot_description/share/bumperbot_description/photos/DeskPortraitB_02.jpg
[1.935s] -- Up-to-date: /home/aarambh/my_robot_ws/install/bumperbot_description/share/bumperbot_description/photos/DeskPortraitA_01.jpg
[1.936s] -- Up-to-date: /home/aarambh/my_robot_ws/install/bumperbot_description/share/bumperbot_description/photos/PortraitB_03.jpg
[1.936s] -- Up-to-date: /home/aarambh/my_robot_ws/install/bumperbot_description/share/bumperbot_description/photos/PortraitE_02.jpg
[1.958s] -- Up-to-date: /home/aarambh/my_robot_ws/install/bumperbot_description/share/bumperbot_description/photos/DeskPortraitD_03.jpg
[1.959s] -- Up-to-date: /home/aarambh/my_robot_ws/install/bumperbot_description/share/bumperbot_description/photos/DeskPortraitB_01.jpg
[1.959s] -- Up-to-date: /home/aarambh/my_robot_ws/install/bumperbot_description/share/bumperbot_description/photos/PortraitB_02.jpg
[1.960s] -- Up-to-date: /home/aarambh/my_robot_ws/install/bumperbot_description/share/bumperbot_description/photos/PortraitD_02.jpg
[1.960s] -- Up-to-date: /home/aarambh/my_robot_ws/install/bumperbot_description/share/bumperbot_description/photos/DeskPortraitD_01.jpg
[1.960s] -- Up-to-date: /home/aarambh/my_robot_ws/install/bumperbot_description/share/bumperbot_description/urdf
[1.961s] -- Up-to-date: /home/aarambh/my_robot_ws/install/bumperbot_description/share/bumperbot_description/urdf/bumperbot_gazebo.xacro
[1.961s] -- Up-to-date: /home/aarambh/my_robot_ws/install/bumperbot_description/share/bumperbot_description/urdf/bumperbot_ros2_control.xacro
[1.962s] -- Up-to-date: /home/aarambh/my_robot_ws/install/bumperbot_description/share/bumperbot_description/urdf/bumperbot.urdf.xacro
[1.962s] -- Up-to-date: /home/aarambh/my_robot_ws/install/bumperbot_description/share/bumperbot_description/rviz
[1.962s] -- Up-to-date: /home/aarambh/my_robot_ws/install/bumperbot_description/share/bumperbot_description/rviz/display.rviz
[1.963s] -- Up-to-date: /home/aarambh/my_robot_ws/install/bumperbot_description/share/bumperbot_description/worlds
[1.963s] -- Up-to-date: /home/aarambh/my_robot_ws/install/bumperbot_description/share/bumperbot_description/worlds/empty.world
[1.964s] -- Up-to-date: /home/aarambh/my_robot_ws/install/bumperbot_description/share/bumperbot_description/worlds/small_warehouse.world
[1.964s] -- Up-to-date: /home/aarambh/my_robot_ws/install/bumperbot_description/share/bumperbot_description/worlds/small_house.world
[1.970s] -- Up-to-date: /home/aarambh/my_robot_ws/install/bumperbot_description/share/ament_index/resource_index/package_run_dependencies/bumperbot_description
[1.971s] -- Up-to-date: /home/aarambh/my_robot_ws/install/bumperbot_description/share/ament_index/resource_index/parent_prefix_path/bumperbot_description
[1.971s] -- Up-to-date: /home/aarambh/my_robot_ws/install/bumperbot_description/share/bumperbot_description/environment/ament_prefix_path.sh
[1.972s] -- Up-to-date: /home/aarambh/my_robot_ws/install/bumperbot_description/share/bumperbot_description/environment/ament_prefix_path.dsv
[1.973s] -- Up-to-date: /home/aarambh/my_robot_ws/install/bumperbot_description/share/bumperbot_description/environment/path.sh
[1.973s] -- Up-to-date: /home/aarambh/my_robot_ws/install/bumperbot_description/share/bumperbot_description/environment/path.dsv
[1.974s] -- Up-to-date: /home/aarambh/my_robot_ws/install/bumperbot_description/share/bumperbot_description/local_setup.bash
[1.974s] -- Up-to-date: /home/aarambh/my_robot_ws/install/bumperbot_description/share/bumperbot_description/local_setup.sh
[1.975s] -- Up-to-date: /home/aarambh/my_robot_ws/install/bumperbot_description/share/bumperbot_description/local_setup.zsh
[1.975s] -- Up-to-date: /home/aarambh/my_robot_ws/install/bumperbot_description/share/bumperbot_description/local_setup.dsv
[1.976s] -- Installing: /home/aarambh/my_robot_ws/install/bumperbot_description/share/bumperbot_description/package.dsv
[1.976s] -- Up-to-date: /home/aarambh/my_robot_ws/install/bumperbot_description/share/ament_index/resource_index/packages/bumperbot_description
[2.001s] -- Up-to-date: /home/aarambh/my_robot_ws/install/bumperbot_description/share/bumperbot_description/cmake/bumperbot_descriptionConfig.cmake
[2.003s] -- Up-to-date: /home/aarambh/my_robot_ws/install/bumperbot_description/share/bumperbot_description/cmake/bumperbot_descriptionConfig-version.cmake
[2.004s] -- Up-to-date: /home/aarambh/my_robot_ws/install/bumperbot_description/share/bumperbot_description/package.xml
[2.005s] Invoked command in '/home/aarambh/my_robot_ws/build/bumperbot_description' returned '0': CMAKE_PREFIX_PATH=${CMAKE_PREFIX_PATH}:/home/aarambh/my_robot_ws/install/bumperbot_py_examples:/opt/ros/humble /usr/bin/cmake --install /home/aarambh/my_robot_ws/build/bumperbot_description
